," 作者:Li, Guoliang",,,,,,,,,,,,,,,,,,,,,,,,,,,,,,,,,,,,,,,,,,,,,,,,,,,,,,,,,,,
,,,,,,,,,,,,,,,,,,,,,,,,,,,,,,,,,,,,,,,,,,,,,,,,,,,,,,,,,,,,
,h-index = 37 (在纳入 h-Index 的 213 文献中，有 37 篇已被至少引用 37 次。),,,,,,,,,,,,,,,,,,,,,,,,,,,,,,,,,,,,,,,,,,,,,,,,,,,,,,,,,,,
,,,,,,,,,,,,,,,,,,,,,,,,,,,,,,,,,,,,,,,,,,,,,,,,,,,,,,,,,,,,
,,,,,,,,,,,,,,,,,,,,,,,,,,,,,,,,,,,,,,,,,,,,,,,,,,,,,,,,,,,,
,,,,,,,<1970,1970,1971,1972,1973,1974,1975,1976,1977,1978,1979,1980,1981,1982,1983,1984,1985,1986,1987,1988,1989,1990,1991,1992,1993,1994,1995,1996,1997,1998,1999,2000,2001,2002,2003,2004,2005,2006,2007,2008,2009,2010,2011,2012,2013,2014,2015,2016,2017,2018,2019,2020,>2020,总计
出版年份,文献标题,作者,ISSN,期刊标题,卷,期,0,0,0,0,0,0,0,0,0,0,0,0,0,0,0,0,0,0,0,0,0,0,0,0,0,0,0,0,0,0,0,0,0,0,0,0,0,0,1,21,72,113,179,196,258,274,354,503,737,870,793,264,0,4635
2008,"EASE: An effective 3-in-1 keyword search method for unstructured, semi-structured and structured data","Li G., Ooi B.C., Feng J., Wang J., Zhou L.",7308078,Proceedings of the ACM SIGMOD International Conference on Management of Data,, ,0,0,0,0,0,0,0,0,0,0,0,0,0,0,0,0,0,0,0,0,0,0,0,0,0,0,0,0,0,0,0,0,0,0,0,0,0,0,0,0,21,22,33,39,30,27,24,24,32,17,13,7,0,289
2007,Effective keyword search for valuable LCAs over XML documents,"Li G., Feng J., Wang J., Zhou L.",,"International Conference on Information and Knowledge Management, Proceedings",, ,0,0,0,0,0,0,0,0,0,0,0,0,0,0,0,0,0,0,0,0,0,0,0,0,0,0,0,0,0,0,0,0,0,0,0,0,0,0,0,8,13,26,25,34,16,18,11,5,7,4,4,1,0,172
2012,Can we beat the prefix filtering? An adaptive framework for similarity join and search,"Wang J., Li G., Feng J.",7308078,Proceedings of the ACM SIGMOD International Conference on Management of Data,, ,0,0,0,0,0,0,0,0,0,0,0,0,0,0,0,0,0,0,0,0,0,0,0,0,0,0,0,0,0,0,0,0,0,0,0,0,0,0,0,0,0,0,0,1,9,12,22,22,26,27,13,5,0,137
2011,Pass-Join: A partitionbased method for similarity joins,"Li G., Deng D., Wang J., Feng J.",21508097,Proceedings of the VLDB Endowment,5,3,0,0,0,0,0,0,0,0,0,0,0,0,0,0,0,0,0,0,0,0,0,0,0,0,0,0,0,0,0,0,0,0,0,0,0,0,0,0,0,0,0,0,0,6,16,16,13,18,27,18,13,1,0,128
2009,Efficient interactive fuzzy keyword search,"Ji S., Li G., Li C., Feng J.",,WWW'09 - Proceedings of the 18th International World Wide Web Conference,, ,0,0,0,0,0,0,0,0,0,0,0,0,0,0,0,0,0,0,0,0,0,0,0,0,0,0,0,0,0,0,0,0,0,0,0,0,0,0,0,0,2,15,12,17,17,12,9,10,12,10,7,2,0,125
2013,Leveraging transitive relations for crowdsourced joins,"Wang J., Li G., Kraska T., Franklin M.J., Feng J.",7308078,Proceedings of the ACM SIGMOD International Conference on Management of Data,, ,0,0,0,0,0,0,0,0,0,0,0,0,0,0,0,0,0,0,0,0,0,0,0,0,0,0,0,0,0,0,0,0,0,0,0,0,0,0,0,0,0,0,0,0,0,13,18,22,27,23,13,1,0,117
2016,Crowdsourced Data Management: A Survey,"Li G., Wang J., Zheng Y., Franklin M.J.",10414347,IEEE Transactions on Knowledge and Data Engineering,28,9,0,0,0,0,0,0,0,0,0,0,0,0,0,0,0,0,0,0,0,0,0,0,0,0,0,0,0,0,0,0,0,0,0,0,0,0,0,0,0,0,0,0,0,0,0,0,0,3,30,31,39,13,0,116
2015,Online topic-aware influence maximization,"Chen S., Fan J., Li G., Feng J., Tan K.-L., Tang J.",21508097,Proceedings of the VLDB Endowment,8,6,0,0,0,0,0,0,0,0,0,0,0,0,0,0,0,0,0,0,0,0,0,0,0,0,0,0,0,0,0,0,0,0,0,0,0,0,0,0,0,0,0,0,0,0,0,0,3,20,20,30,24,10,0,107
2010,Trie-join: Efficient triebased string similarity joins with editdistance constraints,"Wang J., Feng J., Li G.",21508097,Proceedings of the VLDB Endowment,3,1,0,0,0,0,0,0,0,0,0,0,0,0,0,0,0,0,0,0,0,0,0,0,0,0,0,0,0,0,0,0,0,0,0,0,0,0,0,0,0,0,0,0,3,13,16,18,11,10,17,8,5,2,0,103
2016,Truth inference in crowdsourcing: Is the problem solved?,"Zheng Y., Li G., Li Y., Shan C., Cheng R.",21508097,Proceedings of the VLDB Endowment,10,5,0,0,0,0,0,0,0,0,0,0,0,0,0,0,0,0,0,0,0,0,0,0,0,0,0,0,0,0,0,0,0,0,0,0,0,0,0,0,0,0,0,0,0,0,0,0,0,0,17,40,33,10,0,100
2014,String similarity joins: An experimental evaluation,"Jiang Y., Li G., Feng J., Li W.-S.",21508097,Proceedings of the VLDB Endowment,7,8,0,0,0,0,0,0,0,0,0,0,0,0,0,0,0,0,0,0,0,0,0,0,0,0,0,0,0,0,0,0,0,0,0,0,0,0,0,0,0,0,0,0,0,0,0,1,11,18,24,23,14,7,0,98
2015,QASCA: A Quality-Aware task assignment system for crowdsourcing applications,"Zhengy Y., Wang J., Li G., Chengy R., Feng J.",7308078,Proceedings of the ACM SIGMOD International Conference on Management of Data,2015-, ,0,0,0,0,0,0,0,0,0,0,0,0,0,0,0,0,0,0,0,0,0,0,0,0,0,0,0,0,0,0,0,0,0,0,0,0,0,0,0,0,0,0,0,0,0,0,0,15,23,24,25,9,0,96
2015,ICrowd: An adaptive crowdsourcing framework,"Fan J., Li G., Ooi B.C., Tan K.-L., Feng J.",7308078,Proceedings of the ACM SIGMOD International Conference on Management of Data,2015-, ,0,0,0,0,0,0,0,0,0,0,0,0,0,0,0,0,0,0,0,0,0,0,0,0,0,0,0,0,0,0,0,0,0,0,0,0,0,0,0,0,0,0,0,0,0,0,1,14,18,31,24,6,0,94
2014,Efficient location-aware influence maximization,"Li G., Chen S., Feng J., Tan K.-L., Li W.-S.",7308078,Proceedings of the ACM SIGMOD International Conference on Management of Data,, ,0,0,0,0,0,0,0,0,0,0,0,0,0,0,0,0,0,0,0,0,0,0,0,0,0,0,0,0,0,0,0,0,0,0,0,0,0,0,0,0,0,0,0,0,0,1,7,14,17,20,22,8,0,89
2012,DESKS: Direction-aware spatial keyword search,"Li G., Feng J., Xu J.",10844627,Proceedings - International Conference on Data Engineering,, ,0,0,0,0,0,0,0,0,0,0,0,0,0,0,0,0,0,0,0,0,0,0,0,0,0,0,0,0,0,0,0,0,0,0,0,0,0,0,0,0,0,0,0,5,11,6,17,14,10,9,13,2,0,87
2011,Fast-join: An efficient method for fuzzy token matching based string similarity join,"Wang J., Li G., Fe J.",10844627,Proceedings - International Conference on Data Engineering,, ,0,0,0,0,0,0,0,0,0,0,0,0,0,0,0,0,0,0,0,0,0,0,0,0,0,0,0,0,0,0,0,0,0,0,0,0,0,0,0,0,0,0,2,7,8,9,13,9,16,13,8,2,0,87
2014,MassJoin: A mapreduce-based method for scalable string similarity joins,"Deng D., Li G., Hao S., Wang J., Feng J.",10844627,Proceedings - International Conference on Data Engineering,, ,0,0,0,0,0,0,0,0,0,0,0,0,0,0,0,0,0,0,0,0,0,0,0,0,0,0,0,0,0,0,0,0,0,0,0,0,0,0,0,0,0,0,0,0,0,1,12,12,19,18,11,2,0,75
2013,Location-Aware publish/subscribe,"Li G., Wang Y., Wang T., Feng J.",,Proceedings of the ACM SIGKDD International Conference on Knowledge Discovery and Data Mining,128815, ,0,0,0,0,0,0,0,0,0,0,0,0,0,0,0,0,0,0,0,0,0,0,0,0,0,0,0,0,0,0,0,0,0,0,0,0,0,0,0,0,0,0,0,0,0,6,12,8,18,10,9,4,0,67
2009,Efficient type-ahead search on relational data: A TASTIER approach,"Li G., Ji S., Li C., Feng J.",,SIGMOD-PODS'09 - Proceedings of the International Conference on Management of Data and 28th Symposium on Principles of Database Systems,, ,0,0,0,0,0,0,0,0,0,0,0,0,0,0,0,0,0,0,0,0,0,0,0,0,0,0,0,0,0,0,0,0,0,0,0,0,0,0,0,0,3,7,10,6,10,4,4,6,6,2,4,1,0,63
2011,Entity matching: How similar is similar,"Wang J., Li G., Yu J.X., Feng J.",21508097,Proceedings of the VLDB Endowment,4,10,0,0,0,0,0,0,0,0,0,0,0,0,0,0,0,0,0,0,0,0,0,0,0,0,0,0,0,0,0,0,0,0,0,0,0,0,0,0,0,0,0,0,0,1,5,9,7,8,13,8,9,2,0,62
2013,G-tree: An efficient index for KNN search on road networks,"Zhong R., Li G., Tan K.-L., Zhou L.",,"International Conference on Information and Knowledge Management, Proceedings",, ,0,0,0,0,0,0,0,0,0,0,0,0,0,0,0,0,0,0,0,0,0,0,0,0,0,0,0,0,0,0,0,0,0,0,0,0,0,0,0,0,0,0,0,0,0,2,13,11,11,10,10,4,0,61
2011,LazyFTL: A page-level flash translation layer optimized for NAND flash memory,"Ma D., Feng J., Li G.",7308078,Proceedings of the ACM SIGMOD International Conference on Management of Data,, ,0,0,0,0,0,0,0,0,0,0,0,0,0,0,0,0,0,0,0,0,0,0,0,0,0,0,0,0,0,0,0,0,0,0,0,0,0,0,0,0,0,0,1,4,11,12,6,7,3,5,6,2,0,57
2007,Effective keyword-based selection of relational databases,"Yu B., Li G., Sollins K., Tung A.K.H.",7308078,Proceedings of the ACM SIGMOD International Conference on Management of Data,, ,0,0,0,0,0,0,0,0,0,0,0,0,0,0,0,0,0,0,0,0,0,0,0,0,0,0,0,0,0,0,0,0,0,0,0,0,0,0,0,5,8,5,14,4,4,7,2,2,1,3,1,1,0,57
2016,Crowdsourced POI labelling: Location-aware result inference and Task Assignment,"Hu H., Zheng Y., Bao Z., Li G., Feng J., Cheng R.",,"2016 IEEE 32nd International Conference on Data Engineering, ICDE 2016",, ,0,0,0,0,0,0,0,0,0,0,0,0,0,0,0,0,0,0,0,0,0,0,0,0,0,0,0,0,0,0,0,0,0,0,0,0,0,0,0,0,0,0,0,0,0,0,0,4,13,14,18,7,0,56
2012,Trie-join: A trie-based method for efficient string similarity joins,"Feng J., Wang J., Li G.",10668888,VLDB Journal,21,4,0,0,0,0,0,0,0,0,0,0,0,0,0,0,0,0,0,0,0,0,0,0,0,0,0,0,0,0,0,0,0,0,0,0,0,0,0,0,0,0,0,0,0,0,10,5,6,5,9,13,4,1,0,53
2009,Supporting database applications as a service,"Hui M., Jiang D., Li G., Zhou Y.",10844627,Proceedings - International Conference on Data Engineering,, ,0,0,0,0,0,0,0,0,0,0,0,0,0,0,0,0,0,0,0,0,0,0,0,0,0,0,0,0,0,0,0,0,0,0,0,0,0,0,0,0,2,3,9,6,9,5,8,3,5,3,0,0,0,53
2013,Top-k string similarity search with edit-distance constraints,"Deng D., Li G., Feng J., Li W.-S.",10844627,Proceedings - International Conference on Data Engineering,, ,0,0,0,0,0,0,0,0,0,0,0,0,0,0,0,0,0,0,0,0,0,0,0,0,0,0,0,0,0,0,0,0,0,0,0,0,0,0,0,0,0,0,0,0,4,8,10,9,4,7,6,2,0,50
2016,DOCS: Domain-aware crowdsourcing system,"Zheng Y., Li G., Cheng R.",21508097,Proceedings of the VLDB Endowment,10,4,0,0,0,0,0,0,0,0,0,0,0,0,0,0,0,0,0,0,0,0,0,0,0,0,0,0,0,0,0,0,0,0,0,0,0,0,0,0,0,0,0,0,0,0,0,0,0,1,12,15,13,8,0,49
2015,G-Tree: An Efficient and Scalable Index for Spatial Search on Road Networks,"Zhong R., Li G., Tan K.-L., Zhou L., Gong Z.",10414347,IEEE Transactions on Knowledge and Data Engineering,27,8,0,0,0,0,0,0,0,0,0,0,0,0,0,0,0,0,0,0,0,0,0,0,0,0,0,0,0,0,0,0,0,0,0,0,0,0,0,0,0,0,0,0,0,0,0,0,0,4,9,16,15,4,0,48
2016,String similarity search and join: a survey,"Yu M., Li G., Deng D., Feng J.",20952228,Frontiers of Computer Science,10,3,0,0,0,0,0,0,0,0,0,0,0,0,0,0,0,0,0,0,0,0,0,0,0,0,0,0,0,0,0,0,0,0,0,0,0,0,0,0,0,0,0,0,0,0,0,0,0,2,8,20,12,4,0,46
2014,A pivotal prefix based filtering algorithm for string similarity search,"Deng D., Li G., Feng J.",7308078,Proceedings of the ACM SIGMOD International Conference on Management of Data,, ,0,0,0,0,0,0,0,0,0,0,0,0,0,0,0,0,0,0,0,0,0,0,0,0,0,0,0,0,0,0,0,0,0,0,0,0,0,0,0,0,0,0,0,0,0,1,5,11,9,10,7,3,0,46
2014,A survey of address translation technologies for flash memories,"Ma D., Feng J., Li G.",3600300,ACM Computing Surveys,46,3,0,0,0,0,0,0,0,0,0,0,0,0,0,0,0,0,0,0,0,0,0,0,0,0,0,0,0,0,0,0,0,0,0,0,0,0,0,0,0,0,0,0,0,0,0,2,4,11,9,8,6,4,0,44
2015,Location-aware pub/sub system: When continuous moving queries meet dynamic event streams,"Guo L., Zhang D., Li G., Tan K.-L., Bao Z.",7308078,Proceedings of the ACM SIGMOD International Conference on Management of Data,2015-, ,0,0,0,0,0,0,0,0,0,0,0,0,0,0,0,0,0,0,0,0,0,0,0,0,0,0,0,0,0,0,0,0,0,0,0,0,0,0,0,0,0,0,0,0,0,0,4,7,9,10,8,5,0,43
2016,An efficient partition based method for exact set similarity joins,"Deng D., Li G., Wen H., Feng J.",21508097,Proceedings of the VLDB Endowment,9,4,0,0,0,0,0,0,0,0,0,0,0,0,0,0,0,0,0,0,0,0,0,0,0,0,0,0,0,0,0,0,0,0,0,0,0,0,0,0,0,0,0,0,0,0,0,0,0,1,12,15,8,6,0,42
2012,Efficient safe-region construction for moving top-K spatial keyword queries,"Huang W., Li G., Tan K.-L., Feng J.",,ACM International Conference Proceeding Series,, ,0,0,0,0,0,0,0,0,0,0,0,0,0,0,0,0,0,0,0,0,0,0,0,0,0,0,0,0,0,0,0,0,0,0,0,0,0,0,0,0,0,0,0,0,3,1,9,6,6,10,6,1,0,42
2016,NXgraph: An efficient graph processing system on a single machine,"Chi Y., Dai G., Wang Y., Sun G., Li G., Yang H.",,"2016 IEEE 32nd International Conference on Data Engineering, ICDE 2016",, ,0,0,0,0,0,0,0,0,0,0,0,0,0,0,0,0,0,0,0,0,0,0,0,0,0,0,0,0,0,0,0,0,0,0,0,0,0,0,0,0,0,0,0,0,0,0,0,0,5,10,14,10,0,39
2015,A location-aware publish/subscribe framework for parameterized spatio-textual subscriptions,"Hu H., Liu Y., Li G., Feng J., Tan K.-L.",10844627,Proceedings - International Conference on Data Engineering,2015-, ,0,0,0,0,0,0,0,0,0,0,0,0,0,0,0,0,0,0,0,0,0,0,0,0,0,0,0,0,0,0,0,0,0,0,0,0,0,0,0,0,0,0,0,0,0,0,3,6,10,13,3,3,0,38
2011,Efficient fuzzy full-text type-ahead search,"Li G., Ji S., Li C., Feng J.",10668888,VLDB Journal,20,4,0,0,0,0,0,0,0,0,0,0,0,0,0,0,0,0,0,0,0,0,0,0,0,0,0,0,0,0,0,0,0,0,0,0,0,0,0,0,0,0,0,0,0,3,8,4,4,5,2,2,8,1,0,37
2014,Effective location identification from microblogs,"Li G., Hu J., Feng J., Tan K.-L.",10844627,Proceedings - International Conference on Data Engineering,, ,0,0,0,0,0,0,0,0,0,0,0,0,0,0,0,0,0,0,0,0,0,0,0,0,0,0,0,0,0,0,0,0,0,0,0,0,0,0,0,0,0,0,0,0,0,3,3,10,6,3,8,3,0,36
2017,CDB: Optimizing queries with crowd-based selections and joins,"Li G., Chai C., Fan J., Weng X., Li J., Zheng Y., Li Y., Yu X., Zhang X., Yuan H.",7308078,Proceedings of the ACM SIGMOD International Conference on Management of Data,127746, ,0,0,0,0,0,0,0,0,0,0,0,0,0,0,0,0,0,0,0,0,0,0,0,0,0,0,0,0,0,0,0,0,0,0,0,0,0,0,0,0,0,0,0,0,0,0,0,0,7,15,10,2,0,34
2015,A survey on crowdsourcing,"Feng J.-H., Li G.-L., Feng J.-H.",2544164,Jisuanji Xuebao/Chinese Journal of Computers,38,9,0,0,0,0,0,0,0,0,0,0,0,0,0,0,0,0,0,0,0,0,0,0,0,0,0,0,0,0,0,0,0,0,0,0,0,0,0,0,0,0,0,0,0,0,0,0,0,1,10,9,13,1,0,34
2016,Cost-effective crowdsourced entity resolution: A partial-order approach,"Chai C., Li G., Li J., Deng D., Feng J.",7308078,Proceedings of the ACM SIGMOD International Conference on Management of Data,26-, ,0,0,0,0,0,0,0,0,0,0,0,0,0,0,0,0,0,0,0,0,0,0,0,0,0,0,0,0,0,0,0,0,0,0,0,0,0,0,0,0,0,0,0,0,0,0,0,2,11,16,3,1,0,33
2009,Progressive keyword search in relational databases,"Li G., Zhou X., Feng J., Wang J.",10844627,Proceedings - International Conference on Data Engineering,, ,0,0,0,0,0,0,0,0,0,0,0,0,0,0,0,0,0,0,0,0,0,0,0,0,0,0,0,0,0,0,0,0,0,0,0,0,0,0,0,0,2,3,10,4,3,1,2,3,1,2,1,1,0,33
2017,Crowdsourced data management: Overview and challenges,"Li G., Zheng Y., Fany J., Wang J., Cheng R.",7308078,Proceedings of the ACM SIGMOD International Conference on Management of Data,127746, ,0,0,0,0,0,0,0,0,0,0,0,0,0,0,0,0,0,0,0,0,0,0,0,0,0,0,0,0,0,0,0,0,0,0,0,0,0,0,0,0,0,0,0,0,0,0,0,0,3,10,13,6,0,32
2011,Faerie: Efficient filtering algorithms for approximate dictionary-based entity extraction,"Li G., Deng D., Feng J.",7308078,Proceedings of the ACM SIGMOD International Conference on Management of Data,, ,0,0,0,0,0,0,0,0,0,0,0,0,0,0,0,0,0,0,0,0,0,0,0,0,0,0,0,0,0,0,0,0,0,0,0,0,0,0,0,0,0,0,3,5,8,2,3,2,6,1,2,0,0,32
2016,Interactive and deterministic data cleaning: A tossed stone raises a thousand ripples,"He J., Veltri E., Santoro D., Li G., Mecca G., Papotti P., Tang N.",7308078,Proceedings of the ACM SIGMOD International Conference on Management of Data,26-, ,0,0,0,0,0,0,0,0,0,0,0,0,0,0,0,0,0,0,0,0,0,0,0,0,0,0,0,0,0,0,0,0,0,0,0,0,0,0,0,0,0,0,0,0,0,0,0,0,8,12,10,1,0,31
2014,Extending string similarity join to tolerant fuzzy token matching,"Wang J., Li G., Feng J.",3625915,ACM Transactions on Database Systems,39,1,0,0,0,0,0,0,0,0,0,0,0,0,0,0,0,0,0,0,0,0,0,0,0,0,0,0,0,0,0,0,0,0,0,0,0,0,0,0,0,0,0,0,0,0,0,1,0,4,9,11,3,1,0,29
2013,Scalable column concept determination for web tables using large knowledge bases,"Deng D., Jiang Y., Li G., Li J., Yu C.",21508097,Proceedings of the VLDB Endowment,6,13,0,0,0,0,0,0,0,0,0,0,0,0,0,0,0,0,0,0,0,0,0,0,0,0,0,0,0,0,0,0,0,0,0,0,0,0,0,0,0,0,0,0,0,0,0,1,6,4,4,8,6,0,0,29
2011,Interactive SQL query suggestion: Making databases user-friendly,"Fan J., Li G., Zhou L.",10844627,Proceedings - International Conference on Data Engineering,, ,0,0,0,0,0,0,0,0,0,0,0,0,0,0,0,0,0,0,0,0,0,0,0,0,0,0,0,0,0,0,0,0,0,0,0,0,0,0,0,0,0,0,2,2,4,2,2,4,4,5,4,0,0,29
2016,Crowdsourced top-k algorithms: An experimental evaluation,"Zhang X., Li G., Feng J.",21508097,Proceedings of the VLDB Endowment,9,8,0,0,0,0,0,0,0,0,0,0,0,0,0,0,0,0,0,0,0,0,0,0,0,0,0,0,0,0,0,0,0,0,0,0,0,0,0,0,0,0,0,0,0,0,0,0,0,5,7,10,4,2,0,28
2016,Crowdsourcing-based real-time urban traffic speed estimation: From trends to speeds,"Hu H., Li G., Bao Z., Cui Y., Feng J.",,"2016 IEEE 32nd International Conference on Data Engineering, ICDE 2016",, ,0,0,0,0,0,0,0,0,0,0,0,0,0,0,0,0,0,0,0,0,0,0,0,0,0,0,0,0,0,0,0,0,0,0,0,0,0,0,0,0,0,0,0,0,0,0,0,2,11,6,6,2,0,27
2015,Real time personalized search on social networks,"Li Y., Bao Z., Li G., Tan K.-L.",10844627,Proceedings - International Conference on Data Engineering,2015-, ,0,0,0,0,0,0,0,0,0,0,0,0,0,0,0,0,0,0,0,0,0,0,0,0,0,0,0,0,0,0,0,0,0,0,0,0,0,0,0,0,0,0,0,0,0,0,1,9,6,4,6,1,0,27
2015,Two birds with one stone: An efficient hierarchical framework for top-k and threshold-based string similarity search,"Wang J., Li G., Deng D., Zhang Y., Feng J.",10844627,Proceedings - International Conference on Data Engineering,2015-, ,0,0,0,0,0,0,0,0,0,0,0,0,0,0,0,0,0,0,0,0,0,0,0,0,0,0,0,0,0,0,0,0,0,0,0,0,0,0,0,0,0,0,0,0,0,0,1,9,1,6,8,1,0,26
2011,Finding top-k answers in keyword search over relational databases using tuple units,"Feng J., Li G., Wang J.",10414347,IEEE Transactions on Knowledge and Data Engineering,23,12,0,0,0,0,0,0,0,0,0,0,0,0,0,0,0,0,0,0,0,0,0,0,0,0,0,0,0,0,0,0,0,0,0,0,0,0,0,0,0,0,0,0,0,3,2,5,2,2,4,3,3,2,0,26
2009,SAIL: Structure-aware indexing for effective and progressive top-k keyword search over XML documents,"Li G., Li C., Feng J., Zhou L.",200255,Information Sciences,179,21,0,0,0,0,0,0,0,0,0,0,0,0,0,0,0,0,0,0,0,0,0,0,0,0,0,0,0,0,0,0,0,0,0,0,0,0,0,0,0,0,0,1,3,4,4,4,3,5,0,0,1,0,0,25
2013,A partition-based method for string similarity joins with edit-distance constraints,"Li G., Deng D., Feng J.",3625915,ACM Transactions on Database Systems,38,2,0,0,0,0,0,0,0,0,0,0,0,0,0,0,0,0,0,0,0,0,0,0,0,0,0,0,0,0,0,0,0,0,0,0,0,0,0,0,0,0,0,0,0,0,0,2,4,1,6,8,3,0,0,24
2017,Human-in-the-loop data integration,Li G.,21508097,Proceedings of the VLDB Endowment,10,12,0,0,0,0,0,0,0,0,0,0,0,0,0,0,0,0,0,0,0,0,0,0,0,0,0,0,0,0,0,0,0,0,0,0,0,0,0,0,0,0,0,0,0,0,0,0,0,0,4,12,5,2,0,23
2015,Efficient similarity join and search on multi-attribute data,"Li G., He J., Deng D., Li J.",7308078,Proceedings of the ACM SIGMOD International Conference on Management of Data,2015-, ,0,0,0,0,0,0,0,0,0,0,0,0,0,0,0,0,0,0,0,0,0,0,0,0,0,0,0,0,0,0,0,0,0,0,0,0,0,0,0,0,0,0,0,0,0,0,0,4,9,6,2,2,0,23
2014,Incremental quality inference in crowdsourcing,"Feng J., Li G., Wang H., Feng J.",3029743,Lecture Notes in Computer Science (including subseries Lecture Notes in Artificial Intelligence and Lecture Notes in Bioinformatics),8422,2,0,0,0,0,0,0,0,0,0,0,0,0,0,0,0,0,0,0,0,0,0,0,0,0,0,0,0,0,0,0,0,0,0,0,0,0,0,0,0,0,0,0,0,0,0,1,1,5,6,7,2,0,0,22
2018,Approximate Query Processing: What is New and Where to Go?: A Survey on Approximate Query Processing,"Li K., Li G.",23641185,Data Science and Engineering,3,4,0,0,0,0,0,0,0,0,0,0,0,0,0,0,0,0,0,0,0,0,0,0,0,0,0,0,0,0,0,0,0,0,0,0,0,0,0,0,0,0,0,0,0,0,0,0,0,0,0,4,14,3,0,21
2012,Supporting efficient top-k queries in type-ahead search,"Li G., Wang J., Li C., Feng J.",,SIGIR'12 - Proceedings of the International ACM SIGIR Conference on Research and Development in Information Retrieval,, ,0,0,0,0,0,0,0,0,0,0,0,0,0,0,0,0,0,0,0,0,0,0,0,0,0,0,0,0,0,0,0,0,0,0,0,0,0,0,0,0,0,0,0,1,6,1,4,5,1,0,3,0,0,21
2017,Signature-based trajectory similarity join,"Ta N., Li G., Xie Y., Li C., Hao S., Feng J.",10414347,IEEE Transactions on Knowledge and Data Engineering,29,4,0,0,0,0,0,0,0,0,0,0,0,0,0,0,0,0,0,0,0,0,0,0,0,0,0,0,0,0,0,0,0,0,0,0,0,0,0,0,0,0,0,0,0,0,0,0,0,0,2,5,9,4,0,20
2016,A survey on entity alignment of knowledge base,"Zhuang Y., Li G., Feng J.",10001239,Jisuanji Yanjiu yu Fazhan/Computer Research and Development,53,1,0,0,0,0,0,0,0,0,0,0,0,0,0,0,0,0,0,0,0,0,0,0,0,0,0,0,0,0,0,0,0,0,0,0,0,0,0,0,0,0,0,0,0,0,0,0,0,1,4,7,6,2,0,20
2014,Efficient topk simrankbased similarity join,"Tao W., Yu M., Li G.",21508097,Proceedings of the VLDB Endowment,8,3,0,0,0,0,0,0,0,0,0,0,0,0,0,0,0,0,0,0,0,0,0,0,0,0,0,0,0,0,0,0,0,0,0,0,0,0,0,0,0,0,0,0,0,0,0,0,1,3,7,2,7,0,0,20
2012,Location-aware instant search,"Zhong R., Fan J., Li G., Tan K.-L., Zhou L.",,ACM International Conference Proceeding Series,, ,0,0,0,0,0,0,0,0,0,0,0,0,0,0,0,0,0,0,0,0,0,0,0,0,0,0,0,0,0,0,0,0,0,0,0,0,0,0,0,0,0,0,0,0,2,1,3,5,2,3,4,0,0,20
2011,Providing built-in keyword search capabilities in RDBMS,"Li G., Feng J., Zhou X., Wang J.",10668888,VLDB Journal,20,1,0,0,0,0,0,0,0,0,0,0,0,0,0,0,0,0,0,0,0,0,0,0,0,0,0,0,0,0,0,0,0,0,0,0,0,0,0,0,0,0,0,0,3,0,3,6,1,2,1,0,3,1,0,20
2018,DITA: Distributed in-memory trajectory analytics,"Shang Z., Li G., Bao Z.",7308078,Proceedings of the ACM SIGMOD International Conference on Management of Data,, ,0,0,0,0,0,0,0,0,0,0,0,0,0,0,0,0,0,0,0,0,0,0,0,0,0,0,0,0,0,0,0,0,0,0,0,0,0,0,0,0,0,0,0,0,0,0,0,0,0,2,12,4,0,18
2015,Efficient Filtering Algorithms for Location-Aware Publish/Subscribe,"Yu M., Li G., Wang T., Feng J., Gong Z.",10414347,IEEE Transactions on Knowledge and Data Engineering,27,4,0,0,0,0,0,0,0,0,0,0,0,0,0,0,0,0,0,0,0,0,0,0,0,0,0,0,0,0,0,0,0,0,0,0,0,0,0,0,0,0,0,0,0,0,0,0,4,4,4,3,1,2,0,18
2014,R3: A real-time route recommendation system,"Wang H., Li G., Hu H., Chen S., Shen B., Wu H., Li W.-S., Tan K.-L.",21508097,Proceedings of the VLDB Endowment,7,13,0,0,0,0,0,0,0,0,0,0,0,0,0,0,0,0,0,0,0,0,0,0,0,0,0,0,0,0,0,0,0,0,0,0,0,0,0,0,0,0,0,0,0,0,0,0,1,6,2,5,3,1,0,18
2010,Suggesting topic-based query terms as you type,"Fan J., Wu H., Li G., Zhou L.",,"Advances in Web Technologies and Applications - Proceedings of the 12th Asia-Pacific Web Conference, APWeb 2010",, ,0,0,0,0,0,0,0,0,0,0,0,0,0,0,0,0,0,0,0,0,0,0,0,0,0,0,0,0,0,0,0,0,0,0,0,0,0,0,0,0,0,0,0,3,5,4,2,2,0,0,2,0,0,18
2010,Finding and ranking compact connected trees for effective keyword proximity search in XML documents,"Feng J., Li G., Wang J., Zhou L.",3064379,Information Systems,35,2,0,0,0,0,0,0,0,0,0,0,0,0,0,0,0,0,0,0,0,0,0,0,0,0,0,0,0,0,0,0,0,0,0,0,0,0,0,0,0,0,0,2,5,4,1,1,0,0,0,1,3,1,0,18
2018,An Efficient Ride-Sharing Framework for Maximizing Shared Route,"Ta N., Li G., Zhao T., Feng J., Ma H., Gong Z.",10414347,IEEE Transactions on Knowledge and Data Engineering,30,2,0,0,0,0,0,0,0,0,0,0,0,0,0,0,0,0,0,0,0,0,0,0,0,0,0,0,0,0,0,0,0,0,0,0,0,0,0,0,0,0,0,0,0,0,0,0,0,0,0,2,11,4,0,17
2016,K-Join: Knowledge-Aware Similarity Join,"Shang Z., Liu Y., Li G., Feng J.",10414347,IEEE Transactions on Knowledge and Data Engineering,28,12,0,0,0,0,0,0,0,0,0,0,0,0,0,0,0,0,0,0,0,0,0,0,0,0,0,0,0,0,0,0,0,0,0,0,0,0,0,0,0,0,0,0,0,0,0,0,0,0,5,7,5,0,0,17
2013,Efficient parallel partition-based algorithms for similarity search and join with edit distance constraints,"Jiang Y., Deng D., Wang J., Li G., Feng J.",,ACM International Conference Proceeding Series,, ,0,0,0,0,0,0,0,0,0,0,0,0,0,0,0,0,0,0,0,0,0,0,0,0,0,0,0,0,0,0,0,0,0,0,0,0,0,0,0,0,0,0,0,0,0,1,4,3,4,2,3,0,0,17
2008,Retune: Retrieving and materializing tuple units for effective keyword search over relational databases,"Li G., Feng J., Zhou L.",3029743,Lecture Notes in Computer Science (including subseries Lecture Notes in Artificial Intelligence and Lecture Notes in Bioinformatics),5231, ,0,0,0,0,0,0,0,0,0,0,0,0,0,0,0,0,0,0,0,0,0,0,0,0,0,0,0,0,0,0,0,0,0,0,0,0,0,0,0,1,1,1,2,3,0,6,0,0,2,1,0,0,0,17
2007,One table stores all: Enabling painless free-and-easy data publishing and sharing,"Yu B., Li G., Ooi B.C., Zhou L.-Z.",,CIDR 2007 - 3rd Biennial Conference on Innovative Data Systems Research,, ,0,0,0,0,0,0,0,0,0,0,0,0,0,0,0,0,0,0,0,0,0,0,0,0,0,0,0,0,0,0,0,0,0,0,0,0,0,0,1,1,4,4,1,0,2,1,1,1,1,0,0,0,0,17
2016,Top-k Spatio-Textual Similarity Join,"Hu H., Li G., Bao Z., Feng J., Wu Y., Gong Z., Xu Y.",10414347,IEEE Transactions on Knowledge and Data Engineering,28,2,0,0,0,0,0,0,0,0,0,0,0,0,0,0,0,0,0,0,0,0,0,0,0,0,0,0,0,0,0,0,0,0,0,0,0,0,0,0,0,0,0,0,0,0,0,0,0,2,5,2,4,3,0,16
2012,An efficient trie-based method for approximate entity extraction with edit-distance constraints,"Deng D., Li G., Feng J.",10844627,Proceedings - International Conference on Data Engineering,, ,0,0,0,0,0,0,0,0,0,0,0,0,0,0,0,0,0,0,0,0,0,0,0,0,0,0,0,0,0,0,0,0,0,0,0,0,0,0,0,0,0,0,0,0,4,4,1,1,2,1,3,0,0,16
2012,Efficient fuzzy type-ahead search in XML data,"Feng J., Li G.",10414347,IEEE Transactions on Knowledge and Data Engineering,24,5,0,0,0,0,0,0,0,0,0,0,0,0,0,0,0,0,0,0,0,0,0,0,0,0,0,0,0,0,0,0,0,0,0,0,0,0,0,0,0,0,0,0,0,2,4,1,1,3,3,1,0,0,0,15
2008,Race: Finding and ranking compact connected trees for keyword proximity search over xml documents,"Li G., Feng J., Wang J., Yu B., He Y.",,"Proceeding of the 17th International Conference on World Wide Web 2008, WWW'08",, ,0,0,0,0,0,0,0,0,0,0,0,0,0,0,0,0,0,0,0,0,0,0,0,0,0,0,0,0,0,0,0,0,0,0,0,0,0,0,0,1,1,4,4,2,1,0,0,1,0,0,1,0,0,15
2017,V-Tree: Efficient KNN search on moving objects with road-network constraints,"Shen B., Zhao Y., Li G., Zheng W., Qin Y., Yuan B., Rao Y.",10844627,Proceedings - International Conference on Data Engineering,, ,0,0,0,0,0,0,0,0,0,0,0,0,0,0,0,0,0,0,0,0,0,0,0,0,0,0,0,0,0,0,0,0,0,0,0,0,0,0,0,0,0,0,0,0,0,0,0,0,0,8,5,1,0,14
2015,A unified framework for approximate dictionary-based entity extraction,"Deng D., Li G., Feng J., Duan Y., Gong Z.",10668888,VLDB Journal,24,1,0,0,0,0,0,0,0,0,0,0,0,0,0,0,0,0,0,0,0,0,0,0,0,0,0,0,0,0,0,0,0,0,0,0,0,0,0,0,0,0,0,0,0,0,0,0,0,2,3,2,6,1,0,14
2013,Supporting search-as-you-type using SQL in databases,"Li G., Feng J., Li C.",10414347,IEEE Transactions on Knowledge and Data Engineering,25,2,0,0,0,0,0,0,0,0,0,0,0,0,0,0,0,0,0,0,0,0,0,0,0,0,0,0,0,0,0,0,0,0,0,0,0,0,0,0,0,0,0,0,0,0,4,2,3,3,2,0,0,0,0,14
2010,Interactive and fuzzy search: A dynamic way to explore MEDLINE,"Wang J., Cetindil I., Ji S., Li C., Xie X., Li G., Feng J.",13674803,Bioinformatics,26,18,0,0,0,0,0,0,0,0,0,0,0,0,0,0,0,0,0,0,0,0,0,0,0,0,0,0,0,0,0,0,0,0,0,0,0,0,0,0,0,0,0,0,2,1,0,4,3,1,1,0,1,1,0,14
2018,Deepeye: towards automatic data visualization,"Luo Y., Qin X., Tang N., Li G.",,"Proceedings - IEEE 34th International Conference on Data Engineering, ICDE 2018",, ,0,0,0,0,0,0,0,0,0,0,0,0,0,0,0,0,0,0,0,0,0,0,0,0,0,0,0,0,0,0,0,0,0,0,0,0,0,0,0,0,0,0,0,0,0,0,0,0,0,1,9,3,0,13
2017,Hike: A hybrid human-machine method for entity alignment in large-scale knowledge bases,"Zhuang Y., Li G., Zhong Z., Feng J.",,"International Conference on Information and Knowledge Management, Proceedings",131841, ,0,0,0,0,0,0,0,0,0,0,0,0,0,0,0,0,0,0,0,0,0,0,0,0,0,0,0,0,0,0,0,0,0,0,0,0,0,0,0,0,0,0,0,0,0,0,0,0,0,5,5,2,0,12
2014,Group-based personalized location recommendation on social networks,"Wang H., Li G., Feng J.",3029743,Lecture Notes in Computer Science (including subseries Lecture Notes in Artificial Intelligence and Lecture Notes in Bioinformatics),8709, ,0,0,0,0,0,0,0,0,0,0,0,0,0,0,0,0,0,0,0,0,0,0,0,0,0,0,0,0,0,0,0,0,0,0,0,0,0,0,0,0,0,0,0,0,0,0,0,4,1,4,2,1,0,12
2009,Interactive search in XML data,"Li G., Feng J., Zhou L.",,WWW'09 - Proceedings of the 18th International World Wide Web Conference,, ,0,0,0,0,0,0,0,0,0,0,0,0,0,0,0,0,0,0,0,0,0,0,0,0,0,0,0,0,0,0,0,0,0,0,0,0,0,0,0,0,1,1,3,2,2,0,1,0,0,1,1,0,0,12
2018,Overlap set similarity joins with theoretical guarantees,"Deng D., Tao Y., Li G.",7308078,Proceedings of the ACM SIGMOD International Conference on Management of Data,, ,0,0,0,0,0,0,0,0,0,0,0,0,0,0,0,0,0,0,0,0,0,0,0,0,0,0,0,0,0,0,0,0,0,0,0,0,0,0,0,0,0,0,0,0,0,0,0,0,0,4,7,0,0,11
2014,A Prefix-Filter based Method for Spatio-Textual Similarity Join,"Liu S., Li G., Feng J.",10414347,IEEE Transactions on Knowledge and Data Engineering,26,10,0,0,0,0,0,0,0,0,0,0,0,0,0,0,0,0,0,0,0,0,0,0,0,0,0,0,0,0,0,0,0,0,0,0,0,0,0,0,0,0,0,0,0,0,0,0,0,4,2,3,2,0,0,11
2014,B<sup>p</sup> -Tree: A Predictive B<sup>+</sup>-Tree for Reducing Writes on Phase Change Memory,"Hu W., Li G., Ni J., Sun D., Tan K.-L.",10414347,IEEE Transactions on Knowledge and Data Engineering,26,10,0,0,0,0,0,0,0,0,0,0,0,0,0,0,0,0,0,0,0,0,0,0,0,0,0,0,0,0,0,0,0,0,0,0,0,0,0,0,0,0,0,0,0,0,0,1,2,2,1,1,3,1,0,11
2012,Star-Join: Spatio-textual similarity join,"Liu S., Li G., Feng J.",,ACM International Conference Proceeding Series,, ,0,0,0,0,0,0,0,0,0,0,0,0,0,0,0,0,0,0,0,0,0,0,0,0,0,0,0,0,0,0,0,0,0,0,0,0,0,0,0,0,0,0,0,0,0,1,2,1,2,2,2,1,0,11
2007,Efficient holistic twig joins in leaf-to-root combining with root-to-leaf way,"Li G., Feng J., Zhang Y., Zhou L.",3029743,Lecture Notes in Computer Science (including subseries Lecture Notes in Artificial Intelligence and Lecture Notes in Bioinformatics),4443, ,0,0,0,0,0,0,0,0,0,0,0,0,0,0,0,0,0,0,0,0,0,0,0,0,0,0,0,0,0,0,0,0,0,0,0,0,0,0,0,2,2,3,3,0,1,0,0,0,0,0,0,0,0,11
2017,Dima: A distributed in-memory similarity-based query processing system,"Sun J., Shang Z., Li G., Deng D., Bao Z.",21508097,Proceedings of the VLDB Endowment,10,12,0,0,0,0,0,0,0,0,0,0,0,0,0,0,0,0,0,0,0,0,0,0,0,0,0,0,0,0,0,0,0,0,0,0,0,0,0,0,0,0,0,0,0,0,0,0,0,0,1,7,1,1,0,10
2017,A unified framework for string similarity search with edit-distance constraint,"Yu M., Wang J., Li G., Zhang Y., Deng D., Feng J.",10668888,VLDB Journal,26,2,0,0,0,0,0,0,0,0,0,0,0,0,0,0,0,0,0,0,0,0,0,0,0,0,0,0,0,0,0,0,0,0,0,0,0,0,0,0,0,0,0,0,0,0,0,0,0,0,0,5,4,1,0,10
2015,A cost-based method for location-aware publish/subscribe services,"Yu M., Li G., Feng J.",,"International Conference on Information and Knowledge Management, Proceedings",19-23-, ,0,0,0,0,0,0,0,0,0,0,0,0,0,0,0,0,0,0,0,0,0,0,0,0,0,0,0,0,0,0,0,0,0,0,0,0,0,0,0,0,0,0,0,0,0,0,0,1,1,5,1,2,0,10
2015,Elaps: An efficient location-aware pub/sub system,"Guo L., Chen L., Zhang D., Li G., Tan K.-L., Bao Z.",10844627,Proceedings - International Conference on Data Engineering,2015-, ,0,0,0,0,0,0,0,0,0,0,0,0,0,0,0,0,0,0,0,0,0,0,0,0,0,0,0,0,0,0,0,0,0,0,0,0,0,0,0,0,0,0,0,0,0,0,0,3,3,3,0,1,0,10
2012,Keyword-based k-nearest neighbor search in spatial databases,"Li G., Xu J., Feng J.",,ACM International Conference Proceeding Series,, ,0,0,0,0,0,0,0,0,0,0,0,0,0,0,0,0,0,0,0,0,0,0,0,0,0,0,0,0,0,0,0,0,0,0,0,0,0,0,0,0,0,0,0,0,0,0,0,3,1,1,3,2,0,10
2012,Top-k fuzzy spatial keyword search,"Hu J., Fan J., Li G.-L., Chen S.-S.",2544164,Jisuanji Xuebao/Chinese Journal of Computers,35,11,0,0,0,0,0,0,0,0,0,0,0,0,0,0,0,0,0,0,0,0,0,0,0,0,0,0,0,0,0,0,0,0,0,0,0,0,0,0,0,0,0,0,0,0,0,2,0,2,5,1,0,0,0,10
2010,Seaform: Search-as-you-type in forms,"Wu H., Li G., Li C., Zhouz L.",21508097,Proceedings of the VLDB Endowment,3,2,0,0,0,0,0,0,0,0,0,0,0,0,0,0,0,0,0,0,0,0,0,0,0,0,0,0,0,0,0,0,0,0,0,0,0,0,0,0,0,0,0,0,2,4,0,1,1,1,0,0,1,0,0,10
2010,Efficient fuzzy type-ahead search in TASTIER,"Li G., Ji S., Li C., Wang J., Feng J.",10844627,Proceedings - International Conference on Data Engineering,, ,0,0,0,0,0,0,0,0,0,0,0,0,0,0,0,0,0,0,0,0,0,0,0,0,0,0,0,0,0,0,0,0,0,0,0,0,0,0,0,0,0,1,2,1,3,0,1,0,1,0,1,0,0,10
2008,Parallel Structural Join algorithm on shared-memory multi-core systems,"Liu L., Feng J., Li G., Qian Q., Li J.",,"Proceedings - The 9th International Conference on Web-Age Information Management, WAIM 2008",, ,0,0,0,0,0,0,0,0,0,0,0,0,0,0,0,0,0,0,0,0,0,0,0,0,0,0,0,0,0,0,0,0,0,0,0,0,0,0,0,0,2,2,1,0,2,0,1,1,1,0,0,0,0,10
2008,An effective and versatile keyword search engine on heterogenous data sources,"Li G., Feng J., Wang J., Zhou L.",21508097,Proceedings of the VLDB Endowment,1,2,0,0,0,0,0,0,0,0,0,0,0,0,0,0,0,0,0,0,0,0,0,0,0,0,0,0,0,0,0,0,0,0,0,0,0,0,0,0,0,0,1,0,5,1,1,0,1,0,0,0,1,0,0,10
2018,Trajectory-driven influential billboard placement,"Zhang P., Li G., Bao Z., Zhang Y., Li Y., Peng Z.",,Proceedings of the ACM SIGKDD International Conference on Knowledge Discovery and Data Mining,, ,0,0,0,0,0,0,0,0,0,0,0,0,0,0,0,0,0,0,0,0,0,0,0,0,0,0,0,0,0,0,0,0,0,0,0,0,0,0,0,0,0,0,0,0,0,0,0,0,0,2,7,0,0,9
2011,An effective 3-in-1 keyword search method over heterogeneous data sources,"Li G., Feng J., Chin Ooi B., Wang J., Zhou L.",3064379,Information Systems,36,2,0,0,0,0,0,0,0,0,0,0,0,0,0,0,0,0,0,0,0,0,0,0,0,0,0,0,0,0,0,0,0,0,0,0,0,0,0,0,0,0,0,0,5,0,1,0,1,0,1,0,1,0,0,9
2017,Cleaning relations using knowledge bases,"Hao S., Tang N., Li G., Li J.",10844627,Proceedings - International Conference on Data Engineering,, ,0,0,0,0,0,0,0,0,0,0,0,0,0,0,0,0,0,0,0,0,0,0,0,0,0,0,0,0,0,0,0,0,0,0,0,0,0,0,0,0,0,0,0,0,0,0,0,0,1,5,2,0,0,8
2016,Influence maximization on multiple social networks,"Li G.-L., Chu Y.-P., Feng J.-H., Xu Y.-Q.",2544164,Jisuanji Xuebao/Chinese Journal of Computers,39,4,0,0,0,0,0,0,0,0,0,0,0,0,0,0,0,0,0,0,0,0,0,0,0,0,0,0,0,0,0,0,0,0,0,0,0,0,0,0,0,0,0,0,0,0,0,0,0,0,0,2,4,2,0,8
2016,Effective result inference for context-sensitive tasks in crowdsourcing,"Fang Y., Sun H., Li G., Zhang R., Huai J.",3029743,Lecture Notes in Computer Science (including subseries Lecture Notes in Artificial Intelligence and Lecture Notes in Bioinformatics),9642, ,0,0,0,0,0,0,0,0,0,0,0,0,0,0,0,0,0,0,0,0,0,0,0,0,0,0,0,0,0,0,0,0,0,0,0,0,0,0,0,0,0,0,0,0,0,0,0,1,3,4,0,0,0,8
2014,Breaking out of the MisMatch trap,"Zeng Y., Bao Z., Ling T.W., Jagadish H.V., Li G.",10844627,Proceedings - International Conference on Data Engineering,, ,0,0,0,0,0,0,0,0,0,0,0,0,0,0,0,0,0,0,0,0,0,0,0,0,0,0,0,0,0,0,0,0,0,0,0,0,0,0,0,0,0,0,0,0,0,2,3,0,1,2,0,0,0,8
2013,Ginix: Generalized inverted index for keyword search,"Wu H., Li G., Zhou L.",10070214,Tsinghua Science and Technology,18,1,0,0,0,0,0,0,0,0,0,0,0,0,0,0,0,0,0,0,0,0,0,0,0,0,0,0,0,0,0,0,0,0,0,0,0,0,0,0,0,0,0,0,0,0,1,1,1,1,3,0,0,1,0,8
2008,SAILER: An effective search engine for unified retrieval of heterogeneous XML and web documents,"Li G., Feng J., Wang J., Song X., Zhou L.",,"Proceeding of the 17th International Conference on World Wide Web 2008, WWW'08",, ,0,0,0,0,0,0,0,0,0,0,0,0,0,0,0,0,0,0,0,0,0,0,0,0,0,0,0,0,0,0,0,0,0,0,0,0,0,0,0,1,1,1,3,1,0,0,0,0,0,0,1,0,0,8
2008,Efficient similarity search for tree-structured data,"Li G., Liu X., Feng J., Zhou L.",3029743,Lecture Notes in Computer Science (including subseries Lecture Notes in Artificial Intelligence and Lecture Notes in Bioinformatics),5069, ,0,0,0,0,0,0,0,0,0,0,0,0,0,0,0,0,0,0,0,0,0,0,0,0,0,0,0,0,0,0,0,0,0,0,0,0,0,0,0,0,0,0,0,0,1,2,2,1,0,1,1,0,0,8
2019,An end-to-end automatic cloud database tuning system using deep reinforcement learning,"Zhang J., Liu Y., Zhou K., Li G., Xiao Z., Cheng B., Xing J., Wang Y., Cheng T., Liu L., Ran M., Li Z.",7308078,Proceedings of the ACM SIGMOD International Conference on Management of Data,, ,0,0,0,0,0,0,0,0,0,0,0,0,0,0,0,0,0,0,0,0,0,0,0,0,0,0,0,0,0,0,0,0,0,0,0,0,0,0,0,0,0,0,0,0,0,0,0,0,0,1,1,5,0,7
2017,A Novel Cost-Based Model for Data Repairing,"Hao S., Tang N., Li G., He J., Ta N., Feng J.",10414347,IEEE Transactions on Knowledge and Data Engineering,29,4,0,0,0,0,0,0,0,0,0,0,0,0,0,0,0,0,0,0,0,0,0,0,0,0,0,0,0,0,0,0,0,0,0,0,0,0,0,0,0,0,0,0,0,0,0,0,0,0,2,2,2,1,0,7
2016,META: An efficient matching-based method for error-tolerant autocompletion,"Deng D., Li G., Wen H., Jagadish H.V., Feng J.",21508097,Proceedings of the VLDB Endowment,9,10,0,0,0,0,0,0,0,0,0,0,0,0,0,0,0,0,0,0,0,0,0,0,0,0,0,0,0,0,0,0,0,0,0,0,0,0,0,0,0,0,0,0,0,0,0,0,0,0,2,2,2,1,0,7
2010,An efficient parallel Pathstack algorithm for processing XML twig queries on multi-core systems,"Feng J., Liu L., Li G., Li J., Sun Y.",3029743,Lecture Notes in Computer Science (including subseries Lecture Notes in Artificial Intelligence and Lecture Notes in Bioinformatics),5981,1,0,0,0,0,0,0,0,0,0,0,0,0,0,0,0,0,0,0,0,0,0,0,0,0,0,0,0,0,0,0,0,0,0,0,0,0,0,0,0,0,0,0,2,0,0,2,1,0,1,0,1,0,0,7
2008,Progressive ranking for efficient keyword search over relational databases,"Li G., Feng J., Lin F., Zhou L.",3029743,Lecture Notes in Computer Science (including subseries Lecture Notes in Artificial Intelligence and Lecture Notes in Bioinformatics),5071, ,0,0,0,0,0,0,0,0,0,0,0,0,0,0,0,0,0,0,0,0,0,0,0,0,0,0,0,0,0,0,0,0,0,0,0,0,0,0,0,0,3,1,1,0,0,1,0,0,1,0,0,0,0,7
2018,Octopus: An online topic-aware influence analysis system for social networks,"Fan J., Qiu J., Li Y., Meng Q., Zhang D., Li G., Tan K.-L., Du X.",,"Proceedings - IEEE 34th International Conference on Data Engineering, ICDE 2018",, ,0,0,0,0,0,0,0,0,0,0,0,0,0,0,0,0,0,0,0,0,0,0,0,0,0,0,0,0,0,0,0,0,0,0,0,0,0,0,0,0,0,0,0,0,0,0,0,0,0,2,3,1,0,6
2018,DITA: A distributed in-memory trajectory analytics system,"Shang Z., Li G., Bao Z.",7308078,Proceedings of the ACM SIGMOD International Conference on Management of Data,, ,0,0,0,0,0,0,0,0,0,0,0,0,0,0,0,0,0,0,0,0,0,0,0,0,0,0,0,0,0,0,0,0,0,0,0,0,0,0,0,0,0,0,0,0,0,0,0,0,0,0,5,1,0,6
2018,TOAIN: A throughput optimizing adaptive index for answering dynamic kNN queries on road networks,"Luo S., Kao B., Li G., Hu J., Cheng R., Zheng Y.",21508097,Proceedings of the VLDB Endowment,11,5,0,0,0,0,0,0,0,0,0,0,0,0,0,0,0,0,0,0,0,0,0,0,0,0,0,0,0,0,0,0,0,0,0,0,0,0,0,0,0,0,0,0,0,0,0,0,0,0,0,2,3,1,0,6
2017,Crowdsourced data management: A survey (Extended abstract),"Li G., Wang J., Zheng Y., Franklin M.",10844627,Proceedings - International Conference on Data Engineering,, ,0,0,0,0,0,0,0,0,0,0,0,0,0,0,0,0,0,0,0,0,0,0,0,0,0,0,0,0,0,0,0,0,0,0,0,0,0,0,0,0,0,0,0,0,0,0,0,0,1,3,2,0,0,6
2016,ELAN: An Efficient Location-Aware Analytics System,"Liu Y., Wang H., Li G., Gao J., Hu H., Li W.-S.",22145796,Big Data Research,5, ,0,0,0,0,0,0,0,0,0,0,0,0,0,0,0,0,0,0,0,0,0,0,0,0,0,0,0,0,0,0,0,0,0,0,0,0,0,0,0,0,0,0,0,0,0,0,0,0,1,2,3,0,0,6
2015,A general framework to resolve the MisMatch problem in XML keyword search,"Bao Z., Zeng Y., Ling T.W., Zhang D., Li G., Jagadish H.V.",10668888,VLDB Journal,24,4,0,0,0,0,0,0,0,0,0,0,0,0,0,0,0,0,0,0,0,0,0,0,0,0,0,0,0,0,0,0,0,0,0,0,0,0,0,0,0,0,0,0,0,0,0,0,0,0,2,2,2,0,0,6
2013,Fast similar subgraph search with maximum common connected subgraph constraints,"Hu H., Li G., Feng J.",,"Proceedings - 2013 IEEE International Congress on Big Data, BigData 2013",, ,0,0,0,0,0,0,0,0,0,0,0,0,0,0,0,0,0,0,0,0,0,0,0,0,0,0,0,0,0,0,0,0,0,0,0,0,0,0,0,0,0,0,0,0,0,0,1,1,0,2,1,1,0,6
2012,Adapt: Adaptive database schema design for multi-tenant applications,"Ni J., Li G., Zhang J., Li L., Feng J.",,ACM International Conference Proceeding Series,, ,0,0,0,0,0,0,0,0,0,0,0,0,0,0,0,0,0,0,0,0,0,0,0,0,0,0,0,0,0,0,0,0,0,0,0,0,0,0,0,0,0,0,0,0,0,2,1,2,1,0,0,0,0,6
2011,Efficient algorithms for top-k keyword queries on spatial databases,"Wang T., Li G., Feng J.",15516245,Proceedings - IEEE International Conference on Mobile Data Management,1, ,0,0,0,0,0,0,0,0,0,0,0,0,0,0,0,0,0,0,0,0,0,0,0,0,0,0,0,0,0,0,0,0,0,0,0,0,0,0,0,0,0,0,0,0,0,0,0,1,2,2,0,1,0,6
2011,DBease: Making databases user-friendly and easily accessible,"Li G., Fan J., Wu H., Wang J., Feng J.",,"CIDR 2011 - 5th Biennial Conference on Innovative Data Systems Research, Conference Proceedings",, ,0,0,0,0,0,0,0,0,0,0,0,0,0,0,0,0,0,0,0,0,0,0,0,0,0,0,0,0,0,0,0,0,0,0,0,0,0,0,0,0,0,0,1,1,2,0,1,1,0,0,0,0,0,6
2006,Incremental mining of frequent query patterns from XML queries for caching,"Li G., Feng J., Wang J., Zhang Y., Zhou L.",15504786,"Proceedings - IEEE International Conference on Data Mining, ICDM",, ,0,0,0,0,0,0,0,0,0,0,0,0,0,0,0,0,0,0,0,0,0,0,0,0,0,0,0,0,0,0,0,0,0,0,0,0,0,0,0,0,3,2,0,0,0,1,0,0,0,0,0,0,0,6
2018,Privacy-Preserving Top-k Spatial Keyword Queries in Untrusted Cloud Environments,"Su S., Teng Y., Cheng X., Xiao K., Li G., Chen J.",19391374,IEEE Transactions on Services Computing,11,5,0,0,0,0,0,0,0,0,0,0,0,0,0,0,0,0,0,0,0,0,0,0,0,0,0,0,0,0,0,0,0,0,0,0,0,0,0,0,0,0,0,0,0,0,0,0,0,0,0,0,3,2,0,5
2017,Sybil defense in crowdsourcing platforms,"Yuan D., Li G., Li Q., Zheng Y.",,"International Conference on Information and Knowledge Management, Proceedings",131841, ,0,0,0,0,0,0,0,0,0,0,0,0,0,0,0,0,0,0,0,0,0,0,0,0,0,0,0,0,0,0,0,0,0,0,0,0,0,0,0,0,0,0,0,0,0,0,0,0,0,3,0,2,0,5
2015,Privacy-preserving top-k spatial keyword queries over outsourced database,"Su S., Teng Y., Cheng X., Wang Y., Li G.",3029743,Lecture Notes in Computer Science (including subseries Lecture Notes in Artificial Intelligence and Lecture Notes in Bioinformatics),9049, ,0,0,0,0,0,0,0,0,0,0,0,0,0,0,0,0,0,0,0,0,0,0,0,0,0,0,0,0,0,0,0,0,0,0,0,0,0,0,0,0,0,0,0,0,0,0,0,1,1,1,1,1,0,5
2013,TsingNUS: A location-based service system towards Live City,"Li G., Zhang N., Zhong R., Liu S., Huang W., Fan J., Tan K.-L., Zhou L., Feng J.",7308078,Proceedings of the ACM SIGMOD International Conference on Management of Data,, ,0,0,0,0,0,0,0,0,0,0,0,0,0,0,0,0,0,0,0,0,0,0,0,0,0,0,0,0,0,0,0,0,0,0,0,0,0,0,0,0,0,0,0,0,1,1,0,3,0,0,0,0,0,5
2013,A user-friendly patent search paradigm,"Cao Y., Fan J., Li G.",10414347,IEEE Transactions on Knowledge and Data Engineering,25,6,0,0,0,0,0,0,0,0,0,0,0,0,0,0,0,0,0,0,0,0,0,0,0,0,0,0,0,0,0,0,0,0,0,0,0,0,0,0,0,0,0,0,0,0,0,1,1,2,0,1,0,0,0,5
2019,Distributed in-memory trajectory similarity search and join on road network,"Yuan H., Li G.",10844627,Proceedings - International Conference on Data Engineering,2019-, ,0,0,0,0,0,0,0,0,0,0,0,0,0,0,0,0,0,0,0,0,0,0,0,0,0,0,0,0,0,0,0,0,0,0,0,0,0,0,0,0,0,0,0,0,0,0,0,0,0,1,2,1,0,4
2018,Incentive-based entity collection using crowdsourcing,"Chai C., Fan J., Li G.",,"Proceedings - IEEE 34th International Conference on Data Engineering, ICDE 2018",, ,0,0,0,0,0,0,0,0,0,0,0,0,0,0,0,0,0,0,0,0,0,0,0,0,0,0,0,0,0,0,0,0,0,0,0,0,0,0,0,0,0,0,0,0,0,0,0,0,0,1,3,0,0,4
2018,DeepEye: Creating good data visualizations by keyword search,"Luo Y., Qin X., Tang N., Li G., Wang X.",7308078,Proceedings of the ACM SIGMOD International Conference on Management of Data,, ,0,0,0,0,0,0,0,0,0,0,0,0,0,0,0,0,0,0,0,0,0,0,0,0,0,0,0,0,0,0,0,0,0,0,0,0,0,0,0,0,0,0,0,0,0,0,0,0,0,2,1,1,0,4
2018,Cost-effective data annotation using game-based crowdsourcing,"Yang J., Fan J., Weiz Z., Li G., Liu T., Du X.",21508097,Proceedings of the VLDB Endowment,12,1,0,0,0,0,0,0,0,0,0,0,0,0,0,0,0,0,0,0,0,0,0,0,0,0,0,0,0,0,0,0,0,0,0,0,0,0,0,0,0,0,0,0,0,0,0,0,0,0,0,0,3,1,0,4
2018,CDB: A Crowd-Powered Database System,"Li G., Chai C., Fan J., Weng X., Li J., Zheng Y., Li Y., Yu X., Zhang X., Yuan H.",21508097,Proceedings of the VLDB Endowment,11,12,0,0,0,0,0,0,0,0,0,0,0,0,0,0,0,0,0,0,0,0,0,0,0,0,0,0,0,0,0,0,0,0,0,0,0,0,0,0,0,0,0,0,0,0,0,0,0,0,0,0,3,1,0,4
2015,Theme-aware task assignment in crowd computing on big data,"Zhang X., Li G., Feng J.",10001239,Jisuanji Yanjiu yu Fazhan/Computer Research and Development,52,2,0,0,0,0,0,0,0,0,0,0,0,0,0,0,0,0,0,0,0,0,0,0,0,0,0,0,0,0,0,0,0,0,0,0,0,0,0,0,0,0,0,0,0,0,0,0,0,0,0,2,2,0,0,4
2011,KEMB: A keyword-based XML message broker,"Li G., Feng J., Wang J., Zhou L.",10414347,IEEE Transactions on Knowledge and Data Engineering,23,7,0,0,0,0,0,0,0,0,0,0,0,0,0,0,0,0,0,0,0,0,0,0,0,0,0,0,0,0,0,0,0,0,0,0,0,0,0,0,0,0,0,0,1,0,1,0,0,1,0,1,0,0,0,4
2009,Structure-aware indexing for keyword search in databases,"Li G., Feng J., Wang J.",,"International Conference on Information and Knowledge Management, Proceedings",, ,0,0,0,0,0,0,0,0,0,0,0,0,0,0,0,0,0,0,0,0,0,0,0,0,0,0,0,0,0,0,0,0,0,0,0,0,0,0,0,0,0,0,2,1,0,0,0,0,0,1,0,0,0,4
2007,Exploit sequencing views in semantic cache to accelerate xpath query evaluation,"Feng J., Ta N., Zhang Y., Li G.",,"16th International World Wide Web Conference, WWW2007",, ,0,0,0,0,0,0,0,0,0,0,0,0,0,0,0,0,0,0,0,0,0,0,0,0,0,0,0,0,0,0,0,0,0,0,0,0,0,0,0,1,1,1,0,1,0,0,0,0,0,0,0,0,0,4
2018,A rating-ranking method for crowdsourced top-k computation,"Li K., Zhang X., Li G.",7308078,Proceedings of the ACM SIGMOD International Conference on Management of Data,, ,0,0,0,0,0,0,0,0,0,0,0,0,0,0,0,0,0,0,0,0,0,0,0,0,0,0,0,0,0,0,0,0,0,0,0,0,0,0,0,0,0,0,0,0,0,0,0,0,0,0,3,0,0,3
2018,Deepeye: Visualizing your data by keyword search,"Qin X., Tang N., Luo Y., Li G.",23672005,Advances in Database Technology - EDBT,2018-, ,0,0,0,0,0,0,0,0,0,0,0,0,0,0,0,0,0,0,0,0,0,0,0,0,0,0,0,0,0,0,0,0,0,0,0,0,0,0,0,0,0,0,0,0,0,0,0,0,0,1,1,1,0,3
2018,Survey of Map Matching Algorithms,"Gao W.-C., Li G.-L., Ta N.",10009825,Ruan Jian Xue Bao/Journal of Software,29,2,0,0,0,0,0,0,0,0,0,0,0,0,0,0,0,0,0,0,0,0,0,0,0,0,0,0,0,0,0,0,0,0,0,0,0,0,0,0,0,0,0,0,0,0,0,0,0,0,0,2,1,0,0,3
2017,Crowdsourced selection on multi-attribute data,"Weng X., Li G., Hu H., Feng J.",,"International Conference on Information and Knowledge Management, Proceedings",131841, ,0,0,0,0,0,0,0,0,0,0,0,0,0,0,0,0,0,0,0,0,0,0,0,0,0,0,0,0,0,0,0,0,0,0,0,0,0,0,0,0,0,0,0,0,0,0,0,0,0,2,1,0,0,3
2017,Thinking and modeling for big data from the perspective of the I Ching,"Lin C., Li G., Shan Z., Shi Y.",2196220,International Journal of Information Technology and Decision Making,16,6,0,0,0,0,0,0,0,0,0,0,0,0,0,0,0,0,0,0,0,0,0,0,0,0,0,0,0,0,0,0,0,0,0,0,0,0,0,0,0,0,0,0,0,0,0,0,0,0,0,2,0,1,0,3
2017,K-Join: Knowledge-Aware similarity join (Extended abstract),"Shang Z., Liu Y., Li G., Feng J.",10844627,Proceedings - International Conference on Data Engineering,, ,0,0,0,0,0,0,0,0,0,0,0,0,0,0,0,0,0,0,0,0,0,0,0,0,0,0,0,0,0,0,0,0,0,0,0,0,0,0,0,0,0,0,0,0,0,0,0,0,2,0,1,0,0,3
2016,Semantic-aware trajectory compression with urban road network,"Ta N., Li G., Chen B., Feng J.",3029743,Lecture Notes in Computer Science (including subseries Lecture Notes in Artificial Intelligence and Lecture Notes in Bioinformatics),9658, ,0,0,0,0,0,0,0,0,0,0,0,0,0,0,0,0,0,0,0,0,0,0,0,0,0,0,0,0,0,0,0,0,0,0,0,0,0,0,0,0,0,0,0,0,0,0,0,0,0,2,1,0,0,3
2013,Removing the mismatch headache in XML keyword search,"Zeng Y., Bao Z., Ling T.W., Li G.",,SIGIR 2013 - Proceedings of the 36th International ACM SIGIR Conference on Research and Development in Information Retrieval,, ,0,0,0,0,0,0,0,0,0,0,0,0,0,0,0,0,0,0,0,0,0,0,0,0,0,0,0,0,0,0,0,0,0,0,0,0,0,0,0,0,0,0,0,0,0,1,2,0,0,0,0,0,0,3
2013,A human-machine method for web table understanding,Li G.,3029743,Lecture Notes in Computer Science (including subseries Lecture Notes in Artificial Intelligence and Lecture Notes in Bioinformatics),7923, ,0,0,0,0,0,0,0,0,0,0,0,0,0,0,0,0,0,0,0,0,0,0,0,0,0,0,0,0,0,0,0,0,0,0,0,0,0,0,0,0,0,0,0,0,0,0,1,1,0,1,0,0,0,3
2008,Effective indices for efficient approximate string search and similarity join,"Liu X., Li G., Feng J., Zhou L.",,"Proceedings - The 9th International Conference on Web-Age Information Management, WAIM 2008",, ,0,0,0,0,0,0,0,0,0,0,0,0,0,0,0,0,0,0,0,0,0,0,0,0,0,0,0,0,0,0,0,0,0,0,0,0,0,0,0,0,0,1,0,1,0,0,0,1,0,0,0,0,0,3
2006,Exploiting even partition to accelerate structure join,"Li G., Feng J., Zhang Y., Ta N., Zhou L.",,"Seventh International Conference on Web-Age Information Management Workshops, WAIM 2006",, ,0,0,0,0,0,0,0,0,0,0,0,0,0,0,0,0,0,0,0,0,0,0,0,0,0,0,0,0,0,0,0,0,0,0,0,0,0,0,0,0,0,1,1,0,1,0,0,0,0,0,0,0,0,3
2019,"ServeDB: Secure, verifiable, and efficient range queries on outsourced database","Wu S., Li Q., Li G., Yuan D., Yuan X., Wang C.",10844627,Proceedings - International Conference on Data Engineering,2019-, ,0,0,0,0,0,0,0,0,0,0,0,0,0,0,0,0,0,0,0,0,0,0,0,0,0,0,0,0,0,0,0,0,0,0,0,0,0,0,0,0,0,0,0,0,0,0,0,0,0,0,1,1,0,2
2018,A partial-order-based framework for cost-effective crowdsourced entity resolution,"Chai C., Li G., Li J., Deng D., Feng J.",10668888,VLDB Journal,27,6,0,0,0,0,0,0,0,0,0,0,0,0,0,0,0,0,0,0,0,0,0,0,0,0,0,0,0,0,0,0,0,0,0,0,0,0,0,0,0,0,0,0,0,0,0,0,0,0,0,0,2,0,0,2
2018,An efficient ride-sharing framework for maximizing shared Routes,"Ta N., Li G., Zhao T., Feng J., Ma H., Gong Z.",,"Proceedings - IEEE 34th International Conference on Data Engineering, ICDE 2018",, ,0,0,0,0,0,0,0,0,0,0,0,0,0,0,0,0,0,0,0,0,0,0,0,0,0,0,0,0,0,0,0,0,0,0,0,0,0,0,0,0,0,0,0,0,0,0,0,0,0,0,2,0,0,2
2018,Context-aware result inference in crowdsourcing,"Fang Y., Sun H., Li G., Zhang R., Huai J.",200255,Information Sciences,460-461, ,0,0,0,0,0,0,0,0,0,0,0,0,0,0,0,0,0,0,0,0,0,0,0,0,0,0,0,0,0,0,0,0,0,0,0,0,0,0,0,0,0,0,0,0,0,0,0,0,0,0,1,1,0,2
2018,Distilling relations using knowledge bases,"Hao S., Tang N., Li G., Li J., Feng J.",10668888,VLDB Journal,27,4,0,0,0,0,0,0,0,0,0,0,0,0,0,0,0,0,0,0,0,0,0,0,0,0,0,0,0,0,0,0,0,0,0,0,0,0,0,0,0,0,0,0,0,0,0,0,0,0,0,1,1,0,0,2
2013,Efficient XML keyword search: From graph model to tree model,"Zeng Y., Bao Z., Ling T.W., Li G.",3029743,Lecture Notes in Computer Science (including subseries Lecture Notes in Artificial Intelligence and Lecture Notes in Bioinformatics),8055,1,0,0,0,0,0,0,0,0,0,0,0,0,0,0,0,0,0,0,0,0,0,0,0,0,0,0,0,0,0,0,0,0,0,0,0,0,0,0,0,0,0,0,0,0,0,0,2,0,0,0,0,0,0,2
2010,Extending dictionary-based entity extraction to tolerate errors,"Li G., Deng D., Feng J.",,"International Conference on Information and Knowledge Management, Proceedings",, ,0,0,0,0,0,0,0,0,0,0,0,0,0,0,0,0,0,0,0,0,0,0,0,0,0,0,0,0,0,0,0,0,0,0,0,0,0,0,0,0,0,0,0,1,0,0,0,0,1,0,0,0,0,2
2010,An effective semantic cache for exploiting Xpath query/view answerability,"Li G.-L., Feng J.-H.",10009000,Journal of Computer Science and Technology,25,2,0,0,0,0,0,0,0,0,0,0,0,0,0,0,0,0,0,0,0,0,0,0,0,0,0,0,0,0,0,0,0,0,0,0,0,0,0,0,0,0,0,0,2,0,0,0,0,0,0,0,0,0,0,2
2009,Automatic URL completion and prediction using fuzzy type-ahead search,"Wang J., Li G., Feng J., Li C.",,"Proceedings - 32nd Annual International ACM SIGIR Conference on Research and Development in Information Retrieval, SIGIR 2009",, ,0,0,0,0,0,0,0,0,0,0,0,0,0,0,0,0,0,0,0,0,0,0,0,0,0,0,0,0,0,0,0,0,0,0,0,0,0,0,0,0,0,0,1,1,0,0,0,0,0,0,0,0,0,2
2009,Effective fuzzy keyword search over uncertain data,"Song X., Li G., Feng J., Zhou L.",3029743,Lecture Notes in Computer Science (including subseries Lecture Notes in Artificial Intelligence and Lecture Notes in Bioinformatics),5463, ,0,0,0,0,0,0,0,0,0,0,0,0,0,0,0,0,0,0,0,0,0,0,0,0,0,0,0,0,0,0,0,0,0,0,0,0,0,0,0,0,0,1,0,0,0,0,1,0,0,0,0,0,0,2
2009,Incremental sequence-based frequent query pattern mining from XML queries,"Li G., Feng J., Wang J., Zhou L.",13845810,Data Mining and Knowledge Discovery,18,3,0,0,0,0,0,0,0,0,0,0,0,0,0,0,0,0,0,0,0,0,0,0,0,0,0,0,0,0,0,0,0,0,0,0,0,0,0,0,0,0,0,0,0,1,0,0,0,0,0,0,1,0,0,2
2009,Keyword Searches in Data-Centric XML Documents Using Tree Partitioning,"Li G., Feng J., Zhou L.",10070214,Tsinghua Science and Technology,14,1,0,0,0,0,0,0,0,0,0,0,0,0,0,0,0,0,0,0,0,0,0,0,0,0,0,0,0,0,0,0,0,0,0,0,0,0,0,0,0,0,0,0,0,0,1,0,0,0,1,0,0,0,0,2
2008,A semantic cache framework for secure XML queries,"Feng J.-H., Li G.-L., Ta N.",10009000,Journal of Computer Science and Technology,23,6,0,0,0,0,0,0,0,0,0,0,0,0,0,0,0,0,0,0,0,0,0,0,0,0,0,0,0,0,0,0,0,0,0,0,0,0,0,0,0,0,0,1,0,0,0,0,1,0,0,0,0,0,0,2
2006,SCEND: An efficient semantic cache to adequately explore answerability of views,"Li G., Feng J., Ta N., Zhang Y., Zhou L.",3029743,Lecture Notes in Computer Science (including subseries Lecture Notes in Artificial Intelligence and Lecture Notes in Bioinformatics),4255, ,0,0,0,0,0,0,0,0,0,0,0,0,0,0,0,0,0,0,0,0,0,0,0,0,0,0,0,0,0,0,0,0,0,0,0,0,0,0,0,0,1,1,0,0,0,0,0,0,0,0,0,0,0,2
2005,BBTC: A new update-supporting coding scheme for XML documente,"Feng J., Li G., Zhou L., Ta N., Qian Q., Liao Y.",3029743,Lecture Notes in Computer Science (including subseries Lecture Notes in Artificial Intelligence and Lecture Notes in Bioinformatics),3739, ,0,0,0,0,0,0,0,0,0,0,0,0,0,0,0,0,0,0,0,0,0,0,0,0,0,0,0,0,0,0,0,0,0,0,0,0,0,0,0,0,0,2,0,0,0,0,0,0,0,0,0,0,0,2
2019,Bounded Approximate Query Processing,"Li K., Zhang Y., Li G., Tao W., Yan Y.",10414347,IEEE Transactions on Knowledge and Data Engineering,31,12,0,0,0,0,0,0,0,0,0,0,0,0,0,0,0,0,0,0,0,0,0,0,0,0,0,0,0,0,0,0,0,0,0,0,0,0,0,0,0,0,0,0,0,0,0,0,0,0,0,0,0,1,0,1
2019,Interactive graph search,"Tao Y., Li Y., Li G.",7308078,Proceedings of the ACM SIGMOD International Conference on Management of Data,, ,0,0,0,0,0,0,0,0,0,0,0,0,0,0,0,0,0,0,0,0,0,0,0,0,0,0,0,0,0,0,0,0,0,0,0,0,0,0,0,0,0,0,0,0,0,0,0,0,0,0,1,0,0,1
2019,VizNet: Towards a large-scale visualization learning and benchmarking repository,"Hu K., Gaikwad S.S., Hulsebos M., Bakker M.A., Zgraggen E., Hidalgo C., Kraska T., Li G., Satyanarayan A., Demiralp C.",,Conference on Human Factors in Computing Systems - Proceedings,, ,0,0,0,0,0,0,0,0,0,0,0,0,0,0,0,0,0,0,0,0,0,0,0,0,0,0,0,0,0,0,0,0,0,0,0,0,0,0,0,0,0,0,0,0,0,0,0,0,0,0,1,0,0,1
2019,Crowdsourcing database systems: Overview and challenges,"Chai C., Fan J., Li G., Wang J., Zheng Y.",10844627,Proceedings - International Conference on Data Engineering,2019-, ,0,0,0,0,0,0,0,0,0,0,0,0,0,0,0,0,0,0,0,0,0,0,0,0,0,0,0,0,0,0,0,0,0,0,0,0,0,0,0,0,0,0,0,0,0,0,0,0,0,0,1,0,0,1
2019,Unsupervised string transformation learning for entity consolidation,"Deng D., Tao W., Abedjan Z., Elmagarmid A., Ilyas I.F., Li G., Madden S., Ouzzani M., Stonebraker M., Tang N.",10844627,Proceedings - International Conference on Data Engineering,2019-, ,0,0,0,0,0,0,0,0,0,0,0,0,0,0,0,0,0,0,0,0,0,0,0,0,0,0,0,0,0,0,0,0,0,0,0,0,0,0,0,0,0,0,0,0,0,0,0,0,0,1,0,0,0,1
2018,"[Survey of structured data cleaning methods, 结构化数据清洗技术综述]","Hao S., Li G., Feng J., Wang N.",10000054,Qinghua Daxue Xuebao/Journal of Tsinghua University,58,12,0,0,0,0,0,0,0,0,0,0,0,0,0,0,0,0,0,0,0,0,0,0,0,0,0,0,0,0,0,0,0,0,0,0,0,0,0,0,0,0,0,0,0,0,0,0,0,0,0,0,1,0,0,1
2018,Cleaning your wrong google scholar entries,"Hao S., Xu Y., Tang N., Li G., Feng J.",,"Proceedings - IEEE 34th International Conference on Data Engineering, ICDE 2018",, ,0,0,0,0,0,0,0,0,0,0,0,0,0,0,0,0,0,0,0,0,0,0,0,0,0,0,0,0,0,0,0,0,0,0,0,0,0,0,0,0,0,0,0,0,0,0,0,0,0,1,0,0,0,1
2018,Discovering mis-categorized entities,"Hao S., Tang N., Li G., Feng J.",,"Proceedings - IEEE 34th International Conference on Data Engineering, ICDE 2018",, ,0,0,0,0,0,0,0,0,0,0,0,0,0,0,0,0,0,0,0,0,0,0,0,0,0,0,0,0,0,0,0,0,0,0,0,0,0,0,0,0,0,0,0,0,0,0,0,0,0,1,0,0,0,1
2018,T-crowd: Effective crowdsourcing for tabular data,"Shan C., Mamoulis N., Li G., Cheng R., Huang Z., Zheng Y.",,"Proceedings - IEEE 34th International Conference on Data Engineering, ICDE 2018",, ,0,0,0,0,0,0,0,0,0,0,0,0,0,0,0,0,0,0,0,0,0,0,0,0,0,0,0,0,0,0,0,0,0,0,0,0,0,0,0,0,0,0,0,0,0,0,0,0,0,1,0,0,0,1
2018,Web table understanding by collective inference,"Kim S., Li G., Feng J., Li K.",,"International Conference on Information and Knowledge Management, Proceedings",, ,0,0,0,0,0,0,0,0,0,0,0,0,0,0,0,0,0,0,0,0,0,0,0,0,0,0,0,0,0,0,0,0,0,0,0,0,0,0,0,0,0,0,0,0,0,0,0,0,0,0,1,0,0,1
2018,Crowdsourced data management: Hybrid machine-human computing,"Li G., Wang J., Zheng Y., Fan J., Franklin M.J.",,Crowdsourced Data Management: Hybrid Machine-Human Computing,, ,0,0,0,0,0,0,0,0,0,0,0,0,0,0,0,0,0,0,0,0,0,0,0,0,0,0,0,0,0,0,0,0,0,0,0,0,0,0,0,0,0,0,0,0,0,0,0,0,0,0,1,0,0,1
2018,QTune: A QueryAware database tuning system with deep reinforcement learning,"Li G., Zhou X., Li S., Gao B.",21508097,Proceedings of the VLDB Endowment,12,12,0,0,0,0,0,0,0,0,0,0,0,0,0,0,0,0,0,0,0,0,0,0,0,0,0,0,0,0,0,0,0,0,0,0,0,0,0,0,0,0,0,0,0,0,0,0,0,0,0,0,0,1,0,1
2018,Map matching algorithms: An experimental evaluation,"Ta N., Wang J., Li G.",3029743,Lecture Notes in Computer Science (including subseries Lecture Notes in Artificial Intelligence and Lecture Notes in Bioinformatics),10988, ,0,0,0,0,0,0,0,0,0,0,0,0,0,0,0,0,0,0,0,0,0,0,0,0,0,0,0,0,0,0,0,0,0,0,0,0,0,0,0,0,0,0,0,0,0,0,0,0,0,0,0,1,0,1
2017,A novel cost-based model for data repairing (Extended abstract),"Hao S., Tang N., Li G., He J., Ta N., Feng J.",10844627,Proceedings - International Conference on Data Engineering,, ,0,0,0,0,0,0,0,0,0,0,0,0,0,0,0,0,0,0,0,0,0,0,0,0,0,0,0,0,0,0,0,0,0,0,0,0,0,0,0,0,0,0,0,0,0,0,0,0,0,0,1,0,0,1
2017,Crowdsourced entity alignment: A decision theory based approach,"Zhuang Y., Li G., Feng J.",3029743,Lecture Notes in Computer Science (including subseries Lecture Notes in Artificial Intelligence and Lecture Notes in Bioinformatics),10570, ,0,0,0,0,0,0,0,0,0,0,0,0,0,0,0,0,0,0,0,0,0,0,0,0,0,0,0,0,0,0,0,0,0,0,0,0,0,0,0,0,0,0,0,0,0,0,0,0,0,0,1,0,0,1
2016,CrowdAidRepair: A crowd-aided interactive data repairing method,"Zhou J., Li Z., Gu B., Xie Q., Zhu J., Zhang X., Li G.",3029743,Lecture Notes in Computer Science (including subseries Lecture Notes in Artificial Intelligence and Lecture Notes in Bioinformatics),9642, ,0,0,0,0,0,0,0,0,0,0,0,0,0,0,0,0,0,0,0,0,0,0,0,0,0,0,0,0,0,0,0,0,0,0,0,0,0,0,0,0,0,0,0,0,0,0,0,0,1,0,0,0,0,1
2016,PBA: Partition and blocking based alignment for large knowledge bases,"Zhuang Y., Li G., Zhong Z., Feng J.",3029743,Lecture Notes in Computer Science (including subseries Lecture Notes in Artificial Intelligence and Lecture Notes in Bioinformatics),9642, ,0,0,0,0,0,0,0,0,0,0,0,0,0,0,0,0,0,0,0,0,0,0,0,0,0,0,0,0,0,0,0,0,0,0,0,0,0,0,0,0,0,0,0,0,0,0,0,0,0,1,0,0,0,1
2014,Adaptive Database Schema Design for Multi-Tenant Data Management,"Ni J., Li G., Wang L., Feng J., Zhang J., Li L.",10414347,IEEE Transactions on Knowledge and Data Engineering,26,9,0,0,0,0,0,0,0,0,0,0,0,0,0,0,0,0,0,0,0,0,0,0,0,0,0,0,0,0,0,0,0,0,0,0,0,0,0,0,0,0,0,0,0,0,0,0,0,0,0,0,0,1,0,1
2008,Efficient vectorial operators for processing XML twig queries,"Li G., Feng J., Wang J., Lin F., Zhou L.",,"Proceeding of the 17th International Conference on World Wide Web 2008, WWW'08",, ,0,0,0,0,0,0,0,0,0,0,0,0,0,0,0,0,0,0,0,0,0,0,0,0,0,0,0,0,0,0,0,0,0,0,0,0,0,0,0,0,0,0,0,0,0,1,0,0,0,0,0,0,0,1
2007,Schema mapping in P2P networks based on classification and probing,"Li G., Ooi B.C., Yu B., Zhou L.",3029743,Lecture Notes in Computer Science (including subseries Lecture Notes in Artificial Intelligence and Lecture Notes in Bioinformatics),4443, ,0,0,0,0,0,0,0,0,0,0,0,0,0,0,0,0,0,0,0,0,0,0,0,0,0,0,0,0,0,0,0,0,0,0,0,0,0,0,0,1,0,0,0,0,0,0,0,0,0,0,0,0,0,1
2007,Efficient keyword search over data-centric XML documents,"Li G., Feng J., Ta N., Zhou L.",3029743,Lecture Notes in Computer Science (including subseries Lecture Notes in Artificial Intelligence and Lecture Notes in Bioinformatics),4505, ,0,0,0,0,0,0,0,0,0,0,0,0,0,0,0,0,0,0,0,0,0,0,0,0,0,0,0,0,0,0,0,0,0,0,0,0,0,0,0,0,0,1,0,0,0,0,0,0,0,0,0,0,0,1
2020,"[XuanYuan: An AI-native Database Systems, 轩辕:AI原生数据库系统]","Li G.-L., Zhou X.-H.",10009825,Ruan Jian Xue Bao/Journal of Software,31,3,0,0,0,0,0,0,0,0,0,0,0,0,0,0,0,0,0,0,0,0,0,0,0,0,0,0,0,0,0,0,0,0,0,0,0,0,0,0,0,0,0,0,0,0,0,0,0,0,0,0,0,0,0,0
2020,A framework for image dark data assessment,"Zhou K., Wang Y., Liu Y., Yang Y., Liu Y., Li G., Gao L., Xiao Z.",1386145X,World Wide Web,, ,0,0,0,0,0,0,0,0,0,0,0,0,0,0,0,0,0,0,0,0,0,0,0,0,0,0,0,0,0,0,0,0,0,0,0,0,0,0,0,0,0,0,0,0,0,0,0,0,0,0,0,0,0,0
2020,Making data visualization more efficient and effective: a survey,"Qin X., Luo Y., Tang N., Li G.",10668888,VLDB Journal,29,1,0,0,0,0,0,0,0,0,0,0,0,0,0,0,0,0,0,0,0,0,0,0,0,0,0,0,0,0,0,0,0,0,0,0,0,0,0,0,0,0,0,0,0,0,0,0,0,0,0,0,0,0,0,0
2020,PriRadar: A Privacy-Preserving Framework for Spatial Crowdsourcing,"Yuan D., Li Q., Li G., Wang Q., Ren K.",15566013,IEEE Transactions on Information Forensics and Security,15, ,0,0,0,0,0,0,0,0,0,0,0,0,0,0,0,0,0,0,0,0,0,0,0,0,0,0,0,0,0,0,0,0,0,0,0,0,0,0,0,0,0,0,0,0,0,0,0,0,0,0,0,0,0,0
2019,Special Issue of DASFAA 2019,"Li G., Gama J., Yang J.",23641185,Data Science and Engineering,4,3,0,0,0,0,0,0,0,0,0,0,0,0,0,0,0,0,0,0,0,0,0,0,0,0,0,0,0,0,0,0,0,0,0,0,0,0,0,0,0,0,0,0,0,0,0,0,0,0,0,0,0,0,0,0
2019,Location and Trajectory Identification from Microblogs,"Ta N., Li G.-L., Hu J., Feng J.-H.",10009000,Journal of Computer Science and Technology,34,4,0,0,0,0,0,0,0,0,0,0,0,0,0,0,0,0,0,0,0,0,0,0,0,0,0,0,0,0,0,0,0,0,0,0,0,0,0,0,0,0,0,0,0,0,0,0,0,0,0,0,0,0,0,0
2019,RatEL: Interactive analytics for large scale trajectories,"Li H., Li G., Liu J., Yuan H., Wang H.",7308078,Proceedings of the ACM SIGMOD International Conference on Management of Data,, ,0,0,0,0,0,0,0,0,0,0,0,0,0,0,0,0,0,0,0,0,0,0,0,0,0,0,0,0,0,0,0,0,0,0,0,0,0,0,0,0,0,0,0,0,0,0,0,0,0,0,0,0,0,0
2019,Crowdgame: A game-based crowdsourcing system for cost-effective data labeling,"Liu T., Wei Z., Yang J., Li G., Fan J., Du X.",7308078,Proceedings of the ACM SIGMOD International Conference on Management of Data,, ,0,0,0,0,0,0,0,0,0,0,0,0,0,0,0,0,0,0,0,0,0,0,0,0,0,0,0,0,0,0,0,0,0,0,0,0,0,0,0,0,0,0,0,0,0,0,0,0,0,0,0,0,0,0
2019,Towards democratizing relational data visualization,"Tang N., Wu E., Li G.",7308078,Proceedings of the ACM SIGMOD International Conference on Management of Data,, ,0,0,0,0,0,0,0,0,0,0,0,0,0,0,0,0,0,0,0,0,0,0,0,0,0,0,0,0,0,0,0,0,0,0,0,0,0,0,0,0,0,0,0,0,0,0,0,0,0,0,0,0,0,0
2019,Preface,"Li G., Gama J., Yang J.",3029743,Lecture Notes in Computer Science (including subseries Lecture Notes in Artificial Intelligence and Lecture Notes in Bioinformatics),11446, ,0,0,0,0,0,0,0,0,0,0,0,0,0,0,0,0,0,0,0,0,0,0,0,0,0,0,0,0,0,0,0,0,0,0,0,0,0,0,0,0,0,0,0,0,0,0,0,0,0,0,0,0,0,0
2019,Preface,"Li G., Gama J., Yang J.",3029743,Lecture Notes in Computer Science (including subseries Lecture Notes in Artificial Intelligence and Lecture Notes in Bioinformatics),11447, ,0,0,0,0,0,0,0,0,0,0,0,0,0,0,0,0,0,0,0,0,0,0,0,0,0,0,0,0,0,0,0,0,0,0,0,0,0,0,0,0,0,0,0,0,0,0,0,0,0,0,0,0,0,0
2018,A review on the architecture of software defined network,"Chuang L.I.N., Jie H.U., Guoliang L.I., Laizhong C.U.I.",10224653,Chinese Journal of Electronics,27,6,0,0,0,0,0,0,0,0,0,0,0,0,0,0,0,0,0,0,0,0,0,0,0,0,0,0,0,0,0,0,0,0,0,0,0,0,0,0,0,0,0,0,0,0,0,0,0,0,0,0,0,0,0,0
2018,CrowdOTA: An online task assignment system in crowdsourcing,"Yu X., Li G., Zheng Y., Huang Y., Zhang S., Chen F.",,"Proceedings - IEEE 34th International Conference on Data Engineering, ICDE 2018",, ,0,0,0,0,0,0,0,0,0,0,0,0,0,0,0,0,0,0,0,0,0,0,0,0,0,0,0,0,0,0,0,0,0,0,0,0,0,0,0,0,0,0,0,0,0,0,0,0,0,0,0,0,0,0
2018,Querying shortest paths on time dependent road networks,"Wang Y., Li G., Tang N.",21508097,Proceedings of the VLDB Endowment,12,11,0,0,0,0,0,0,0,0,0,0,0,0,0,0,0,0,0,0,0,0,0,0,0,0,0,0,0,0,0,0,0,0,0,0,0,0,0,0,0,0,0,0,0,0,0,0,0,0,0,0,0,0,0,0
2018,Balance-aware distributed string similarity-based query processing system,"Sun J., Shang Z., Li G., Deng D., Bao Z.",21508097,Proceedings of the VLDB Endowment,12,9,0,0,0,0,0,0,0,0,0,0,0,0,0,0,0,0,0,0,0,0,0,0,0,0,0,0,0,0,0,0,0,0,0,0,0,0,0,0,0,0,0,0,0,0,0,0,0,0,0,0,0,0,0,0
2016,Preface,"Pei J., Li G., Tong H.",22145796,,5, ,0,0,0,0,0,0,0,0,0,0,0,0,0,0,0,0,0,0,0,0,0,0,0,0,0,0,0,0,0,0,0,0,0,0,0,0,0,0,0,0,0,0,0,0,0,0,0,0,0,0,0,0,0,0
2016,Top-k spatio-textual similarity join,"Hu H., Li G., Bao Z., Feng J., Wu Y., Gong Z., Xu Y.",,"2016 IEEE 32nd International Conference on Data Engineering, ICDE 2016",, ,0,0,0,0,0,0,0,0,0,0,0,0,0,0,0,0,0,0,0,0,0,0,0,0,0,0,0,0,0,0,0,0,0,0,0,0,0,0,0,0,0,0,0,0,0,0,0,0,0,0,0,0,0,0
2013,Exploring XML data is as easy as using maps,"Zeng Y., Bao Z., Li G., Ling T.W.",,"International Conference on Information and Knowledge Management, Proceedings",, ,0,0,0,0,0,0,0,0,0,0,0,0,0,0,0,0,0,0,0,0,0,0,0,0,0,0,0,0,0,0,0,0,0,0,0,0,0,0,0,0,0,0,0,0,0,0,0,0,0,0,0,0,0,0
2012,A positional access method for relational databases,"Ma D., Feng J., Li G.",,ACM International Conference Proceeding Series,, ,0,0,0,0,0,0,0,0,0,0,0,0,0,0,0,0,0,0,0,0,0,0,0,0,0,0,0,0,0,0,0,0,0,0,0,0,0,0,0,0,0,0,0,0,0,0,0,0,0,0,0,0,0,0
2011,An effective approach for searching closest sentence translations from the web,"Fan J., Li G., Zhou L.",3029743,Lecture Notes in Computer Science (including subseries Lecture Notes in Artificial Intelligence and Lecture Notes in Bioinformatics),6588,2,0,0,0,0,0,0,0,0,0,0,0,0,0,0,0,0,0,0,0,0,0,0,0,0,0,0,0,0,0,0,0,0,0,0,0,0,0,0,0,0,0,0,0,0,0,0,0,0,0,0,0,0,0,0
2011,Interactive and fuzzy search: A dynamic way to explore MEDLINE,"Wang J., Cetindil I., Ji S., Li C., Xie X., Li G., Feng J., Bateman A.",13674803,Bioinformatics,27,13,0,0,0,0,0,0,0,0,0,0,0,0,0,0,0,0,0,0,0,0,0,0,0,0,0,0,0,0,0,0,0,0,0,0,0,0,0,0,0,0,0,0,0,0,0,0,0,0,0,0,0,0,0,0
2008,"LCA-based keyword search for effectively retrieving ""information Unit"" from web pages","Song X., Feng J., Li G., Hong Q.",,"Proceedings - The 9th International Conference on Web-Age Information Management, WAIM 2008",, ,0,0,0,0,0,0,0,0,0,0,0,0,0,0,0,0,0,0,0,0,0,0,0,0,0,0,0,0,0,0,0,0,0,0,0,0,0,0,0,0,0,0,0,0,0,0,0,0,0,0,0,0,0,0
2007,A framework of semantic cache for secure XML query answering: An interesting joint and novel perspective,"Feng J., Ta N., Li G., Liu Y., Lv D.",,ACM International Conference Proceeding Series,06-08-, ,0,0,0,0,0,0,0,0,0,0,0,0,0,0,0,0,0,0,0,0,0,0,0,0,0,0,0,0,0,0,0,0,0,0,0,0,0,0,0,0,0,0,0,0,0,0,0,0,0,0,0,0,0,0
2005,DMT: A flexible and versatile selectivity estimation approach for graph query,"Feng J., Qian Q., Liao Y., Li G., Ta N.",3029743,Lecture Notes in Computer Science (including subseries Lecture Notes in Artificial Intelligence and Lecture Notes in Bioinformatics),3739, ,0,0,0,0,0,0,0,0,0,0,0,0,0,0,0,0,0,0,0,0,0,0,0,0,0,0,0,0,0,0,0,0,0,0,0,0,0,0,0,0,0,0,0,0,0,0,0,0,0,0,0,0,0,0
