," 作者:Yao, Andrew Chi Chih",,,,,,,,,,,,,,,,,,,,,,,,,,,,,,,,,,,,,,,,,,,,,,,,,,,,,,,,,,,
,,,,,,,,,,,,,,,,,,,,,,,,,,,,,,,,,,,,,,,,,,,,,,,,,,,,,,,,,,,,
,h-index = 39 (在纳入 h-Index 的 137 文献中，有 39 篇已被至少引用 39 次。),,,,,,,,,,,,,,,,,,,,,,,,,,,,,,,,,,,,,,,,,,,,,,,,,,,,,,,,,,,
,,,,,,,,,,,,,,,,,,,,,,,,,,,,,,,,,,,,,,,,,,,,,,,,,,,,,,,,,,,,
,,,,,,,,,,,,,,,,,,,,,,,,,,,,,,,,,,,,,,,,,,,,,,,,,,,,,,,,,,,,
,,,,,,,<1970,1970,1971,1972,1973,1974,1975,1976,1977,1978,1979,1980,1981,1982,1983,1984,1985,1986,1987,1988,1989,1990,1991,1992,1993,1994,1995,1996,1997,1998,1999,2000,2001,2002,2003,2004,2005,2006,2007,2008,2009,2010,2011,2012,2013,2014,2015,2016,2017,2018,2019,2020,>2020,总计
出版年份,文献标题,作者,ISSN,期刊标题,卷,期,0,0,0,0,3,6,7,4,10,16,26,26,40,44,35,79,60,88,66,79,94,105,131,134,136,132,124,175,143,185,148,182,277,236,358,346,476,482,462,528,591,576,621,654,726,725,683,824,851,857,935,248,0,13734
1983,On the Security of Public Key Protocols,"Dolev D., Yao A.C.",189448,IEEE Transactions on Information Theory,29,2,0,0,0,0,0,0,0,0,0,0,0,0,0,1,0,0,4,3,1,2,0,2,1,4,3,1,3,5,4,4,13,17,40,31,78,71,148,116,105,127,118,115,124,125,123,132,137,126,184,182,205,71,0,2426
1982,PROTOCOLS FOR SECURE COMPUTATIONS.,Yao Andrew C.,2725428,Annual Symposium on Foundations of Computer Science - Proceedings,, ,0,0,0,0,0,0,0,0,0,0,0,0,0,0,0,0,1,1,0,3,2,3,2,3,1,6,0,5,2,8,4,17,18,18,28,33,40,70,75,79,104,111,117,126,172,163,144,181,185,182,216,52,0,2172
1986,HOW TO GENERATE AND EXCHANGE SECRETS.,Yao Andrew Chi-Chih,2725428,Annual Symposium on Foundations of Computer Science (Proceedings),, ,0,0,0,0,0,0,0,0,0,0,0,0,0,0,0,0,0,0,0,5,1,4,4,3,4,5,3,9,3,9,5,8,22,9,29,31,58,83,63,78,85,87,90,100,118,125,126,131,148,147,157,37,0,1787
1982,THEORY AND APPLICATIONS OF TRAPDOOR FUNCTIONS.,Yao Andrew C.,2725428,Annual Symposium on Foundations of Computer Science - Proceedings,, ,0,0,0,0,0,0,0,0,0,0,0,0,0,1,2,3,7,11,10,10,5,28,22,12,20,16,6,18,14,22,14,28,35,20,39,30,41,55,34,26,39,38,47,36,35,34,34,24,31,24,26,10,0,907
1979,Some complexity questions related to distributive computing,Yao A.C.-C.,7378017,Proceedings of the Annual ACM Symposium on Theory of Computing,, ,0,0,0,0,0,0,0,0,0,0,1,1,3,3,2,11,1,7,7,2,5,8,11,18,11,15,11,12,8,13,11,8,18,8,30,27,32,16,28,35,45,34,41,31,43,34,32,67,32,38,34,7,0,801
1977,Probabilistic computations: Toward a unified measure of complexity,Yao A.C.-C.,2725428,"Proceedings - Annual IEEE Symposium on Foundations of Computer Science, FOCS",1977-, ,0,0,0,0,0,0,0,0,0,0,2,0,3,3,0,1,0,1,0,2,3,1,8,5,9,11,6,9,7,15,6,14,19,18,20,23,27,21,23,21,24,20,32,32,32,38,28,36,42,23,37,7,0,629
1993,Quantum circuit complexity,Yao Andrew Chi-Chih,2725428,Annual Symposium on Foundatons of Computer Science (Proceedings),, ,0,0,0,0,0,0,0,0,0,0,0,0,0,0,0,0,0,0,0,0,0,0,0,0,0,1,4,2,10,4,9,6,14,22,25,16,16,17,12,14,22,12,13,13,12,11,9,15,10,11,12,2,0,314
1985,SEPARATING THE POLYNOMIAL-TIME HIERARCHY BY ORACLES.,Yao Andrew Chi-Chih,2725428,Annual Symposium on Foundations of Computer Science (Proceedings),, ,0,0,0,0,0,0,0,0,0,0,0,0,0,0,0,0,0,13,9,7,6,6,12,11,10,7,7,19,14,15,7,6,7,5,9,4,8,8,4,9,7,9,6,12,3,14,7,9,12,11,10,1,0,304
1981,ON THE SECURITY OF PUBLIC KEY PROTOCOLS.,"Dolev D., Yao A.C.",2725428,Annual Symposium on Foundations of Computer Science - Proceedings,, ,0,0,0,0,0,0,0,0,0,0,0,0,0,2,1,0,0,1,0,0,0,0,0,0,1,1,0,1,0,1,1,0,5,1,5,3,9,6,14,17,12,19,23,21,16,16,11,21,12,18,19,9,0,266
1998,Quantum cryptography with imperfect apparatus,"Mayers Dominic, Yao Andrew",2725428,Annual Symposium on Foundations of Computer Science - Proceedings,, ,0,0,0,0,0,0,0,0,0,0,0,0,0,0,0,0,0,0,0,0,0,0,0,0,0,0,0,0,0,0,2,1,1,8,2,2,3,4,4,4,1,4,7,22,20,12,27,35,18,30,25,6,0,238
1976,Resource constrained scheduling as generalized bin packing,"Garey M.R., Graham R.L., Johnson D.S., Yao A.C.-C.",973165,"Journal of Combinatorial Theory, Series A",21,3,0,0,0,0,0,0,0,0,0,1,3,2,1,2,1,1,1,2,1,0,1,2,1,3,4,3,4,3,4,5,1,4,5,9,6,7,5,7,6,6,8,9,3,10,12,9,10,14,15,4,12,6,0,213
1980,Optimal Expected-Time Algorithms for Closest Point Problems,"Bentley J.L., Weide B.W., Yao A.C.",983500,ACM Transactions on Mathematical Software (TOMS),6,4,0,0,0,0,0,0,0,0,0,0,0,0,2,4,5,9,6,4,5,5,4,7,6,7,7,1,3,2,7,6,2,6,6,6,7,6,6,4,8,8,8,3,6,7,10,5,1,4,5,2,3,0,0,203
1981,Should Tables Be Sorted?,Yao A.C.-C.,45411,Journal of the ACM (JACM),28,3,0,0,0,0,0,0,0,0,0,0,0,0,0,0,0,7,0,2,1,4,0,3,1,3,4,4,5,6,2,5,5,7,8,8,5,7,3,3,6,7,8,8,3,7,6,5,6,8,4,17,8,1,0,187
1980,New Algorithms for Bin Packing,Yao A.C.-C.,45411,Journal of the ACM (JACM),27,2,0,0,0,0,0,0,0,0,0,0,0,1,1,1,0,1,3,1,1,1,2,1,1,2,3,2,5,3,4,5,2,3,6,6,4,5,6,2,9,6,4,9,8,6,15,10,10,5,9,10,7,6,0,186
2001,Informational complexity and the direct sum problem for simultaneous message complexity,"Chakrabarti A., Shi Y., Wirth A., Yao A.",2725428,Annual Symposium on Foundations of Computer Science - Proceedings,, ,0,0,0,0,0,0,0,0,0,0,0,0,0,0,0,0,0,0,0,0,0,0,0,0,0,0,0,0,0,0,0,0,0,2,4,3,2,3,3,2,10,10,8,13,17,20,15,26,11,8,10,2,0,169
1976,An almost optimal algorithm for unbounded searching,"Bentley J.L., Yao A.C.-C.",200190,Information Processing Letters,5,3,0,0,0,0,0,0,0,0,0,1,1,5,1,4,1,1,0,2,4,2,4,1,1,1,0,0,1,4,4,8,4,1,5,5,5,1,1,4,4,5,10,7,3,4,7,6,3,11,9,15,10,2,0,168
2004,Self testing quantum apparatus,"Mayers D., Yao A.",15337146,Quantum Information and Computation,4,4,0,0,0,0,0,0,0,0,0,0,0,0,0,0,0,0,0,0,0,0,0,0,0,0,0,0,0,0,0,0,0,0,0,0,0,0,2,2,1,1,2,1,9,7,11,18,10,21,13,19,35,7,0,159
1978,On random 2-3 trees,Yao A.C.-C.,15903,Acta Informatica,9,2,0,0,0,0,0,0,0,0,0,2,6,4,6,3,5,5,3,3,6,4,9,7,5,4,3,4,5,2,1,3,2,4,4,3,3,6,2,2,1,2,2,1,2,3,2,0,0,2,2,1,2,1,0,137
1983,LOWER BOUNDS BY PROBABILISTIC ARGUMENTS.,Yao Andrew C.,2725428,Annual Symposium on Foundations of Computer Science (Proceedings),, ,0,0,0,0,0,0,0,0,0,0,0,0,0,0,0,4,2,6,4,5,1,3,2,5,1,6,1,3,1,4,2,0,4,6,7,5,3,0,5,7,7,4,3,6,3,3,4,6,6,2,3,0,0,134
1979,Storing a Sparse Table,"Tarjan R.E., Yao A.C.-C.",10782,Communications of the ACM,22,11,0,0,0,0,0,0,0,0,0,0,0,3,5,0,1,2,0,2,2,2,7,4,3,4,3,4,3,6,3,1,5,4,8,4,2,5,0,1,4,9,5,1,3,6,5,5,2,2,2,1,3,1,0,133
1990,On ACC and threshold circuits,Yao Andrew Chi-Chih,2725428,Annual Symposium on Foundations of Computer Science - Proceedings,2, ,0,0,0,0,0,0,0,0,0,0,0,0,0,0,0,0,0,0,0,0,0,0,1,4,3,7,7,9,5,7,2,2,5,4,7,3,2,6,3,3,6,3,2,4,4,3,3,4,5,5,6,0,0,125
1981,A Lower Bound to Finding Convex Hulls,Yao A.C.-C.,45411,Journal of the ACM (JACM),28,4,0,0,0,0,0,0,0,0,0,0,0,0,0,1,3,5,8,1,2,2,4,0,2,1,2,2,2,1,4,3,2,1,1,0,0,1,2,1,3,4,4,6,1,4,5,4,2,1,2,4,4,1,0,96
1975,An 0(|E|loglog|V|) algorithm for finding minimum spanning trees,Yao A.C.-c.,200190,Information Processing Letters,4,1,0,0,0,0,0,0,1,2,2,5,2,3,3,4,3,4,3,2,1,3,5,1,4,4,2,1,4,0,1,1,2,2,3,1,1,2,2,1,0,1,1,3,1,2,2,0,2,3,2,3,1,0,0,96
1978,k + 1 Heads Are Better than k,"Yao A.C., Rivest R.L.",45411,Journal of the ACM (JACM),25,2,0,0,0,0,0,0,0,0,0,0,1,3,4,3,2,5,4,3,0,1,3,4,6,1,2,1,3,0,1,1,1,1,0,1,0,0,2,1,1,3,1,5,3,3,3,3,1,2,3,1,4,1,0,88
1982,Lower bounds for algebraic decision trees,"Michael Steele J., Yao A.C.",1966774,Journal of Algorithms,3,1,0,0,0,0,0,0,0,0,0,0,0,0,0,1,0,2,2,3,1,2,6,2,4,6,1,4,6,7,7,4,5,2,1,2,0,2,4,0,2,0,0,0,0,0,0,1,0,0,2,0,2,0,0,81
2000,Quantum bit escrow,"Aharonov D., Ta-Shma A., Vazirani U.V., Yao A.C.",7378017,Proceedings of the Annual ACM Symposium on Theory of Computing,, ,0,0,0,0,0,0,0,0,0,0,0,0,0,0,0,0,0,0,0,0,0,0,0,0,0,0,0,0,0,0,0,0,1,1,3,9,3,2,2,5,6,4,6,3,2,6,5,5,6,4,2,0,0,75
1982,Space-time tradeoff for answering range queries,Yao A.C.,7378017,Proceedings of the Annual ACM Symposium on Theory of Computing,, ,0,0,0,0,0,0,0,0,0,0,0,0,0,0,0,0,0,0,1,0,1,1,1,0,2,1,1,0,2,0,0,3,1,2,3,1,2,2,4,5,5,7,6,2,2,4,2,2,3,3,4,0,0,73
1985,GENERAL APPROACH TO d-DIMENSIONAL GEOMETRIC QUERIES.,"Yao Andrew C., Yao F.Frances",7349025,Conference Proceedings of the Annual ACM Symposium on Theory of Computing,, ,0,0,0,0,0,0,0,0,0,0,0,0,0,0,0,0,0,1,2,2,1,1,1,2,3,2,1,4,1,3,0,4,3,2,1,4,1,5,0,3,4,3,1,4,2,1,1,2,2,1,2,0,0,70
1981,The entropic limitations on VLSI computations,Yao A.C.,7378017,Proceedings of the Annual ACM Symposium on Theory of Computing,, ,0,0,0,0,0,0,0,0,0,0,0,0,0,2,0,5,2,4,3,2,3,3,8,5,4,6,4,4,2,0,0,2,2,1,1,1,0,0,0,0,0,1,1,0,1,0,0,0,0,0,0,0,0,67
1992,Linear decision trees: Volume estimates and topological bounds,"Bjorner A., Lovasz L., Yao A.C.C.",7378017,Proceedings of the Annual ACM Symposium on Theory of Computing,129722, ,0,0,0,0,0,0,0,0,0,0,0,0,0,0,0,0,0,0,0,0,0,0,0,1,2,4,5,9,6,3,9,1,1,0,1,1,3,2,0,2,2,2,1,3,1,1,0,0,1,1,1,0,0,63
1985,ON THE COMPLEXITY OF MAINTAINING PARTIAL SUMS.,Yao Andrew C.,975397,SIAM Journal on Computing,14,2,0,0,0,0,0,0,0,0,0,0,0,0,0,0,0,0,0,2,1,1,7,2,0,1,1,2,2,4,2,2,3,1,2,2,3,2,0,4,1,2,3,1,3,2,1,1,0,0,3,1,0,0,0,62
2006,Discrete and continuous min-energy schedules for variable voltage processors,"Li M., Yao A.C., Yao F.F.",278424,Proceedings of the National Academy of Sciences of the United States of America,103,11,0,0,0,0,0,0,0,0,0,0,0,0,0,0,0,0,0,0,0,0,0,0,0,0,0,0,0,0,0,0,0,0,0,0,0,0,0,0,1,2,5,4,11,6,4,0,2,8,6,4,1,1,0,55
1980,A stochastic model of bin-packing,"Coffman Jr. E.G., So K., Hofri M., Yao A.C.",199958,Information and Control,44,2,0,0,0,0,0,0,0,0,0,0,0,0,0,1,0,4,1,4,0,1,2,0,2,1,4,0,1,0,0,1,0,2,1,5,0,1,3,2,1,4,1,1,1,2,0,0,1,0,2,0,3,1,0,53
2015,An n-to-1 bidder reduction for multi-item auctions and its applications,Yao A.C-C.,,Proceedings of the Annual ACM-SIAM Symposium on Discrete Algorithms,2015-, January,0,0,0,0,0,0,0,0,0,0,0,0,0,0,0,0,0,0,0,0,0,0,0,0,0,0,0,0,0,0,0,0,0,0,0,0,0,0,0,0,0,0,0,0,0,0,4,9,8,16,11,0,0,48
1991,Lower bounds for algebraic computation trees with integer inputs,Yao Andrew Chi-Chih,975397,SIAM Journal on Computing,20,4,0,0,0,0,0,0,0,0,0,0,0,0,0,0,0,0,0,0,0,0,0,0,1,0,1,0,4,2,3,3,1,0,2,1,0,4,2,1,1,0,3,1,2,1,0,1,2,2,2,3,4,0,0,47
2013,On revenue maximization for selling multiple independently distributed items,"Li X., Yao A.C.-C.",278424,Proceedings of the National Academy of Sciences of the United States of America,110,28,0,0,0,0,0,0,0,0,0,0,0,0,0,0,0,0,0,0,0,0,0,0,0,0,0,0,0,0,0,0,0,0,0,0,0,0,0,0,0,0,0,0,0,0,0,3,7,7,8,13,8,0,0,46
1985,FAULT-TOLERANT NETWORKS FOR SORTING.,"Yao Andrew C., Yao F.Frances",975397,SIAM Journal on Computing,14,1,0,0,0,0,0,0,0,0,0,0,0,0,0,0,0,0,0,0,1,1,0,0,1,1,1,2,0,2,1,0,1,2,1,1,2,5,2,0,2,1,5,3,2,1,2,0,2,0,1,1,0,0,0,44
1990,Coherent functions and program checkers,Chi-Chih Yao Andrew,,,, ,0,0,0,0,0,0,0,0,0,0,0,0,0,0,0,0,0,0,0,0,0,0,1,0,2,1,2,3,2,3,1,2,1,0,2,0,2,4,1,0,1,2,1,0,0,1,1,1,4,1,1,1,0,41
1976,The complexity of searching an ordered random table,"Yao A.C., Yao F.F.",2725428,"Proceedings - Annual IEEE Symposium on Foundations of Computer Science, FOCS",1976-, ,0,0,0,0,0,0,0,0,2,1,2,2,1,1,2,1,3,0,0,1,3,1,1,2,4,0,0,0,0,0,0,0,1,0,1,1,0,2,2,0,0,0,0,0,1,0,1,0,0,1,1,2,0,40
2003,On the power of quantum fingerprinting,Yao A.C.-C.,7349025,Conference Proceedings of the Annual ACM Symposium on Theory of Computing,, ,0,0,0,0,0,0,0,0,0,0,0,0,0,0,0,0,0,0,0,0,0,0,0,0,0,0,0,0,0,0,0,0,0,0,0,1,4,4,2,2,2,1,2,0,1,2,1,1,2,2,2,1,0,30
1994,Decision tree complexity and betti numbers,Yao A.C.-C.,7378017,Proceedings of the Annual ACM Symposium on Theory of Computing,129502, ,0,0,0,0,0,0,0,0,0,0,0,0,0,0,0,0,0,0,0,0,0,0,0,0,0,1,2,7,4,0,6,0,0,0,3,1,2,0,1,0,0,1,0,0,0,1,0,0,0,1,0,0,0,30
1997,"Read-once branching programs, rectangular proofs of the pigeonhole principle and the transversal calculus","Razborov Alexander, Wigderson Avi, Yao Andrew",7349025,Conference Proceedings of the Annual ACM Symposium on Theory of Computing,, ,0,0,0,0,0,0,0,0,0,0,0,0,0,0,0,0,0,0,0,0,0,0,0,0,0,0,0,0,0,3,1,4,5,5,2,3,1,1,0,0,0,0,0,0,0,1,0,1,0,0,0,0,0,27
2003,Classical physics and the church-turing thesis,Yao A.C.-C.,45411,Journal of the ACM,50,1,0,0,0,0,0,0,0,0,0,0,0,0,0,0,0,0,0,0,0,0,0,0,0,0,0,0,0,0,0,0,0,0,0,0,0,0,2,4,3,2,3,3,1,2,1,0,1,0,0,2,1,1,0,26
1973,Standing pion waves in superdense matter,"Sawyer R.F., Yao A.C.",5562821,Physical Review D,7,6,0,0,0,0,3,6,6,0,4,2,1,0,2,0,1,0,1,0,0,0,0,0,0,0,0,0,0,0,0,0,0,0,0,0,0,0,0,0,0,0,0,0,0,0,0,0,0,0,0,0,0,0,0,26
1997,Dictionary Look-Up with One Error,"Yao A.C., Yao F.F.",1966774,Journal of Algorithms,25,1,0,0,0,0,0,0,0,0,0,0,0,0,0,0,0,0,0,0,0,0,0,0,0,0,0,0,0,0,0,0,1,3,0,2,0,2,0,2,2,2,1,0,1,0,2,0,1,1,1,3,1,0,0,25
1989,Circuits and local computation,Yao Andrew Chi-Chih,,,, ,0,0,0,0,0,0,0,0,0,0,0,0,0,0,0,0,0,0,0,0,1,0,1,1,2,3,3,0,2,0,1,0,0,0,1,1,0,0,0,0,0,0,0,2,0,1,0,1,1,2,1,1,0,25
1988,Monotone bipartite graph properties are evasive,Yao Andrew Chi-Chih,975397,SIAM Journal on Computing,17,3,0,0,0,0,0,0,0,0,0,0,0,0,0,0,0,0,0,0,0,0,0,1,0,0,0,0,1,1,0,0,0,0,3,2,0,0,1,0,1,2,0,4,1,0,3,0,2,0,1,0,2,0,0,25
1980,A note on the analysis of extendible hashing,Yao A.C.,200190,Information Processing Letters,11,2,0,0,0,0,0,0,0,0,0,0,0,0,2,4,1,3,1,1,0,2,2,1,2,0,1,0,1,0,0,0,0,0,2,1,0,0,0,1,0,0,0,0,0,0,0,0,0,0,0,0,0,0,0,25
2013,OAKE: A new family of implicitly authenticated Diffie-Hellman protocols,"Yao A.C.-C., Zhao Y.",15437221,Proceedings of the ACM Conference on Computer and Communications Security,, ,0,0,0,0,0,0,0,0,0,0,0,0,0,0,0,0,0,0,0,0,0,0,0,0,0,0,0,0,0,0,0,0,0,0,0,0,0,0,0,0,0,0,0,0,0,0,5,5,5,6,2,1,0,24
1999,NQP<inf>ℂ</inf> = co-C<inf>=</inf>P,"Yamakami T., Yao A.C.",200190,Information Processing Letters,71,2,0,0,0,0,0,0,0,0,0,0,0,0,0,0,0,0,0,0,0,0,0,0,0,0,0,0,0,0,0,0,0,0,0,4,5,1,2,1,0,0,0,2,0,2,3,0,1,3,0,0,0,0,0,24
1997,RAPID: Randomized Pharmacophore Identification for Drug Design,"Finn P.W., Kavraki L.E., Latombe J.-C., Motwani R., Shelton C., Venkatasubramanian S., Yao A.",,Proceedings of the Annual Symposium on Computational Geometry,, ,0,0,0,0,0,0,0,0,0,0,0,0,0,0,0,0,0,0,0,0,0,0,0,0,0,0,0,0,1,4,3,1,1,1,2,1,2,2,1,1,1,0,1,1,0,0,0,0,0,0,0,0,0,23
1985,UNIFORM HASHING IS OPTIMAL.,Yao Andrew C.,45411,Journal of the ACM,32,3,0,0,0,0,0,0,0,0,0,0,0,0,0,0,0,0,0,0,0,1,1,1,0,0,1,0,0,1,0,0,0,0,2,0,3,2,4,1,1,1,1,1,0,0,1,1,0,0,0,0,0,0,0,23
1976,On the average behavior of set merging algorithms (extended abstract),Yao A.C.-E.,7378017,Proceedings of the Annual ACM Symposium on Theory of Computing,130841, ,0,0,0,0,0,0,0,1,0,2,3,1,0,0,1,0,0,0,0,0,0,1,1,1,0,0,0,0,0,1,3,1,0,0,0,0,1,0,0,0,0,1,1,1,2,1,0,0,0,0,0,0,0,23
2014,Privacy-preserving authenticated key-exchange over internet,"Yao A.C.-C., Zhao Y.",15566013,IEEE Transactions on Information Forensics and Security,9,1,0,0,0,0,0,0,0,0,0,0,0,0,0,0,0,0,0,0,0,0,0,0,0,0,0,0,0,0,0,0,0,0,0,0,0,0,0,0,0,0,0,0,0,0,0,0,1,4,2,6,5,4,0,22
2013,Quantum replication at the Heisenberg limit,"Chiribella G., Yang Y., Yao A.C.-C.",20411723,Nature Communications,4, ,0,0,0,0,0,0,0,0,0,0,0,0,0,0,0,0,0,0,0,0,0,0,0,0,0,0,0,0,0,0,0,0,0,0,0,0,0,0,0,0,0,0,0,0,0,6,5,5,3,0,1,1,0,21
1993,Towards uncheatable benchmarks,"Cai Jin-yi, Lipton Richard J., Sedgewick Robert, Yao Andrew Chi-Chih",,Proceedings of the Eighth Annual Structure in Complexity Theory Conference,, ,0,0,0,0,0,0,0,0,0,0,0,0,0,0,0,0,0,0,0,0,0,0,0,0,0,0,0,0,0,0,0,1,1,1,2,1,0,0,0,1,0,3,2,0,2,0,1,2,0,2,1,1,0,21
1983,STRONG SIGNATURE SCHEMES.,"Goldwasser Shafi, Micali Silvio, Yao Andy",7349025,Conference Proceedings of the Annual ACM Symposium on Theory of Computing,, ,0,0,0,0,0,0,0,0,0,0,0,0,0,0,0,0,0,1,1,1,0,2,1,1,2,0,0,0,1,0,0,1,0,1,0,0,0,0,1,2,1,1,0,2,1,0,0,0,0,0,1,0,0,21
1980,Information Bounds Are Weak in the Shortest Distance Problem,"Graham R.L., Yao A.C., Yao F.F.",45411,Journal of the ACM (JACM),27,3,0,0,0,0,0,0,0,0,0,0,0,0,0,0,0,0,2,1,0,0,0,0,0,0,0,0,0,2,0,2,0,2,1,2,0,1,1,1,0,2,1,0,0,2,0,1,0,0,0,0,0,0,0,21
2008,"Generalized Tsirelson inequalities, commuting-operator provers, and multi-prover interactive proof systems","Ito T., Kobayashi H., Preda D., Sun X., Yao A.C.-C.",10930159,Proceedings of the Annual IEEE Conference on Computational Complexity,, ,0,0,0,0,0,0,0,0,0,0,0,0,0,0,0,0,0,0,0,0,0,0,0,0,0,0,0,0,0,0,0,0,0,0,0,0,0,0,0,4,2,2,2,2,0,2,0,0,1,1,4,0,0,20
1989,Lower bounds for algebraic computation trees with integer inputs,Yao Andrew Chi-Chih,2725428,Annual Symposium on Foundations of Computer Science (Proceedings),, ,0,0,0,0,0,0,0,0,0,0,0,0,0,0,0,0,0,0,0,0,0,0,4,5,3,1,0,0,0,1,1,0,0,0,0,1,1,0,0,0,0,0,1,0,0,0,0,0,1,0,0,0,0,19
1988,Near-optimal time-space tradeoff for element distinctness,Yao Andrew Chi-Chih,2725428,Annual Symposium on Foundations of Computer Science (Proceedings),, ,0,0,0,0,0,0,0,0,0,0,0,0,0,0,0,0,0,0,0,0,0,1,1,1,3,1,0,0,0,0,1,0,1,0,2,2,0,0,1,0,0,0,1,0,1,0,0,0,0,2,1,0,0,19
1981,Efficient searching using partial ordering,"Borodin A., Guibas L.J., Lynch N.A., Yao A.C.",200190,Information Processing Letters,12,2,0,0,0,0,0,0,0,0,0,0,0,0,0,0,1,0,1,1,0,2,2,1,1,0,0,0,1,0,0,0,0,0,2,0,2,0,1,1,1,0,0,0,0,0,0,0,1,0,1,0,0,0,0,19
2013,Online/offline signatures for low-power devices,"Yao A.C.-C., Zhao Y.",15566013,IEEE Transactions on Information Forensics and Security,8,2,0,0,0,0,0,0,0,0,0,0,0,0,0,0,0,0,0,0,0,0,0,0,0,0,0,0,0,0,0,0,0,0,0,0,0,0,0,0,0,0,0,0,0,0,1,1,3,3,3,2,3,2,0,18
1989,On the improbability of reaching Byzantine agreements,"Graham Ronald L., Yao Andrew C.",,,, ,0,0,0,0,0,0,0,0,0,0,0,0,0,0,0,0,0,0,0,0,0,0,0,1,1,2,1,1,0,3,0,0,0,0,2,0,0,1,0,0,0,0,0,0,2,2,0,0,0,2,0,0,0,18
1987,LOWER BOUNDS TO RANDOMIZED ALGORITHMS FOR GRAPH PROPERTIES.,Yao Andrew Chi-Chih,2725428,Annual Symposium on Foundations of Computer Science (Proceedings),, ,0,0,0,0,0,0,0,0,0,0,0,0,0,0,0,0,0,0,0,0,0,0,1,1,2,0,2,0,0,1,0,0,1,1,0,0,2,0,1,0,0,0,1,0,0,1,1,1,1,0,1,0,0,18
1976,Lower Bounds on Merging Networks,"Yao A.C.-C., Yao F.F.",45411,Journal of the ACM (JACM),23,3,0,0,0,0,0,0,0,0,1,0,1,0,1,0,0,1,1,0,0,0,0,0,0,1,0,0,1,1,1,1,0,1,2,0,1,1,0,0,0,0,0,0,0,0,0,0,0,0,0,0,1,0,0,16
1998,RAPID: Randomized pharmacophore identification for drug design,"Finn P.W., Kavraki L.E., Latombe J.-C., Motwani R., Shelton C., Venkatasubramanian S., Yao A.",9257721,Computational Geometry: Theory and Applications,10,4,0,0,0,0,0,0,0,0,0,0,0,0,0,0,0,0,0,0,0,0,0,0,0,0,0,0,0,0,0,0,0,1,0,1,0,1,1,2,2,2,1,0,1,0,1,0,1,0,0,0,1,0,0,15
1975,On the complexity of comparison problems using linear functions,Yao A.C.-C.,2725428,"Proceedings - Annual IEEE Symposium on Foundations of Computer Science, FOCS",1975-, ,0,0,0,0,0,0,0,1,0,2,1,0,1,3,0,1,1,0,0,1,0,0,1,0,0,0,0,0,0,1,0,0,0,0,0,0,0,1,0,0,0,0,0,1,0,0,0,0,0,0,0,0,0,15
2010,Deniable internet key exchange,"Yao A.C., Zhao Y.",3029743,Lecture Notes in Computer Science (including subseries Lecture Notes in Artificial Intelligence and Lecture Notes in Bioinformatics),6123, ,0,0,0,0,0,0,0,0,0,0,0,0,0,0,0,0,0,0,0,0,0,0,0,0,0,0,0,0,0,0,0,0,0,0,0,0,0,0,0,0,0,1,2,2,4,2,0,0,1,1,1,0,0,14
1994,Near-optimal time-space tradeoff for element distinctness,Yao Andrew Chi-Chih,975397,SIAM Journal on Computing,23,5,0,0,0,0,0,0,0,0,0,0,0,0,0,0,0,0,0,0,0,0,0,0,0,0,0,0,0,0,1,0,0,2,2,1,0,0,1,0,0,0,1,1,0,0,1,1,1,1,0,1,0,0,0,14
1997,Decision Tree Complexity and Betti Numbers,Yao A.C.-C.,220000,Journal of Computer and System Sciences,55,1,0,0,0,0,0,0,0,0,0,0,0,0,0,0,0,0,0,0,0,0,0,0,0,0,0,0,0,0,0,0,1,0,0,1,0,1,2,0,0,0,0,0,0,1,0,1,1,0,4,0,0,0,0,12
1980,"An analysis of (h, k, 1)-Shellsort",Yao A.C.-C.,1966774,Journal of Algorithms,1,1,0,0,0,0,0,0,0,0,0,0,0,0,0,0,0,0,1,0,0,0,0,0,0,1,1,0,0,1,2,0,1,1,1,1,0,0,0,0,1,0,0,0,0,0,0,0,0,0,0,1,0,0,0,12
2004,Graph properties and circular functions: How low can quantum query complexity go?,"Sun X., Yao A.C., Zhang S.",10930159,Proceedings of the Annual IEEE Conference on Computational Complexity,19, ,0,0,0,0,0,0,0,0,0,0,0,0,0,0,0,0,0,0,0,0,0,0,0,0,0,0,0,0,0,0,0,0,0,0,0,0,1,1,1,0,0,0,3,1,0,0,0,2,0,1,1,0,0,11
2011,Tight approximation ratio of a general greedy splitting algorithm for the minimum k-way cut problem,"Xiao M., Cai L., Yao A.C.-C.",1784617,Algorithmica (New York),59,4,0,0,0,0,0,0,0,0,0,0,0,0,0,0,0,0,0,0,0,0,0,0,0,0,0,0,0,0,0,0,0,0,0,0,0,0,0,0,0,0,0,0,1,0,0,0,1,0,1,3,4,0,0,10
2004,Fisher equilibrium price with a class of concave utility functions,"Chen N., Deng X., Sun X., Yao A.C.-C.",3029743,Lecture Notes in Computer Science (including subseries Lecture Notes in Artificial Intelligence and Lecture Notes in Bioinformatics),3221, ,0,0,0,0,0,0,0,0,0,0,0,0,0,0,0,0,0,0,0,0,0,0,0,0,0,0,0,0,0,0,0,0,0,0,0,0,3,0,1,0,0,1,1,1,0,1,0,0,2,0,0,0,0,10
1993,A circuit-based proof of toda’s theorem,"Kannan R., Venkateswaran H., Vinay V., Yao A.C.",8905401,Information and Computation,104,2,0,0,0,0,0,0,0,0,0,0,0,0,0,0,0,0,0,0,0,0,0,0,0,0,0,1,0,1,0,1,0,0,0,0,0,0,0,1,0,1,0,0,0,0,0,1,0,0,2,0,1,0,0,9
1981,On the parallel computation for the knapsack problem,Yao A.C.-C.,7378017,Proceedings of the Annual ACM Symposium on Theory of Computing,, ,0,0,0,0,0,0,0,0,0,0,0,0,0,0,0,0,1,0,0,1,0,0,1,0,0,0,0,0,0,0,2,0,0,0,0,0,1,0,0,0,0,0,0,0,0,1,0,0,0,1,1,0,0,9
1995,On the shrinkage exponent for read-once formulae,"Hastad J., Razborov A., Yao A.",3043975,Theoretical Computer Science,141, 1-2,0,0,0,0,0,0,0,0,0,0,0,0,0,0,0,0,0,0,0,0,0,0,0,0,0,0,0,0,1,1,0,0,0,0,0,0,0,0,0,0,0,0,0,1,0,1,1,0,2,0,1,0,0,8
1995,Dictionary look-up with small errors,"Yao A.C., Yao F.F.",3029743,Lecture Notes in Computer Science (including subseries Lecture Notes in Artificial Intelligence and Lecture Notes in Bioinformatics),937, ,0,0,0,0,0,0,0,0,0,0,0,0,0,0,0,0,0,0,0,0,0,0,0,0,0,0,0,1,0,0,0,1,0,0,0,0,0,0,1,1,1,0,0,0,1,1,0,0,1,0,0,0,0,8
1989,On selecting the k largest with median tests,Chi-Chih Yao A.,1784617,Algorithmica,4,1,0,0,0,0,0,0,0,0,0,0,0,0,0,0,0,0,0,0,0,0,0,0,1,1,1,0,0,0,0,2,1,1,0,0,0,0,0,0,0,0,0,0,0,0,0,0,0,1,0,0,0,0,0,8
1985,ON THE EXPECTED PERFORMANCE OF PATH COMPRESSION ALGORITHMS.,Yao Andrew C.,975397,SIAM Journal on Computing,14,1,0,0,0,0,0,0,0,0,0,0,0,0,0,0,0,0,0,1,0,0,1,0,0,3,0,0,0,0,1,0,1,0,0,0,0,0,0,0,0,0,1,0,0,0,0,0,0,0,0,0,0,0,0,8
1982,On Parallel Computation for the Knapsack Problem,Yao A.C.-C.,45411,Journal of the ACM (JACM),29,3,0,0,0,0,0,0,0,0,0,0,0,0,0,0,0,1,0,1,1,0,0,0,0,0,0,0,1,1,1,0,0,0,0,0,0,0,0,0,0,0,1,0,0,0,0,0,0,1,0,0,0,0,0,8
2007,Oblivious and adaptive strategies for the majority and plurality problems,"Chung F., Graham R., Mao J., Yao A.",1784617,Algorithmica (New York),48,2,0,0,0,0,0,0,0,0,0,0,0,0,0,0,0,0,0,0,0,0,0,0,0,0,0,0,0,0,0,0,0,0,0,0,0,0,0,0,0,0,1,1,0,1,0,1,1,1,0,1,0,0,0,7
2005,Oblivious and adaptive strategies for the Majority and Plurality problems,"Chung F., Graham R., Mao J., Yao A.",3029743,Lecture Notes in Computer Science,3595, ,0,0,0,0,0,0,0,0,0,0,0,0,0,0,0,0,0,0,0,0,0,0,0,0,0,0,0,0,0,0,0,0,0,0,0,0,0,0,2,1,0,0,1,0,1,0,0,0,0,0,2,0,0,7
2002,"Read-once branching programs, rectangular proofs of the pigeonhole principle and the transversal calculus","Razborov A., Wigderson A., Yao A.",2099683,Combinatorica,22,4,0,0,0,0,0,0,0,0,0,0,0,0,0,0,0,0,0,0,0,0,0,0,0,0,0,0,0,0,0,0,0,0,0,0,0,1,0,0,1,0,0,0,1,2,0,1,0,0,0,1,0,0,0,7
1976,On a problem of Katona on minimal separating systems,Yao A.C.-C.,0012365X,Discrete Mathematics,15,2,0,0,0,0,0,0,0,0,0,0,0,0,0,0,1,1,0,0,0,0,0,0,0,0,0,0,0,1,2,1,0,0,0,0,0,0,0,0,0,0,0,0,1,0,0,0,0,0,0,0,0,0,0,7
2017,Dominant-strategy versus Bayesian multi-item auctions: Maximum revenue determination and comparison,Yao A.C.-C.,,EC 2017 - Proceedings of the 2017 ACM Conference on Economics and Computation,, ,0,0,0,0,0,0,0,0,0,0,0,0,0,0,0,0,0,0,0,0,0,0,0,0,0,0,0,0,0,0,0,0,0,0,0,0,0,0,0,0,0,0,0,0,0,0,0,0,0,4,2,0,0,6
2009,A note on universal composable zero-knowledge in the common reference string model,"Yao A.C.C., Yao F.F., Zhao Y.",3043975,Theoretical Computer Science,410,11,0,0,0,0,0,0,0,0,0,0,0,0,0,0,0,0,0,0,0,0,0,0,0,0,0,0,0,0,0,0,0,0,0,0,0,0,0,0,0,0,0,1,2,1,0,0,0,1,0,1,0,0,0,6
2006,On the quantum query complexity of local search in two and three dimensions,"Xiaoming S., Yao A.C.",2725428,"Proceedings - Annual IEEE Symposium on Foundations of Computer Science, FOCS",, ,0,0,0,0,0,0,0,0,0,0,0,0,0,0,0,0,0,0,0,0,0,0,0,0,0,0,0,0,0,0,0,0,0,0,0,0,0,0,2,2,1,1,0,0,0,0,0,0,0,0,0,0,0,6
1994,A randomized algorithm for finding maximum with O((log n)<sup>2</sup>) polynomial tests,"Ting H.F., Yao A.C.",200190,Information Processing Letters,49,1,0,0,0,0,0,0,0,0,0,0,0,0,0,0,0,0,0,0,0,0,0,0,0,0,0,0,0,1,0,2,1,1,1,0,0,0,0,0,0,0,0,0,0,0,0,0,0,0,0,0,0,0,0,6
1989,On the complexity of partial order productions,Chi-Chih Yao Andrew,975397,SIAM Journal on Computing,18,4,0,0,0,0,0,0,0,0,0,0,0,0,0,0,0,0,0,0,0,0,0,0,0,1,0,2,0,0,0,0,0,0,0,0,0,0,0,0,0,0,1,1,0,0,1,0,0,0,0,0,0,0,0,6
1982,On the time-space tradeoff for sorting with linear queries,Yao A.C.-C.,3043975,Theoretical Computer Science,19,2,0,0,0,0,0,0,0,0,0,0,0,0,0,0,0,0,0,2,0,0,0,0,1,0,1,0,0,0,0,1,1,0,0,0,0,0,0,0,0,0,0,0,0,0,0,0,0,0,0,0,0,0,0,6
1978,Addition chains with multiplicative cost,"Graham R.L., Yao A.C.-C., Yao F.-F.",0012365X,Discrete Mathematics,23,2,0,0,0,0,0,0,0,0,0,0,0,0,0,0,0,0,0,1,0,0,0,1,1,1,0,0,0,0,0,0,0,0,1,0,0,0,0,0,0,1,0,0,0,0,0,0,0,0,0,0,0,0,0,6
1978,OPTIMAL EXPECTED-TIME ALGORITHMS FOR CLOSEST-POINT PROBLEMS.,"Bentley Jon Louis, Weide Bruce W., Yao Andrew C.",,"Proceedings - Annual Allerton Conference on Communication, Control, and Computing",, ,0,0,0,0,0,0,0,0,0,0,1,0,0,0,1,1,0,0,0,1,1,0,0,0,0,0,0,0,0,0,0,0,0,0,0,0,0,0,0,0,0,0,0,0,0,1,0,0,0,0,0,0,0,6
2012,Graph coloring applied to secure computation in non-Abelian groups,"Desmedt Y., Pieprzyk J., Steinfeld R., Sun X., Tartary C., Wang H., Yao A.C.-C.",9332790,Journal of Cryptology,25,4,0,0,0,0,0,0,0,0,0,0,0,0,0,0,0,0,0,0,0,0,0,0,0,0,0,0,0,0,0,0,0,0,0,0,0,0,0,0,0,0,0,0,0,0,1,1,1,0,1,0,1,0,0,5
2016,Concurrent Knowledge Extraction in Public-Key Models,"Yao A.C.-C., Yung M., Zhao Y.",9332790,Journal of Cryptology,29,1,0,0,0,0,0,0,0,0,0,0,0,0,0,0,0,0,0,0,0,0,0,0,0,0,0,0,0,0,0,0,0,0,0,0,0,0,0,0,0,0,0,0,0,0,0,0,1,0,2,1,0,0,0,4
2009,On the quantum query complexity of local search in two and three dimensions,"Sun X., Yao A.C.-C.",1784617,Algorithmica (New York),55,3,0,0,0,0,0,0,0,0,0,0,0,0,0,0,0,0,0,0,0,0,0,0,0,0,0,0,0,0,0,0,0,0,0,0,0,0,0,0,0,0,0,1,0,1,0,0,0,0,1,0,1,0,0,4
1995,Algebraic decision trees and Euler characteristics,Andrew Chi-Chih Yao,3043975,Theoretical Computer Science,141, 1-2,0,0,0,0,0,0,0,0,0,0,0,0,0,0,0,0,0,0,0,0,0,0,0,0,0,0,0,0,1,0,0,0,0,0,0,1,1,1,0,0,0,0,0,0,0,0,0,0,0,0,0,0,0,4
1995,On computing algebraic functions using logarithms and exponentials,"Grigoriev Dima, Singer Michael, Yao Andrew",975397,SIAM Journal on Computing,24,2,0,0,0,0,0,0,0,0,0,0,0,0,0,0,0,0,0,0,0,0,0,0,0,0,0,0,0,2,0,1,0,1,0,0,0,0,0,0,0,0,0,0,0,0,0,0,0,0,0,0,0,0,0,4
1991,Lower bounds to randomized algorithms for graph properties,Yao A.C.-C.,220000,Journal of Computer and System Sciences,42,3,0,0,0,0,0,0,0,0,0,0,0,0,0,0,0,0,0,0,0,0,0,0,0,0,0,1,0,0,0,0,0,0,0,0,0,0,0,0,1,0,0,0,1,0,0,0,0,0,0,0,0,1,0,4
1980,External Hashing Schemes for Collections of Data Structures,"Lipton R.J., Rosenberg A.L., Yao A.C.",45411,Journal of the ACM (JACM),27,1,0,0,0,0,0,0,0,0,0,0,0,0,1,0,0,0,0,0,0,0,0,0,0,0,0,0,0,0,0,0,0,0,0,0,0,1,0,0,1,0,0,1,0,0,0,0,0,0,0,0,0,0,0,4
2012,Computationally-fair group and identity-based key-exchange,"Yao A.C., Zhao Y.",3029743,Lecture Notes in Computer Science (including subseries Lecture Notes in Artificial Intelligence and Lecture Notes in Bioinformatics),7287, ,0,0,0,0,0,0,0,0,0,0,0,0,0,0,0,0,0,0,0,0,0,0,0,0,0,0,0,0,0,0,0,0,0,0,0,0,0,0,0,0,0,0,0,0,0,2,0,0,0,0,1,0,0,3
2009,A note on the feasibility of generalised universal composability,"Yao A.C.C., Yao F.F., Zhao Y.",9601295,Mathematical Structures in Computer Science,19,1,0,0,0,0,0,0,0,0,0,0,0,0,0,0,0,0,0,0,0,0,0,0,0,0,0,0,0,0,0,0,0,0,0,0,0,0,0,0,0,0,0,0,1,1,0,0,0,0,0,1,0,0,0,3
2008,Graph design for secure multiparty computation over non-Abelian groups,"Sun X., Yao A.C.-C., Tartary C.",3029743,Lecture Notes in Computer Science (including subseries Lecture Notes in Artificial Intelligence and Lecture Notes in Bioinformatics),5350, ,0,0,0,0,0,0,0,0,0,0,0,0,0,0,0,0,0,0,0,0,0,0,0,0,0,0,0,0,0,0,0,0,0,0,0,0,0,0,0,0,0,0,0,2,1,0,0,0,0,0,0,0,0,3
2003,Interactive proofs for quantum computation,Yao A.C.-C.,3029743,Lecture Notes in Computer Science (including subseries Lecture Notes in Artificial Intelligence and Lecture Notes in Bioinformatics),2906, ,0,0,0,0,0,0,0,0,0,0,0,0,0,0,0,0,0,0,0,0,0,0,0,0,0,0,0,0,0,0,0,0,0,0,0,0,0,0,0,0,1,0,1,0,0,1,0,0,0,0,0,0,0,3
1991,Program checkers for probability generation,"Kannan S., Yao A.",3029743,Lecture Notes in Computer Science (including subseries Lecture Notes in Artificial Intelligence and Lecture Notes in Bioinformatics),510, ,0,0,0,0,0,0,0,0,0,0,0,0,0,0,0,0,0,0,0,0,0,0,0,0,0,0,1,0,0,0,0,0,0,0,0,0,0,0,0,1,0,0,0,0,1,0,0,0,0,0,0,0,0,3
1985,On optimal arrangements of keys with double hashing,Yao A.C.,1966774,Journal of Algorithms,6,2,0,0,0,0,0,0,0,0,0,0,0,0,0,0,0,0,0,0,0,0,1,0,0,0,0,0,1,0,0,0,0,0,0,0,0,0,0,0,0,1,0,0,0,0,0,0,0,0,0,0,0,0,0,3
1976,K + 1 heads are better than K<sup>+</sup>,"Yao A.C., Rivest R.L.",2725428,"Proceedings - Annual IEEE Symposium on Foundations of Computer Science, FOCS",1976-, ,0,0,0,0,0,0,0,0,1,0,1,0,1,0,0,0,0,0,0,0,0,0,0,0,0,0,0,0,0,0,0,0,0,0,0,0,0,0,0,0,0,0,0,0,0,0,0,0,0,0,0,0,0,3
1975,Scheduling unit-time tasks with limited resources,Yao A.C.-C.,3029743,Lecture Notes in Computer Science (including subseries Lecture Notes in Artificial Intelligence and Lecture Notes in Bioinformatics),24, ,0,0,0,0,0,0,0,0,0,0,0,0,0,0,0,0,0,0,0,0,0,0,1,1,0,0,0,0,0,0,0,1,0,0,0,0,0,0,0,0,0,0,0,0,0,0,0,0,0,0,0,0,0,3
2010,Concurrent knowledge extraction in the public-key model,"Yao A.C., Yung M., Zhao Y.",3029743,Lecture Notes in Computer Science (including subseries Lecture Notes in Artificial Intelligence and Lecture Notes in Bioinformatics),6198,1,0,0,0,0,0,0,0,0,0,0,0,0,0,0,0,0,0,0,0,0,0,0,0,0,0,0,0,0,0,0,0,0,0,0,0,0,0,0,0,0,0,0,0,1,1,0,0,0,0,0,0,0,0,2
2007,A note on the feasibility of generalized universal composability,"Yao A.C.C., Yao F.F., Zhao Y.",3029743,Lecture Notes in Computer Science (including subseries Lecture Notes in Artificial Intelligence and Lecture Notes in Bioinformatics),4484, ,0,0,0,0,0,0,0,0,0,0,0,0,0,0,0,0,0,0,0,0,0,0,0,0,0,0,0,0,0,0,0,0,0,0,0,0,0,0,0,0,1,0,0,0,0,0,0,0,0,1,0,0,0,2
2004,Graph entropy and quantum sorting problems,Yao A.C.-C.,7349025,Conference Proceedings of the Annual ACM Symposium on Theory of Computing,, ,0,0,0,0,0,0,0,0,0,0,0,0,0,0,0,0,0,0,0,0,0,0,0,0,0,0,0,0,0,0,0,0,0,0,0,0,0,0,0,0,1,0,0,0,1,0,0,0,0,0,0,0,0,2
1998,An exponential lower bound on the size of algebraic decision trees for max,"Grigoriev D., Karpinski M., Yao A.C.",10163328,Computational Complexity,7,3,0,0,0,0,0,0,0,0,0,0,0,0,0,0,0,0,0,0,0,0,0,0,0,0,0,0,0,0,0,0,1,0,0,0,0,0,0,0,0,0,0,0,1,0,0,0,0,0,0,0,0,0,0,2
1985,Uniform Hashing is Optimal,Yao A.C.,45411,Journal of the ACM (JACM),32,3,0,0,0,0,0,0,0,0,0,0,0,0,0,0,0,0,0,0,0,0,0,1,0,0,0,0,0,0,0,0,0,0,0,0,0,0,0,0,0,1,0,0,0,0,0,0,0,0,0,0,0,0,0,2
1979,A note on conjecture of Kam and Ullman concerning statistical databases,Yao A.C.,200190,Information Processing Letters,9,1,0,0,0,0,0,0,0,0,0,0,0,0,0,0,1,0,0,0,1,0,0,0,0,0,0,0,0,0,0,0,0,0,0,0,0,0,0,0,0,0,0,0,0,0,0,0,0,0,0,0,0,0,0,2
1978,On the average-case complexity of selecting k - th best,"Yao A.C., Yao F.F.",2725428,"Proceedings - Annual IEEE Symposium on Foundations of Computer Science, FOCS",1978-, ,0,0,0,0,0,0,0,0,0,0,0,0,1,0,0,0,0,0,0,0,0,0,0,0,0,0,0,0,0,0,0,0,0,0,0,0,0,0,0,0,0,0,0,0,0,0,0,0,1,0,0,0,0,2
1977,An Ω(n<sup>2</sup> n) Lower Bound to the Shortest Paths Problem,"Yao A.C., Avis D.H., Rivest R.L.",7378017,Proceedings of the Annual ACM Symposium on Theory of Computing,02-04-, ,0,0,0,0,0,0,0,0,0,0,0,1,1,0,0,0,0,0,0,0,0,0,0,0,0,0,0,0,0,0,0,0,0,0,0,0,0,0,0,0,0,0,0,0,0,0,0,0,0,0,0,0,0,2
1975,On computing the minima of quadratic forms (preliminary report),Yao A.C.-C.,7378017,Proceedings of the Annual ACM Symposium on Theory of Computing,, ,0,0,0,0,0,0,0,0,0,0,0,0,0,0,0,0,0,0,0,0,0,0,0,0,0,0,0,0,0,0,0,0,0,0,0,0,0,0,0,0,0,0,0,0,0,0,0,0,1,0,1,0,0,2
2018,On revenue monotonicity in combinatorial auctions,Yao A.C.-C.,3029743,Lecture Notes in Computer Science (including subseries Lecture Notes in Artificial Intelligence and Lecture Notes in Bioinformatics),11059, ,0,0,0,0,0,0,0,0,0,0,0,0,0,0,0,0,0,0,0,0,0,0,0,0,0,0,0,0,0,0,0,0,0,0,0,0,0,0,0,0,0,0,0,0,0,0,0,0,0,0,1,0,0,1
2004,Dynamic price sequence and incentive compatibility (extended abstract),"Chen N., Deng X., Sun X., Yao A.C.-C.",3029743,Lecture Notes in Computer Science (including subseries Lecture Notes in Artificial Intelligence and Lecture Notes in Bioinformatics),3142, ,0,0,0,0,0,0,0,0,0,0,0,0,0,0,0,0,0,0,0,0,0,0,0,0,0,0,0,0,0,0,0,0,0,0,0,0,0,0,1,0,0,0,0,0,0,0,0,0,0,0,0,0,0,1
1983,ON SIGNATURES AND AUTHENTICATION.,"Goldwasser Shafi, Micali Silvio, Yao Andrew",,,, ,0,0,0,0,0,0,0,0,0,0,0,0,0,0,0,0,0,0,0,0,0,0,0,0,0,0,0,0,0,0,0,0,0,0,0,0,0,0,0,0,0,0,0,0,0,0,0,0,0,1,0,0,0,1
1976,COMBINATORIAL OPTIMIZATION PROBLEM RELATED TO DATA SET ALLOCATION.,"Wong C.K., Yao Andrew Chi-Chih",,Rev Fr Autom Inf Rech Oper,10,5,0,0,0,0,0,0,0,0,0,0,0,0,0,0,0,0,0,0,0,0,0,0,0,0,0,0,0,0,0,0,0,0,0,0,0,1,0,0,0,0,0,0,0,0,0,0,0,0,0,0,0,0,0,1
2013,Foreword,Yao A.C.-C.,18716431,Cryptology and Information Security Series,10, ,0,0,0,0,0,0,0,0,0,0,0,0,0,0,0,0,0,0,0,0,0,0,0,0,0,0,0,0,0,0,0,0,0,0,0,0,0,0,0,0,0,0,0,0,0,0,0,0,0,0,0,0,0,0
2007,A note on universal composable zero knowledge in common reference string model,"Yao A.C.C., Yao F.F., Zhao Y.",3029743,Lecture Notes in Computer Science (including subseries Lecture Notes in Artificial Intelligence and Lecture Notes in Bioinformatics),4484, ,0,0,0,0,0,0,0,0,0,0,0,0,0,0,0,0,0,0,0,0,0,0,0,0,0,0,0,0,0,0,0,0,0,0,0,0,0,0,0,0,0,0,0,0,0,0,0,0,0,0,0,0,0,0
2007,Proceedings Twenty-Second Annual IEEE Conference on Computational Complexity: Preface,"Downey R., Khot S., Klivans A., Lutz J., Miltersen P.B., Pitassi T., Shaltiel R., Szegedy M., Thierauf T., Yao A.C.-C.",10930159,Proceedings of the Annual IEEE Conference on Computational Complexity,, ,0,0,0,0,0,0,0,0,0,0,0,0,0,0,0,0,0,0,0,0,0,0,0,0,0,0,0,0,0,0,0,0,0,0,0,0,0,0,0,0,0,0,0,0,0,0,0,0,0,0,0,0,0,0
2006,Recent progress in quantum computational complexity,Yao A.C.,3029743,Lecture Notes in Computer Science (including subseries Lecture Notes in Artificial Intelligence and Lecture Notes in Bioinformatics),3959, ,0,0,0,0,0,0,0,0,0,0,0,0,0,0,0,0,0,0,0,0,0,0,0,0,0,0,0,0,0,0,0,0,0,0,0,0,0,0,0,0,0,0,0,0,0,0,0,0,0,0,0,0,0,0
2005,On the communication complexity of co-linearity problems,Yao A.C.,3029743,Lecture Notes in Computer Science,3618, ,0,0,0,0,0,0,0,0,0,0,0,0,0,0,0,0,0,0,0,0,0,0,0,0,0,0,0,0,0,0,0,0,0,0,0,0,0,0,0,0,0,0,0,0,0,0,0,0,0,0,0,0,0,0
2001,Some perspectives on computational complexity,Yao A.C.-C.,7349025,Conference Proceedings of the Annual ACM Symposium on Theory of Computing,, ,0,0,0,0,0,0,0,0,0,0,0,0,0,0,0,0,0,0,0,0,0,0,0,0,0,0,0,0,0,0,0,0,0,0,0,0,0,0,0,0,0,0,0,0,0,0,0,0,0,0,0,0,0,0
1995,Minimean optimal key arrangements in hash tables,Yao A.C.-C.,1784617,Algorithmica,14,5,0,0,0,0,0,0,0,0,0,0,0,0,0,0,0,0,0,0,0,0,0,0,0,0,0,0,0,0,0,0,0,0,0,0,0,0,0,0,0,0,0,0,0,0,0,0,0,0,0,0,0,0,0,0
1995,Editors′ Foreword,"Halpern J., Awerbuch B., Benor M., Chandra A., Feigenbaum J., Vonzurgathen J., Guibas L., Pitt L., Saks M., Shmoys D., Sleator D., Upfal E., Vazirani U., Yao A.",220000,Journal of Computer and System Sciences,50,2,0,0,0,0,0,0,0,0,0,0,0,0,0,0,0,0,0,0,0,0,0,0,0,0,0,0,0,0,0,0,0,0,0,0,0,0,0,0,0,0,0,0,0,0,0,0,0,0,0,0,0,0,0,0
1993,Groups and algebraic complexity,Yao A.C.,3029743,Lecture Notes in Computer Science (including subseries Lecture Notes in Artificial Intelligence and Lecture Notes in Bioinformatics),709, ,0,0,0,0,0,0,0,0,0,0,0,0,0,0,0,0,0,0,0,0,0,0,0,0,0,0,0,0,0,0,0,0,0,0,0,0,0,0,0,0,0,0,0,0,0,0,0,0,0,0,0,0,0,0
1991,Recent progress in circuit and communication complexity,Yao A.C.-C.,3029743,Lecture Notes in Computer Science (including subseries Lecture Notes in Artificial Intelligence and Lecture Notes in Bioinformatics),529, ,0,0,0,0,0,0,0,0,0,0,0,0,0,0,0,0,0,0,0,0,0,0,0,0,0,0,0,0,0,0,0,0,0,0,0,0,0,0,0,0,0,0,0,0,0,0,0,0,0,0,0,0,0,0
1991,Weighted random assignments with application to hashing,Yao A.C.-C.,3029743,Lecture Notes in Computer Science (including subseries Lecture Notes in Artificial Intelligence and Lecture Notes in Bioinformatics),557, ,0,0,0,0,0,0,0,0,0,0,0,0,0,0,0,0,0,0,0,0,0,0,0,0,0,0,0,0,0,0,0,0,0,0,0,0,0,0,0,0,0,0,0,0,0,0,0,0,0,0,0,0,0,0
1989,On selecting the k largest with median tests,Chi-Chih Yao A.,1784617,Algorithmica,4, 1-4,0,0,0,0,0,0,0,0,0,0,0,0,0,0,0,0,0,0,0,0,0,0,0,0,0,0,0,0,0,0,0,0,0,0,0,0,0,0,0,0,0,0,0,0,0,0,0,0,0,0,0,0,0,0
1988,Forward,"Cole R., Edelsbrunner H., Fagin R., Frederickson G., Lynch N., Odlyzko A., Rcif J., Tompa M., Ullunan J., Yao A., Simon J.",7378017,Proceedings of the Annual ACM Symposium on Theory of Computing,, ,0,0,0,0,0,0,0,0,0,0,0,0,0,0,0,0,0,0,0,0,0,0,0,0,0,0,0,0,0,0,0,0,0,0,0,0,0,0,0,0,0,0,0,0,0,0,0,0,0,0,0,0,0,0
1978,Foreward,"Lipton R.J., Cook S.A., Ladner R.E., Munro I., Rounds W.C., Ullman J.D., Yao A.C.",7378017,Proceedings of the Annual ACM Symposium on Theory of Computing,130716, ,0,0,0,0,0,0,0,0,0,0,0,0,0,0,0,0,0,0,0,0,0,0,0,0,0,0,0,0,0,0,0,0,0,0,0,0,0,0,0,0,0,0,0,0,0,0,0,0,0,0,0,0,0,0
1971,Divergences of massive Yang-Mills theories: Higher groups,"Glashow S.L., Iliopoulos J., Yao A.",5562821,Physical Review D,4,6,0,0,0,0,0,0,0,0,0,0,0,0,0,0,0,0,0,0,0,0,0,0,0,0,0,0,0,0,0,0,0,0,0,0,0,0,0,0,0,0,0,0,0,0,0,0,0,0,0,0,0,0,0,0
