," 作者:Bertsimas, Dimitris J.",,,,,,,,,,,,,,,,,,,,,,,,,,,,,,,,,,,,,,,,,,,,,,,,,,,,,,,,,,,
,,,,,,,,,,,,,,,,,,,,,,,,,,,,,,,,,,,,,,,,,,,,,,,,,,,,,,,,,,,,
,h-index = 52 (在纳入 h-Index 的 214 文献中，有 52 篇已被至少引用 52 次。),,,,,,,,,,,,,,,,,,,,,,,,,,,,,,,,,,,,,,,,,,,,,,,,,,,,,,,,,,,
,,,,,,,,,,,,,,,,,,,,,,,,,,,,,,,,,,,,,,,,,,,,,,,,,,,,,,,,,,,,
,,,,,,,,,,,,,,,,,,,,,,,,,,,,,,,,,,,,,,,,,,,,,,,,,,,,,,,,,,,,
,,,,,,,<1970,1970,1971,1972,1973,1974,1975,1976,1977,1978,1979,1980,1981,1982,1983,1984,1985,1986,1987,1988,1989,1990,1991,1992,1993,1994,1995,1996,1997,1998,1999,2000,2001,2002,2003,2004,2005,2006,2007,2008,2009,2010,2011,2012,2013,2014,2015,2016,2017,2018,2019,2020,>2020,总计
出版年份,文献标题,作者,ISSN,期刊标题,卷,期,0,0,0,0,0,0,0,0,0,0,0,0,0,0,0,0,0,0,0,0,0,2,1,7,6,11,15,26,17,33,68,66,82,84,109,119,142,216,282,339,410,462,619,627,794,1008,1085,1289,1312,1570,1832,644,0,13277
2004,The price of robustness,"Bertsimas D., Sim M.",0030364X,Operations Research,52,1,0,0,0,0,0,0,0,0,0,0,0,0,0,0,0,0,0,0,0,0,0,0,0,0,0,0,0,0,0,0,0,0,0,0,0,2,7,22,28,39,48,75,97,103,133,166,166,235,221,256,256,122,0,1976
2011,Theory and applications of robust optimization,"Bertsimas D., Brown D.B., Caramanis C.",361445,SIAM Review,53,3,0,0,0,0,0,0,0,0,0,0,0,0,0,0,0,0,0,0,0,0,0,0,0,0,0,0,0,0,0,0,0,0,0,0,0,0,0,0,0,0,0,0,2,23,56,83,107,148,146,177,166,72,0,980
2003,Robust discrete optimization and network flows,"Bertsimas D., Sim M.",255610,Mathematical Programming,98, 1-3,0,0,0,0,0,0,0,0,0,0,0,0,0,0,0,0,0,0,0,0,0,0,0,0,0,0,0,0,0,0,0,0,0,0,0,3,10,16,19,25,36,48,53,51,73,80,97,98,90,117,101,43,0,960
2013,Adaptive robust optimization for the security constrained unit commitment problem,"Bertsimas D., Litvinov E., Sun X.A., Zhao J., Zheng T.",8858950,IEEE Transactions on Power Systems,28,1,0,0,0,0,0,0,0,0,0,0,0,0,0,0,0,0,0,0,0,0,0,0,0,0,0,0,0,0,0,0,0,0,0,0,0,0,0,0,0,0,0,0,0,0,20,72,89,139,116,150,153,41,0,780
1993,Simulated annealing,"Bertsimas D., Tsitsiklis J.",8834237,Statistical Science,8,1,0,0,0,0,0,0,0,0,0,0,0,0,0,0,0,0,0,0,0,0,0,0,0,0,1,3,0,2,1,2,3,2,0,0,1,3,2,4,2,4,0,10,17,40,36,54,59,65,60,55,50,22,0,498
1998,The air traffic flow management problem with enroute capacities,"Bertsimas D., Patterson S.S.",0030364X,Operations Research,46,3,0,0,0,0,0,0,0,0,0,0,0,0,0,0,0,0,0,0,0,0,0,0,0,0,0,0,0,0,0,1,2,5,3,6,13,6,7,9,23,20,17,18,29,27,22,22,17,22,28,25,23,4,0,349
1998,Optimal control of execution costs,"Bertsimas D., Lo A.W.",13864181,Journal of Financial Markets,1,1,0,0,0,0,0,0,0,0,0,0,0,0,0,0,0,0,0,0,0,0,0,0,0,0,0,0,0,0,0,0,2,0,3,7,4,4,12,7,11,4,14,19,19,22,35,34,25,25,33,24,24,13,0,341
2006,A robust optimization approach to inventory theory,"Bertsimas D., Thiele A.",0030364X,Operations Research,54,1,0,0,0,0,0,0,0,0,0,0,0,0,0,0,0,0,0,0,0,0,0,0,0,0,0,0,0,0,0,0,0,0,0,0,0,0,0,1,5,12,8,28,26,27,22,30,31,25,25,33,35,13,0,321
2004,Robust linear optimization under general norms,"Bertsimas D., Pachamanova D., Sim M.",1676377,Operations Research Letters,32,6,0,0,0,0,0,0,0,0,0,0,0,0,0,0,0,0,0,0,0,0,0,0,0,0,0,0,0,0,0,0,0,0,0,0,0,0,0,8,6,7,12,16,20,19,19,33,20,24,23,28,16,14,0,265
2006,Tractable approximations to robust conic optimization problems,"Bertsimas D., Sim M.",255610,Mathematical Programming,107, 1-2,0,0,0,0,0,0,0,0,0,0,0,0,0,0,0,0,0,0,0,0,0,0,0,0,0,0,0,0,0,0,0,0,0,0,0,0,0,0,11,14,18,9,12,20,20,21,16,14,11,14,11,4,0,195
2005,Optimal inequalities in probability theory: A convex optimization approach,"Bertsimas D., Popescu I.",10526234,SIAM Journal on Optimization,15,3,0,0,0,0,0,0,0,0,0,0,0,0,0,0,0,0,0,0,0,0,0,0,0,0,0,0,0,0,0,0,0,0,0,0,0,1,3,5,8,8,14,8,10,10,17,8,18,11,17,21,25,9,0,193
1996,"A new generation of vehicle routing research: Robust algorithms, addressing uncertainty","Bertsimas D.J., Simchi-Levi D.",0030364X,Operations Research,44,2,0,0,0,0,0,0,0,0,0,0,0,0,0,0,0,0,0,0,0,0,0,0,0,0,0,0,0,0,0,2,3,3,6,3,6,4,3,14,13,12,18,7,10,8,9,16,11,12,9,6,12,6,0,193
2011,The price of fairness,"Bertsimas D., Farias V.F., Trichakis N.",0030364X,Operations Research,59,1,0,0,0,0,0,0,0,0,0,0,0,0,0,0,0,0,0,0,0,0,0,0,0,0,0,0,0,0,0,0,0,0,0,0,0,0,0,0,0,0,0,0,0,7,11,22,23,20,27,32,32,15,0,189
2000,Traffic flow management rerouting problem in air traffic control: A dynamic network flow approach,"Bertsimas D., Patterson S.S.",411655,Transportation Science,34,3,0,0,0,0,0,0,0,0,0,0,0,0,0,0,0,0,0,0,0,0,0,0,0,0,0,0,0,0,0,0,0,0,0,2,0,3,6,4,12,10,7,4,16,12,12,11,7,15,15,13,11,3,0,163
2006,Robust game theory,"Aghassi M., Bertsimas D.",255610,Mathematical Programming,107, 1-2,0,0,0,0,0,0,0,0,0,0,0,0,0,0,0,0,0,0,0,0,0,0,0,0,0,0,0,0,0,0,0,0,0,0,0,0,0,0,2,4,11,8,17,10,14,12,12,14,19,12,14,7,0,156
2009,Constructing uncertainty sets for robust linear optimization,"Bertsimas D., Brown D.B.",0030364X,Operations Research,57,6,0,0,0,0,0,0,0,0,0,0,0,0,0,0,0,0,0,0,0,0,0,0,0,0,0,0,0,0,0,0,0,0,0,0,0,0,0,0,0,1,2,3,9,13,9,20,16,17,17,17,22,7,0,153
2000,"Restless bandits, linear programming relaxations, and a primal-dual index heuristic","Bertsimas D., Nino-Mora J.",0030364X,Operations Research,48,1,0,0,0,0,0,0,0,0,0,0,0,0,0,0,0,0,0,0,0,0,0,0,0,0,0,0,0,0,0,0,0,0,4,3,1,1,1,5,3,5,17,14,20,19,16,5,10,12,4,5,7,1,0,153
1990,A priori optimization,"Bertsimas Dimitris J., Jaillet Patrick, Odoni Amedeo R.",0030364X,Operations Research,38,6,0,0,0,0,0,0,0,0,0,0,0,0,0,0,0,0,0,0,0,0,0,0,0,0,0,1,3,5,1,0,3,2,3,6,7,2,4,6,6,14,10,9,12,5,11,7,5,4,9,5,7,1,0,148
2003,Revenue management in a dynamic network environment,"Bertsimas D., Popescu I.",411655,Transportation Science,37,3,0,0,0,0,0,0,0,0,0,0,0,0,0,0,0,0,0,0,0,0,0,0,0,0,0,0,0,0,0,0,0,0,0,0,0,3,4,5,11,9,9,17,12,12,7,10,12,10,6,3,13,3,0,146
1994,Multi-airport ground-holding problem in air traffic control,"Vranas Peter B., Bertsimas Dimitris J., Odoni Amedeo R.",0030364X,Operations Research,42,2,0,0,0,0,0,0,0,0,0,0,0,0,0,0,0,0,0,0,0,0,0,0,0,0,0,0,0,1,2,7,1,6,8,2,8,2,1,3,8,7,3,5,9,8,5,10,5,12,8,8,8,2,0,139
2011,An integer optimization approach to large-scale air traffic flow management,"Bertsimas D., Lulli G., Odoni A.",0030364X,Operations Research,59,1,0,0,0,0,0,0,0,0,0,0,0,0,0,0,0,0,0,0,0,0,0,0,0,0,0,0,0,0,0,0,0,0,0,0,0,0,0,0,0,0,0,0,6,13,10,12,12,17,25,17,19,4,0,135
2004,"Shortfall as a risk measure: Properties, optimization and applications","Bertsimas D., Lauprete G.J., Samarov A.",1651889,Journal of Economic Dynamics and Control,28,7,0,0,0,0,0,0,0,0,0,0,0,0,0,0,0,0,0,0,0,0,0,0,0,0,0,0,0,0,0,0,0,0,0,0,0,1,3,4,6,7,3,5,11,8,15,5,11,6,8,13,12,1,0,119
2009,Algorithm for cardinality-constrained quadratic optimization,"Bertsimas D., Shioda R.",9266003,Computational Optimization and Applications,43,1,0,0,0,0,0,0,0,0,0,0,0,0,0,0,0,0,0,0,0,0,0,0,0,0,0,0,0,0,0,0,0,0,0,0,0,0,0,0,0,0,1,1,4,3,11,12,8,12,17,14,22,6,0,111
2004,Solving convex programs by random walks,"Bertsimas D., Vempala S.",45411,Journal of the ACM,51,4,0,0,0,0,0,0,0,0,0,0,0,0,0,0,0,0,0,0,0,0,0,0,0,0,0,0,0,0,0,0,0,0,0,0,0,0,0,5,7,9,10,11,7,6,9,2,10,4,9,5,6,2,0,102
2008,Robust multiperiod portfolio management in the presence of transaction costs,"Bertsimas D., Pachamanova D.",3050548,Computers and Operations Research,35,1,0,0,0,0,0,0,0,0,0,0,0,0,0,0,0,0,0,0,0,0,0,0,0,0,0,0,0,0,0,0,0,0,0,0,0,0,0,0,0,0,3,0,11,7,8,12,8,13,18,6,11,4,0,101
1996,"Conservation laws, extended polymatroids and multiarmed bandit problems; a polyhedral approach to indexable systems","Bertsimas D., Nino-Mora J.",0364765X,Mathematics of Operations Research,21,2,0,0,0,0,0,0,0,0,0,0,0,0,0,0,0,0,0,0,0,0,0,0,0,0,0,0,0,2,1,4,9,4,6,6,4,5,1,1,7,6,10,3,1,3,2,5,6,7,1,2,2,2,0,100
1993,"Survivable networks, linear programming relaxations and the parsimonious property","Goemans M.X., Bertsimas D.J.",255610,Mathematical Programming,60, 1-3,0,0,0,0,0,0,0,0,0,0,0,0,0,0,0,0,0,0,0,0,0,0,0,0,0,2,4,2,3,7,4,4,7,4,2,3,4,3,6,3,6,2,6,4,2,4,5,3,1,2,6,0,0,99
2016,Best subset selection via a modern optimization lens,"Bertsimas D., King A., Mazumder R.",905364,Annals of Statistics,44,2,0,0,0,0,0,0,0,0,0,0,0,0,0,0,0,0,0,0,0,0,0,0,0,0,0,0,0,0,0,0,0,0,0,0,0,0,0,0,0,0,0,0,0,0,0,0,0,3,17,25,36,10,0,91
2010,Optimality of affine policies in multistage robust optimization,"Bertsimas D., Iancu D.A., Parrilo P.A.",0364765X,Mathematics of Operations Research,35,2,0,0,0,0,0,0,0,0,0,0,0,0,0,0,0,0,0,0,0,0,0,0,0,0,0,0,0,0,0,0,0,0,0,0,0,0,0,0,0,0,0,1,5,6,6,7,6,13,7,17,19,3,0,90
2005,Simulation-based booking limits for airline revenue management,"Bertsimas D., De Boer S.",0030364X,Operations Research,53,1,0,0,0,0,0,0,0,0,0,0,0,0,0,0,0,0,0,0,0,0,0,0,0,0,0,0,0,0,0,0,0,0,0,0,0,0,0,3,7,10,8,7,8,6,4,7,6,7,1,4,9,3,0,90
2008,Algorithmic prediction of health-care costs,"Bertsimas D., Bjarnadottir M.V., Kane M.A., Kryder J.C., Pandey R., Vempala S., Wang G.",0030364X,Operations Research,56,6,0,0,0,0,0,0,0,0,0,0,0,0,0,0,0,0,0,0,0,0,0,0,0,0,0,0,0,0,0,0,0,0,0,0,0,0,0,0,0,0,0,3,3,1,5,8,10,16,12,16,14,1,0,89
2002,On the relation between option and stock prices: A convex optimization approach,"Bertsimas D., Popescu I.",0030364X,Operations Research,50,2,0,0,0,0,0,0,0,0,0,0,0,0,0,0,0,0,0,0,0,0,0,0,0,0,0,0,0,0,0,0,0,0,0,1,0,3,4,9,2,8,5,9,7,9,2,4,3,6,5,4,6,0,0,87
2002,An approximate dynamic programming approach to multidimensional knapsack problems,"Bertsimas D., Demir R.",251909,Management Science,48,4,0,0,0,0,0,0,0,0,0,0,0,0,0,0,0,0,0,0,0,0,0,0,0,0,0,0,0,0,0,0,0,0,0,0,1,2,6,5,4,6,7,1,5,8,10,7,7,4,4,4,4,1,0,86
1995,Computational approaches to stochastic vehicle routing problems,"Bertsimas Dimitris, Chervi Philippe, Peterson Michael",411655,Transportation Science,29,4,0,0,0,0,0,0,0,0,0,0,0,0,0,0,0,0,0,0,0,0,0,0,0,0,0,0,0,0,0,0,1,4,1,3,5,4,3,4,6,9,11,6,1,3,2,2,2,5,6,2,4,1,0,85
2010,Models for minimax stochastic linear optimization problems with risk aversion,"Bertsimas D., Doan X.V., Natarajan K., Teo C.-P.",0364765X,Mathematics of Operations Research,35,3,0,0,0,0,0,0,0,0,0,0,0,0,0,0,0,0,0,0,0,0,0,0,0,0,0,0,0,0,0,0,0,0,0,0,0,0,0,0,0,0,0,0,2,2,6,11,5,10,7,16,17,6,0,82
2012,On the efficiency-fairness trade-off,"Bertsimas D., Farias V.F., Trichakis N.",251909,Management Science,58,12,0,0,0,0,0,0,0,0,0,0,0,0,0,0,0,0,0,0,0,0,0,0,0,0,0,0,0,0,0,0,0,0,0,0,0,0,0,0,0,0,0,0,0,0,2,11,11,5,13,19,16,4,0,81
2018,Data-driven robust optimization,"Bertsimas D., Gupta V., Kallus N.",255610,Mathematical Programming,167,2,0,0,0,0,0,0,0,0,0,0,0,0,0,0,0,0,0,0,0,0,0,0,0,0,0,0,0,0,0,0,0,0,0,0,0,0,0,0,0,0,0,0,0,0,0,0,0,0,1,8,52,15,0,76
2010,A soft robust model for optimization under ambiguity,"Ben-Tal A., Bertsimas D., Brown D.B.",0030364X,Operations Research,58,4,0,0,0,0,0,0,0,0,0,0,0,0,0,0,0,0,0,0,0,0,0,0,0,0,0,0,0,0,0,0,0,0,0,0,0,0,0,0,0,0,0,0,3,5,6,9,11,9,5,7,11,6,0,72
2007,Constrained stochastic LQC: A tractable approach,"Bertsimas D., Brown D.B.",189286,IEEE Transactions on Automatic Control,52,10,0,0,0,0,0,0,0,0,0,0,0,0,0,0,0,0,0,0,0,0,0,0,0,0,0,0,0,0,0,0,0,0,0,0,0,0,0,0,0,2,4,4,8,6,6,8,13,5,5,3,5,1,0,70
2000,When is time continuous?,"Bertsimas D., Kogan L., Lo A.W.",0304405X,Journal of Financial Economics,55,2,0,0,0,0,0,0,0,0,0,0,0,0,0,0,0,0,0,0,0,0,0,0,0,0,0,0,0,0,0,0,0,1,4,1,4,1,1,1,2,2,4,6,6,5,4,8,4,3,4,2,4,0,0,67
2003,Restaurant revenue management,"Bertsimas D., Shioda R.",0030364X,Operations Research,51,3,0,0,0,0,0,0,0,0,0,0,0,0,0,0,0,0,0,0,0,0,0,0,0,0,0,0,0,0,0,0,0,0,0,0,0,1,2,2,2,3,1,5,4,4,3,3,5,5,7,8,7,3,0,65
1993,Further results on the probabilistic traveling salesman problem,"Bertsimas D., Howell L.H.",3772217,European Journal of Operational Research,65,1,0,0,0,0,0,0,0,0,0,0,0,0,0,0,0,0,0,0,0,0,0,0,0,0,0,0,0,4,0,0,1,1,0,2,5,3,1,3,6,10,5,3,2,2,4,1,2,0,5,5,0,0,0,65
2001,Hedging derivative securities and incomplete markets: An ε-arbitrage approach,"Bertsimas D., Kogan L., Lo A.W.",0030364X,Operations Research,49,3,0,0,0,0,0,0,0,0,0,0,0,0,0,0,0,0,0,0,0,0,0,0,0,0,0,0,0,0,0,0,0,0,1,0,2,6,1,5,6,4,5,5,4,7,2,3,3,2,1,1,4,2,0,64
2012,Tractable stochastic analysis in high dimensions via robust optimization,"Bandi C., Bertsimas D.",255610,Mathematical Programming,134,1,0,0,0,0,0,0,0,0,0,0,0,0,0,0,0,0,0,0,0,0,0,0,0,0,0,0,0,0,0,0,0,0,0,0,0,0,0,0,0,0,0,0,0,0,2,6,11,9,9,8,13,5,0,63
2010,Robust optimization for unconstrained simulation-based problems,"Bertsimas D., Nohadani O., Teo K.M.",0030364X,Operations Research,58,1,0,0,0,0,0,0,0,0,0,0,0,0,0,0,0,0,0,0,0,0,0,0,0,0,0,0,0,0,0,0,0,0,0,0,0,0,0,0,0,0,0,4,4,6,8,4,7,6,6,5,8,5,0,63
2008,The air traffic flow management problem: An integer optimization approach,"Bertsimas D., Lulli G., Odoni A.",3029743,Lecture Notes in Computer Science (including subseries Lecture Notes in Artificial Intelligence and Lecture Notes in Bioinformatics),5035, ,0,0,0,0,0,0,0,0,0,0,0,0,0,0,0,0,0,0,0,0,0,0,0,0,0,0,0,0,0,0,0,0,0,0,0,0,0,0,0,0,3,8,9,6,5,5,3,7,8,7,1,1,0,63
2004,A robust optimization approach to supply chain management,"Bertsimas D., Thiele A.",3029743,Lecture Notes in Computer Science (including subseries Lecture Notes in Artificial Intelligence and Lecture Notes in Bioinformatics),3064, ,0,0,0,0,0,0,0,0,0,0,0,0,0,0,0,0,0,0,0,0,0,0,0,0,0,0,0,0,0,0,0,0,0,0,0,0,2,2,5,3,3,4,3,1,3,4,6,7,7,4,5,1,0,60
2001,Probabilistic service level guarantees in make-to-stock manufacturing systems,"Bertsimas D., Paschalidis I.Ch.",0030364X,Operations Research,49,1,0,0,0,0,0,0,0,0,0,0,0,0,0,0,0,0,0,0,0,0,0,0,0,0,0,0,0,0,0,0,0,0,2,1,3,3,4,7,8,6,5,4,3,2,0,3,3,0,0,1,3,2,0,60
2010,Finite adaptability in multistage linear optimization,"Bertsimas D., Caramanis C.",189286,IEEE Transactions on Automatic Control,55,12,0,0,0,0,0,0,0,0,0,0,0,0,0,0,0,0,0,0,0,0,0,0,0,0,0,0,0,0,0,0,0,0,0,0,0,0,0,0,0,0,0,1,3,2,2,1,3,8,8,14,15,2,0,59
1999,Asymptotically Optimal Algorithms for Job Shop Scheduling and Packet Routing,"Bertsimas D., Gamarnik D.",1966774,Journal of Algorithms,33,2,0,0,0,0,0,0,0,0,0,0,0,0,0,0,0,0,0,0,0,0,0,0,0,0,0,0,0,0,0,0,0,0,2,4,4,5,6,2,2,3,8,4,3,1,3,2,3,2,2,2,0,1,0,59
2010,Robust optimization with simulated annealing,"Bertsimas D., Nohadani O.",9255001,Journal of Global Optimization,48,2,0,0,0,0,0,0,0,0,0,0,0,0,0,0,0,0,0,0,0,0,0,0,0,0,0,0,0,0,0,0,0,0,0,0,0,0,0,0,0,0,0,0,1,5,6,8,4,7,8,5,9,3,0,56
1998,Asymptotic buffer overflow probabilities in multiclass multiplexers: An optimal control approach,"Bertsimas D., Paschalidis I.Ch., Tsitsiklis J.N.",189286,IEEE Transactions on Automatic Control,43,3,0,0,0,0,0,0,0,0,0,0,0,0,0,0,0,0,0,0,0,0,0,0,0,0,0,0,0,0,0,2,3,4,5,1,3,2,5,6,1,6,3,5,4,2,2,0,1,0,0,0,1,0,0,56
2013,"Fairness, efficiency, and flexibility in organ allocation for kidney transplantation","Bertsimas D., Farias V.F., Trichakis N.",0030364X,Operations Research,61,1,0,0,0,0,0,0,0,0,0,0,0,0,0,0,0,0,0,0,0,0,0,0,0,0,0,0,0,0,0,0,0,0,0,0,0,0,0,0,0,0,0,0,0,0,0,4,5,2,7,14,13,6,0,51
2011,A hierarchy of near-optimal policies for multistage adaptive optimization,"Bertsimas D., Iancu D.A., Parrilo P.A.",189286,IEEE Transactions on Automatic Control,56,12,0,0,0,0,0,0,0,0,0,0,0,0,0,0,0,0,0,0,0,0,0,0,0,0,0,0,0,0,0,0,0,0,0,0,0,0,0,0,0,0,0,0,1,3,3,3,7,6,3,9,14,1,0,50
2010,On the power of robust solutions in two-stage stochastic and adaptive optimization problems,"Bertsimas D., Goyal V.",0364765X,Mathematics of Operations Research,35,2,0,0,0,0,0,0,0,0,0,0,0,0,0,0,0,0,0,0,0,0,0,0,0,0,0,0,0,0,0,0,0,0,0,0,0,0,0,0,0,0,0,0,4,2,2,5,8,10,6,3,7,2,0,49
1999,"Portfolio construction through mixed-integer programming at Grantham, Mayo, Van Otterloo and Company","Bertsimas D., Darnell C., Soucy R.",922102,Interfaces,29,1,0,0,0,0,0,0,0,0,0,0,0,0,0,0,0,0,0,0,0,0,0,0,0,0,0,0,0,0,0,0,0,1,1,3,4,1,0,3,1,4,4,4,3,0,4,5,2,1,3,2,2,1,0,49
2012,Equitable and efficient coordination in traffic flow management,"Barnhart C., Bertsimas D., Caramanis C., Fearing D.",411655,Transportation Science,46,2,0,0,0,0,0,0,0,0,0,0,0,0,0,0,0,0,0,0,0,0,0,0,0,0,0,0,0,0,0,0,0,0,0,0,0,0,0,0,0,0,0,0,0,2,1,1,5,9,13,5,8,4,0,48
2017,Optimal classification trees,"Bertsimas D., Dunn J.",8856125,Machine Learning,106,7,0,0,0,0,0,0,0,0,0,0,0,0,0,0,0,0,0,0,0,0,0,0,0,0,0,0,0,0,0,0,0,0,0,0,0,0,0,0,0,0,0,0,0,0,0,0,0,0,0,15,23,9,0,47
2012,On the power and limitations of affine policies in two-stage adaptive optimization,"Bertsimas D., Goyal V.",255610,Mathematical Programming,134,2,0,0,0,0,0,0,0,0,0,0,0,0,0,0,0,0,0,0,0,0,0,0,0,0,0,0,0,0,0,0,0,0,0,0,0,0,0,0,0,0,0,0,0,1,1,0,5,6,9,9,11,2,0,44
2009,Depression and costs of health care,"Welch C.A., Czerwinski D., Ghimire B., Bertsimas D.",333182,Psychosomatics,50,4,0,0,0,0,0,0,0,0,0,0,0,0,0,0,0,0,0,0,0,0,0,0,0,0,0,0,0,0,0,0,0,0,0,0,0,0,0,0,0,0,0,3,2,6,9,1,6,4,5,2,5,1,0,44
2007,Classification and regression via integer optimization,"Bertsimas D., Shioda R.",0030364X,Operations Research,55,2,0,0,0,0,0,0,0,0,0,0,0,0,0,0,0,0,0,0,0,0,0,0,0,0,0,0,0,0,0,0,0,0,0,0,0,0,0,0,0,0,1,2,6,1,6,0,1,3,5,6,9,2,0,42
1999,A new algorithm for state-constrained separated continuous linear programs,"Luo X., Bertsimas D.",3630129,SIAM Journal on Control and Optimization,37,1,0,0,0,0,0,0,0,0,0,0,0,0,0,0,0,0,0,0,0,0,0,0,0,0,0,0,0,0,0,0,1,1,2,4,5,1,1,1,2,1,2,1,3,3,2,3,3,0,1,0,1,3,0,41
2015,Data-driven estimation in equilibrium using inverse optimization,"Bertsimas D., Gupta V., Paschalidis I.C.",255610,Mathematical Programming,153,2,0,0,0,0,0,0,0,0,0,0,0,0,0,0,0,0,0,0,0,0,0,0,0,0,0,0,0,0,0,0,0,0,0,0,0,0,0,0,0,0,0,0,0,0,0,0,0,1,3,20,13,3,0,40
1990,The probabilistic minimum spanning tree problem,Bertsimas D.J.,283045,Networks,20,3,0,0,0,0,0,0,0,0,0,0,0,0,0,0,0,0,0,0,0,0,0,0,0,1,1,2,1,0,1,0,1,1,1,0,1,1,2,1,2,1,2,3,1,3,2,2,1,0,3,4,1,1,0,40
1990,Analytic approach to a general class of G/G/s queueing systems,Bertsimas Dimitris,0030364X,Operations Research,38,1,0,0,0,0,0,0,0,0,0,0,0,0,0,0,0,0,0,0,0,0,0,0,0,1,1,0,1,1,0,0,3,3,0,2,2,2,3,2,1,1,3,1,2,0,2,2,4,1,1,0,1,0,0,40
2015,Design of near optimal decision rules in multistage adaptive mixed-integer optimization,"Bertsimas D., Georghiou A.",0030364X,Operations Research,63,3,0,0,0,0,0,0,0,0,0,0,0,0,0,0,0,0,0,0,0,0,0,0,0,0,0,0,0,0,0,0,0,0,0,0,0,0,0,0,0,0,0,0,0,0,0,0,2,9,6,8,12,2,0,39
2001,Performance of multiclass Markovian queueing networks via piecewise linear Lyapunov functions,"Bertsimas D., Gamarnik D., Tsitsiklis J.N.",10505164,Annals of Applied Probability,11,4,0,0,0,0,0,0,0,0,0,0,0,0,0,0,0,0,0,0,0,0,0,0,0,0,0,0,0,0,0,0,0,0,2,0,4,4,0,2,2,1,2,2,2,1,3,1,3,2,1,3,3,0,0,38
2010,Nonconvex robust optimization for problems with constraints,"Bertsimas D., Nohadani O., Teo K.M.",10919856,INFORMS Journal on Computing,22,1,0,0,0,0,0,0,0,0,0,0,0,0,0,0,0,0,0,0,0,0,0,0,0,0,0,0,0,0,0,0,0,0,0,0,0,0,0,0,0,0,0,1,2,3,5,4,1,3,5,6,5,2,0,37
1998,On the large deviations behavior of acyclic networks of G/G/1 queues,"Bertsimas D., Paschalidis I.Ch., Tsitsiklis J.N.",10505164,Annals of Applied Probability,8,4,0,0,0,0,0,0,0,0,0,0,0,0,0,0,0,0,0,0,0,0,0,0,0,0,0,0,0,0,0,0,3,3,3,1,2,4,1,3,1,4,2,1,1,0,0,1,2,1,0,1,2,0,0,36
2013,A hybrid approach to beam angle optimization in intensity-modulated radiation therapy,"Bertsimas D., Cacchiani V., Craft D., Nohadani O.",3050548,Computers and Operations Research,40,9,0,0,0,0,0,0,0,0,0,0,0,0,0,0,0,0,0,0,0,0,0,0,0,0,0,0,0,0,0,0,0,0,0,0,0,0,0,0,0,0,0,0,0,0,2,1,5,5,3,8,9,2,0,35
2006,Tight bounds on expected order statistics,"Bertsimas D., Natarajan K., Teo C.-P.",2699648,Probability in the Engineering and Informational Sciences,20,4,0,0,0,0,0,0,0,0,0,0,0,0,0,0,0,0,0,0,0,0,0,0,0,0,0,0,0,0,0,0,0,0,0,0,0,0,0,0,0,1,2,4,4,1,1,5,3,4,2,3,5,0,0,35
1996,Stability conditions for multiclass fluid queueing networks,"Bertsimas D., Gamarnik D., Tsitsiklis J.N.",189286,IEEE Transactions on Automatic Control,41,11,0,0,0,0,0,0,0,0,0,0,0,0,0,0,0,0,0,0,0,0,0,0,0,0,0,0,0,0,2,0,2,3,4,1,1,1,2,0,1,0,3,1,3,3,1,1,1,2,2,0,1,0,0,35
2002,From fluid relaxations to practical algorithms for job shop scheduling: The makespan objective,"Bertsimas D., Sethuraman J.",255610,"Mathematical Programming, Series B",92,1,0,0,0,0,0,0,0,0,0,0,0,0,0,0,0,0,0,0,0,0,0,0,0,0,0,0,0,0,0,0,0,0,0,0,3,2,2,0,3,1,6,4,4,0,1,3,1,0,2,2,0,0,0,34
1999,On dependent randomized rounding algorithms,"Bertsimas D., Teo C., Vohra R.",1676377,Operations Research Letters,24,3,0,0,0,0,0,0,0,0,0,0,0,0,0,0,0,0,0,0,0,0,0,0,0,0,0,0,0,0,0,0,0,0,0,2,1,3,6,2,1,2,3,0,4,1,1,3,2,0,0,1,1,1,0,34
2016,Reformulation versus cutting-planes for robust optimization: A computational study,"Bertsimas D., Dunning I., Lubin M.",1619697X,Computational Management Science,13,2,0,0,0,0,0,0,0,0,0,0,0,0,0,0,0,0,0,0,0,0,0,0,0,0,0,0,0,0,0,0,0,0,0,0,0,0,0,0,0,0,0,0,0,0,0,0,0,4,7,8,10,4,0,33
2011,Optimal selection of airport runway configurations,"Bertsimas D., Frankovich M., Odoni A.",0030364X,Operations Research,59,6,0,0,0,0,0,0,0,0,0,0,0,0,0,0,0,0,0,0,0,0,0,0,0,0,0,0,0,0,0,0,0,0,0,0,0,0,0,0,0,0,0,0,0,0,5,3,6,4,5,7,3,0,0,33
2005,"Probabilistic combinatorial optimization: Moments, semidefinite programming, and asymptotic bounds","Bertsimas D., Natarajan K., Teo C.-P.",10526234,SIAM Journal on Optimization,15,1,0,0,0,0,0,0,0,0,0,0,0,0,0,0,0,0,0,0,0,0,0,0,0,0,0,0,0,0,0,0,0,0,0,0,0,0,1,1,2,2,2,2,2,4,1,3,3,1,1,2,5,0,0,32
1997,Transient laws of non-stationary queueing systems and their applications,"Bertsimas D., Mourtzinou G.",2570130,Queueing Systems,25, 1-4,0,0,0,0,0,0,0,0,0,0,0,0,0,0,0,0,0,0,0,0,0,0,0,0,0,0,0,0,0,0,1,0,0,0,0,0,0,0,0,1,0,1,0,4,3,2,2,4,6,4,2,1,0,31
1990,An asymptotic determination of the minimum spanning tree and minimum matching constants in geometrical probability,"Bertsimas D.J., van Ryzin G.",1676377,Operations Research Letters,9,4,0,0,0,0,0,0,0,0,0,0,0,0,0,0,0,0,0,0,0,0,0,0,0,1,1,1,2,3,1,0,0,2,0,1,0,1,1,2,2,4,2,1,1,1,0,0,1,1,1,0,1,0,0,31
2007,A learning approach for interactive marketing to a customer segment,"Bertsimas D., Mersereau A.J.",0030364X,Operations Research,55,6,0,0,0,0,0,0,0,0,0,0,0,0,0,0,0,0,0,0,0,0,0,0,0,0,0,0,0,0,0,0,0,0,0,0,0,0,0,0,0,1,1,4,2,1,0,4,2,4,2,5,2,2,0,30
1999,Optimal Control of Execution Costs for Portfolios,"Bertsimas D., Lo A.W., Hummel P.",15219615,Computing in Science and Engineering,1,6,0,0,0,0,0,0,0,0,0,0,0,0,0,0,0,0,0,0,0,0,0,0,0,0,0,0,0,0,0,0,0,0,0,1,1,0,3,0,2,0,0,1,2,0,3,3,2,4,3,2,2,1,0,30
2016,Multistage robust mixed-integer optimization with adaptive partitions,"Bertsimas D., Dunning I.",0030364X,Operations Research,64,4,0,0,0,0,0,0,0,0,0,0,0,0,0,0,0,0,0,0,0,0,0,0,0,0,0,0,0,0,0,0,0,0,0,0,0,0,0,0,0,0,0,0,0,0,0,0,0,1,2,8,16,2,0,29
2006,Persistence in discrete optimization under data uncertainty,"Bertsimas D., Natarajan K., Teo C.-P.",255610,Mathematical Programming,108, 2-3,0,0,0,0,0,0,0,0,0,0,0,0,0,0,0,0,0,0,0,0,0,0,0,0,0,0,0,0,0,0,0,0,0,0,0,0,0,0,1,0,2,3,1,5,1,5,2,1,0,2,4,1,0,28
1999,Large deviations analysis of the generalized processor sharing policy,"Bertsimas D., Paschalidis I.Ch., Tsitsiklis J.N.",2570130,Queueing Systems,32,4,0,0,0,0,0,0,0,0,0,0,0,0,0,0,0,0,0,0,0,0,0,0,0,0,0,0,0,0,0,0,0,0,2,3,4,3,1,2,1,3,2,3,0,0,0,1,0,0,1,0,2,0,0,28
1998,Rounding algorithms for covering problems,"Bertsimas D., Vohra R.",255610,"Mathematical Programming, Series B",80,1,0,0,0,0,0,0,0,0,0,0,0,0,0,0,0,0,0,0,0,0,0,0,0,0,0,0,0,0,0,1,1,1,0,0,0,3,1,1,0,1,2,2,3,0,1,1,3,1,0,2,2,1,0,27
2006,Solving asymmetric variational inequalities via convex optimization,"Aghassi M., Bertsimas D., Perakis G.",1676377,Operations Research Letters,34,5,0,0,0,0,0,0,0,0,0,0,0,0,0,0,0,0,0,0,0,0,0,0,0,0,0,0,0,0,0,0,0,0,0,0,0,0,0,0,0,0,0,0,2,2,0,1,4,2,4,3,5,3,0,26
2003,From fluid relaxations to practical algorithms for high-multiplicity job-shop scheduling: The holding cost objective,"Bertsimas D., Gamarnik D., Sethuraman J.",0030364X,Operations Research,51,5,0,0,0,0,0,0,0,0,0,0,0,0,0,0,0,0,0,0,0,0,0,0,0,0,0,0,0,0,0,0,0,0,0,0,0,1,2,4,2,1,3,2,3,0,0,2,0,0,1,3,1,1,0,26
2016,Fairness and collaboration in network air traffic flow management: An optimization approach,"Bertsimas D., Gupta S.",411655,Transportation Science,50,1,0,0,0,0,0,0,0,0,0,0,0,0,0,0,0,0,0,0,0,0,0,0,0,0,0,0,0,0,0,0,0,0,0,0,0,0,0,0,0,0,0,0,0,0,0,0,0,1,7,4,7,6,0,25
2016,OR forum-an algorithmic approach to linear regression,"Bertsimas D., King A.",0030364X,Operations Research,64,1,0,0,0,0,0,0,0,0,0,0,0,0,0,0,0,0,0,0,0,0,0,0,0,0,0,0,0,0,0,0,0,0,0,0,0,0,0,0,0,0,0,0,0,0,0,0,0,0,5,4,11,5,0,25
2012,Inverse optimization: A new perspective on the Black-Litterman model,"Bertsimas D., Gupta V., Paschalidis I.Ch.",0030364X,Operations Research,60,6,0,0,0,0,0,0,0,0,0,0,0,0,0,0,0,0,0,0,0,0,0,0,0,0,0,0,0,0,0,0,0,0,0,0,0,0,0,0,0,0,0,0,0,0,1,2,0,1,3,10,6,2,0,25
2011,A Geometric characterization of the power of finite adaptability in multistage stochastic and adaptive optimization,"Bertsimas D., Goyal V., Andy Sun X.",0364765X,Mathematics of Operations Research,36,1,0,0,0,0,0,0,0,0,0,0,0,0,0,0,0,0,0,0,0,0,0,0,0,0,0,0,0,0,0,0,0,0,0,0,0,0,0,0,0,0,0,0,0,0,1,4,4,5,1,3,7,0,0,25
1988,An exact FCFS waiting time analysis for a general class of G/G/s queueing systems,Bertsimas D.,2570130,Queueing Systems,3,4,0,0,0,0,0,0,0,0,0,0,0,0,0,0,0,0,0,0,0,0,0,0,0,2,1,0,1,1,0,1,3,3,1,0,0,1,1,0,0,0,0,1,1,0,3,3,2,0,0,0,0,0,0,25
2014,Dynamic resource allocation: A flexible and tractable modeling framework,"Bertsimas D., Gupta S., Lulli G.",3772217,European Journal of Operational Research,236,1,0,0,0,0,0,0,0,0,0,0,0,0,0,0,0,0,0,0,0,0,0,0,0,0,0,0,0,0,0,0,0,0,0,0,0,0,0,0,0,0,0,0,0,0,0,2,4,4,4,5,5,0,0,24
2007,Robust optimization in electromagnetic scattering problems,"Bertsimas D., Nohadani O., Kwong M.T.",218979,Journal of Applied Physics,101,7,0,0,0,0,0,0,0,0,0,0,0,0,0,0,0,0,0,0,0,0,0,0,0,0,0,0,0,0,0,0,0,0,0,0,0,0,0,0,0,2,2,3,2,1,3,2,2,0,2,2,2,1,0,24
2018,Robust sample average approximation,"Bertsimas D., Gupta V., Kallus N.",255610,Mathematical Programming,171, 1-2,0,0,0,0,0,0,0,0,0,0,0,0,0,0,0,0,0,0,0,0,0,0,0,0,0,0,0,0,0,0,0,0,0,0,0,0,0,0,0,0,0,0,0,0,0,0,0,0,0,3,18,2,0,23
2013,Robust and adaptive network flows,"Bertsimas D., Nasrabadi E., Stiller S.",0030364X,Operations Research,61,5,0,0,0,0,0,0,0,0,0,0,0,0,0,0,0,0,0,0,0,0,0,0,0,0,0,0,0,0,0,0,0,0,0,0,0,0,0,0,0,0,0,0,0,0,0,0,2,3,2,6,7,2,0,22
1998,From valid inequalities to heuristics: A unified view of primal-dual approximation algorithms in covering problems,"Bertsimas D., Teo C.-P.",0030364X,Operations Research,46,4,0,0,0,0,0,0,0,0,0,0,0,0,0,0,0,0,0,0,0,0,0,0,0,0,0,0,0,0,0,0,1,0,0,2,0,3,3,3,0,1,1,0,3,0,1,0,4,0,0,0,0,0,0,22
1992,Transient and busy period analysis of the GI/G/1 queue: The method of stages,"Bertsimas D.J., Nakazato D.",2570130,Queueing Systems,10,3,0,0,0,0,0,0,0,0,0,0,0,0,0,0,0,0,0,0,0,0,0,0,0,1,0,0,0,1,2,1,2,0,0,0,0,1,0,0,0,2,1,0,1,1,0,0,0,4,2,2,1,0,0,22
2015,Robust queueing theory,"Bandi C., Bertsimas D., Youssef N.",0030364X,Operations Research,63,3,0,0,0,0,0,0,0,0,0,0,0,0,0,0,0,0,0,0,0,0,0,0,0,0,0,0,0,0,0,0,0,0,0,0,0,0,0,0,0,0,0,0,0,0,0,0,0,1,3,6,11,0,0,21
1995,"The achievable region method in the optimal control of queueing systems; formulations, bounds and policies",Bertsimas D.,2570130,Queueing Systems,21, 3-4,0,0,0,0,0,0,0,0,0,0,0,0,0,0,0,0,0,0,0,0,0,0,0,0,0,0,0,0,0,0,5,2,0,2,0,0,0,2,0,0,0,0,0,1,0,5,1,3,0,0,0,0,0,21
2014,Robust option pricing,"Bandi C., Bertsimas D.",3772217,European Journal of Operational Research,239,3,0,0,0,0,0,0,0,0,0,0,0,0,0,0,0,0,0,0,0,0,0,0,0,0,0,0,0,0,0,0,0,0,0,0,0,0,0,0,0,0,0,0,0,0,0,0,1,2,2,7,7,1,0,20
2013,On the approximability of adjustable robust convex optimization under uncertainty,"Bertsimas D., Goyal V.",14322994,Mathematical Methods of Operations Research,77,3,0,0,0,0,0,0,0,0,0,0,0,0,0,0,0,0,0,0,0,0,0,0,0,0,0,0,0,0,0,0,0,0,0,0,0,0,0,0,0,0,0,0,0,0,0,1,3,2,4,6,3,1,0,20
2008,Robust chirped mirrors,"Nohadani O., Birge J.R., Kartner F.X., Bertsimas D.J.",1559128X,Applied Optics,47,14,0,0,0,0,0,0,0,0,0,0,0,0,0,0,0,0,0,0,0,0,0,0,0,0,0,0,0,0,0,0,0,0,0,0,0,0,0,0,0,1,0,2,3,1,5,5,0,1,0,2,0,0,0,20
1989,Worst-case examples for the spacefilling curve heuristic for the Euclidean traveling salesman problem,"Bertsimas D., Grigni M.",1676377,Operations Research Letters,8,5,0,0,0,0,0,0,0,0,0,0,0,0,0,0,0,0,0,0,0,0,0,0,0,0,1,1,2,0,0,1,0,1,0,0,1,0,2,1,0,2,0,1,0,1,2,0,1,0,2,0,1,0,0,20
2016,An analytics approach to designing combination chemotherapy regimens for cancer,"Bertsimas D., O'Hair A., Relyea S., Silberholz J.",251909,Management Science,62,5,0,0,0,0,0,0,0,0,0,0,0,0,0,0,0,0,0,0,0,0,0,0,0,0,0,0,0,0,0,0,0,0,0,0,0,0,0,0,0,0,0,0,0,0,0,0,0,2,1,4,7,5,0,19
1999,"Optimization of multiclass queueing networks with changeover times via the achievable region approach: Part II, the multi-station case","Bertsimas D., Nino-Mora J.",0364765X,Mathematics of Operations Research,24,2,0,0,0,0,0,0,0,0,0,0,0,0,0,0,0,0,0,0,0,0,0,0,0,0,0,0,0,0,0,0,1,1,3,3,0,2,0,3,1,1,0,0,1,0,1,0,0,1,0,0,1,0,0,19
2016,Duality in two-stage adaptive linear optimization: Faster computation and stronger bounds,"Bertsimas D., De Ruiter F.J.C.T.",10919856,INFORMS Journal on Computing,28,3,0,0,0,0,0,0,0,0,0,0,0,0,0,0,0,0,0,0,0,0,0,0,0,0,0,0,0,0,0,0,0,0,0,0,0,0,0,0,0,0,0,0,0,0,0,0,0,0,3,8,7,0,0,18
2013,Revealing rival marginal offer prices via inverse optimization,"Ruiz C., Conejo A.J., Bertsimas D.J.",8858950,IEEE Transactions on Power Systems,28,3,0,0,0,0,0,0,0,0,0,0,0,0,0,0,0,0,0,0,0,0,0,0,0,0,0,0,0,0,0,0,0,0,0,0,0,0,0,0,0,0,0,0,0,0,0,0,1,0,4,4,6,3,0,18
2014,Least quantile regression via modern optimization,"Bertsimas D., Mazumder R.",905364,Annals of Statistics,42,6,0,0,0,0,0,0,0,0,0,0,0,0,0,0,0,0,0,0,0,0,0,0,0,0,0,0,0,0,0,0,0,0,0,0,0,0,0,0,0,0,0,0,0,0,0,0,1,4,4,4,4,0,0,17
2014,Optimal design for multi-item auctions: A robust optimization approach,"Bandi C., Bertsimas D.",0364765X,Mathematics of Operations Research,39,4,0,0,0,0,0,0,0,0,0,0,0,0,0,0,0,0,0,0,0,0,0,0,0,0,0,0,0,0,0,0,0,0,0,0,0,0,0,0,0,0,0,0,0,0,0,0,1,2,4,4,5,1,0,17
2006,Bounds on linear PDEs via semidefinite optimization,"Bertsimas D., Caramanis C.",255610,Mathematical Programming,108,1,0,0,0,0,0,0,0,0,0,0,0,0,0,0,0,0,0,0,0,0,0,0,0,0,0,0,0,0,0,0,0,0,0,0,0,0,0,0,0,1,1,0,1,0,0,2,6,2,2,1,0,1,0,17
2001,Multistage lot sizing problems via randomized rounding,"Teo C.-P., Bertsimas D.",0030364X,Operations Research,49,4,0,0,0,0,0,0,0,0,0,0,0,0,0,0,0,0,0,0,0,0,0,0,0,0,0,0,0,0,0,0,0,0,0,1,0,1,0,0,1,1,0,2,1,0,4,2,0,2,0,1,1,0,0,17
2016,On the power of randomization in network interdiction,"Bertsimas D., Nasrabadi E., Orlin J.B.",1676377,Operations Research Letters,44,1,0,0,0,0,0,0,0,0,0,0,0,0,0,0,0,0,0,0,0,0,0,0,0,0,0,0,0,0,0,0,0,0,0,0,0,0,0,0,0,0,0,0,0,0,0,0,0,1,3,3,7,2,0,16
2011,Performance analysis of queueing networks via robust optimization,"Bertsimas D., Gamarnik D., Anatoliy Rikun A.",0030364X,Operations Research,59,2,0,0,0,0,0,0,0,0,0,0,0,0,0,0,0,0,0,0,0,0,0,0,0,0,0,0,0,0,0,0,0,0,0,0,0,0,0,0,0,0,0,0,0,0,1,3,3,1,1,4,3,0,0,16
2010,Robust and data-driven approaches to call centers,"Bertsimas D., Doan X.V.",3772217,European Journal of Operational Research,207,2,0,0,0,0,0,0,0,0,0,0,0,0,0,0,0,0,0,0,0,0,0,0,0,0,0,0,0,0,0,0,0,0,0,0,0,0,0,0,0,0,0,0,0,1,0,2,3,2,1,4,3,0,0,16
1996,On dependent randomized rounding algorithms,"Bertsimas D., Teo C.-P., Vohra R.",3029743,Lecture Notes in Computer Science (including subseries Lecture Notes in Artificial Intelligence and Lecture Notes in Bioinformatics),1084, ,0,0,0,0,0,0,0,0,0,0,0,0,0,0,0,0,0,0,0,0,0,0,0,0,0,0,0,0,1,1,1,1,1,0,1,0,2,0,1,1,0,0,0,0,3,2,0,0,1,0,0,0,0,16
2017,Personalized diabetes management using electronic medical records,"Bertsimas D., Kallus N., Weinstein A.M., Zhuo Y.D.",1495992,Diabetes Care,40,2,0,0,0,0,0,0,0,0,0,0,0,0,0,0,0,0,0,0,0,0,0,0,0,0,0,0,0,0,0,0,0,0,0,0,0,0,0,0,0,0,0,0,0,0,0,0,0,0,4,3,4,4,0,15
2017,Robust product line design,"Bertsimas D., Misic V.V.",0030364X,Operations Research,65,1,0,0,0,0,0,0,0,0,0,0,0,0,0,0,0,0,0,0,0,0,0,0,0,0,0,0,0,0,0,0,0,0,0,0,0,0,0,0,0,0,0,0,0,0,0,0,0,0,1,1,11,2,0,15
2015,The power of optimization over randomization in designing experiments involving small samples,"Bertsimas D., Johnson M., Kallus N.",0030364X,Operations Research,63,4,0,0,0,0,0,0,0,0,0,0,0,0,0,0,0,0,0,0,0,0,0,0,0,0,0,0,0,0,0,0,0,0,0,0,0,0,0,0,0,0,0,0,0,0,0,0,0,3,2,5,5,0,0,15
2000,New algebraic geometry algorithm for integer programming,"Bertsimas D., Perakis G., Tayur S.",251909,Management Science,46,7,0,0,0,0,0,0,0,0,0,0,0,0,0,0,0,0,0,0,0,0,0,0,0,0,0,0,0,0,0,0,0,0,0,1,0,1,0,0,0,0,4,0,3,0,1,0,0,0,1,1,1,1,0,14
2018,"Surgical Risk Is Not Linear: Derivation and Validation of a Novel, User-friendly, and Machine-learning-based Predictive OpTimal Trees in Emergency Surgery Risk (POTTER) Calculator","Bertsimas D., Dunn J., Velmahos G.C., Kaafarani H.M.A.",15281140,Annals of surgery,268,4,0,0,0,0,0,0,0,0,0,0,0,0,0,0,0,0,0,0,0,0,0,0,0,0,0,0,0,0,0,0,0,0,0,0,0,0,0,0,0,0,0,0,0,0,0,0,0,0,0,0,8,5,0,13
2017,Logistic regression: From art to science,"Bertsimas D., King A.",8834237,Statistical Science,32,3,0,0,0,0,0,0,0,0,0,0,0,0,0,0,0,0,0,0,0,0,0,0,0,0,0,0,0,0,0,0,0,0,0,0,0,0,0,0,0,0,0,0,0,0,0,0,0,0,1,2,6,4,0,13
2015,On the performance of affine policies for two-stage adaptive optimization: a geometric perspective,"Bertsimas D., Bidkhori H.",255610,Mathematical Programming,153,2,0,0,0,0,0,0,0,0,0,0,0,0,0,0,0,0,0,0,0,0,0,0,0,0,0,0,0,0,0,0,0,0,0,0,0,0,0,0,0,0,0,0,0,0,0,0,1,2,0,5,5,0,0,13
2015,A tight characterization of the performance of static solutions in two-stage adjustable robust linear optimization,"Bertsimas D., Goyal V., Lu B.Y.",255610,Mathematical Programming,150,2,0,0,0,0,0,0,0,0,0,0,0,0,0,0,0,0,0,0,0,0,0,0,0,0,0,0,0,0,0,0,0,0,0,0,0,0,0,0,0,0,0,0,0,0,0,0,0,2,1,4,5,1,0,13
2007,Adaptability via sampling,"Bertsimas D., Caramanis C.",1912216,Proceedings of the IEEE Conference on Decision and Control,, ,0,0,0,0,0,0,0,0,0,0,0,0,0,0,0,0,0,0,0,0,0,0,0,0,0,0,0,0,0,0,0,0,0,0,0,0,0,0,0,0,0,0,3,1,0,0,2,2,0,2,3,0,0,13
1999,"Optimization of multiclass queueing networks with changeover times via the achievable region approach: Part I, the single-station case","Bertsimas D., Nino-Mora J.",0364765X,Mathematics of Operations Research,24,2,0,0,0,0,0,0,0,0,0,0,0,0,0,0,0,0,0,0,0,0,0,0,0,0,0,0,0,0,0,0,1,0,2,1,0,1,0,2,2,0,2,0,0,0,1,0,0,1,0,0,0,0,0,13
1995,Branching Bandits and Klimov's Problem: Achievable Region and Side Constraints,"Bertsimas D., Paschalidis I.C., Tsitsiklis J.N.",189286,IEEE Transactions on Automatic Control,40,12,0,0,0,0,0,0,0,0,0,0,0,0,0,0,0,0,0,0,0,0,0,0,0,0,0,0,0,0,0,1,3,1,0,1,3,1,0,0,0,0,0,0,1,0,0,1,1,0,0,0,0,0,0,13
2014,"Scheduling, revenue management, and fairness in an academic-hospital radiology division","Baum R., Bertsimas D., Kallus N.",10766332,Academic Radiology,21,10,0,0,0,0,0,0,0,0,0,0,0,0,0,0,0,0,0,0,0,0,0,0,0,0,0,0,0,0,0,0,0,0,0,0,0,0,0,0,0,0,0,0,0,0,0,0,0,3,0,4,5,0,0,12
2007,A semidefinite optimization approach to the steady-state analysis of queueing systems,"Bertsimas D., Natarajan K.",2570130,Queueing Systems,56,1,0,0,0,0,0,0,0,0,0,0,0,0,0,0,0,0,0,0,0,0,0,0,0,0,0,0,0,0,0,0,0,0,0,0,0,0,0,0,0,0,1,2,2,0,3,0,1,0,0,1,2,0,0,12
1997,Multiclass queueing systems in heavy traffic: An asymptotic approach based on distributional and conservation laws,"Bertsimas D., Mourtzinou G.",0030364X,Operations Research,45,3,0,0,0,0,0,0,0,0,0,0,0,0,0,0,0,0,0,0,0,0,0,0,0,0,0,0,0,0,0,0,1,0,0,1,1,0,0,0,1,1,1,0,1,0,0,2,0,1,1,1,0,0,0,12
1995,Nonlinear formulations and improved randomized approximation algorithms for multicut problems,"Bertsimas D., Teo C., Vohra R.",3029743,Lecture Notes in Computer Science (including subseries Lecture Notes in Artificial Intelligence and Lecture Notes in Bioinformatics),920, ,0,0,0,0,0,0,0,0,0,0,0,0,0,0,0,0,0,0,0,0,0,0,0,0,0,0,1,2,0,1,1,2,1,1,1,0,1,1,0,0,0,0,0,0,0,0,0,0,0,0,0,0,0,12
2019,Adaptive distributionally robust optimization,"Bertsimas D., Sim M., Zhang M.",251909,Management Science,65,2,0,0,0,0,0,0,0,0,0,0,0,0,0,0,0,0,0,0,0,0,0,0,0,0,0,0,0,0,0,0,0,0,0,0,0,0,0,0,0,0,0,0,0,0,0,0,0,0,0,0,9,2,0,11
2019,Online vehicle routing: The edge of optimization in large-scale applications,"Bertsimas D., Jaillet P., Martin S.",0030364X,Operations Research,67,1,0,0,0,0,0,0,0,0,0,0,0,0,0,0,0,0,0,0,0,0,0,0,0,0,0,0,0,0,0,0,0,0,0,0,0,0,0,0,0,0,0,0,0,0,0,0,0,0,0,0,6,5,0,11
2017,A comparison of Monte Carlo tree search and rolling horizon optimization for large-scale dynamic resource allocation problems,"Bertsimas D., Griffith J.D., Gupta V., Kochenderfer M.J., Misic V.V.",3772217,European Journal of Operational Research,263,2,0,0,0,0,0,0,0,0,0,0,0,0,0,0,0,0,0,0,0,0,0,0,0,0,0,0,0,0,0,0,0,0,0,0,0,0,0,0,0,0,0,0,0,0,0,0,0,0,0,2,8,1,0,11
2016,Inventory Management in the Era of Big Data,"Bertsimas D., Kallus N., Hussain A.",10591478,Production and Operations Management,25,12,0,0,0,0,0,0,0,0,0,0,0,0,0,0,0,0,0,0,0,0,0,0,0,0,0,0,0,0,0,0,0,0,0,0,0,0,0,0,0,0,0,0,0,0,0,0,0,0,2,2,5,2,0,11
1999,Decomposition results for general polling systems and their applications,"Bertsimas D., Mourtzinou G.",2570130,Queueing Systems,31, 3-4,0,0,0,0,0,0,0,0,0,0,0,0,0,0,0,0,0,0,0,0,0,0,0,0,0,0,0,0,0,0,0,0,1,1,0,0,1,2,0,1,0,0,2,0,0,0,1,1,0,0,1,0,0,11
1996,A unified method to analyze overtake free queueing systems,"Bertsimas D., Mourtzinou G.",18678,Advances in Applied Probability,28,2,0,0,0,0,0,0,0,0,0,0,0,0,0,0,0,0,0,0,0,0,0,0,0,0,0,0,0,0,2,1,1,0,0,0,1,2,0,0,0,1,0,0,0,0,1,1,0,0,0,0,1,0,0,11
1990,On the parsimonious property of connectivity problems,"Goemans M.X., Bertsimas D.J.",,Proceedings of the Annual ACM-SIAM Symposium on Discrete Algorithms,, ,0,0,0,0,0,0,0,0,0,0,0,0,0,0,0,0,0,0,0,0,0,0,1,0,0,0,0,0,0,0,0,0,0,0,0,0,0,0,1,0,1,1,2,2,0,1,0,1,0,0,0,0,0,10
1988,Analysis of the stationary E<inf>k</inf>/C<inf>2</inf>/s queueing system,"Bertsimas D.J., Papaconstantinou X.A.",3772217,European Journal of Operational Research,37,2,0,0,0,0,0,0,0,0,0,0,0,0,0,0,0,0,0,0,0,0,0,1,0,1,0,1,0,0,0,0,1,2,1,0,0,1,0,0,0,0,0,0,1,0,0,1,0,0,0,0,0,0,0,10
2018,From predictive methods to missing data imputation: An optimization approach,"Bertsimas D., Pawlowski C., Zhuo Y.D.",15324435,Journal of Machine Learning Research,18, ,0,0,0,0,0,0,0,0,0,0,0,0,0,0,0,0,0,0,0,0,0,0,0,0,0,0,0,0,0,0,0,0,0,0,0,0,0,0,0,0,0,0,0,0,0,0,0,0,0,0,8,1,0,9
2017,Accept or Decline? An Analytics-Based Decision Tool for Kidney Offer Evaluation,"Bertsimas D., Kung J., Trichakis N., Wojciechowski D., Vagefi P.A.",411337,Transplantation,101,12,0,0,0,0,0,0,0,0,0,0,0,0,0,0,0,0,0,0,0,0,0,0,0,0,0,0,0,0,0,0,0,0,0,0,0,0,0,0,0,0,0,0,0,0,0,0,0,0,1,2,5,1,0,9
2017,Certifiably optimal low rank factor analysis,"Bertsimas D., Copenhaver M.S., Mazumder R.",15324435,Journal of Machine Learning Research,18, ,0,0,0,0,0,0,0,0,0,0,0,0,0,0,0,0,0,0,0,0,0,0,0,0,0,0,0,0,0,0,0,0,0,0,0,0,0,0,0,0,0,0,0,0,0,0,0,0,0,2,7,0,0,9
2013,Air traffic flow management at airports: A unified optimization approach,"Bertsimas D., Frankovich M.",,"Proceedings of the 10th USA/Europe Air Traffic Management Research and Development Seminar, ATM 2013",, ,0,0,0,0,0,0,0,0,0,0,0,0,0,0,0,0,0,0,0,0,0,0,0,0,0,0,0,0,0,0,0,0,0,0,0,0,0,0,0,0,0,0,0,0,0,2,4,1,1,1,0,0,0,9
2018,Optimal healthcare decision making under multiple mathematical models: application in prostate cancer screening,"Bertsimas D., Silberholz J., Trikalinos T.",13869620,Health Care Management Science,21,1,0,0,0,0,0,0,0,0,0,0,0,0,0,0,0,0,0,0,0,0,0,0,0,0,0,0,0,0,0,0,0,0,0,0,0,0,0,0,0,0,0,0,0,0,0,0,0,0,1,2,1,4,0,8
2018,Binary decision rules for multistage adaptive mixed-integer optimization,"Bertsimas D., Georghiou A.",255610,Mathematical Programming,167,2,0,0,0,0,0,0,0,0,0,0,0,0,0,0,0,0,0,0,0,0,0,0,0,0,0,0,0,0,0,0,0,0,0,0,0,0,0,0,0,0,0,0,0,0,0,0,0,0,0,1,6,1,0,8
2016,Unified optimization of traffic flows through airports,"Bertsimas D., Frankovich M.",411655,Transportation Science,50,1,0,0,0,0,0,0,0,0,0,0,0,0,0,0,0,0,0,0,0,0,0,0,0,0,0,0,0,0,0,0,0,0,0,0,0,0,0,0,0,0,0,0,0,0,0,0,0,0,2,3,3,0,0,8
2015,Robust fluid processing networks,"Bertsimas D., Nasrabadi E., Paschalidis I.Ch.",189286,IEEE Transactions on Automatic Control,60,3,0,0,0,0,0,0,0,0,0,0,0,0,0,0,0,0,0,0,0,0,0,0,0,0,0,0,0,0,0,0,0,0,0,0,0,0,0,0,0,0,0,0,0,0,0,0,0,0,2,2,4,0,0,8
2002,Solving convex programs by random walks,"Bertsimas D., Vempala S.",7349025,Conference Proceedings of the Annual ACM Symposium on Theory of Computing,, ,0,0,0,0,0,0,0,0,0,0,0,0,0,0,0,0,0,0,0,0,0,0,0,0,0,0,0,0,0,0,0,0,0,0,0,4,1,1,0,0,0,0,0,0,0,0,0,0,0,0,2,0,0,8
2013,Learning preferences under noise and loss aversion: An optimization approach,"Bertsimas D., O'Hair A.",0030364X,Operations Research,61,5,0,0,0,0,0,0,0,0,0,0,0,0,0,0,0,0,0,0,0,0,0,0,0,0,0,0,0,0,0,0,0,0,0,0,0,0,0,0,0,0,0,0,0,0,0,0,2,1,0,1,3,0,0,7
2013,An accelerated first-order method for solving SOS relaxations of unconstrained polynomial optimization problems,"Bertsimas D., Freund R.M., Sun X.A.",10556788,Optimization Methods and Software,28,3,0,0,0,0,0,0,0,0,0,0,0,0,0,0,0,0,0,0,0,0,0,0,0,0,0,0,0,0,0,0,0,0,0,0,0,0,0,0,0,0,0,0,0,0,0,0,1,1,1,1,3,0,0,7
2011,Multistage air traffic flow management under capacity uncertainty: A robust and adaptive optimization approach,"Gupta S., Bertsimas D.",,"51st AGIFORS Annual Proceedings - Annual Symposium and Study Group Meeting, AGIFORS 2011",1, ,0,0,0,0,0,0,0,0,0,0,0,0,0,0,0,0,0,0,0,0,0,0,0,0,0,0,0,0,0,0,0,0,0,0,0,0,0,0,0,0,0,0,0,0,0,0,1,1,1,3,1,0,0,7
2009,Optimal bidding in online auctions,"Perakis G., Bertsimas D., Hawkins J.",14766930,Journal of Revenue and Pricing Management,8,1,0,0,0,0,0,0,0,0,0,0,0,0,0,0,0,0,0,0,0,0,0,0,0,0,0,0,0,0,0,0,0,0,0,0,0,0,0,0,0,0,0,2,2,0,0,1,0,0,0,0,2,0,0,7
1994,A technique for speeding up the solution of the Lagrangean dual,"Bertsimas D., Orlin J.B.",255610,Mathematical Programming,63, 1-3,0,0,0,0,0,0,0,0,0,0,0,0,0,0,0,0,0,0,0,0,0,0,0,0,0,0,0,2,0,0,0,0,0,0,0,0,0,0,0,0,0,0,0,1,2,1,0,0,0,0,1,0,0,7
2019,Prescriptive analytics for human resource planning in the professional services industry,"Berk L., Bertsimas D., Weinstein A.M., Yan J.",3772217,European Journal of Operational Research,272,2,0,0,0,0,0,0,0,0,0,0,0,0,0,0,0,0,0,0,0,0,0,0,0,0,0,0,0,0,0,0,0,0,0,0,0,0,0,0,0,0,0,0,0,0,0,0,0,0,0,0,4,2,0,6
2019,Travel time estimation in the age of big data,"Bertsimas D., Delarue A., Jaillet P., Martin S.",0030364X,Operations Research,67,2,0,0,0,0,0,0,0,0,0,0,0,0,0,0,0,0,0,0,0,0,0,0,0,0,0,0,0,0,0,0,0,0,0,0,0,0,0,0,0,0,0,0,0,0,0,0,0,0,0,0,5,1,0,6
2018,Characterization of the equivalence of robustification and regularization in linear and matrix regression,"Bertsimas D., Copenhaver M.S.",3772217,European Journal of Operational Research,270,3,0,0,0,0,0,0,0,0,0,0,0,0,0,0,0,0,0,0,0,0,0,0,0,0,0,0,0,0,0,0,0,0,0,0,0,0,0,0,0,0,0,0,0,0,0,0,0,0,0,0,4,2,0,6
2014,Introduction to the special issue on business analytics,"Bertsimas D., Bradlow E., Gans N., Gupta A.",251909,Management Science,60,6,0,0,0,0,0,0,0,0,0,0,0,0,0,0,0,0,0,0,0,0,0,0,0,0,0,0,0,0,0,0,0,0,0,0,0,0,0,0,0,0,0,0,0,0,0,0,0,2,1,0,2,1,0,6
1999,Analysis of LP relaxations for multiway and multicut problems,"Bertsimas D., Teo C.-P., Vohra R.",283045,Networks,34,2,0,0,0,0,0,0,0,0,0,0,0,0,0,0,0,0,0,0,0,0,0,0,0,0,0,0,0,0,0,0,0,0,0,0,0,0,1,2,1,0,0,0,1,0,1,0,0,0,0,0,0,0,0,6
1997,The parsimonious property of cut covering problems and its applications,"Bertsimas D., Teo C.",1676377,Operations Research Letters,21,3,0,0,0,0,0,0,0,0,0,0,0,0,0,0,0,0,0,0,0,0,0,0,0,0,0,0,0,0,0,0,0,0,0,0,0,0,0,0,0,0,1,0,1,1,0,0,2,0,0,1,0,0,0,6
1997,On the worst case complexity of potential reduction algorithms for linear programming,"Bertsimas D., Luo X.",255610,"Mathematical Programming, Series B",77,2,0,0,0,0,0,0,0,0,0,0,0,0,0,0,0,0,0,0,0,0,0,0,0,0,0,0,0,0,0,0,0,0,0,0,0,0,0,0,0,1,1,0,1,0,1,2,0,0,0,0,0,0,0,6
2019,Development and validation of an optimized prediction of mortality for candidates awaiting liver transplantation,"Bertsimas D., Kung J., Trichakis N., Wang Y., Hirose R., Vagefi P.A.",16006135,American Journal of Transplantation,19,4,0,0,0,0,0,0,0,0,0,0,0,0,0,0,0,0,0,0,0,0,0,0,0,0,0,0,0,0,0,0,0,0,0,0,0,0,0,0,0,0,0,0,0,0,0,0,0,0,0,0,3,2,0,5
2018,Robust transient analysis of multi-server queueing systems and feed-forward networks,"Bandi C., Bertsimas D., Youssef N.",2570130,Queueing Systems,89, 3-4,0,0,0,0,0,0,0,0,0,0,0,0,0,0,0,0,0,0,0,0,0,0,0,0,0,0,0,0,0,0,0,0,0,0,0,0,0,0,0,0,0,0,0,0,0,0,0,0,0,0,4,1,0,5
2009,Optimality of affine policies in multi-stage robust optimization,"Bertsimas D., Iancu D.A., Parrilo P.A.",1912216,Proceedings of the IEEE Conference on Decision and Control,, ,0,0,0,0,0,0,0,0,0,0,0,0,0,0,0,0,0,0,0,0,0,0,0,0,0,0,0,0,0,0,0,0,0,0,0,0,0,0,0,0,0,0,2,0,0,0,1,0,0,1,1,0,0,5
2008,Approximating integrals of multivariate exponentials: A moment approach,"Bertsimas D., Doan X.V., Lasserre J.",1676377,Operations Research Letters,36,2,0,0,0,0,0,0,0,0,0,0,0,0,0,0,0,0,0,0,0,0,0,0,0,0,0,0,0,0,0,0,0,0,0,0,0,0,0,0,1,0,0,0,1,0,1,0,0,0,0,1,1,0,0,5
1999,Estimation of time-varying parameters in statistical models: An optimization approach,"Bertsimas D., Gamarnik D., Tsitsiklis J.N.",8856125,Machine Learning,35,3,0,0,0,0,0,0,0,0,0,0,0,0,0,0,0,0,0,0,0,0,0,0,0,0,0,0,0,0,0,0,0,0,0,0,0,0,1,0,2,0,0,1,0,0,0,0,0,0,0,1,0,0,0,5
1990,Relations between the prearrival and postdeparture state probabilities and the fcfs waiting time distribution in the E<inf>k</inf>/G/s queue,"Papaconstantinou X., Bertsimas D.",0894069X,Naval Research Logistics (NRL),37,1,0,0,0,0,0,0,0,0,0,0,0,0,0,0,0,0,0,0,0,0,0,1,0,0,0,0,0,0,0,0,1,0,0,0,0,0,0,1,0,1,0,0,0,0,0,0,0,0,1,0,0,0,0,5
2019,Optimizing schools' start time and bus routes,"Bertsimas D., Delarue A., Martin S.",278424,Proceedings of the National Academy of Sciences of the United States of America,116,13,0,0,0,0,0,0,0,0,0,0,0,0,0,0,0,0,0,0,0,0,0,0,0,0,0,0,0,0,0,0,0,0,0,0,0,0,0,0,0,0,0,0,0,0,0,0,0,0,0,0,2,2,0,4
2015,Optimizing over coherent risk measures and non-convexities: a robust mixed integer optimization approach,"Bertsimas D., Takeda A.",9266003,Computational Optimization and Applications,62,3,0,0,0,0,0,0,0,0,0,0,0,0,0,0,0,0,0,0,0,0,0,0,0,0,0,0,0,0,0,0,0,0,0,0,0,0,0,0,0,0,0,0,0,0,0,0,0,1,1,2,0,0,0,4
2015,OR forum-tenure analytics: Models for predicting research impact,"Bertsimas D., Brynjolfsson E., Reichman S., Silberholz J.",0030364X,Operations Research,63,6,0,0,0,0,0,0,0,0,0,0,0,0,0,0,0,0,0,0,0,0,0,0,0,0,0,0,0,0,0,0,0,0,0,0,0,0,0,0,0,0,0,0,0,0,0,0,0,0,2,1,1,0,0,4
2013,A new local search algorithm for binary optimization,"Bertsimas D., Iancu D.A., Katz D.",10919856,INFORMS Journal on Computing,25,2,0,0,0,0,0,0,0,0,0,0,0,0,0,0,0,0,0,0,0,0,0,0,0,0,0,0,0,0,0,0,0,0,0,0,0,0,0,0,0,0,0,0,0,0,0,1,1,2,0,0,0,0,0,4
2019,Robust and stochastic formulations for ambulance deployment and dispatch,"Bertsimas D., Ng Y.",3772217,European Journal of Operational Research,279,2,0,0,0,0,0,0,0,0,0,0,0,0,0,0,0,0,0,0,0,0,0,0,0,0,0,0,0,0,0,0,0,0,0,0,0,0,0,0,0,0,0,0,0,0,0,0,0,0,0,0,1,2,0,3
2019,Exact first-choice product line optimization,"Bertsimas D., Misic V.V.",0030364X,Operations Research,67,3,0,0,0,0,0,0,0,0,0,0,0,0,0,0,0,0,0,0,0,0,0,0,0,0,0,0,0,0,0,0,0,0,0,0,0,0,0,0,0,0,0,0,0,0,0,0,0,0,0,0,2,1,0,3
2018,Applied informatics decision support tool for mortality predictions in patients with cancer,"Bertsimas D., Dunn J., Pawlowski C., Silberholz J., Weinstein A., Zhuo Y.D., Chen E., Elfiky A.A.",24734276,JCO Clinical Cancer Informatics,2018,2,0,0,0,0,0,0,0,0,0,0,0,0,0,0,0,0,0,0,0,0,0,0,0,0,0,0,0,0,0,0,0,0,0,0,0,0,0,0,0,0,0,0,0,0,0,0,0,0,0,0,2,1,0,3
2013,Network analysis for predicting academic impact,"Bertsimas D., Brynjolfsson E., Reichman S., Silberholz J.M.",,International Conference on Information Systems (ICIS 2013): Reshaping Society Through Information Systems Design,3, ,0,0,0,0,0,0,0,0,0,0,0,0,0,0,0,0,0,0,0,0,0,0,0,0,0,0,0,0,0,0,0,0,0,0,0,0,0,0,0,0,0,0,0,0,0,0,0,1,0,1,1,0,0,3
2005,Improving air traffic management during thunderstorms,"Weber M., Evans J., Wolfson M., DeLaura R., Moser B., Martin B., Welch J., Andrews J., Bertsimas D.",,AIAA/IEEE Digital Avionics Systems Conference - Proceedings,1, ,0,0,0,0,0,0,0,0,0,0,0,0,0,0,0,0,0,0,0,0,0,0,0,0,0,0,0,0,0,0,0,0,0,0,0,0,0,1,2,0,0,0,0,0,0,0,0,0,0,0,0,0,0,3
1999,Bounds and policies for dynamic routing in loss networks,"Bertsimas D., Chryssikou T.",0030364X,Operations Research,47,3,0,0,0,0,0,0,0,0,0,0,0,0,0,0,0,0,0,0,0,0,0,0,0,0,0,0,0,0,0,0,0,0,1,0,0,1,0,0,0,0,0,1,0,0,0,0,0,0,0,0,0,0,0,3
1996,Improved randomized approximation algorithms for lot-sizing problems,"Teo C.-P., Bertsimas D.",3029743,Lecture Notes in Computer Science (including subseries Lecture Notes in Artificial Intelligence and Lecture Notes in Bioinformatics),1084, ,0,0,0,0,0,0,0,0,0,0,0,0,0,0,0,0,0,0,0,0,0,0,0,0,0,0,0,0,0,0,1,0,1,0,0,0,0,0,0,0,0,0,0,0,1,0,0,0,0,0,0,0,0,3
1995,Prom valid inequalities to heuristics: A unified view of primal-dual approximation algorithms in covering problems,"Bertsimas D., Teo C.-P.",,Proceedings of the Annual ACM-SIAM Symposium on Discrete Algorithms,, ,0,0,0,0,0,0,0,0,0,0,0,0,0,0,0,0,0,0,0,0,0,0,0,0,0,0,0,0,0,0,1,1,0,0,0,0,0,0,0,0,0,0,1,0,0,0,0,0,0,0,0,0,0,3
2019,Targeted workup after initial febrile urinary tract infection: Using a novel machine learning model to identify children most likely to benefit from voiding cystourethrogram,"Estrada C.R., Nelson C.P., Wang H.H., Bertsimas D., Dunn J., Li M., Zhuo D.",225347,Journal of Urology,202,1,0,0,0,0,0,0,0,0,0,0,0,0,0,0,0,0,0,0,0,0,0,0,0,0,0,0,0,0,0,0,0,0,0,0,0,0,0,0,0,0,0,0,0,0,0,0,0,0,0,0,1,1,0,2
2019,Comparison of Machine Learning Optimal Classification Trees with the Pediatric Emergency Care Applied Research Network Head Trauma Decision Rules,"Bertsimas D., Dunn J., Steele D.W., Trikalinos T.A., Wang Y.",21686203,JAMA Pediatrics,173,7,0,0,0,0,0,0,0,0,0,0,0,0,0,0,0,0,0,0,0,0,0,0,0,0,0,0,0,0,0,0,0,0,0,0,0,0,0,0,0,0,0,0,0,0,0,0,0,0,0,0,1,1,0,2
2019,The K-server problem via a modern optimization lens,"Bertsimas D., Jaillet P., Korolko N.",3772217,European Journal of Operational Research,276,1,0,0,0,0,0,0,0,0,0,0,0,0,0,0,0,0,0,0,0,0,0,0,0,0,0,0,0,0,0,0,0,0,0,0,0,0,0,0,0,0,0,0,0,0,0,0,0,0,0,0,2,0,0,2
2018,Regression and classification using optimal decision trees,"Bertsimas D., Dunn J., Paschalidis A.",,"2017 IEEE MIT Undergraduate Research Technology Conference, URTC 2017",2018-, ,0,0,0,0,0,0,0,0,0,0,0,0,0,0,0,0,0,0,0,0,0,0,0,0,0,0,0,0,0,0,0,0,0,0,0,0,0,0,0,0,0,0,0,0,0,0,0,0,0,0,1,1,0,2
2012,An integer optimization approach to associative classification,"Bertsimas D., Chang A., Rudin C.",10495258,Advances in Neural Information Processing Systems,4, ,0,0,0,0,0,0,0,0,0,0,0,0,0,0,0,0,0,0,0,0,0,0,0,0,0,0,0,0,0,0,0,0,0,0,0,0,0,0,0,0,0,0,0,0,0,0,0,0,0,0,2,0,0,2
2000,Performance of multiclass Markovian queueing networks,"Bertsimas D., Gamarnik D., Tsitsiklis J.",1912216,Proceedings of the IEEE Conference on Decision and Control,1, ,0,0,0,0,0,0,0,0,0,0,0,0,0,0,0,0,0,0,0,0,0,0,0,0,0,0,0,0,0,0,0,0,0,0,0,0,0,2,0,0,0,0,0,0,0,0,0,0,0,0,0,0,0,2
2020,Sparse high-dimensional regression: Exact scalable algorithms and phase transitions,"Bertsimas D., van Parys B.",905364,Annals of Statistics,48,1,0,0,0,0,0,0,0,0,0,0,0,0,0,0,0,0,0,0,0,0,0,0,0,0,0,0,0,0,0,0,0,0,0,0,0,0,0,0,0,0,0,0,0,0,0,0,0,0,0,0,0,1,0,1
2020,From predictive to prescriptive analytics,"Bertsimas D., Kallus N.",251909,Management Science,66,3,0,0,0,0,0,0,0,0,0,0,0,0,0,0,0,0,0,0,0,0,0,0,0,0,0,0,0,0,0,0,0,0,0,0,0,0,0,0,0,0,0,0,0,0,0,0,0,0,0,0,0,1,0,1
2019,Prediction of cervical spine injury in young pediatric patients: an optimal trees artificial intelligence approach,"Bertsimas D., Masiakos P.T., Mylonas K.S., Wiberg H.",223468,Journal of Pediatric Surgery,54,11,0,0,0,0,0,0,0,0,0,0,0,0,0,0,0,0,0,0,0,0,0,0,0,0,0,0,0,0,0,0,0,0,0,0,0,0,0,0,0,0,0,0,0,0,0,0,0,0,0,0,0,1,0,1
2019,Certifiably optimal sparse principal component analysis,"Berk L., Bertsimas D.",18672949,Mathematical Programming Computation,11,3,0,0,0,0,0,0,0,0,0,0,0,0,0,0,0,0,0,0,0,0,0,0,0,0,0,0,0,0,0,0,0,0,0,0,0,0,0,0,0,0,0,0,0,0,0,0,0,0,0,0,0,1,0,1
2019,"Clinical benefit, toxicity and cost of metastatic breast cancer therapies: systematic review and meta-analysis","Silberholz J., Bertsimas D., Vahdat L.",1676806,Breast Cancer Research and Treatment,176,3,0,0,0,0,0,0,0,0,0,0,0,0,0,0,0,0,0,0,0,0,0,0,0,0,0,0,0,0,0,0,0,0,0,0,0,0,0,0,0,0,0,0,0,0,0,0,0,0,0,0,1,0,0,1
2019,The airlift planning problem,"Bertsimas D., Chang A., Misic V.V., Mundru N.",411655,Transportation Science,53,3,0,0,0,0,0,0,0,0,0,0,0,0,0,0,0,0,0,0,0,0,0,0,0,0,0,0,0,0,0,0,0,0,0,0,0,0,0,0,0,0,0,0,0,0,0,0,0,0,0,0,0,1,0,1
2018,Multitarget Tracking via Mixed Integer Optimization,"Bertsimas D., Saunders Z., Shtern S.",189286,IEEE Transactions on Automatic Control,63,11,0,0,0,0,0,0,0,0,0,0,0,0,0,0,0,0,0,0,0,0,0,0,0,0,0,0,0,0,0,0,0,0,0,0,0,0,0,0,0,0,0,0,0,0,0,0,0,0,0,0,1,0,0,1
2016,Decomposable markov decision processes: A fluid optimization approach,"Bertsimas D., Misic V.V.",0030364X,Operations Research,64,6,0,0,0,0,0,0,0,0,0,0,0,0,0,0,0,0,0,0,0,0,0,0,0,0,0,0,0,0,0,0,0,0,0,0,0,0,0,0,0,0,0,0,0,0,0,0,0,0,0,0,1,0,0,1
2014,Semi-supervised approach to predictive analysis using temporal data,"Shenk K., Bertsimas D., Markuzon N.",2755823,Military Operations Research,19,1,0,0,0,0,0,0,0,0,0,0,0,0,0,0,0,0,0,0,0,0,0,0,0,0,0,0,0,0,0,0,0,0,0,0,0,0,0,0,0,0,0,0,0,0,0,0,1,0,0,0,0,0,0,1
2006,Improving air traffic management during thunderstorms,"Weber M., Evans J., Wolfson M., DeLaura R., Moser B., Martin B., Welch J., Andrews J., Bertsimas D.",,86th AMS Annual Meeting,, ,0,0,0,0,0,0,0,0,0,0,0,0,0,0,0,0,0,0,0,0,0,0,0,0,0,0,0,0,0,0,0,0,0,0,0,0,0,0,0,1,0,0,0,0,0,0,0,0,0,0,0,0,0,1
1997,Correction to “Stability Conditions for Multiclass Fluid Queueing Networks” (IEEE Transactions on Automatic Control (1996) 41(11) (1618–1631) (10.1109/9.543999)),"Bertsimas D., Gamarnik D., Tsitsiklis J.N.",189286,IEEE Transactions on Automatic Control,42,1,0,0,0,0,0,0,0,0,0,0,0,0,0,0,0,0,0,0,0,0,0,0,0,0,0,0,0,0,0,0,0,0,0,0,0,0,0,0,0,0,1,0,0,0,0,0,0,0,0,0,0,0,0,1
1997,Estimation of time-varying parameters in statistical models: An optimization approach,"Bertsimas Dimitris, Gamarnik David, Tsitsiklis John N.",,Proceedings of the Annual ACM Conference on Computational Learning Theory,, ,0,0,0,0,0,0,0,0,0,0,0,0,0,0,0,0,0,0,0,0,0,0,0,0,0,0,0,0,0,0,0,1,0,0,0,0,0,0,0,0,0,0,0,0,0,0,0,0,0,0,0,0,0,1
2020,Scalable holistic linear regression,"Bertsimas D., Li M.L.",1676377,Operations Research Letters,48,3,0,0,0,0,0,0,0,0,0,0,0,0,0,0,0,0,0,0,0,0,0,0,0,0,0,0,0,0,0,0,0,0,0,0,0,0,0,0,0,0,0,0,0,0,0,0,0,0,0,0,0,0,0,0
2020,The rise and fall of the model for end-stage liver disease score and the need for an optimized machine learning approach for liver allocation,"Vagefi P.A., Bertsimas D., Hirose R., Trichakis N.",15317013,Current opinion in organ transplantation,25,2,0,0,0,0,0,0,0,0,0,0,0,0,0,0,0,0,0,0,0,0,0,0,0,0,0,0,0,0,0,0,0,0,0,0,0,0,0,0,0,0,0,0,0,0,0,0,0,0,0,0,0,0,0,0
2020,Sparse hierarchical regression with polynomials,"Bertsimas D., Van Parys B.",8856125,Machine Learning,, ,0,0,0,0,0,0,0,0,0,0,0,0,0,0,0,0,0,0,0,0,0,0,0,0,0,0,0,0,0,0,0,0,0,0,0,0,0,0,0,0,0,0,0,0,0,0,0,0,0,0,0,0,0,0
2020,On polyhedral and second-order cone decompositions of semidefinite optimization problems,"Bertsimas D., Cory-Wright R.",1676377,Operations Research Letters,48,1,0,0,0,0,0,0,0,0,0,0,0,0,0,0,0,0,0,0,0,0,0,0,0,0,0,0,0,0,0,0,0,0,0,0,0,0,0,0,0,0,0,0,0,0,0,0,0,0,0,0,0,0,0,0
2019,Covariate-adaptive optimization in online clinical trials,"Bertsimas D., Korolko N., Weinstein A.M.",0030364X,Operations Research,67,4,0,0,0,0,0,0,0,0,0,0,0,0,0,0,0,0,0,0,0,0,0,0,0,0,0,0,0,0,0,0,0,0,0,0,0,0,0,0,0,0,0,0,0,0,0,0,0,0,0,0,0,0,0,0
2019,Certifiably optimal sparse inverse covariance estimation,"Bertsimas D., Lamperski J., Pauphilet J.",255610,Mathematical Programming,, ,0,0,0,0,0,0,0,0,0,0,0,0,0,0,0,0,0,0,0,0,0,0,0,0,0,0,0,0,0,0,0,0,0,0,0,0,0,0,0,0,0,0,0,0,0,0,0,0,0,0,0,0,0,0
2019,Robust maximum likelihood estimation,"Bertsimas D., Nohadani O.",10919856,INFORMS Journal on Computing,31,3,0,0,0,0,0,0,0,0,0,0,0,0,0,0,0,0,0,0,0,0,0,0,0,0,0,0,0,0,0,0,0,0,0,0,0,0,0,0,0,0,0,0,0,0,0,0,0,0,0,0,0,0,0,0
2019,Stochastic optimization in supply chain networks: averaging robust solutions,"Bertsimas D., Youssef N.",18624472,Optimization Letters,, ,0,0,0,0,0,0,0,0,0,0,0,0,0,0,0,0,0,0,0,0,0,0,0,0,0,0,0,0,0,0,0,0,0,0,0,0,0,0,0,0,0,0,0,0,0,0,0,0,0,0,0,0,0,0
2018,From physical properties of transportation flows to demand estimation: An optimization approach,"Bertsimas D., Yan J.",411655,Transportation Science,52,4,0,0,0,0,0,0,0,0,0,0,0,0,0,0,0,0,0,0,0,0,0,0,0,0,0,0,0,0,0,0,0,0,0,0,0,0,0,0,0,0,0,0,0,0,0,0,0,0,0,0,0,0,0,0
2018,Optimization over Continuous and Multi-dimensional Decisions with Observational Data,"Bertsimas D., McCord C.",10495258,Advances in Neural Information Processing Systems,2018-, ,0,0,0,0,0,0,0,0,0,0,0,0,0,0,0,0,0,0,0,0,0,0,0,0,0,0,0,0,0,0,0,0,0,0,0,0,0,0,0,0,0,0,0,0,0,0,0,0,0,0,0,0,0,0
2014,Closure to the discussion of 'Adaptive robust optimization for the security constrained unit commitment problem',"Bertsimas D., Litvinov E., Sun X.A., Zhao J., Zheng T.",8858950,IEEE Transactions on Power Systems,29,2,0,0,0,0,0,0,0,0,0,0,0,0,0,0,0,0,0,0,0,0,0,0,0,0,0,0,0,0,0,0,0,0,0,0,0,0,0,0,0,0,0,0,0,0,0,0,0,0,0,0,0,0,0,0
2009,Robust optimization in high dimensions,"Nohadani O., Bertsimas D.",,Optimal Device Design,9.78052E+12, ,0,0,0,0,0,0,0,0,0,0,0,0,0,0,0,0,0,0,0,0,0,0,0,0,0,0,0,0,0,0,0,0,0,0,0,0,0,0,0,0,0,0,0,0,0,0,0,0,0,0,0,0,0,0
2005,The value of adaptability,"Bertsimas D., Caramanis C.",,"43rd Annual Allerton Conference on Communication, Control and Computing 2005",2, ,0,0,0,0,0,0,0,0,0,0,0,0,0,0,0,0,0,0,0,0,0,0,0,0,0,0,0,0,0,0,0,0,0,0,0,0,0,0,0,0,0,0,0,0,0,0,0,0,0,0,0,0,0,0
2003,Fluid models for parallel processor allocation,"Bertsimas D., Perevalov E.",1387666X,Operations Research/ Computer Science Interfaces Series,21, ,0,0,0,0,0,0,0,0,0,0,0,0,0,0,0,0,0,0,0,0,0,0,0,0,0,0,0,0,0,0,0,0,0,0,0,0,0,0,0,0,0,0,0,0,0,0,0,0,0,0,0,0,0,0
1999,Asymptotically optimal algorithm for job shop scheduling,"Bertsimas Dimitris, Gamarnik David",1912216,Proceedings of the IEEE Conference on Decision and Control,1, ,0,0,0,0,0,0,0,0,0,0,0,0,0,0,0,0,0,0,0,0,0,0,0,0,0,0,0,0,0,0,0,0,0,0,0,0,0,0,0,0,0,0,0,0,0,0,0,0,0,0,0,0,0,0
1999,Controlling make-to-stock manufacturing systems: a large deviations approach,"Bertsimas Dimitris, Paschalidis Ioannis Ch.",1912216,Proceedings of the IEEE Conference on Decision and Control,1, ,0,0,0,0,0,0,0,0,0,0,0,0,0,0,0,0,0,0,0,0,0,0,0,0,0,0,0,0,0,0,0,0,0,0,0,0,0,0,0,0,0,0,0,0,0,0,0,0,0,0,0,0,0,0
1994,Branching bandits and Klimov's problem: achievable region and side constraints,"Bertsimas Dimitris, Paschalidis Ioannis Ch., Tsitsiklis John N.",1912216,Proceedings of the IEEE Conference on Decision and Control,1, ,0,0,0,0,0,0,0,0,0,0,0,0,0,0,0,0,0,0,0,0,0,0,0,0,0,0,0,0,0,0,0,0,0,0,0,0,0,0,0,0,0,0,0,0,0,0,0,0,0,0,0,0,0,0
1990,"Deducing queueing from transactional data: The queue inference engine, revisited","Bertsimas Dimitris J., Servi L.D.",1912216,Proceedings of the IEEE Conference on Decision and Control,3, ,0,0,0,0,0,0,0,0,0,0,0,0,0,0,0,0,0,0,0,0,0,0,0,0,0,0,0,0,0,0,0,0,0,0,0,0,0,0,0,0,0,0,0,0,0,0,0,0,0,0,0,0,0,0
