," 作者:Boneh, Dan",,,,,,,,,,,,,,,,,,,,,,,,,,,,,,,,,,,,,,,,,,,,,,,,,,,,,,,,,,,
,,,,,,,,,,,,,,,,,,,,,,,,,,,,,,,,,,,,,,,,,,,,,,,,,,,,,,,,,,,,
,h-index = 79 (在纳入 h-Index 的 212 文献中，有 79 篇已被至少引用 79 次。),,,,,,,,,,,,,,,,,,,,,,,,,,,,,,,,,,,,,,,,,,,,,,,,,,,,,,,,,,,
,,,,,,,,,,,,,,,,,,,,,,,,,,,,,,,,,,,,,,,,,,,,,,,,,,,,,,,,,,,,
,,,,,,,,,,,,,,,,,,,,,,,,,,,,,,,,,,,,,,,,,,,,,,,,,,,,,,,,,,,,
,,,,,,,<1970,1970,1971,1972,1973,1974,1975,1976,1977,1978,1979,1980,1981,1982,1983,1984,1985,1986,1987,1988,1989,1990,1991,1992,1993,1994,1995,1996,1997,1998,1999,2000,2001,2002,2003,2004,2005,2006,2007,2008,2009,2010,2011,2012,2013,2014,2015,2016,2017,2018,2019,2020,>2020,总计
出版年份,文献标题,作者,ISSN,期刊标题,卷,期,0,0,0,0,0,0,0,0,0,0,0,0,0,0,0,0,0,0,0,0,0,0,0,1,0,0,0,6,12,36,71,108,148,227,418,550,923,1212,1277,1382,1700,1952,2103,2180,2346,2615,2649,2821,2764,2779,2983,755,0,34018
2001,Identity-based encryption from the weil pairing,"Boneh D., Franklin M.",3029743,Lecture Notes in Computer Science (including subseries Lecture Notes in Artificial Intelligence and Lecture Notes in Bioinformatics),2139, ,0,0,0,0,0,0,0,0,0,0,0,0,0,0,0,0,0,0,0,0,0,0,0,0,0,0,0,0,0,0,0,0,3,23,60,91,183,205,248,277,316,343,335,323,316,343,345,320,312,284,323,79,0,4729
2001,Short signatures from the weil pairing,"Boneh D., Lynn B., Shacham H.",3029743,Lecture Notes in Computer Science (including subseries Lecture Notes in Artificial Intelligence and Lecture Notes in Bioinformatics),2248, ,0,0,0,0,0,0,0,0,0,0,0,0,0,0,0,0,0,0,0,0,0,0,0,0,0,0,0,0,0,0,0,0,0,19,40,58,114,107,115,110,117,107,113,93,97,107,83,94,88,91,107,29,0,1689
2003,Identity-based encryption from the weil pairing,"Boneh D., Franklin M.",975397,SIAM Journal on Computing,32,3,0,0,0,0,0,0,0,0,0,0,0,0,0,0,0,0,0,0,0,0,0,0,0,0,0,0,0,0,0,0,0,0,0,0,4,26,46,88,80,93,107,118,121,148,123,136,88,111,92,81,94,29,0,1585
2004,Public key encryption with keyword search,"Boneh D., Crescenzo G.D., Ostrovsky R., Persiano G.",3029743,Lecture Notes in Computer Science (including subseries Lecture Notes in Artificial Intelligence and Lecture Notes in Bioinformatics),3027, ,0,0,0,0,0,0,0,0,0,0,0,0,0,0,0,0,0,0,0,0,0,0,0,0,0,0,0,0,0,0,0,0,0,0,0,3,8,13,22,28,31,51,83,84,107,135,128,170,190,199,214,59,0,1525
2004,Efficient selective-ID secure identity-based encryption without random oracles,"Boneh D., Boyen X.",3029743,Lecture Notes in Computer Science (including subseries Lecture Notes in Artificial Intelligence and Lecture Notes in Bioinformatics),3027, ,0,0,0,0,0,0,0,0,0,0,0,0,0,0,0,0,0,0,0,0,0,0,0,0,0,0,0,0,0,0,0,0,0,0,0,5,22,51,62,66,90,107,97,87,92,103,76,95,74,70,74,14,0,1185
2004,Short Group Signatures,"Boneh D., Boyen X., Shacham H.",3029743,Lecture Notes in Computer Science (including subseries Lecture Notes in Artificial Intelligence and Lecture Notes in Bioinformatics),3152, ,0,0,0,0,0,0,0,0,0,0,0,0,0,0,0,0,0,0,0,0,0,0,0,0,0,0,0,0,0,0,0,0,0,0,0,2,24,42,50,52,53,89,80,88,93,90,106,97,78,85,74,29,0,1132
2003,Aggregate and verifiably encrypted signatures from bilinear maps,"Boneh D., Gentry C., Lynn B., Shacham H.",3029743,Lecture Notes in Computer Science (including subseries Lecture Notes in Artificial Intelligence and Lecture Notes in Bioinformatics),2656, ,0,0,0,0,0,0,0,0,0,0,0,0,0,0,0,0,0,0,0,0,0,0,0,0,0,0,0,0,0,0,0,0,0,0,3,14,46,39,49,52,52,61,62,76,69,70,79,82,60,82,79,27,0,1002
1997,On the importance of checking cryptographic protocols for faults,"Boneh D., Demillo R.A., Lipton R.J.",3029743,Lecture Notes in Computer Science (including subseries Lecture Notes in Artificial Intelligence and Lecture Notes in Bioinformatics),1233, ,0,0,0,0,0,0,0,0,0,0,0,0,0,0,0,0,0,0,0,0,0,0,0,0,0,0,0,0,2,5,10,10,10,14,36,29,26,45,29,36,52,54,63,60,72,63,60,78,67,61,57,13,0,952
2005,Evaluating 2-DNF formulas on ciphertexts,"Boneh D., Goh E.-J., Nissim K.",3029743,Lecture Notes in Computer Science,3378, ,0,0,0,0,0,0,0,0,0,0,0,0,0,0,0,0,0,0,0,0,0,0,0,0,0,0,0,0,0,0,0,0,0,0,0,0,0,12,17,11,15,41,58,63,76,84,98,107,84,92,87,37,0,882
2004,Short signatures without random oracles,"Boneh D., Boyen X.",3029743,Lecture Notes in Computer Science (including subseries Lecture Notes in Artificial Intelligence and Lecture Notes in Bioinformatics),3027, ,0,0,0,0,0,0,0,0,0,0,0,0,0,0,0,0,0,0,0,0,0,0,0,0,0,0,0,0,0,0,0,0,0,0,0,4,42,61,63,57,85,72,71,50,51,74,59,43,41,50,46,12,0,881
2007,"Conjunctive, subset, and range queries on encrypted data","Boneh D., Waters B.",3029743,Lecture Notes in Computer Science (including subseries Lecture Notes in Artificial Intelligence and Lecture Notes in Bioinformatics),4392, ,0,0,0,0,0,0,0,0,0,0,0,0,0,0,0,0,0,0,0,0,0,0,0,0,0,0,0,0,0,0,0,0,0,0,0,0,0,0,0,2,10,29,44,57,84,93,93,85,112,100,94,18,0,821
2005,Hierarchical identity based encryption with constant size ciphertext,"Boneh D., Boyen X., Goh E.-J.",3029743,Lecture Notes in Computer Science,3494, ,0,0,0,0,0,0,0,0,0,0,0,0,0,0,0,0,0,0,0,0,0,0,0,0,0,0,0,0,0,0,0,0,0,0,0,0,4,24,29,36,47,59,69,59,55,82,69,71,57,73,55,13,0,802
1998,Collusion-secure fingerprinting for digital data,"Boneh D., Shaw J.",189448,IEEE Transactions on Information Theory,44,5,0,0,0,0,0,0,0,0,0,0,0,0,0,0,0,0,0,0,0,0,0,0,0,1,0,0,0,0,0,0,4,9,12,17,48,43,55,50,49,49,56,48,62,42,37,29,33,27,24,19,15,7,0,736
2004,Short signatures from the weil pairing,"Boneh D., Lynn B., Shacham H.",9332790,Journal of Cryptology,17,4,0,0,0,0,0,0,0,0,0,0,0,0,0,0,0,0,0,0,0,0,0,0,0,0,0,0,0,0,0,0,0,0,0,0,0,0,12,20,23,33,49,53,43,64,59,58,61,54,66,52,66,15,0,728
2006,Collusion resistant broadcast encryption with short ciphertexts and private keys,"Boneh D., Gentry C., Waters B.",3029743,Lecture Notes in Computer Science (including subseries Lecture Notes in Artificial Intelligence and Lecture Notes in Bioinformatics),3621, ,0,0,0,0,0,0,0,0,0,0,0,0,0,0,0,0,0,0,0,0,0,0,0,0,0,0,0,0,0,0,0,0,0,0,0,0,2,14,32,31,36,40,43,47,52,60,47,55,44,41,46,17,0,607
2003,Terra: A virtual machine-based platform for trusted computing,"Garfinkel T., Pfaff B., Chow J., Rosenblum M., Boneh D.",1635980,Operating Systems Review (ACM),37,5,0,0,0,0,0,0,0,0,0,0,0,0,0,0,0,0,0,0,0,0,0,0,0,0,0,0,0,0,0,0,0,0,0,0,0,14,26,34,32,49,47,64,41,43,48,45,38,31,27,19,23,3,0,584
2004,On the effectiveness of address-space randomization,"Shacham H., Page M., Pfaff B., Goh E.-J., Modadugu N., Boneh D.",15437221,Proceedings of the ACM Conference on Computer and Communications Security,, ,0,0,0,0,0,0,0,0,0,0,0,0,0,0,0,0,0,0,0,0,0,0,0,0,0,0,0,0,0,0,0,0,0,0,0,0,14,17,12,22,22,21,39,36,38,39,50,48,45,41,39,10,0,493
1998,The decision diflie-hellman problem,Boneh D.,3029743,Lecture Notes in Computer Science (including subseries Lecture Notes in Artificial Intelligence and Lecture Notes in Bioinformatics),1423, ,0,0,0,0,0,0,0,0,0,0,0,0,0,0,0,0,0,0,0,0,0,0,0,0,0,0,0,0,0,0,5,6,15,19,30,27,29,31,25,19,18,34,27,17,34,24,17,26,26,25,28,8,0,490
2010,Efficient lattice (H)IBE in the standard model,"Agrawal S., Boneh D., Boyen X.",3029743,Lecture Notes in Computer Science (including subseries Lecture Notes in Artificial Intelligence and Lecture Notes in Bioinformatics),6110, ,0,0,0,0,0,0,0,0,0,0,0,0,0,0,0,0,0,0,0,0,0,0,0,0,0,0,0,0,0,0,0,0,0,0,0,0,0,0,0,0,0,6,28,46,37,48,56,48,61,59,68,15,0,472
2011,Functional encryption: Definitions and challenges,"Boneh D., Sahai A., Waters B.",3029743,Lecture Notes in Computer Science (including subseries Lecture Notes in Artificial Intelligence and Lecture Notes in Bioinformatics),6597, ,0,0,0,0,0,0,0,0,0,0,0,0,0,0,0,0,0,0,0,0,0,0,0,0,0,0,0,0,0,0,0,0,0,0,0,0,0,0,0,0,0,0,8,15,32,38,52,67,60,60,51,14,0,397
2004,Secure identity based encryption without random oracles,"Boneh D., Boyen X.",3029743,Lecture Notes in Computer Science (including subseries Lecture Notes in Artificial Intelligence and Lecture Notes in Bioinformatics),3152, ,0,0,0,0,0,0,0,0,0,0,0,0,0,0,0,0,0,0,0,0,0,0,0,0,0,0,0,0,0,0,0,0,0,0,0,0,5,25,23,21,26,29,34,32,29,28,23,31,22,24,28,4,0,384
2004,Group signatures with verifier-local revocation,"Boneh D., Shacham H.",15437221,Proceedings of the ACM Conference on Computer and Communications Security,, ,0,0,0,0,0,0,0,0,0,0,0,0,0,0,0,0,0,0,0,0,0,0,0,0,0,0,0,0,0,0,0,0,0,0,0,0,3,9,19,17,23,30,33,26,27,28,26,25,21,38,24,11,0,360
2008,Short signatures without random oracles and the SDH assumption in bilinear groups,"Boneh D., Boyen X.",9332790,Journal of Cryptology,21,2,0,0,0,0,0,0,0,0,0,0,0,0,0,0,0,0,0,0,0,0,0,0,0,0,0,0,0,0,0,0,0,0,0,0,0,0,0,0,1,4,21,25,34,32,36,36,26,36,20,25,38,10,0,344
2001,On the importance of eliminating errors in cryptographic computations,Boneh D.,9332790,Journal of Cryptology,14,2,0,0,0,0,0,0,0,0,0,0,0,0,0,0,0,0,0,0,0,0,0,0,0,0,0,0,0,0,0,0,0,0,1,3,10,13,10,23,12,20,25,19,23,21,18,25,24,20,23,17,21,1,0,329
2000,Architectural support for copy and tamper resistant software,"Lie D., Thekkath C., Mitchell M., Lincoln P., Boneh D., Mitchell J., Horowitz M.",,International Conference on Architectural Support for Programming Languages and Operating Systems - ASPLOS,, ,0,0,0,0,0,0,0,0,0,0,0,0,0,0,0,0,0,0,0,0,0,0,0,0,0,0,0,0,0,0,0,0,0,4,14,21,26,25,22,23,19,23,14,15,22,14,20,19,9,2,3,1,0,296
2003,Remote timing attacks are practical,"Brumley D., Boneh D.",,Proceedings of the 12th USENIX Security Symposium,, ,0,0,0,0,0,0,0,0,0,0,0,0,0,0,0,0,0,0,0,0,0,0,0,0,0,0,0,0,0,0,0,0,0,0,2,9,9,14,26,15,11,13,11,13,14,19,17,16,21,22,19,4,0,255
1995,Collusion-secure fingerprinting for digital data,"Boneh D., Shaw J.",3029743,Lecture Notes in Computer Science (including subseries Lecture Notes in Artificial Intelligence and Lecture Notes in Bioinformatics),963, ,0,0,0,0,0,0,0,0,0,0,0,0,0,0,0,0,0,0,0,0,0,0,0,0,0,0,0,3,2,10,7,21,20,19,23,15,23,17,9,20,9,11,13,5,4,4,5,5,3,5,1,1,0,255
2005,Remote timing attacks are practical,"Brumley D., Boneh D.",13891286,Computer Networks,48,5,0,0,0,0,0,0,0,0,0,0,0,0,0,0,0,0,0,0,0,0,0,0,0,0,0,0,0,0,0,0,0,0,0,0,0,0,0,2,7,3,7,12,12,16,14,15,28,25,33,25,24,4,0,227
2012,The most dangerous code in the world: Validating SSL certificates in non-browser software,"Georgiev M., Iyengar S., Jana S., Anubhai R., Boneh D., Shmatikov V.",15437221,Proceedings of the ACM Conference on Computer and Communications Security,, ,0,0,0,0,0,0,0,0,0,0,0,0,0,0,0,0,0,0,0,0,0,0,0,0,0,0,0,0,0,0,0,0,0,0,0,0,0,0,0,0,0,0,0,1,23,21,26,36,40,26,41,7,0,221
2010,Lattice basis delegation in fixed dimension and shorter-ciphertext hierarchical IBE,"Agrawal S., Boneh D., Boyen X.",3029743,Lecture Notes in Computer Science (including subseries Lecture Notes in Artificial Intelligence and Lecture Notes in Bioinformatics),6223, ,0,0,0,0,0,0,0,0,0,0,0,0,0,0,0,0,0,0,0,0,0,0,0,0,0,0,0,0,0,0,0,0,0,0,0,0,0,0,0,0,0,0,12,19,16,25,31,29,27,23,25,8,0,215
2000,Cryptanalysis of RSA with private key d less than N<sup>0.292</sup>,"Boneh D., Durfee G.",189448,IEEE Transactions on Information Theory,46,4,0,0,0,0,0,0,0,0,0,0,0,0,0,0,0,0,0,0,0,0,0,0,0,0,0,0,0,0,0,0,0,0,3,5,4,7,6,13,7,9,22,19,7,19,12,16,16,12,12,6,15,2,0,212
1999,An efficient public key traitor tracing scheme,"Boneh D., Franklin M.",3029743,Lecture Notes in Computer Science (including subseries Lecture Notes in Artificial Intelligence and Lecture Notes in Bioinformatics),1666, ,0,0,0,0,0,0,0,0,0,0,0,0,0,0,0,0,0,0,0,0,0,0,0,0,0,0,0,0,0,0,0,2,14,19,11,12,14,22,18,11,15,11,13,7,8,5,8,4,5,7,4,1,0,211
2005,Stronger password authentication using browser extensions,"Ross B., Jackson C., Miyake N., Boneh D., Mitchell J.C.",,14th USENIX Security Symposium,, ,0,0,0,0,0,0,0,0,0,0,0,0,0,0,0,0,0,0,0,0,0,0,0,0,0,0,0,0,0,0,0,0,0,0,0,0,0,14,24,27,16,5,13,15,12,15,12,14,12,15,8,0,0,202
2009,Signing a linear subspace: Signature schemes for network coding,"Boneh D., Freeman D., Katz J., Waters B.",3029743,Lecture Notes in Computer Science (including subseries Lecture Notes in Artificial Intelligence and Lecture Notes in Bioinformatics),5443, ,0,0,0,0,0,0,0,0,0,0,0,0,0,0,0,0,0,0,0,0,0,0,0,0,0,0,0,0,0,0,0,0,0,0,0,0,0,0,0,0,1,10,10,20,20,18,23,25,14,19,13,6,0,179
2006,SANE: A protection architecture for enterprise networks,"Casado M., Garfinkel T., Akella A., Freedman M.J., Boneh D., McKeown N., Shenker S.",,15th USENIX Security Symposium,, ,0,0,0,0,0,0,0,0,0,0,0,0,0,0,0,0,0,0,0,0,0,0,0,0,0,0,0,0,0,0,0,0,0,0,0,0,0,1,10,3,10,4,6,10,11,17,27,18,19,17,21,2,0,176
1997,Efficient generation of shared RSA Keys,"Boneh D., Franklin M.",3029743,Lecture Notes in Computer Science (including subseries Lecture Notes in Artificial Intelligence and Lecture Notes in Bioinformatics),1294, ,0,0,0,0,0,0,0,0,0,0,0,0,0,0,0,0,0,0,0,0,0,0,0,0,0,0,0,0,1,8,15,13,9,7,15,9,16,10,7,4,11,2,15,7,8,3,1,3,5,2,4,1,0,176
2006,Fully collusion resistant traitor tracing with short ciphertexts and private keys,"Boneh D., Sahai A., Waters B.",3029743,Lecture Notes in Computer Science (including subseries Lecture Notes in Artificial Intelligence and Lecture Notes in Bioinformatics),4004, ,0,0,0,0,0,0,0,0,0,0,0,0,0,0,0,0,0,0,0,0,0,0,0,0,0,0,0,0,0,0,0,0,0,0,0,0,0,2,9,6,15,17,23,12,13,13,10,16,11,14,8,4,0,173
2005,Improved efficiency for CCA-secure cryptosystems built using identity-based encryption,"Boneh D., Katz J.",3029743,Lecture Notes in Computer Science,3376, ,0,0,0,0,0,0,0,0,0,0,0,0,0,0,0,0,0,0,0,0,0,0,0,0,0,0,0,0,0,0,0,0,0,0,0,0,0,23,7,8,14,18,18,18,17,12,7,10,2,7,4,0,0,165
2008,Circular-secure encryption from decision Diffie-Hellman,"Boneh D., Halevi S., Hamburg M., Ostrovsky R.",3029743,Lecture Notes in Computer Science (including subseries Lecture Notes in Artificial Intelligence and Lecture Notes in Bioinformatics),5157, ,0,0,0,0,0,0,0,0,0,0,0,0,0,0,0,0,0,0,0,0,0,0,0,0,0,0,0,0,0,0,0,0,0,0,0,0,0,0,0,1,5,13,15,18,13,17,16,23,16,11,15,0,0,163
2009,Homomorphic MACs: MAC-based integrity for network coding,"Agrawal S., Boneh D.",3029743,Lecture Notes in Computer Science (including subseries Lecture Notes in Artificial Intelligence and Lecture Notes in Bioinformatics),5536, ,0,0,0,0,0,0,0,0,0,0,0,0,0,0,0,0,0,0,0,0,0,0,0,0,0,0,0,0,0,0,0,0,0,0,0,0,0,0,0,0,0,5,9,16,17,21,21,27,7,15,19,4,0,161
2008,Overshadow: A virtualization-based approach to retrofitting protection in commodity operating systems,"Chen X., Garfinkel T., Lewis E.C., Subrahmanyam P., Waldspurger C.A., Boneh D., Dwoskin J., Ports D.R.K.",1635980,Operating Systems Review (ACM),42,2,0,0,0,0,0,0,0,0,0,0,0,0,0,0,0,0,0,0,0,0,0,0,0,0,0,0,0,0,0,0,0,0,0,0,0,0,0,0,0,4,2,15,14,21,10,12,23,11,19,13,10,2,0,156
2008,Generalized identity based and broadcast encryption schemes,"Boneh D., Hamburg M.",3029743,Lecture Notes in Computer Science (including subseries Lecture Notes in Artificial Intelligence and Lecture Notes in Bioinformatics),5350, ,0,0,0,0,0,0,0,0,0,0,0,0,0,0,0,0,0,0,0,0,0,0,0,0,0,0,0,0,0,0,0,0,0,0,0,0,0,0,0,0,10,12,18,23,13,24,16,10,6,10,10,1,0,153
2014,"Fully key-homomorphic encryption, arithmetic circuit ABE and compact garbled circuits","Boneh D., Gentry C., Gorbunov S., Halevi S., Nikolaenko V., Segev G., Vaikuntanathan V., Vinayagamurthy D.",3029743,Lecture Notes in Computer Science (including subseries Lecture Notes in Artificial Intelligence and Lecture Notes in Bioinformatics),8441, ,0,0,0,0,0,0,0,0,0,0,0,0,0,0,0,0,0,0,0,0,0,0,0,0,0,0,0,0,0,0,0,0,0,0,0,0,0,0,0,0,0,0,0,0,0,3,22,27,34,30,32,4,0,152
2013,Constrained pseudorandom functions and their applications,"Boneh D., Waters B.",3029743,Lecture Notes in Computer Science (including subseries Lecture Notes in Artificial Intelligence and Lecture Notes in Bioinformatics),8270,2,0,0,0,0,0,0,0,0,0,0,0,0,0,0,0,0,0,0,0,0,0,0,0,0,0,0,0,0,0,0,0,0,0,0,0,0,0,0,0,0,0,0,0,0,0,15,28,30,30,23,18,8,0,152
2000,Timed commitments,"Boneh D., Naor M.",3029743,Lecture Notes in Computer Science (including subseries Lecture Notes in Artificial Intelligence and Lecture Notes in Bioinformatics),1880, ,0,0,0,0,0,0,0,0,0,0,0,0,0,0,0,0,0,0,0,0,0,0,0,0,0,0,0,0,0,0,0,0,3,2,16,9,6,11,8,8,3,8,9,9,10,7,5,9,10,10,6,0,0,149
2011,Homomorphic signatures for polynomial functions,"Boneh D., Freeman D.M.",3029743,Lecture Notes in Computer Science (including subseries Lecture Notes in Artificial Intelligence and Lecture Notes in Bioinformatics),6632, ,0,0,0,0,0,0,0,0,0,0,0,0,0,0,0,0,0,0,0,0,0,0,0,0,0,0,0,0,0,0,0,0,0,0,0,0,0,0,0,0,0,0,4,11,16,24,16,18,14,22,17,5,0,147
2007,Space-efficient identity based encryption without pairings,"Boneh D., Gentry C., Hamburg M.",2725428,"Proceedings - Annual IEEE Symposium on Foundations of Computer Science, FOCS",, ,0,0,0,0,0,0,0,0,0,0,0,0,0,0,0,0,0,0,0,0,0,0,0,0,0,0,0,0,0,0,0,0,0,0,0,0,0,0,2,9,16,14,12,9,12,8,13,16,12,11,11,2,0,147
2006,Strongly unforgeable signatures based on computational Diffie-Hellman,"Boneh D., Shen E., Waters B.",3029743,Lecture Notes in Computer Science (including subseries Lecture Notes in Artificial Intelligence and Lecture Notes in Bioinformatics),3958, ,0,0,0,0,0,0,0,0,0,0,0,0,0,0,0,0,0,0,0,0,0,0,0,0,0,0,0,0,0,0,0,0,0,0,0,0,0,4,6,6,10,13,11,12,13,13,8,8,9,13,12,2,0,140
2001,A method for fast revocation of public key certificates and security capabilities,"Boneh D., Ding X., Tsudik G., Wong C.M.",,Proceedings of the 10th USENIX Security Symposium,, ,0,0,0,0,0,0,0,0,0,0,0,0,0,0,0,0,0,0,0,0,0,0,0,0,0,0,0,0,0,0,0,0,0,1,7,7,12,9,9,4,6,6,15,5,10,5,8,12,6,9,8,0,0,139
2012,Who killed my battery: Analyzing mobile browser energy consumption,"Thiagarajan N., Aggarwal G., Nicoara A., Boneh D., Singh J.P.",,WWW'12 - Proceedings of the 21st Annual Conference on World Wide Web,, ,0,0,0,0,0,0,0,0,0,0,0,0,0,0,0,0,0,0,0,0,0,0,0,0,0,0,0,0,0,0,0,0,0,0,0,0,0,0,0,0,0,0,0,2,21,19,26,14,22,14,14,2,0,134
1996,Hardness of computing the most significant bits of secret keys in diffie-hellman and related schemes,"Boneh D., Venkatesan R.",3029743,Lecture Notes in Computer Science (including subseries Lecture Notes in Artificial Intelligence and Lecture Notes in Bioinformatics),1109, ,0,0,0,0,0,0,0,0,0,0,0,0,0,0,0,0,0,0,0,0,0,0,0,0,0,0,0,0,1,2,4,7,9,8,6,11,6,5,3,3,5,7,4,5,3,6,10,12,7,3,4,2,0,133
2007,Reducing shoulder-surfing by using gaze-based password entry,"Kumar M., Garfinkel T., Boneh D., Winograd T.",,ACM International Conference Proceeding Series,229, ,0,0,0,0,0,0,0,0,0,0,0,0,0,0,0,0,0,0,0,0,0,0,0,0,0,0,0,0,0,0,0,0,0,0,0,0,0,0,0,2,2,6,7,6,10,12,16,25,16,18,10,1,0,131
2013,Privacy-preserving ridge regression on hundreds of millions of records,"Nikolaenko V., Weinsberg U., Ioannidis S., Joye M., Boneh D., Taft N.",10816011,Proceedings - IEEE Symposium on Security and Privacy,, ,0,0,0,0,0,0,0,0,0,0,0,0,0,0,0,0,0,0,0,0,0,0,0,0,0,0,0,0,0,0,0,0,0,0,0,0,0,0,0,0,0,0,0,0,2,5,9,14,23,33,35,9,0,130
2007,Public key encryption that allows PIR queries,"Boneh D., Kushilevitz E., Ostrovsky R., Skeith III W.E.",3029743,Lecture Notes in Computer Science (including subseries Lecture Notes in Artificial Intelligence and Lecture Notes in Bioinformatics),4622, ,0,0,0,0,0,0,0,0,0,0,0,0,0,0,0,0,0,0,0,0,0,0,0,0,0,0,0,0,0,0,0,0,0,0,0,0,0,0,0,1,5,7,10,15,17,21,5,12,7,8,13,4,0,125
1998,An attack on RSA given a small fraction of the private key bits,"Boneh D., Durfee G., Franke Y.",3029743,Lecture Notes in Computer Science (including subseries Lecture Notes in Artificial Intelligence and Lecture Notes in Bioinformatics),1514, ,0,0,0,0,0,0,0,0,0,0,0,0,0,0,0,0,0,0,0,0,0,0,0,0,0,0,0,0,0,0,1,2,5,2,7,4,2,6,1,10,13,8,4,6,8,12,9,6,5,6,6,0,0,123
2013,Privacy-preserving matrix factorization,"Nikolaenko V., Ioannidis S., Weinsberg U., Joye M., Taft N., Boneh D.",15437221,Proceedings of the ACM Conference on Computer and Communications Security,, ,0,0,0,0,0,0,0,0,0,0,0,0,0,0,0,0,0,0,0,0,0,0,0,0,0,0,0,0,0,0,0,0,0,0,0,0,0,0,0,0,0,0,0,0,0,6,14,15,25,25,27,10,0,122
2014,Hacking blind,"Bittau A., Belay A., Mashtizadeh A., Mazieres D., Boneh D.",10816011,Proceedings - IEEE Symposium on Security and Privacy,, ,0,0,0,0,0,0,0,0,0,0,0,0,0,0,0,0,0,0,0,0,0,0,0,0,0,0,0,0,0,0,0,0,0,0,0,0,0,0,0,0,0,0,0,0,0,4,17,20,26,19,26,9,0,121
2006,Protecting browser state from web privacy attacks,"Jackson C., Bortz A., Boneh D., Mitchell J.C.",,Proceedings of the 15th International Conference on World Wide Web,, ,0,0,0,0,0,0,0,0,0,0,0,0,0,0,0,0,0,0,0,0,0,0,0,0,0,0,0,0,0,0,0,0,0,0,0,0,0,2,8,9,9,16,17,8,15,11,9,6,3,4,4,0,0,121
2011,Linearly homomorphic signatures over binary fields and new tools for lattice-based signatures,"Boneh D., Freeman D.M.",3029743,Lecture Notes in Computer Science (including subseries Lecture Notes in Artificial Intelligence and Lecture Notes in Bioinformatics),6571, ,0,0,0,0,0,0,0,0,0,0,0,0,0,0,0,0,0,0,0,0,0,0,0,0,0,0,0,0,0,0,0,0,0,0,0,0,0,0,0,0,0,0,2,5,13,18,14,12,17,19,16,4,0,120
2006,"A fully collusion resistant broadcast, trace, and revoke system","Boneh D., Waters B.",15437221,Proceedings of the ACM Conference on Computer and Communications Security,, ,0,0,0,0,0,0,0,0,0,0,0,0,0,0,0,0,0,0,0,0,0,0,0,0,0,0,0,0,0,0,0,0,0,0,0,0,0,1,5,1,8,8,12,11,11,14,7,7,8,8,11,3,0,115
1999,Cryptanalysis of RSA with private key d less than n<sup>0:292</sup>,"Boneh D., Durfee G.",3029743,Lecture Notes in Computer Science (including subseries Lecture Notes in Artificial Intelligence and Lecture Notes in Bioinformatics),1592, ,0,0,0,0,0,0,0,0,0,0,0,0,0,0,0,0,0,0,0,0,0,0,0,0,0,0,0,0,0,0,1,4,6,4,4,4,6,3,3,6,7,4,4,9,7,7,7,7,5,6,6,0,0,110
1998,Breaking RSA may not be equivalent to factoring,"Boneh D., Venkatesan R.",3029743,Lecture Notes in Computer Science (including subseries Lecture Notes in Artificial Intelligence and Lecture Notes in Bioinformatics),1403, ,0,0,0,0,0,0,0,0,0,0,0,0,0,0,0,0,0,0,0,0,0,0,0,0,0,0,0,0,0,0,2,3,2,4,5,3,3,7,1,5,5,6,5,11,11,7,2,8,5,11,1,1,0,108
2014,Gyrophone: Recognizing speech from gyroscope signals,"Michalevsky Y., Boneh D., Nakibly G.",,Proceedings of the 23rd USENIX Security Symposium,, ,0,0,0,0,0,0,0,0,0,0,0,0,0,0,0,0,0,0,0,0,0,0,0,0,0,0,0,0,0,0,0,0,0,0,0,0,0,0,0,0,0,0,0,0,0,0,20,20,17,26,18,6,0,107
2014,"Multiparty key exchange, efficient traitor tracing, and more from indistinguishability obfuscation","Boneh D., Zhandry M.",3029743,Lecture Notes in Computer Science (including subseries Lecture Notes in Artificial Intelligence and Lecture Notes in Bioinformatics),8616,1,0,0,0,0,0,0,0,0,0,0,0,0,0,0,0,0,0,0,0,0,0,0,0,0,0,0,0,0,0,0,0,0,0,0,0,0,0,0,0,0,0,0,0,0,0,7,17,22,24,16,14,6,0,106
2018,Ensemble adversarial training: Attacks and defenses,"Tramer F., Kurakin A., Papernot N., Goodfellow I., Boneh D., McDaniel P.",,"6th International Conference on Learning Representations, ICLR 2018 - Conference Track Proceedings",, ,0,0,0,0,0,0,0,0,0,0,0,0,0,0,0,0,0,0,0,0,0,0,0,0,0,0,0,0,0,0,0,0,0,0,0,0,0,0,0,0,0,0,0,0,0,0,0,0,0,19,72,14,0,105
1996,Algorithms for black-box fields and their application to cryptography,"Boneh D., Lipton R.J.",3029743,Lecture Notes in Computer Science (including subseries Lecture Notes in Artificial Intelligence and Lecture Notes in Bioinformatics),1109, ,0,0,0,0,0,0,0,0,0,0,0,0,0,0,0,0,0,0,0,0,0,0,0,0,0,0,0,0,1,4,4,6,2,5,5,8,6,3,6,4,9,2,4,5,4,4,3,4,0,5,3,2,0,99
2011,Random oracles in a quantum world,"Boneh D., Dagdelen O., Fischlin M., Lehmann A., Schaffner C., Zhandry M.",3029743,Lecture Notes in Computer Science (including subseries Lecture Notes in Artificial Intelligence and Lecture Notes in Bioinformatics),7073, ,0,0,0,0,0,0,0,0,0,0,0,0,0,0,0,0,0,0,0,0,0,0,0,0,0,0,0,0,0,0,0,0,0,0,0,0,0,0,0,0,0,0,0,2,4,6,4,9,15,17,35,6,0,98
2007,Exposing private information by timing web applications,"Bortz A., Boneh D., Nandy P.",,"16th International World Wide Web Conference, WWW2007",, ,0,0,0,0,0,0,0,0,0,0,0,0,0,0,0,0,0,0,0,0,0,0,0,0,0,0,0,0,0,0,0,0,0,0,0,0,0,0,1,5,5,5,5,6,6,11,10,8,14,12,8,0,0,96
1996,On the computational power of DNA,"Boneh D., Dunworth C., Lipton R.J., Sgall J.",0166218X,Discrete Applied Mathematics,71, 1-3,0,0,0,0,0,0,0,0,0,0,0,0,0,0,0,0,0,0,0,0,0,0,0,0,0,0,0,0,0,4,8,1,3,2,3,5,6,4,1,3,3,2,3,7,5,5,4,4,7,6,6,1,0,93
2013,Key homomorphic PRFs and their applications,"Boneh D., Lewi K., Montgomery H., Raghunathan A.",3029743,Lecture Notes in Computer Science (including subseries Lecture Notes in Artificial Intelligence and Lecture Notes in Bioinformatics),8042,1,0,0,0,0,0,0,0,0,0,0,0,0,0,0,0,0,0,0,0,0,0,0,0,0,0,0,0,0,0,0,0,0,0,0,0,0,0,0,0,0,0,0,0,0,0,5,9,11,19,19,25,3,0,91
2000,Architectural support for copy and tamper resistant software,"Lie D., Thekkath C., Mitchell M., Lincoln P., Boneh D., Mitchell J., Horowitz M.",3621340,SIGPLAN Notices (ACM Special Interest Group on Programming Languages),35,11,0,0,0,0,0,0,0,0,0,0,0,0,0,0,0,0,0,0,0,0,0,0,0,0,0,0,0,0,0,0,0,0,0,0,0,0,5,0,2,1,2,2,0,3,2,3,6,10,22,19,13,0,0,90
2003,Oblivious Signature-Based Envelope,"Li N., Du W., Boneh D.",,Proceedings of the Annual ACM Symposium on Principles of Distributed Computing,22, ,0,0,0,0,0,0,0,0,0,0,0,0,0,0,0,0,0,0,0,0,0,0,0,0,0,0,0,0,0,0,0,0,0,0,2,5,9,18,14,10,4,3,7,4,1,3,1,5,0,0,1,0,0,87
2001,Simplified OAEP for the RSA and rabin functions,Boneh D.,3029743,Lecture Notes in Computer Science (including subseries Lecture Notes in Artificial Intelligence and Lecture Notes in Bioinformatics),2139, ,0,0,0,0,0,0,0,0,0,0,0,0,0,0,0,0,0,0,0,0,0,0,0,0,0,0,0,0,0,0,0,0,1,8,9,9,5,4,3,5,11,7,4,4,3,5,1,1,3,1,1,0,0,85
2015,Semantically secure order-revealing encryption: Multi-input functional encryption without obfuscation,"Boneh D., Lewi K., Raykova M., Sahai A., Zhandry M., Zimmerman J.",3029743,Lecture Notes in Computer Science (including subseries Lecture Notes in Artificial Intelligence and Lecture Notes in Bioinformatics),9057, ,0,0,0,0,0,0,0,0,0,0,0,0,0,0,0,0,0,0,0,0,0,0,0,0,0,0,0,0,0,0,0,0,0,0,0,0,0,0,0,0,0,0,0,0,0,0,4,13,20,22,20,4,0,83
2011,Efficient selective identity-based encryption without random oracles,"Boneh D., Boyen X.",9332790,Journal of Cryptology,24,4,0,0,0,0,0,0,0,0,0,0,0,0,0,0,0,0,0,0,0,0,0,0,0,0,0,0,0,0,0,0,0,0,0,0,0,0,0,0,0,0,0,0,2,2,9,8,15,18,13,5,11,0,0,83
2006,Chosen cipher-text secure public key threshold encryption without random oracles,"Boneh D., Boyen X., Halevi S.",3029743,Lecture Notes in Computer Science (including subseries Lecture Notes in Artificial Intelligence and Lecture Notes in Bioinformatics),3960, ,0,0,0,0,0,0,0,0,0,0,0,0,0,0,0,0,0,0,0,0,0,0,0,0,0,0,0,0,0,0,0,0,0,0,0,0,0,3,0,2,1,10,11,10,14,8,3,8,3,7,0,3,0,83
1995,Quantum cryptanalysis of hidden linear functions,"Boneh D., Lipton R.J.",3029743,Lecture Notes in Computer Science (including subseries Lecture Notes in Artificial Intelligence and Lecture Notes in Bioinformatics),963, ,0,0,0,0,0,0,0,0,0,0,0,0,0,0,0,0,0,0,0,0,0,0,0,0,0,0,0,2,2,2,5,6,4,3,5,1,4,3,5,4,2,3,4,7,4,3,2,3,2,1,5,0,0,82
2010,An analysis of private browsing modes in modern browsers,"Aggarwal G., Burzstein E., Jackson C., Boneh D.",,Proceedings of the 19th USENIX Security Symposium,, ,0,0,0,0,0,0,0,0,0,0,0,0,0,0,0,0,0,0,0,0,0,0,0,0,0,0,0,0,0,0,0,0,0,0,0,0,0,0,0,0,0,0,13,11,7,13,9,7,8,3,8,0,0,79
2001,Efficient generation of shared RSA keys,"Boneh D., Franklin M.",45411,Journal of the ACM,48,4,0,0,0,0,0,0,0,0,0,0,0,0,0,0,0,0,0,0,0,0,0,0,0,0,0,0,0,0,0,0,0,0,0,0,1,2,9,7,5,7,3,8,1,4,4,4,6,3,6,4,4,1,0,79
2013,Function-private identity-based encryption: Hiding the function in functional encryption,"Boneh D., Raghunathan A., Segev G.",3029743,Lecture Notes in Computer Science (including subseries Lecture Notes in Artificial Intelligence and Lecture Notes in Bioinformatics),8043,2,0,0,0,0,0,0,0,0,0,0,0,0,0,0,0,0,0,0,0,0,0,0,0,0,0,0,0,0,0,0,0,0,0,0,0,0,0,0,0,0,0,0,0,0,3,7,13,13,13,19,6,3,0,77
1996,A revocable backup system,"Boneh D., Lipton R.J.",,6th USENIX Security Symposium 1996,, ,0,0,0,0,0,0,0,0,0,0,0,0,0,0,0,0,0,0,0,0,0,0,0,0,0,0,0,0,1,0,0,0,1,1,2,0,4,2,3,1,3,4,6,6,5,5,5,8,2,7,4,3,0,73
2002,Optimistic mixing for exit-polls,"Golle P., Zhong S., Boneh D., Jakobsson M., Juels A.",3029743,Lecture Notes in Computer Science (including subseries Lecture Notes in Artificial Intelligence and Lecture Notes in Bioinformatics),2501, ,0,0,0,0,0,0,0,0,0,0,0,0,0,0,0,0,0,0,0,0,0,0,0,0,0,0,0,0,0,0,0,0,0,1,1,9,6,9,4,0,9,7,3,8,4,3,1,2,2,1,1,1,0,72
2006,Privacy in encrypted content distribution using private broadcast encryption,"Barth A., Boneh D., Waters B.",3029743,Lecture Notes in Computer Science (including subseries Lecture Notes in Artificial Intelligence and Lecture Notes in Bioinformatics),4107, ,0,0,0,0,0,0,0,0,0,0,0,0,0,0,0,0,0,0,0,0,0,0,0,0,0,0,0,0,0,0,0,0,0,0,0,0,0,1,0,3,2,3,4,7,8,10,7,8,7,6,4,1,0,71
2013,Private database queries using somewhat homomorphic encryption,"Boneh D., Gentry C., Halevi S., Wang F., Wu D.J.",3029743,Lecture Notes in Computer Science (including subseries Lecture Notes in Artificial Intelligence and Lecture Notes in Bioinformatics),7954, ,0,0,0,0,0,0,0,0,0,0,0,0,0,0,0,0,0,0,0,0,0,0,0,0,0,0,0,0,0,0,0,0,0,0,0,0,0,0,0,0,0,0,0,0,3,6,8,15,15,9,11,3,0,70
2015,CCFI: Cryptographically enforced control flow integrity,"Mashtizadeh A.J., Bittau A., Boneh D., Mazieres D.",15437221,Proceedings of the ACM Conference on Computer and Communications Security,2015-, ,0,0,0,0,0,0,0,0,0,0,0,0,0,0,0,0,0,0,0,0,0,0,0,0,0,0,0,0,0,0,0,0,0,0,0,0,0,0,0,0,0,0,0,0,0,0,1,8,20,19,19,2,0,69
2012,StegoTorus: A camouflage proxy for the Tor anonymity system,"Weinberg Z., Wang J., Yegneswaran V., Briesemeister L., Cheung S., Wang F., Boneh D.",15437221,Proceedings of the ACM Conference on Computer and Communications Security,, ,0,0,0,0,0,0,0,0,0,0,0,0,0,0,0,0,0,0,0,0,0,0,0,0,0,0,0,0,0,0,0,0,0,0,0,0,0,0,0,0,0,0,0,1,7,12,10,10,10,10,6,1,0,67
2008,Traitor tracing with constant size ciphertext,"Boneh D., Naor M.",15437221,Proceedings of the ACM Conference on Computer and Communications Security,, ,0,0,0,0,0,0,0,0,0,0,0,0,0,0,0,0,0,0,0,0,0,0,0,0,0,0,0,0,0,0,0,0,0,0,0,0,0,0,0,0,5,7,8,3,7,10,3,3,7,9,4,1,0,67
1999,Building intrusion tolerant applications,"Wu T., Malkin M., Boneh D.",,8th USENIX Security Symposium,, ,0,0,0,0,0,0,0,0,0,0,0,0,0,0,0,0,0,0,0,0,0,0,0,0,0,0,0,0,0,0,0,2,2,7,9,12,11,4,4,3,3,1,3,1,1,1,0,0,0,1,0,0,0,65
1999,Factoring N = p<sup>r</sup>q for large r,"Boneh D., Durfee G., Howgrave-Graham N.",3029743,Lecture Notes in Computer Science (including subseries Lecture Notes in Artificial Intelligence and Lecture Notes in Bioinformatics),1666, ,0,0,0,0,0,0,0,0,0,0,0,0,0,0,0,0,0,0,0,0,0,0,0,0,0,0,0,0,0,0,0,3,3,3,3,5,3,3,3,4,5,6,0,2,1,1,4,4,1,1,8,1,0,64
2014,Low overhead broadcast encryption from multilinear maps,"Boneh D., Waters B., Zhandry M.",3029743,Lecture Notes in Computer Science (including subseries Lecture Notes in Artificial Intelligence and Lecture Notes in Bioinformatics),8616,1,0,0,0,0,0,0,0,0,0,0,0,0,0,0,0,0,0,0,0,0,0,0,0,0,0,0,0,0,0,0,0,0,0,0,0,0,0,0,0,0,0,0,0,0,0,1,10,14,12,9,9,7,0,62
2015,Powerspy: Location tracking using mobile device power analysis,"Michalevsky Y., Schulman A., Veerapandian G.A., Boneh D., Nakibly G.",,Proceedings of the 24th USENIX Security Symposium,, ,0,0,0,0,0,0,0,0,0,0,0,0,0,0,0,0,0,0,0,0,0,0,0,0,0,0,0,0,0,0,0,0,0,0,0,0,0,0,0,0,0,0,0,0,0,0,1,6,14,20,17,0,0,58
2012,Computing on authenticated data,"Ahn J.H., Boneh D., Camenisch J., Hohenberger S., Shelat A., Waters B.",3029743,Lecture Notes in Computer Science (including subseries Lecture Notes in Artificial Intelligence and Lecture Notes in Bioinformatics),7194, ,0,0,0,0,0,0,0,0,0,0,0,0,0,0,0,0,0,0,0,0,0,0,0,0,0,0,0,0,0,0,0,0,0,0,0,0,0,0,0,0,0,0,0,4,9,7,13,6,6,6,6,0,0,57
2002,Almost entirely correct mixing with applications to voting,"Boneh D., Golle P.",,Proceedings of the ACM Conference on Computer and Communications Security,, ,0,0,0,0,0,0,0,0,0,0,0,0,0,0,0,0,0,0,0,0,0,0,0,0,0,0,0,0,0,0,0,0,0,0,0,8,6,6,2,1,4,7,4,7,3,1,3,1,1,0,1,1,0,56
2013,Message-locked encryption for lock-dependent messages,"Abadi M., Boneh D., Mironov I., Raghunathan A., Segev G.",3029743,Lecture Notes in Computer Science (including subseries Lecture Notes in Artificial Intelligence and Lecture Notes in Bioinformatics),8042,1,0,0,0,0,0,0,0,0,0,0,0,0,0,0,0,0,0,0,0,0,0,0,0,0,0,0,0,0,0,0,0,0,0,0,0,0,0,0,0,0,0,0,0,0,0,0,5,5,19,12,9,5,0,55
2014,Password managers: Attacks and defenses,"Silver D., Jana S., Boneh D., Chen E., Jackson C.",,Proceedings of the 23rd USENIX Security Symposium,, ,0,0,0,0,0,0,0,0,0,0,0,0,0,0,0,0,0,0,0,0,0,0,0,0,0,0,0,0,0,0,0,0,0,0,0,0,0,0,0,0,0,0,0,0,0,1,6,11,8,17,9,1,0,53
2018,Bulletproofs: Short Proofs for Confidential Transactions and More,"Bunz B., Bootle J., Boneh D., Poelstra A., Wuille P., Maxwell G.",10816011,Proceedings - IEEE Symposium on Security and Privacy,2018-, ,0,0,0,0,0,0,0,0,0,0,0,0,0,0,0,0,0,0,0,0,0,0,0,0,0,0,0,0,0,0,0,0,0,0,0,0,0,0,0,0,0,0,0,0,0,0,0,0,0,5,36,10,0,51
2003,A secure signature scheme from bilinear maps,"Boneh D., Mironov I., Shoup V.",3029743,Lecture Notes in Computer Science (including subseries Lecture Notes in Artificial Intelligence and Lecture Notes in Bioinformatics),2612, ,0,0,0,0,0,0,0,0,0,0,0,0,0,0,0,0,0,0,0,0,0,0,0,0,0,0,0,0,0,0,0,0,0,0,0,2,4,6,1,1,0,3,1,1,3,2,9,4,5,4,2,3,0,51
2012,Functional encryption: A new vision for public-key cryptography,"Boneh D., Sahai A., Waters B.",10782,Communications of the ACM,55,11,0,0,0,0,0,0,0,0,0,0,0,0,0,0,0,0,0,0,0,0,0,0,0,0,0,0,0,0,0,0,0,0,0,0,0,0,0,0,0,0,0,0,0,0,2,8,11,7,7,7,4,1,0,47
2004,Fine-Grained Control of Security Capabilities,"Boneh D., Ding X., Tsudik G.",15335399,ACM Transactions on Internet Technology,4,1,0,0,0,0,0,0,0,0,0,0,0,0,0,0,0,0,0,0,0,0,0,0,0,0,0,0,0,0,0,0,0,0,0,0,0,2,5,4,3,2,6,5,4,0,2,2,1,4,1,3,3,0,0,47
2000,Architectural support for copy and tamper resistant software,"Lie D., Thekkath C., Mitchell M., Lincoln P., Boneh D., Mitchell J., Horowitz M.",1635980,Operating Systems Review (ACM),34,5,0,0,0,0,0,0,0,0,0,0,0,0,0,0,0,0,0,0,0,0,0,0,0,0,0,0,0,0,0,0,0,0,0,0,0,2,2,2,1,2,4,2,3,3,3,2,7,1,4,8,1,0,0,47
2013,Secure signatures and chosen ciphertext security in a quantum computing world,"Boneh D., Zhandry M.",3029743,Lecture Notes in Computer Science (including subseries Lecture Notes in Artificial Intelligence and Lecture Notes in Bioinformatics),8043,2,0,0,0,0,0,0,0,0,0,0,0,0,0,0,0,0,0,0,0,0,0,0,0,0,0,0,0,0,0,0,0,0,0,0,0,0,0,0,0,0,0,0,0,0,1,2,3,7,7,8,15,3,0,46
2000,Why textbook elgamal and RSA encryption are insecure: (Extended abstract),"Boneh D., Joux A., Nguyen P.Q.",3029743,Lecture Notes in Computer Science (including subseries Lecture Notes in Artificial Intelligence and Lecture Notes in Bioinformatics),1976, ,0,0,0,0,0,0,0,0,0,0,0,0,0,0,0,0,0,0,0,0,0,0,0,0,0,0,0,0,0,0,0,0,0,4,2,2,2,1,3,4,4,2,0,4,4,0,2,4,3,3,1,0,0,45
2010,Kamouflage: Loss-resistant password management,"Bojinov H., Bursztein E., Boyen X., Boneh D.",3029743,Lecture Notes in Computer Science (including subseries Lecture Notes in Artificial Intelligence and Lecture Notes in Bioinformatics),6345, ,0,0,0,0,0,0,0,0,0,0,0,0,0,0,0,0,0,0,0,0,0,0,0,0,0,0,0,0,0,0,0,0,0,0,0,0,0,0,0,0,0,0,0,0,1,3,6,10,8,6,9,0,0,43
2007,Protecting browsers from DNS rebinding attacks,"Jackson C., Barth A., Bortz A., Shao W., Boneh D.",15437221,Proceedings of the ACM Conference on Computer and Communications Security,, ,0,0,0,0,0,0,0,0,0,0,0,0,0,0,0,0,0,0,0,0,0,0,0,0,0,0,0,0,0,0,0,0,0,0,0,0,0,0,1,10,3,6,4,6,4,2,2,0,0,2,2,1,0,43
1997,Rounding in lattices and its cryptographic applications,"Boneh Dan, Venkatesan Ramarathnam",,Proceedings of the Annual ACM-SIAM Symposium on Discrete Algorithms,, ,0,0,0,0,0,0,0,0,0,0,0,0,0,0,0,0,0,0,0,0,0,0,0,0,0,0,0,0,0,0,0,1,3,4,3,6,2,1,3,2,3,0,0,4,1,4,4,0,2,0,0,0,0,43
1999,Experimenting with electronic commerce on the PalmPilot,"Daswani N., Boneh D.",3029743,Lecture Notes in Computer Science (including subseries Lecture Notes in Artificial Intelligence and Lecture Notes in Bioinformatics),1648, ,0,0,0,0,0,0,0,0,0,0,0,0,0,0,0,0,0,0,0,0,0,0,0,0,0,0,0,0,0,0,1,5,4,5,6,4,5,1,4,2,1,1,0,0,0,1,1,0,0,0,1,0,0,42
2015,Riposte: An anonymous messaging system handling millions of users,"Corrigan-Gibbs H., Boneh D., Mazieres D.",10816011,Proceedings - IEEE Symposium on Security and Privacy,2015-, ,0,0,0,0,0,0,0,0,0,0,0,0,0,0,0,0,0,0,0,0,0,0,0,0,0,0,0,0,0,0,0,0,0,0,0,0,0,0,1,0,0,0,0,0,0,0,2,6,16,8,8,0,0,41
2001,Improving ssl handshake performance via batching,"Shacham H., Boneh D.",3029743,Lecture Notes in Computer Science (including subseries Lecture Notes in Artificial Intelligence and Lecture Notes in Bioinformatics),2020, ,0,0,0,0,0,0,0,0,0,0,0,0,0,0,0,0,0,0,0,0,0,0,0,0,0,0,0,0,0,0,0,0,0,2,0,2,2,3,2,2,3,2,3,5,4,1,2,1,4,0,2,1,0,41
2010,Algebraic pseudorandom functions with improved efficiency from the augmented cascade,"Boneh D., Montgomery H.W., Raghunathan A.",15437221,Proceedings of the ACM Conference on Computer and Communications Security,, ,0,0,0,0,0,0,0,0,0,0,0,0,0,0,0,0,0,0,0,0,0,0,0,0,0,0,0,0,0,0,0,0,0,0,0,0,0,0,0,0,0,0,1,5,5,5,6,4,5,5,2,1,0,39
2008,Overshadow: A virtualization-based approach to retrofitting protection in commodity operating systems,"Chen X., Garfinkel T., Lewis E.C., Subrahmanyam P., Waldspurger C.A., Boneh D., Dwoskin J., Ports D.R.K.",15232867,ACM SIGPLAN Notices,43,3,0,0,0,0,0,0,0,0,0,0,0,0,0,0,0,0,0,0,0,0,0,0,0,0,0,0,0,0,0,0,0,0,0,0,0,0,0,0,0,0,0,0,0,2,2,3,5,6,10,7,4,0,0,39
2001,Lower bounds for multicast message authentication,"Boneh D., Durfee G., Franklin M.",3029743,Lecture Notes in Computer Science (including subseries Lecture Notes in Artificial Intelligence and Lecture Notes in Bioinformatics),2045, ,0,0,0,0,0,0,0,0,0,0,0,0,0,0,0,0,0,0,0,0,0,0,0,0,0,0,0,0,0,0,0,0,0,3,2,4,5,3,4,2,1,3,1,2,1,2,0,1,1,3,0,0,0,38
2007,Private web search,"Saint-Jean F., Johnson A., Boneh D., Feigenbaum J.",,WPES'07 - Proceedings of the 2007 ACM Workshop on Privacy in Electronic Society,, ,0,0,0,0,0,0,0,0,0,0,0,0,0,0,0,0,0,0,0,0,0,0,0,0,0,0,0,0,0,0,0,0,0,0,0,0,0,0,0,1,7,5,4,8,3,2,2,2,1,1,0,1,0,37
2003,Attacking an obfuscated cipher by injecting faults,"Jacob M., Boneh D., Felten E.",3029743,Lecture Notes in Computer Science (including subseries Lecture Notes in Artificial Intelligence and Lecture Notes in Bioinformatics),2696, ,0,0,0,0,0,0,0,0,0,0,0,0,0,0,0,0,0,0,0,0,0,0,0,0,0,0,0,0,0,0,0,0,0,0,0,1,2,0,2,1,4,3,2,0,1,2,2,6,2,1,5,3,0,37
1999,Anonymous authentication with subset queries,"Boneh Dan, Franklin Matt",,Proceedings of the ACM Conference on Computer and Communications Security,, ,0,0,0,0,0,0,0,0,0,0,0,0,0,0,0,0,0,0,0,0,0,0,0,0,0,0,0,0,0,0,0,1,2,3,1,1,4,2,1,4,6,1,2,1,3,2,1,1,0,0,1,0,0,37
2017,Incentive compatibility of bitcoin mining pool reward functions,"Schrijvers O., Bonneau J., Boneh D., Roughgarden T.",3029743,Lecture Notes in Computer Science (including subseries Lecture Notes in Artificial Intelligence and Lecture Notes in Bioinformatics),9603, ,0,0,0,0,0,0,0,0,0,0,0,0,0,0,0,0,0,0,0,0,0,0,0,0,0,0,0,0,0,0,0,0,0,0,0,0,0,0,0,0,0,0,0,0,0,0,0,0,5,9,18,3,0,35
2010,The case for ubiquitous transport-level encryption,"Bittau A., Hamburg M., Handley M., Mazieres D., Boneh D.",,Proceedings of the 19th USENIX Security Symposium,, ,0,0,0,0,0,0,0,0,0,0,0,0,0,0,0,0,0,0,0,0,0,0,0,0,0,0,0,0,0,0,0,0,0,0,0,0,0,0,0,0,0,0,3,3,3,4,7,5,6,2,2,0,0,35
2006,Secure function evaluation with ordered binary decision diagrams,"Kruger L., Jha S., Goh E.-J., Boneh D.",15437221,Proceedings of the ACM Conference on Computer and Communications Security,, ,0,0,0,0,0,0,0,0,0,0,0,0,0,0,0,0,0,0,0,0,0,0,0,0,0,0,0,0,0,0,0,0,0,0,0,0,0,0,2,0,3,3,1,5,9,4,1,1,0,2,2,1,0,34
2008,On the impossibility of basing Identity Based Encryption on Trapdoor Permutations,"Boneh D., Papakonstantinou P.A., Rackoff C., Vahlis Y., Waters B.",2725428,"Proceedings - Annual IEEE Symposium on Foundations of Computer Science, FOCS",, ,0,0,0,0,0,0,0,0,0,0,0,0,0,0,0,0,0,0,0,0,0,0,0,0,0,0,0,0,0,0,0,0,0,0,0,0,0,0,0,0,1,2,2,3,3,5,1,2,5,5,3,1,0,33
2013,Quantum-secure message authentication codes,"Boneh D., Zhandry M.",3029743,Lecture Notes in Computer Science (including subseries Lecture Notes in Artificial Intelligence and Lecture Notes in Bioinformatics),7881, ,0,0,0,0,0,0,0,0,0,0,0,0,0,0,0,0,0,0,0,0,0,0,0,0,0,0,0,0,0,0,0,0,0,0,0,0,0,0,0,0,0,0,0,0,2,2,2,4,6,3,11,2,0,32
2017,"Prio: Private, robust, and scalable computation of aggregate statistics","Corrigan-Gibbs H., Boneh D.",,"Proceedings of the 14th USENIX Symposium on Networked Systems Design and Implementation, NSDI 2017",, ,0,0,0,0,0,0,0,0,0,0,0,0,0,0,0,0,0,0,0,0,0,0,0,0,0,0,0,0,0,0,0,0,0,0,0,0,0,0,0,0,0,0,0,0,0,0,0,0,3,6,18,4,0,31
2013,Function-private subspace-membership encryption and its applications,"Boneh D., Raghunathan A., Segev G.",3029743,Lecture Notes in Computer Science (including subseries Lecture Notes in Artificial Intelligence and Lecture Notes in Bioinformatics),8269,1,0,0,0,0,0,0,0,0,0,0,0,0,0,0,0,0,0,0,0,0,0,0,0,0,0,0,0,0,0,0,0,0,0,0,0,0,0,0,0,0,0,0,0,0,0,3,7,4,4,6,4,3,0,31
2012,Neuroscience meets cryptography: Designing crypto primitives secure against rubber hose attacks,"Bojinov H., Sanchez D., Reber P., Boneh D., Lincoln P.",,Proceedings of the 21st USENIX Security Symposium,, ,0,0,0,0,0,0,0,0,0,0,0,0,0,0,0,0,0,0,0,0,0,0,0,0,0,0,0,0,0,0,0,0,0,0,0,0,0,0,0,0,0,0,0,0,4,5,7,5,5,3,2,0,0,31
2001,On the unpredictability of bits of the elliptic curve Diffie-Hellman scheme,"Boneh D., Shparlinski I.E.",3029743,Lecture Notes in Computer Science (including subseries Lecture Notes in Artificial Intelligence and Lecture Notes in Bioinformatics),2139, ,0,0,0,0,0,0,0,0,0,0,0,0,0,0,0,0,0,0,0,0,0,0,0,0,0,0,0,0,0,0,0,0,1,0,1,3,0,1,1,2,1,4,2,2,1,1,2,2,4,1,2,0,0,31
2009,Symmetric cryptography in javascript,"Stark E., Hamburg M., Boneh D.",10639527,"Proceedings - Annual Computer Security Applications Conference, ACSAC",, ,0,0,0,0,0,0,0,0,0,0,0,0,0,0,0,0,0,0,0,0,0,0,0,0,0,0,0,0,0,0,0,0,0,0,0,0,0,0,0,0,0,1,2,0,6,10,1,4,1,2,3,0,0,30
2009,XCS: Cross channel scripting and its impact on web applications,"Bojinov H., Bursztein E., Boneh D.",15437221,Proceedings of the ACM Conference on Computer and Communications Security,, ,0,0,0,0,0,0,0,0,0,0,0,0,0,0,0,0,0,0,0,0,0,0,0,0,0,0,0,0,0,0,0,0,0,0,0,0,0,0,0,0,0,5,5,1,0,8,2,4,2,0,3,0,0,30
2005,Oblivious signature-based envelope,"Li N., Du W., Boneh D.",1782770,Distributed Computing,17,4,0,0,0,0,0,0,0,0,0,0,0,0,0,0,0,0,0,0,0,0,0,0,0,0,0,0,0,0,0,0,0,0,0,0,0,0,1,2,1,0,2,5,2,2,6,1,2,4,0,2,0,0,0,30
1999,Breaking generalized Diffie-Hellman modulo a composite is no easier than factoring,"Biham E., Boneh D., Reingold O.",200190,Information Processing Letters,70,2,0,0,0,0,0,0,0,0,0,0,0,0,0,0,0,0,0,0,0,0,0,0,0,0,0,0,0,0,0,0,0,3,2,1,4,4,2,0,0,0,0,1,4,0,1,0,2,0,2,1,2,1,0,30
2017,Iron: Functional encryption using intel SGX,"Fisch B., Vinayagamurthy D., Boneh D., Gorbunov S.",15437221,Proceedings of the ACM Conference on Computer and Communications Security,, ,0,0,0,0,0,0,0,0,0,0,0,0,0,0,0,0,0,0,0,0,0,0,0,0,0,0,0,0,0,0,0,0,0,0,0,0,0,0,0,0,0,0,0,0,0,0,0,0,0,4,17,6,0,27
2012,Targeted malleability: Homomorphic encryption for restricted computations,"Boneh D., Segev G., Waters B.",,ITCS 2012 - Innovations in Theoretical Computer Science Conference,, ,0,0,0,0,0,0,0,0,0,0,0,0,0,0,0,0,0,0,0,0,0,0,0,0,0,0,0,0,0,0,0,0,0,0,0,0,0,0,0,0,0,0,0,1,6,3,2,3,8,3,1,0,0,27
2001,The modular inversion hidden number problem,"Boneh D., Halevi S., Howgrave-Graham N.",3029743,Lecture Notes in Computer Science (including subseries Lecture Notes in Artificial Intelligence and Lecture Notes in Bioinformatics),2248, ,0,0,0,0,0,0,0,0,0,0,0,0,0,0,0,0,0,0,0,0,0,0,0,0,0,0,0,0,0,0,0,0,0,0,1,2,2,3,2,0,0,2,0,2,1,5,1,0,3,1,1,1,0,27
2016,"Privacy, discovery, and authentication for the internet of things","Wu D.J., Taly A., Shankar A., Boneh D.",3029743,Lecture Notes in Computer Science (including subseries Lecture Notes in Artificial Intelligence and Lecture Notes in Bioinformatics),9879, ,0,0,0,0,0,0,0,0,0,0,0,0,0,0,0,0,0,0,0,0,0,0,0,0,0,0,0,0,0,0,0,0,0,0,0,0,0,0,0,0,0,0,0,0,0,0,0,0,4,9,9,4,0,26
2011,Address space randomization for mobile devices,"Bojinov H., Boneh D., Cannings R., Malchev I.",,WiSec'11 - Proceedings of the 4th ACM Conference on Wireless Network Security,, ,0,0,0,0,0,0,0,0,0,0,0,0,0,0,0,0,0,0,0,0,0,0,0,0,0,0,0,0,0,0,0,0,0,0,0,0,0,0,0,0,0,0,1,3,1,4,2,6,3,4,0,2,0,26
2015,Provisions: Privacy-preserving proofs of solvency for bitcoin exchanges,"Dagher G.G., Bunz B., Bonneau J., Clark J., Boneh D.",15437221,Proceedings of the ACM Conference on Computer and Communications Security,2015-, ,0,0,0,0,0,0,0,0,0,0,0,0,0,0,0,0,0,0,0,0,0,0,0,0,0,0,0,0,0,0,0,0,0,0,0,0,0,0,0,0,0,0,0,0,0,0,1,1,5,7,10,1,0,25
2009,Protecting browsers from DNS rebinding attacks,"Jackson C., Barth A., Bortz A., Shao W., Boneh D.",15591131,ACM Transactions on the Web,3,1,0,0,0,0,0,0,0,0,0,0,0,0,0,0,0,0,0,0,0,0,0,0,0,0,0,0,0,0,0,0,0,0,0,0,0,0,0,0,0,1,1,3,4,1,4,0,2,1,3,3,2,0,0,25
2010,Preventing pollution attacks in multi-source network coding,"Agrawal S., Boneh D., Boyen X., Freeman D.M.",3029743,Lecture Notes in Computer Science (including subseries Lecture Notes in Artificial Intelligence and Lecture Notes in Bioinformatics),6056, ,0,0,0,0,0,0,0,0,0,0,0,0,0,0,0,0,0,0,0,0,0,0,0,0,0,0,0,0,0,0,0,0,0,0,0,0,0,0,0,0,0,0,1,0,3,3,5,6,1,2,3,0,0,24
2006,On the impossibility of efficiently combining collision resistant hash functions,"Boneh D., Boyen X.",3029743,Lecture Notes in Computer Science (including subseries Lecture Notes in Artificial Intelligence and Lecture Notes in Bioinformatics),4117, ,0,0,0,0,0,0,0,0,0,0,0,0,0,0,0,0,0,0,0,0,0,0,0,0,0,0,0,0,0,0,0,0,0,0,0,0,0,0,3,4,3,1,0,1,1,5,1,2,0,2,1,0,0,24
2011,OpenConflict: Preventing real time map hacks in online games,"Bursztein E., Hamburg M., Lagarenne J., Boneh D.",10816011,Proceedings - IEEE Symposium on Security and Privacy,, ,0,0,0,0,0,0,0,0,0,0,0,0,0,0,0,0,0,0,0,0,0,0,0,0,0,0,0,0,0,0,0,0,0,0,0,0,0,0,0,0,0,0,0,2,3,5,4,5,1,2,1,0,0,23
2011,Finding composite order ordinary elliptic curves using the Cocks-Pinch method,"Boneh D., Rubin K., Silverberg A.",0022314X,Journal of Number Theory,131,5,0,0,0,0,0,0,0,0,0,0,0,0,0,0,0,0,0,0,0,0,0,0,0,0,0,0,0,0,0,0,0,0,0,0,0,0,0,0,0,0,0,0,1,3,4,5,3,3,4,0,0,0,0,23
2000,Finding smooth integers in short intervals using CRT decoding,Boneh D.,7378017,Proceedings of the Annual ACM Symposium on Theory of Computing,, ,0,0,0,0,0,0,0,0,0,0,0,0,0,0,0,0,0,0,0,0,0,0,0,0,0,0,0,0,0,0,0,1,5,0,1,3,0,3,0,0,0,2,2,2,0,0,1,0,1,2,0,0,0,23
2014,An experimental study of TLS forward secrecy deployments,"Huang L.-S., Adhikarla S., Boneh D., Jackson C.",10897801,IEEE Internet Computing,18,6,0,0,0,0,0,0,0,0,0,0,0,0,0,0,0,0,0,0,0,0,0,0,0,0,0,0,0,0,0,0,0,0,0,0,0,0,0,0,0,0,0,0,0,0,0,0,3,3,6,3,7,0,0,22
2016,Balloon hashing: A memory-hard function providing provable protection against sequential attacks,"Boneh D., Corrigan-Gibbs H., Schechter S.",3029743,Lecture Notes in Computer Science (including subseries Lecture Notes in Artificial Intelligence and Lecture Notes in Bioinformatics),10031, ,0,0,0,0,0,0,0,0,0,0,0,0,0,0,0,0,0,0,0,0,0,0,0,0,0,0,0,0,0,0,0,0,0,0,0,0,0,0,0,0,0,0,0,0,0,0,0,0,5,4,10,2,0,21
2017,Deriving genomic diagnoses without revealing patient genomes,"Jagadeesh K.A., Wu D.J., Birgmeier J.A., Boneh D., Bejerano G.",368075,Science,357,6352,0,0,0,0,0,0,0,0,0,0,0,0,0,0,0,0,0,0,0,0,0,0,0,0,0,0,0,0,0,0,0,0,0,0,0,0,0,0,0,0,0,0,0,0,0,0,0,0,2,5,11,2,0,20
2017,Constraining pseudorandom functions privately,"Boneh D., Lewi K., Wu D.J.",3029743,Lecture Notes in Computer Science (including subseries Lecture Notes in Artificial Intelligence and Lecture Notes in Bioinformatics),10175, ,0,0,0,0,0,0,0,0,0,0,0,0,0,0,0,0,0,0,0,0,0,0,0,0,0,0,0,0,0,0,0,0,0,0,0,0,0,0,0,0,0,0,0,0,0,0,0,0,6,5,8,1,0,20
2012,Evading censorship with browser-based proxies,"Fifield D., Hardison N., Ellithorpe J., Stark E., Boneh D., Dingledine R., Porras P.",3029743,Lecture Notes in Computer Science (including subseries Lecture Notes in Artificial Intelligence and Lecture Notes in Bioinformatics),7384, ,0,0,0,0,0,0,0,0,0,0,0,0,0,0,0,0,0,0,0,0,0,0,0,0,0,0,0,0,0,0,0,0,0,0,0,0,0,0,0,0,0,0,0,1,5,4,2,6,0,0,2,0,0,20
2017,Lattice-based SNARGs and their application to more efficient obfuscation,"Boneh D., Ishai Y., Sahai A., Wu D.J.",3029743,Lecture Notes in Computer Science (including subseries Lecture Notes in Artificial Intelligence and Lecture Notes in Bioinformatics),10212, ,0,0,0,0,0,0,0,0,0,0,0,0,0,0,0,0,0,0,0,0,0,0,0,0,0,0,0,0,0,0,0,0,0,0,0,0,0,0,0,0,0,0,0,0,0,0,0,0,1,9,8,1,0,19
2012,"Secure, consumer-friendly web authentication and payments with a phone","Dodson B., Sengupta D., Boneh D., Lam M.S.",18678211,"Lecture Notes of the Institute for Computer Sciences, Social-Informatics and Telecommunications Engineering, LNICST",76, ,0,0,0,0,0,0,0,0,0,0,0,0,0,0,0,0,0,0,0,0,0,0,0,0,0,0,0,0,0,0,0,0,0,0,0,0,0,0,0,0,0,0,0,1,3,4,4,4,1,0,2,0,0,19
2000,Building intrusion tolerant applications,"Malkin M., Wu T., Boneh D.",,"Proceedings - DARPA Information Survivability Conference and Exposition, DISCEX 2000",1, ,0,0,0,0,0,0,0,0,0,0,0,0,0,0,0,0,0,0,0,0,0,0,0,0,0,0,0,0,0,0,0,0,0,0,2,3,3,1,3,1,1,3,0,0,1,0,0,0,0,0,0,0,0,18
2018,Verifiable delay functions,"Boneh D., Bonneau J., Bunz B., Fisch B.",3029743,Lecture Notes in Computer Science (including subseries Lecture Notes in Artificial Intelligence and Lecture Notes in Bioinformatics),10991, ,0,0,0,0,0,0,0,0,0,0,0,0,0,0,0,0,0,0,0,0,0,0,0,0,0,0,0,0,0,0,0,0,0,0,0,0,0,0,0,0,0,0,0,0,0,0,0,0,0,0,14,3,0,17
2015,Computing on Authenticated Data,"Ahn J.H., Boneh D., Camenisch J., Hohenberger S., Shelat A., Waters B.",9332790,Journal of Cryptology,28,2,0,0,0,0,0,0,0,0,0,0,0,0,0,0,0,0,0,0,0,0,0,0,0,0,0,0,0,0,0,0,0,0,0,0,0,0,0,0,0,0,0,0,0,0,0,0,0,0,1,5,6,4,0,16
2012,Privacy and cybersecurity: The next 100 years,"Landwehr C., Boneh D., Mitchell J.C., Bellovin S.M., Landau S., Lesk M.E.",189219,Proceedings of the IEEE,100, ,0,0,0,0,0,0,0,0,0,0,0,0,0,0,0,0,0,0,0,0,0,0,0,0,0,0,0,0,0,0,0,0,0,0,0,0,0,0,0,0,0,0,0,0,2,2,2,1,3,4,1,1,0,16
2004,Client-side caching for TLS,"Shacham H., Boneh D., Rescorla E.",10949224,ACM Transactions on Information and System Security,7,4,0,0,0,0,0,0,0,0,0,0,0,0,0,0,0,0,0,0,0,0,0,0,0,0,0,0,0,0,0,0,0,0,0,0,0,0,0,1,0,3,2,1,3,1,1,1,1,0,0,1,1,0,0,16
2000,Generating RSA keys on a handheld using an untrusted server,"Boneh D., Modadugu N., Kim M.",3029743,Lecture Notes in Computer Science (including subseries Lecture Notes in Artificial Intelligence and Lecture Notes in Bioinformatics),1977, ,0,0,0,0,0,0,0,0,0,0,0,0,0,0,0,0,0,0,0,0,0,0,0,0,0,0,0,0,0,0,0,0,1,1,2,0,3,3,0,0,0,1,0,1,2,0,2,0,0,0,0,0,0,16
1995,On genetic algorithms,"Baum E.B., Boneh D., Garrett C.",,"Proceedings of the 8th Annual Conference on Computational Learning Theory, COLT 1995",1995-, ,0,0,0,0,0,0,0,0,0,0,0,0,0,0,0,0,0,0,0,0,0,0,0,0,0,0,0,1,1,1,3,0,0,0,1,1,1,1,0,0,1,1,1,0,0,1,1,0,0,1,0,0,0,16
2017,Trust but verify: Auditing the secure Internet of Things,"Wilson J., Wahby R.S., Corrigan-Gibbs H., Boneh D., Levis P., Winstein K.",,"MobiSys 2017 - Proceedings of the 15th Annual International Conference on Mobile Systems, Applications, and Services",, ,0,0,0,0,0,0,0,0,0,0,0,0,0,0,0,0,0,0,0,0,0,0,0,0,0,0,0,0,0,0,0,0,0,0,0,0,0,0,0,0,0,0,0,0,0,0,0,0,2,6,6,1,0,15
2002,Finding smooth integers in short intervals using CRT decoding,Boneh D.,220000,Journal of Computer and System Sciences,64,4,0,0,0,0,0,0,0,0,0,0,0,0,0,0,0,0,0,0,0,0,0,0,0,0,0,0,0,0,0,0,0,0,0,0,1,2,0,2,1,0,1,0,2,1,0,1,1,0,2,1,0,0,0,15
1993,Amplification of weak learning under the uniform distribution,"Boneh Dan, Lipton Richard J.",,,, ,0,0,0,0,0,0,0,0,0,0,0,0,0,0,0,0,0,0,0,0,0,0,0,0,0,0,0,0,1,0,1,1,0,1,3,1,2,1,0,0,0,0,1,0,0,0,0,0,2,1,0,0,0,15
2017,Private puncturable PRFs from standard lattice assumptions,"Boneh D., Kim S., Montgomery H.",3029743,Lecture Notes in Computer Science (including subseries Lecture Notes in Artificial Intelligence and Lecture Notes in Bioinformatics),10210, ,0,0,0,0,0,0,0,0,0,0,0,0,0,0,0,0,0,0,0,0,0,0,0,0,0,0,0,0,0,0,0,0,0,0,0,0,0,0,0,0,0,0,0,0,0,0,0,0,4,6,3,1,0,14
2007,Covert channels in privacy-preserving identification systems,"Bailey D.V., Boneh D., Goh E.-J., Juels A.",15437221,Proceedings of the ACM Conference on Computer and Communications Security,, ,0,0,0,0,0,0,0,0,0,0,0,0,0,0,0,0,0,0,0,0,0,0,0,0,0,0,0,0,0,0,0,0,0,0,0,0,0,0,0,0,5,2,1,2,3,0,0,0,0,0,0,1,0,14
2001,Where genetic algorithms excel.,"Baum E.B., Boneh D., Garrett C.",10636560,Evolutionary computation,9,1,0,0,0,0,0,0,0,0,0,0,0,0,0,0,0,0,0,0,0,0,0,0,0,0,0,0,0,0,0,0,0,0,0,2,2,1,2,1,1,1,0,0,0,0,1,1,2,0,0,0,0,0,0,14
2018,Threshold cryptosystems from threshold fully homomorphic encryption,"Boneh D., Gennaro R., Goldfeder S., Jain A., Kim S., Rasmussen P.M.R., Sahai A.",3029743,Lecture Notes in Computer Science (including subseries Lecture Notes in Artificial Intelligence and Lecture Notes in Bioinformatics),10991, ,0,0,0,0,0,0,0,0,0,0,0,0,0,0,0,0,0,0,0,0,0,0,0,0,0,0,0,0,0,0,0,0,0,0,0,0,0,0,0,0,0,0,0,0,0,0,0,0,0,0,7,6,0,13
2011,Mobile token-based authentication on a budget,"Bojinov H., Boneh D.",,HotMobile 2011: The 12th Workshop on Mobile Computing Systems and Applications,, ,0,0,0,0,0,0,0,0,0,0,0,0,0,0,0,0,0,0,0,0,0,0,0,0,0,0,0,0,0,0,0,0,0,0,0,0,0,0,0,0,0,0,0,2,0,2,2,2,3,1,1,0,0,13
2009,Robust location tag generation from noisy location data for security applications,"Qiu D., Boneh D., Lo S., Enge P.",,"Proceedings of the Institute of Navigation, National Technical Meeting",1, ,0,0,0,0,0,0,0,0,0,0,0,0,0,0,0,0,0,0,0,0,0,0,0,0,0,0,0,0,0,0,0,0,0,0,0,0,0,0,0,0,1,0,2,1,0,0,1,4,3,0,0,1,0,13
2003,The design and implementation of protocol-based hidden key recovery,"Goh E.-J., Boneh D., Pinkas B., Golle P.",3029743,Lecture Notes in Computer Science (including subseries Lecture Notes in Artificial Intelligence and Lecture Notes in Bioinformatics),2851, ,0,0,0,0,0,0,0,0,0,0,0,0,0,0,0,0,0,0,0,0,0,0,0,0,0,0,0,0,0,0,0,0,0,0,0,0,0,1,0,0,1,1,2,0,0,1,3,0,2,1,1,0,0,13
2007,A brief look at pairings based cryptography,Boneh D.,2725428,"Proceedings - Annual IEEE Symposium on Foundations of Computer Science, FOCS",, ,0,0,0,0,0,0,0,0,0,0,0,0,0,0,0,0,0,0,0,0,0,0,0,0,0,0,0,0,0,0,0,0,0,0,0,0,0,0,0,0,3,3,1,0,1,0,0,0,1,2,1,0,0,12
2007,Geoencryption using loran,"Di Q., Lo S., Enge P., Boneh D., Peterson B.",,"Proceedings of the Institute of Navigation, National Technical Meeting",1, ,0,0,0,0,0,0,0,0,0,0,0,0,0,0,0,0,0,0,0,0,0,0,0,0,0,0,0,0,0,0,0,0,0,0,0,0,0,0,0,1,3,2,0,2,1,0,0,2,0,0,0,0,0,11
2014,Bivariate polynomials modulo composites and their applications,"Boneh D., Corrigan-Gibbs H.",3029743,Lecture Notes in Computer Science (including subseries Lecture Notes in Artificial Intelligence and Lecture Notes in Bioinformatics),8873, ,0,0,0,0,0,0,0,0,0,0,0,0,0,0,0,0,0,0,0,0,0,0,0,0,0,0,0,0,0,0,0,0,0,0,0,0,0,0,0,0,0,0,0,0,0,0,1,2,1,0,4,2,0,10
2013,Ensuring high-quality randomness in cryptographic key generation,"Corrigan-Gibbs H., Mu W., Boneh D., Ford B.",15437221,Proceedings of the ACM Conference on Computer and Communications Security,, ,0,0,0,0,0,0,0,0,0,0,0,0,0,0,0,0,0,0,0,0,0,0,0,0,0,0,0,0,0,0,0,0,0,0,0,0,0,0,0,0,0,0,0,0,0,0,1,2,2,1,3,1,0,10
2018,Compact Multi-signatures for Smaller Blockchains,"Boneh D., Drijvers M., Neven G.",3029743,Lecture Notes in Computer Science (including subseries Lecture Notes in Artificial Intelligence and Lecture Notes in Bioinformatics),11273, ,0,0,0,0,0,0,0,0,0,0,0,0,0,0,0,0,0,0,0,0,0,0,0,0,0,0,0,0,0,0,0,0,0,0,0,0,0,0,0,0,0,0,0,0,0,0,0,0,0,0,7,2,0,9
2016,5Gen: A framework for prototyping applications using multilinear maps and matrix branching programs,"Lewi K., Malozemoff A.J., Apon D., Carmer B., Foltzer A., Wagner D., Archer D.W., Boneh D., Katz J., Raykova M.",15437221,Proceedings of the ACM Conference on Computer and Communications Security,24-28-, ,0,0,0,0,0,0,0,0,0,0,0,0,0,0,0,0,0,0,0,0,0,0,0,0,0,0,0,0,0,0,0,0,0,0,0,0,0,0,0,0,0,0,0,0,0,0,0,0,5,2,2,0,0,9
2009,Physical pseudo random function in radio frequency sources for security,"Qiu D., De Lorenzo D., Lo S., Boneh D., Enge P.",,"Proceedings of the Institute of Navigation, National Technical Meeting",1, ,0,0,0,0,0,0,0,0,0,0,0,0,0,0,0,0,0,0,0,0,0,0,0,0,0,0,0,0,0,0,0,0,0,0,0,0,0,0,0,0,4,2,1,1,0,1,0,0,0,0,0,0,0,9
2017,T/Key: Second-Factor authentication from secure hash chains,"Kogan D., Manohar N., Boneh D.",15437221,Proceedings of the ACM Conference on Computer and Communications Security,, ,0,0,0,0,0,0,0,0,0,0,0,0,0,0,0,0,0,0,0,0,0,0,0,0,0,0,0,0,0,0,0,0,0,0,0,0,0,0,0,0,0,0,0,0,0,0,0,0,0,3,5,0,0,8
2014,Tick tock: Building browser red pills from timing side channels,"Ho G., Boneh D., Ballard L., Provos N.",,"8th USENIX Workshop on Offensive Technologies, WOOT 2014",, ,0,0,0,0,0,0,0,0,0,0,0,0,0,0,0,0,0,0,0,0,0,0,0,0,0,0,0,0,0,0,0,0,0,0,0,0,0,0,0,0,0,0,0,0,0,0,2,1,2,0,2,1,0,8
2012,SessionJuggler: Secure web login from an untrusted terminal using session hijacking,"Bursztein E., Soman C., Boneh D., Mitchell J.C.",,WWW'12 - Proceedings of the 21st Annual Conference on World Wide Web,, ,0,0,0,0,0,0,0,0,0,0,0,0,0,0,0,0,0,0,0,0,0,0,0,0,0,0,0,0,0,0,0,0,0,0,0,0,0,0,0,0,0,0,0,0,3,1,1,1,1,1,0,0,0,8
2017,Lattice-based DAPS and generalizations: Self-enforcement in signature schemes,"Boneh D., Kim S., Nikolaenko V.",3029743,Lecture Notes in Computer Science (including subseries Lecture Notes in Artificial Intelligence and Lecture Notes in Bioinformatics),10355, ,0,0,0,0,0,0,0,0,0,0,0,0,0,0,0,0,0,0,0,0,0,0,0,0,0,0,0,0,0,0,0,0,0,0,0,0,0,0,0,0,0,0,0,0,0,0,0,0,0,4,3,0,0,7
2015,Hosting services on an untrusted cloud,"Boneh D., Gupta D., Mironov I., Sahai A.",3029743,Lecture Notes in Computer Science (including subseries Lecture Notes in Artificial Intelligence and Lecture Notes in Bioinformatics),9057, ,0,0,0,0,0,0,0,0,0,0,0,0,0,0,0,0,0,0,0,0,0,0,0,0,0,0,0,0,0,0,0,0,0,0,0,0,0,0,0,0,0,0,0,0,0,0,0,0,1,2,3,1,0,7
2012,Bootstrapping communications into an anti-censorship system,"Lincoln P., Mason I., Porras P., Yegneswaran V., Weinberg Z., Massar J., Simpson W., Vixie P., Boneh D.",,"2nd USENIX Workshop on Free and Open Communications on the Internet, FOCI 2012, co-located with USENIX Security 2012",, ,0,0,0,0,0,0,0,0,0,0,0,0,0,0,0,0,0,0,0,0,0,0,0,0,0,0,0,0,0,0,0,0,0,0,0,0,0,0,0,0,0,0,0,1,1,1,1,1,0,0,2,0,0,7
2010,Robust fingerprinting codes: A near optimal construction,"Boneh D., Kiayias A., Montgomery H.W.",15437221,Proceedings of the ACM Conference on Computer and Communications Security,, ,0,0,0,0,0,0,0,0,0,0,0,0,0,0,0,0,0,0,0,0,0,0,0,0,0,0,0,0,0,0,0,0,0,0,0,0,0,0,0,0,0,1,0,0,1,1,1,0,1,2,0,0,0,7
2014,Neuroscience meets cryptography: Crypto primitives secure against rubber hose attacks,"Bojinov H., Sanchez D., Reber P., Boneh D., Lincoln P.",10782,Communications of the ACM,57,5,0,0,0,0,0,0,0,0,0,0,0,0,0,0,0,0,0,0,0,0,0,0,0,0,0,0,0,0,0,0,0,0,0,0,0,0,0,0,0,0,0,0,0,0,0,0,2,3,0,0,1,0,0,6
1998,Generating a product of three primes with an unknown factorization,"Boneh D., Horwitz J.",3029743,Lecture Notes in Computer Science (including subseries Lecture Notes in Artificial Intelligence and Lecture Notes in Bioinformatics),1423, ,0,0,0,0,0,0,0,0,0,0,0,0,0,0,0,0,0,0,0,0,0,0,0,0,0,0,0,0,0,0,0,0,1,1,1,0,0,1,0,0,0,0,0,0,0,1,0,0,1,0,0,0,0,6
2010,The emergence of cross channel scripting,"Bojinov H., Bursztein E., Boneh D.",10782,Communications of the ACM,53,8,0,0,0,0,0,0,0,0,0,0,0,0,0,0,0,0,0,0,0,0,0,0,0,0,0,0,0,0,0,0,0,0,0,0,0,0,0,0,0,0,0,0,0,1,0,1,0,0,1,1,1,0,0,5
2018,Callisto: A cryptographic approach to detecting serial perpetrators of sexual misconduct,"Rajan A., Qin L., Archer D.W., Boneh D., Lepoint T., Varia M.",,"Proceedings of the 1st ACM SIGCAS Conference on Computing and Sustainable Societies, COMPASS 2018",, ,0,0,0,0,0,0,0,0,0,0,0,0,0,0,0,0,0,0,0,0,0,0,0,0,0,0,0,0,0,0,0,0,0,0,0,0,0,0,0,0,0,0,0,0,0,0,0,0,0,2,2,0,0,4
2017,"Multiparty Key Exchange, Efficient Traitor Tracing, and More from Indistinguishability Obfuscation","Boneh D., Zhandry M.",1784617,Algorithmica,79,4,0,0,0,0,0,0,0,0,0,0,0,0,0,0,0,0,0,0,0,0,0,0,0,0,0,0,0,0,0,0,0,0,0,0,0,0,0,0,0,0,0,0,0,0,0,0,0,0,0,0,4,0,0,4
2016,Stickler: Defending against Malicious Content Distribution Networks in an Unmodified Browser,"Levy A., Corrigan-Gibbs H., Boneh D.",15407993,IEEE Security and Privacy,14,2,0,0,0,0,0,0,0,0,0,0,0,0,0,0,0,0,0,0,0,0,0,0,0,0,0,0,0,0,0,0,0,0,0,0,0,0,0,0,0,0,0,0,0,0,0,0,0,0,1,1,1,1,0,4
2010,Webseclab security education workbench,"Bursztein E., Gourdin B., Fabry C., Bau J., Rydstedt G., Bojinov H., Boneh D., Mitchell J.C.",,"3rd Workshop on Cyber Security Experimentation and Test, CSET 2010",, ,0,0,0,0,0,0,0,0,0,0,0,0,0,0,0,0,0,0,0,0,0,0,0,0,0,0,0,0,0,0,0,0,0,0,0,0,0,0,0,0,0,0,1,0,0,0,1,0,1,0,1,0,0,4
2007,Bilinear groups of composite order,Boneh D.,3029743,Lecture Notes in Computer Science (including subseries Lecture Notes in Artificial Intelligence and Lecture Notes in Bioinformatics),4575, ,0,0,0,0,0,0,0,0,0,0,0,0,0,0,0,0,0,0,0,0,0,0,0,0,0,0,0,0,0,0,0,0,0,0,0,0,0,0,0,0,0,2,0,1,1,0,0,0,0,0,0,0,0,4
1995,Learning using group representations,Boneh D.,,"Proceedings of the 8th Annual Conference on Computational Learning Theory, COLT 1995",1995-, ,0,0,0,0,0,0,0,0,0,0,0,0,0,0,0,0,0,0,0,0,0,0,0,0,0,0,0,0,0,0,0,1,1,0,0,0,0,0,0,0,0,1,0,0,0,0,0,1,0,0,0,0,0,4
2019,Post-quantum EPID Signatures from Symmetric Primitives,"Boneh D., Eskandarian S., Fisch B.",3029743,Lecture Notes in Computer Science (including subseries Lecture Notes in Artificial Intelligence and Lecture Notes in Bioinformatics),11405, ,0,0,0,0,0,0,0,0,0,0,0,0,0,0,0,0,0,0,0,0,0,0,0,0,0,0,0,0,0,0,0,0,0,0,0,0,0,0,0,0,0,0,0,0,0,0,0,0,0,0,1,2,0,3
2018,Quasi-optimal SNARGs via linear multi-prover interactive proofs,"Boneh D., Ishai Y., Sahai A., Wu D.J.",3029743,Lecture Notes in Computer Science (including subseries Lecture Notes in Artificial Intelligence and Lecture Notes in Bioinformatics),10822, ,0,0,0,0,0,0,0,0,0,0,0,0,0,0,0,0,0,0,0,0,0,0,0,0,0,0,0,0,0,0,0,0,0,0,0,0,0,0,0,0,0,0,0,0,0,0,0,0,0,0,3,0,0,3
2010,Reliable location-based services from radio navigation systems,"Qiu D., Boneh D., Lo S., Enge P.",14248220,Sensors,10,12,0,0,0,0,0,0,0,0,0,0,0,0,0,0,0,0,0,0,0,0,0,0,0,0,0,0,0,0,0,0,0,0,0,0,0,0,0,0,0,0,0,0,0,0,0,0,0,0,1,2,0,0,0,3
2019,Protecting accounts from credential stuffing with password breach alerting,"Thomas K., Pullman J., Yeo K., Raghunathan A., Kelley P.G., Invernizzi L., Benko B., Pietraszek T., Patel S., Boneh D., Bursztein E.",,Proceedings of the 28th USENIX Security Symposium,, ,0,0,0,0,0,0,0,0,0,0,0,0,0,0,0,0,0,0,0,0,0,0,0,0,0,0,0,0,0,0,0,0,0,0,0,0,0,0,0,0,0,0,0,0,0,0,0,0,0,0,1,1,0,2
2019,"Slalom: Fast, verifiable and private execution of neural networks in trusted hardware","Tramer F., Boneh D.",,"7th International Conference on Learning Representations, ICLR 2019",, ,0,0,0,0,0,0,0,0,0,0,0,0,0,0,0,0,0,0,0,0,0,0,0,0,0,0,0,0,0,0,0,0,0,0,0,0,0,0,0,0,0,0,0,0,0,0,0,0,0,0,0,2,0,2
2017,Quantum Operating Systems,"Corrigan-Gibbs H., Wu D.J., Boneh D.",,Proceedings of the Workshop on Hot Topics in Operating Systems - HOTOS,129307, ,0,0,0,0,0,0,0,0,0,0,0,0,0,0,0,0,0,0,0,0,0,0,0,0,0,0,0,0,0,0,0,0,0,0,0,0,0,0,0,0,0,0,0,0,0,0,0,0,0,0,2,0,0,2
2017,"Surnaming schemes, fast verification, and applications to SGX technology","Boneh D., Gueron S.",3029743,Lecture Notes in Computer Science (including subseries Lecture Notes in Artificial Intelligence and Lecture Notes in Bioinformatics),10159, ,0,0,0,0,0,0,0,0,0,0,0,0,0,0,0,0,0,0,0,0,0,0,0,0,0,0,0,0,0,0,0,0,0,0,0,0,0,0,0,0,0,0,0,0,0,0,0,0,0,1,0,1,0,2
2013,OSS: Using online scanning services for censorship circumvention,"Fifield D., Nakibly G., Boneh D.",3029743,Lecture Notes in Computer Science (including subseries Lecture Notes in Artificial Intelligence and Lecture Notes in Bioinformatics),7981, ,0,0,0,0,0,0,0,0,0,0,0,0,0,0,0,0,0,0,0,0,0,0,0,0,0,0,0,0,0,0,0,0,0,0,0,0,0,0,0,0,0,0,0,0,0,0,0,0,1,1,0,0,0,2
2009,Pattern classification for geotag generation,"Qiu D., Lo S., Enge P., Boneh D.",,"22nd International Technical Meeting of the Satellite Division of the Institute of Navigation 2009, ION GNSS 2009",2, ,0,0,0,0,0,0,0,0,0,0,0,0,0,0,0,0,0,0,0,0,0,0,0,0,0,0,0,0,0,0,0,0,0,0,0,0,0,0,0,0,0,0,1,0,0,0,0,0,0,1,0,0,0,2
2019,True2F: Backdoor-resistant authentication tokens,"Dauterman E., Corrigan-Gibbs H., Mazieres D., Boneh D., Rizzo D.",10816011,Proceedings - IEEE Symposium on Security and Privacy,2019-, ,0,0,0,0,0,0,0,0,0,0,0,0,0,0,0,0,0,0,0,0,0,0,0,0,0,0,0,0,0,0,0,0,0,0,0,0,0,0,0,0,0,0,0,0,0,0,0,0,0,0,1,0,0,1
2019,Fidelius: Protecting user secrets from compromised browsers,"Eskandarian S., Cogan J., Birnbaum S., Brandon P.C.W., Franke D., Fraser F., Garcia G., Gong E., Nguyen H.T., Sethi T.K., Subbiah V., Backes M., Pellegrino G., Boneh D.",10816011,Proceedings - IEEE Symposium on Security and Privacy,2019-, ,0,0,0,0,0,0,0,0,0,0,0,0,0,0,0,0,0,0,0,0,0,0,0,0,0,0,0,0,0,0,0,0,0,0,0,0,0,0,0,0,0,0,0,0,0,0,0,0,0,0,1,0,0,1
2019,Batching Techniques for Accumulators with Applications to IOPs and Stateless Blockchains,"Boneh D., Bunz B., Fisch B.",3029743,Lecture Notes in Computer Science (including subseries Lecture Notes in Artificial Intelligence and Lecture Notes in Bioinformatics),11692, ,0,0,0,0,0,0,0,0,0,0,0,0,0,0,0,0,0,0,0,0,0,0,0,0,0,0,0,0,0,0,0,0,0,0,0,0,0,0,0,0,0,0,0,0,0,0,0,0,0,0,1,0,0,1
2019,Zero-Knowledge Proofs on Secret-Shared Data via Fully Linear PCPs,"Boneh D., Boyle E., Corrigan-Gibbs H., Gilboa N., Ishai Y.",3029743,Lecture Notes in Computer Science (including subseries Lecture Notes in Artificial Intelligence and Lecture Notes in Bioinformatics),11694, ,0,0,0,0,0,0,0,0,0,0,0,0,0,0,0,0,0,0,0,0,0,0,0,0,0,0,0,0,0,0,0,0,0,0,0,0,0,0,0,0,0,0,0,0,0,0,0,0,0,0,1,0,0,1
2017,Cybersecurity,"Waters B., Boneh D., Aldeman L., McDaniel P., Van Oorschot P.",10782,Communications of the ACM,60,4,0,0,0,0,0,0,0,0,0,0,0,0,0,0,0,0,0,0,0,0,0,0,0,0,0,0,0,0,0,0,0,0,0,0,0,0,0,0,0,0,0,0,0,0,0,0,0,0,0,1,0,0,0,1
1997,Effect of operators on straight line complexity,"Boneh Dan, Lipton Richard J.",,"Proceedings of the Israel Symposium on Theory of Computing and Systems, ISTCS",, ,0,0,0,0,0,0,0,0,0,0,0,0,0,0,0,0,0,0,0,0,0,0,0,0,0,0,0,0,0,0,0,0,0,0,0,0,0,0,0,0,0,0,0,0,0,0,0,0,0,0,1,0,0,1
2019,Adversarial: Perceptual ad blocking meets adversarial machine learning,"Tramer F., Dupre P., Rusak G., Pellegrino G., Boneh D.",15437221,Proceedings of the ACM Conference on Computer and Communications Security,, ,0,0,0,0,0,0,0,0,0,0,0,0,0,0,0,0,0,0,0,0,0,0,0,0,0,0,0,0,0,0,0,0,0,0,0,0,0,0,0,0,0,0,0,0,0,0,0,0,0,0,0,0,0,0
2019,How Relevant Is the Turing Test in the Age of Sophisbots?,"Boneh D., Grotto A.J., McDaniel P., Papernot N.",15407993,IEEE Security and Privacy,17,6,0,0,0,0,0,0,0,0,0,0,0,0,0,0,0,0,0,0,0,0,0,0,0,0,0,0,0,0,0,0,0,0,0,0,0,0,0,0,0,0,0,0,0,0,0,0,0,0,0,0,0,0,0,0
2019,Using level-1 homomorphic encryption to improve threshold DSA signatures for bitcoin wallet security,"Boneh D., Gennaro R., Goldfeder S.",3029743,Lecture Notes in Computer Science (including subseries Lecture Notes in Artificial Intelligence and Lecture Notes in Bioinformatics),11368, ,0,0,0,0,0,0,0,0,0,0,0,0,0,0,0,0,0,0,0,0,0,0,0,0,0,0,0,0,0,0,0,0,0,0,0,0,0,0,0,0,0,0,0,0,0,0,0,0,0,0,0,0,0,0
2019,Attacking cryptographic key exchange with precomputation,Boneh D.,10782,Communications of the ACM,62,1,0,0,0,0,0,0,0,0,0,0,0,0,0,0,0,0,0,0,0,0,0,0,0,0,0,0,0,0,0,0,0,0,0,0,0,0,0,0,0,0,0,0,0,0,0,0,0,0,0,0,0,0,0,0
2017,Constrained Keys for Invertible Pseudorandom Functions,"Boneh D., Kim S., Wu D.J.",3029743,Lecture Notes in Computer Science (including subseries Lecture Notes in Artificial Intelligence and Lecture Notes in Bioinformatics),10677, ,0,0,0,0,0,0,0,0,0,0,0,0,0,0,0,0,0,0,0,0,0,0,0,0,0,0,0,0,0,0,0,0,0,0,0,0,0,0,0,0,0,0,0,0,0,0,0,0,0,0,0,0,0,0
2016,Building a community of real-world cryptographers,"Boneh D., Paterson K., Smart N.P.",15407993,IEEE Security and Privacy,14,6,0,0,0,0,0,0,0,0,0,0,0,0,0,0,0,0,0,0,0,0,0,0,0,0,0,0,0,0,0,0,0,0,0,0,0,0,0,0,0,0,0,0,0,0,0,0,0,0,0,0,0,0,0,0
2014,Authors' response,"Bojinov H., Sanchez D., Reber P., Boneh D., Lincoln P.",10782,Communications of the ACM,57,12,0,0,0,0,0,0,0,0,0,0,0,0,0,0,0,0,0,0,0,0,0,0,0,0,0,0,0,0,0,0,0,0,0,0,0,0,0,0,0,0,0,0,0,0,0,0,0,0,0,0,0,0,0,0
2012,The Mobile Problem,"Felt A.P., Wagner D., Jakobsson M., Grandcolas M., Rydstedt G., Gourdin B., Bursztein E., Boneh D.",,Death of the Internet,, ,0,0,0,0,0,0,0,0,0,0,0,0,0,0,0,0,0,0,0,0,0,0,0,0,0,0,0,0,0,0,0,0,0,0,0,0,0,0,0,0,0,0,0,0,0,0,0,0,0,0,0,0,0,0
2006,Protecting Browser State,"Jackson C., Bortz A., Boneh D., Mitchell J.",,Phishing and Countermeasures: Understanding the Increasing Problem of Electronic Identity Theft,, ,0,0,0,0,0,0,0,0,0,0,0,0,0,0,0,0,0,0,0,0,0,0,0,0,0,0,0,0,0,0,0,0,0,0,0,0,0,0,0,0,0,0,0,0,0,0,0,0,0,0,0,0,0,0
2003,Preface,Boneh D.,3029743,Lecture Notes in Computer Science (including subseries Lecture Notes in Artificial Intelligence and Lecture Notes in Bioinformatics),2729, ,0,0,0,0,0,0,0,0,0,0,0,0,0,0,0,0,0,0,0,0,0,0,0,0,0,0,0,0,0,0,0,0,0,0,0,0,0,0,0,0,0,0,0,0,0,0,0,0,0,0,0,0,0,0
1997,Revocation of unread E-mail in an untrusted network,"Rubin A.D., Boneh D., Fu K.",3029743,Lecture Notes in Computer Science (including subseries Lecture Notes in Artificial Intelligence and Lecture Notes in Bioinformatics),1270, ,0,0,0,0,0,0,0,0,0,0,0,0,0,0,0,0,0,0,0,0,0,0,0,0,0,0,0,0,0,0,0,0,0,0,0,0,0,0,0,0,0,0,0,0,0,0,0,0,0,0,0,0,0,0
