," 作者:Campbell, Andrew Thomas",,,,,,,,,,,,,,,,,,,,,,,,,,,,,,,,,,,,,,,,,,,,,,,,,,,,,,,,,,,
,,,,,,,,,,,,,,,,,,,,,,,,,,,,,,,,,,,,,,,,,,,,,,,,,,,,,,,,,,,,
,h-index = 55 (在纳入 h-Index 的 207 文献中，有 55 篇已被至少引用 55 次。),,,,,,,,,,,,,,,,,,,,,,,,,,,,,,,,,,,,,,,,,,,,,,,,,,,,,,,,,,,
,,,,,,,,,,,,,,,,,,,,,,,,,,,,,,,,,,,,,,,,,,,,,,,,,,,,,,,,,,,,
,,,,,,,,,,,,,,,,,,,,,,,,,,,,,,,,,,,,,,,,,,,,,,,,,,,,,,,,,,,,
,,,,,,,<1970,1970,1971,1972,1973,1974,1975,1976,1977,1978,1979,1980,1981,1982,1983,1984,1985,1986,1987,1988,1989,1990,1991,1992,1993,1994,1995,1996,1997,1998,1999,2000,2001,2002,2003,2004,2005,2006,2007,2008,2009,2010,2011,2012,2013,2014,2015,2016,2017,2018,2019,2020,>2020,总计
出版年份,文献标题,作者,ISSN,期刊标题,卷,期,0,0,0,0,0,0,0,0,0,0,0,0,0,0,0,0,0,0,0,0,0,1,0,1,2,18,14,27,21,49,58,75,142,198,353,457,575,546,440,468,541,643,756,895,1032,1049,1227,1110,1057,948,965,243,0,13911
2010,A survey of mobile phone sensing,"Lane N.D., Miluzzo E., Lu H., Peebles D., Choudhury T., Campbell A.T.",1636804,IEEE Communications Magazine,48,9,0,0,0,0,0,0,0,0,0,0,0,0,0,0,0,0,0,0,0,0,0,0,0,0,0,0,0,0,0,0,0,0,0,0,0,0,0,0,0,0,0,0,43,102,175,176,219,216,195,172,121,35,0,1454
2008,"Sensing meets mobile social networks: The design, implementation and evaluation of the CenceMe application","Miluzzo E., Lane N.D., Fodor K., Peterson R., Lu H., Musolesi M., Eisenman S.B., Zheng X., Campbell A.T.",,SenSys'08 - Proceedings of the 6th ACM Conference on Embedded Networked Sensor Systems,, ,0,0,0,0,0,0,0,0,0,0,0,0,0,0,0,0,0,0,0,0,0,0,0,0,0,0,0,0,0,0,0,0,0,0,0,0,0,0,0,0,26,49,86,87,108,94,104,75,68,40,32,5,0,774
2003,CODA: Congestion detection and avoidance in sensor networks,"Wan C.-Y., Eisenman S.B., Campbell A.T.",,SenSys'03: Proceedings of the First International Conference on Embedded Networked Sensor Systems,, ,0,0,0,0,0,0,0,0,0,0,0,0,0,0,0,0,0,0,0,0,0,0,0,0,0,0,0,0,0,0,0,0,0,0,0,9,15,18,30,36,51,64,48,58,34,38,37,28,21,25,18,7,0,537
2002,PSFQ: A reliable transport protocol for wireless sensor networks,"Wan C.-Y., Campbell A.T., Krishnamurthy L.",,Proceedings of the ACM International Workshop on Wireless Sensor Networks and Applications,, ,0,0,0,0,0,0,0,0,0,0,0,0,0,0,0,0,0,0,0,0,0,0,0,0,0,0,0,0,0,0,0,0,0,0,8,23,30,39,39,40,44,43,37,31,18,17,17,10,11,7,11,5,0,430
2009,SoundSense: Scalable sound sensing for people-centric applications on mobile phones,"Lu H., Pan W., Lane N.D., Choudhury T., Campbell A.T.",,"MobiSys'09 - Proceedings of the 7th ACM International Conference on Mobile Systems, Applications, and Services",, ,0,0,0,0,0,0,0,0,0,0,0,0,0,0,0,0,0,0,0,0,0,0,0,0,0,0,0,0,0,0,0,0,0,0,0,0,0,0,0,0,3,27,32,49,48,59,75,39,32,21,25,8,0,418
2008,The rise of people-centric sensing,"Campbell A.T., Eisenman S.B., Lane N.D., Miluzzo E., Peterson R.A., Lu H., Zheng X., Musolesi M., Fodor K., Ahn G.-S.",10897801,IEEE Internet Computing,12,4,0,0,0,0,0,0,0,0,0,0,0,0,0,0,0,0,0,0,0,0,0,0,0,0,0,0,0,0,0,0,0,0,0,0,0,0,0,0,0,3,14,34,42,39,57,47,42,46,31,24,30,6,0,415
2010,The Jigsaw continuous sensing engine for mobile phone applications,"Lu H., Yang J., Liu Z., Lane N.D., Choudhury T., Campbell A.T.",,SenSys 2010 - Proceedings of the 8th ACM Conference on Embedded Networked Sensor Systems,, ,0,0,0,0,0,0,0,0,0,0,0,0,0,0,0,0,0,0,0,0,0,0,0,0,0,0,0,0,0,0,0,0,0,0,0,0,0,0,0,0,0,1,17,44,57,65,59,50,43,30,24,7,0,397
2000,"Design, implementation, and evaluation of cellular IP","Campbell A.T., Gomez J., Kim S., Valkoe A.G., Wan C.-Y., Turaenyi Z.R.",10709916,IEEE Personal Communications,7,4,0,0,0,0,0,0,0,0,0,0,0,0,0,0,0,0,0,0,0,0,0,0,0,0,0,0,0,0,0,0,0,1,15,34,50,49,53,36,28,23,16,13,15,11,9,4,1,3,1,4,4,1,0,371
2014,"Studentlife: Assessing mental health, academic performance and behavioral trends of college students using smartphones","Wang R., Chen F., Chen Z., Li T., Harari G., Tignor S., Zhou X., Ben-Zeev D., Campbell A.T.",,UbiComp 2014 - Proceedings of the 2014 ACM International Joint Conference on Pervasive and Ubiquitous Computing,, ,0,0,0,0,0,0,0,0,0,0,0,0,0,0,0,0,0,0,0,0,0,0,0,0,0,0,0,0,0,0,0,0,0,0,0,0,0,0,0,0,0,0,0,0,0,1,33,55,70,75,96,18,0,348
2002,Comparison of IP micromobility protocols,"Campbell A.T., Gomez J., Kim S., Wan C.-Y., Turanyi Z.R., Valko A.G.",15361284,IEEE Wireless Communications,9,1,0,0,0,0,0,0,0,0,0,0,0,0,0,0,0,0,0,0,0,0,0,0,0,0,0,0,0,0,0,0,0,0,0,14,32,66,51,41,25,15,21,17,9,10,5,4,3,1,0,0,0,0,0,314
2000,INSIGNIA: An IP-Based Quality of Service Framework for Mobile ad Hoc Networks,"Lee S.-B., Ahn G.-S., Zhang X., Campbell A.T.",7437315,Journal of Parallel and Distributed Computing,60,4,0,0,0,0,0,0,0,0,0,0,0,0,0,0,0,0,0,0,0,0,0,0,0,0,0,0,0,0,0,0,0,1,5,9,13,24,56,37,28,26,18,25,20,13,14,4,7,4,4,1,3,0,0,312
1998,A survey of QoS architectures,"Aurrecoechea C., Campbell A.T., Hauw L.",9424962,Multimedia Systems,6,3,0,0,0,0,0,0,0,0,0,0,0,0,0,0,0,0,0,0,0,0,0,0,0,0,0,0,0,0,0,4,17,19,23,24,27,14,27,16,13,10,11,19,8,10,2,5,4,9,2,3,2,0,0,269
2009,BikeNet: A mobile sensing system for cyclist experience mapping,"Eisenman S.B., Miluzzo E., Lane N.D., Peterson R.A., Ahn G.-S., Campbell A.T.",15504859,ACM Transactions on Sensor Networks,6,1,0,0,0,0,0,0,0,0,0,0,0,0,0,0,0,0,0,0,0,0,0,0,0,0,0,0,0,0,0,0,0,0,0,0,0,0,0,0,0,0,0,2,13,12,28,34,39,31,37,29,24,10,0,259
2001,Supporting service differentiation in wireless packet networks using distributed control,"Veres A., Campbell A.T., Barry M., Sun L.-H.",7338716,IEEE Journal on Selected Areas in Communications,19,10,0,0,0,0,0,0,0,0,0,0,0,0,0,0,0,0,0,0,0,0,0,0,0,0,0,0,0,0,0,0,0,0,0,5,24,42,32,32,18,26,18,14,5,10,13,6,4,2,2,4,1,0,0,258
2012,StressSense: Detecting stress in unconstrained acoustic environments using smartphones,"Lu H., Rabbi M., Chittaranjan G.T., Frauendorfer D., Mast M.S., Campbell A.T., Gatica-Perez D., Choudhury T.",,UbiComp'12 - Proceedings of the 2012 ACM Conference on Ubiquitous Computing,, ,0,0,0,0,0,0,0,0,0,0,0,0,0,0,0,0,0,0,0,0,0,0,0,0,0,0,0,0,0,0,0,0,0,0,0,0,0,0,0,0,0,0,0,0,12,39,34,43,47,39,30,9,0,253
2006,"Funneling-MAC: A localized, sink-oriented MAC for boosting fidelity in sensor networks","Ahn G.-S., Hong S.G., Miluzzo E., Campbell A.T., Cuomo F.",,SenSys'06: Proceedings of the Fourth International Conference on Embedded Networked Sensor Systems,, ,0,0,0,0,0,0,0,0,0,0,0,0,0,0,0,0,0,0,0,0,0,0,0,0,0,0,0,0,0,0,0,0,0,0,0,0,0,1,6,14,21,30,33,31,27,21,19,16,11,10,5,1,0,246
2006,People-centric urban sensing,"Campbell A.T., Eisenman S.B., Lane N.D., Miluzzo E., Peterson R.A.",,ACM International Conference Proceeding Series,220, ,0,0,0,0,0,0,0,0,0,0,0,0,0,0,0,0,0,0,0,0,0,0,0,0,0,0,0,0,0,0,0,0,0,0,0,0,0,0,7,7,14,20,25,24,19,20,33,26,14,15,10,3,0,237
2002,P-MIP: Paging extensions for mobile IP,"Zhang X., Castellanos J.G., Campbell A.T.",1383469X,Mobile Networks and Applications,7,2,0,0,0,0,0,0,0,0,0,0,0,0,0,0,0,0,0,0,0,0,0,0,0,0,0,0,0,0,0,0,0,0,0,5,6,15,13,24,22,23,21,18,12,7,20,12,7,6,4,3,4,2,0,224
2001,Conserving transmission power in wireless ad hoc networks,"Gomez J., Campbell A.T., Naghshineh M., Bisdikian C.",,International Conference on Network Protocols,, ,0,0,0,0,0,0,0,0,0,0,0,0,0,0,0,0,0,0,0,0,0,0,0,0,0,0,0,0,0,0,0,0,0,3,20,19,31,28,20,18,20,7,15,17,9,5,3,2,2,3,2,0,0,224
2002,SWAN: Service differentiation in stateless wireless ad hoc networks,"Ahn G.-S., Campbell A.T., Veres A., Sun L.-H.",0743166X,Proceedings - IEEE INFOCOM,2, ,0,0,0,0,0,0,0,0,0,0,0,0,0,0,0,0,0,0,0,0,0,0,0,0,0,0,0,0,0,0,0,0,0,1,14,19,28,36,16,16,20,13,16,18,7,5,2,4,2,0,5,1,0,223
1999,A survey of programmable networks,"Campbell A.T., De Meer H.G., Kounavis M.E., Miki K., Vicente J.B., Villela D.",1464833,Computer Communication Review,29,2,0,0,0,0,0,0,0,0,0,0,0,0,0,0,0,0,0,0,0,0,0,0,0,0,0,0,0,0,0,0,5,8,19,14,27,17,17,21,10,6,13,6,6,3,5,9,11,7,7,3,5,2,0,221
2007,The BikeNet mobile sensing system for cyclist experience mapping,"Eisenman S.B., Miluzzo E., Lane N.D., Peterson R.A., Ahn G.-S., Campbell A.T.",,SenSys'07 - Proceedings of the 5th ACM Conference on Embedded Networked Sensor Systems,, ,0,0,0,0,0,0,0,0,0,0,0,0,0,0,0,0,0,0,0,0,0,0,0,0,0,0,0,0,0,0,0,0,0,0,0,0,0,0,0,7,17,27,22,21,18,32,21,18,14,10,10,1,0,218
2002,Supporting service differentiation for real-time and best-effort traffic in stateless wireless ad hoc networks (SWAN),"Ahn G.-S., Campbell A.T., Veres A., Sun L.-H.",15361233,IEEE Transactions on Mobile Computing,1,3,0,0,0,0,0,0,0,0,0,0,0,0,0,0,0,0,0,0,0,0,0,0,0,0,0,0,0,0,0,0,0,0,0,0,4,11,33,35,18,34,12,17,16,10,6,6,9,2,1,2,2,0,0,218
2001,Distributed control algorithms for service differentiation in wireless packet networks,"Barry M., Campbell A.T., Veres A.",0743166X,Proceedings - IEEE INFOCOM,1, ,0,0,0,0,0,0,0,0,0,0,0,0,0,0,0,0,0,0,0,0,0,0,0,0,0,0,0,0,0,0,0,0,3,11,23,24,25,27,18,12,15,7,7,2,5,2,1,1,0,2,0,1,0,186
2008,Urban sensing systems: Opportunistic or participatory?,"Lane N.D., Eisenman S.B., Musolesi M., Miluzzo E., Campbell A.T.",,HotMobile 2008: 9th Workshop on Mobile Computing Systems and Applications,, ,0,0,0,0,0,0,0,0,0,0,0,0,0,0,0,0,0,0,0,0,0,0,0,0,0,0,0,0,0,0,0,0,0,0,0,0,0,0,0,1,3,5,9,14,14,21,32,31,16,19,12,3,0,180
2011,NextPlace: A spatio-temporal prediction framework for pervasive systems,"Scellato S., Musolesi M., Mascolo C., Latora V., Campbell A.T.",3029743,Lecture Notes in Computer Science (including subseries Lecture Notes in Artificial Intelligence and Lecture Notes in Bioinformatics),6696, ,0,0,0,0,0,0,0,0,0,0,0,0,0,0,0,0,0,0,0,0,0,0,0,0,0,0,0,0,0,0,0,0,0,0,0,0,0,0,0,0,0,0,1,10,12,13,26,20,37,22,22,8,0,171
2013,Unobtrusive sleep monitoring using smartphones,"Chen Z., Lin M., Chen F., Lane N.D., Cardone G., Wang R., Li T., Chen Y., Choudhury T., Campbell A.T.",,"Proceedings of the 2013 7th International Conference on Pervasive Computing Technologies for Healthcare and Workshops, PervasiveHealth 2013",, ,0,0,0,0,0,0,0,0,0,0,0,0,0,0,0,0,0,0,0,0,0,0,0,0,0,0,0,0,0,0,0,0,0,0,0,0,0,0,0,0,0,0,0,0,0,13,25,21,26,34,31,7,0,157
2005,"Pump-Slowly, Fetch-Quickly (PSFQ): A reliable transport protocol for sensor networks","Wan C.-Y., Campbell A.T., Krishnamurthy L.",7338716,IEEE Journal on Selected Areas in Communications,23,4,0,0,0,0,0,0,0,0,0,0,0,0,0,0,0,0,0,0,0,0,0,0,0,0,0,0,0,0,0,0,0,0,0,0,0,0,2,5,13,11,14,17,19,11,10,9,13,9,10,3,5,2,0,153
2003,PARO: Supporting dynamic power controlled routing in wireless ad hoc networks,"Gomez J., Campbell A.T., Naghshineh M., Bisdikian C.",10220038,Wireless Networks,9,5,0,0,0,0,0,0,0,0,0,0,0,0,0,0,0,0,0,0,0,0,0,0,0,0,0,0,0,0,0,0,0,0,0,0,2,4,19,17,13,13,15,8,8,9,9,6,10,4,2,6,3,1,0,149
2010,NeuroPhone: Brain-mobile phone interface using a wireless EEG headset,"Campbell A., Choudhury T., Hu S., Lu H., Mukerjee M.K., Rabbi M., Raizada R.D.S.",,"Proceedings of the 2nd ACM SIGCOMM Workshop on Networking, Systems, and Applications on Mobile Handhelds, MobiHeld '10, Co-located with SIGCOMM 2010",, ,0,0,0,0,0,0,0,0,0,0,0,0,0,0,0,0,0,0,0,0,0,0,0,0,0,0,0,0,0,0,0,0,0,0,0,0,0,0,0,0,0,1,8,17,27,15,24,15,13,17,6,4,0,147
2005,Siphon: Overload traffic management using multiradio virtual sinks in sensor networks,"Wan C.-Y., Campbell A.T., Eisenman S.B., Crowcroft J.",,SenSys 2005 - Proceedings of the 3rd International Conference on Embedded Networked Sensor Systems,, ,0,0,0,0,0,0,0,0,0,0,0,0,0,0,0,0,0,0,0,0,0,0,0,0,0,0,0,0,0,0,0,0,0,0,0,0,0,2,6,14,9,15,21,19,15,11,6,8,5,5,8,1,0,145
2008,Detecting 802.11 MAC layer spoofing using received signal strength,"Sheng Y., Tan K., Chen G., Kotz D., Campbell A.",0743166X,Proceedings - IEEE INFOCOM,, ,0,0,0,0,0,0,0,0,0,0,0,0,0,0,0,0,0,0,0,0,0,0,0,0,0,0,0,0,0,0,0,0,0,0,0,0,0,0,0,2,6,10,10,16,15,14,18,13,16,8,10,2,0,140
2010,Darwin phones: The evolution of sensing and inference on mobile phones,"Miluzzo E., Cornelius C.T., Ramaswamy A., Choudhury T., Liu Z., Campbell A.T.",,"MobiSys'10 - Proceedings of the 8th International Conference on Mobile Systems, Applications, and Services",, ,0,0,0,0,0,0,0,0,0,0,0,0,0,0,0,0,0,0,0,0,0,0,0,0,0,0,0,0,0,0,0,0,0,0,0,0,0,0,0,0,0,1,11,23,17,10,26,12,15,7,7,3,0,132
2007,Variable-range transmission power control in wireless ad hoc networks,"Gomez J., Campbell A.T.",15361233,IEEE Transactions on Mobile Computing,6,1,0,0,0,0,0,0,0,0,0,0,0,0,0,0,0,0,0,0,0,0,0,0,0,0,0,0,0,0,0,0,0,0,0,0,0,0,0,0,5,8,14,14,13,16,19,10,10,7,5,4,4,0,0,129
2007,CenceMe - Injecting sensing presence into social networking applications,"Miluzzo E., Lane N.D., Eisenman S.B., Campbell A.T.",3029743,Lecture Notes in Computer Science (including subseries Lecture Notes in Artificial Intelligence and Lecture Notes in Bioinformatics),4793, ,0,0,0,0,0,0,0,0,0,0,0,0,0,0,0,0,0,0,0,0,0,0,0,0,0,0,0,0,0,0,0,0,0,0,0,0,0,0,0,3,3,11,9,14,20,12,13,11,4,3,4,1,0,108
2016,"Using Smartphones to Collect Behavioral Data in Psychological Science: Opportunities, Practical Considerations, and Challenges","Harari G.M., Lane N.D., Wang R., Crosier B.S., Campbell A.T., Gosling S.D.",17456916,Perspectives on Psychological Science,11,6,0,0,0,0,0,0,0,0,0,0,0,0,0,0,0,0,0,0,0,0,0,0,0,0,0,0,0,0,0,0,0,0,0,0,0,0,0,0,0,0,0,0,0,0,0,0,0,0,16,27,45,16,0,104
2011,Enabling large-scale human activity inference on smartphones using Community Similarity Networks (CSN),"Lane N.D., Xu Y., Lu H., Hu S., Choudhury T., Campbell A.T., Zhao F.",,UbiComp'11 - Proceedings of the 2011 ACM Conference on Ubiquitous Computing,, ,0,0,0,0,0,0,0,0,0,0,0,0,0,0,0,0,0,0,0,0,0,0,0,0,0,0,0,0,0,0,0,0,0,0,0,0,0,0,0,0,0,0,2,10,18,20,18,16,11,5,3,1,0,104
2004,A case for variable-range transmission power control in wireless multihop networks,"Gomez J., Campbell A.T.",0743166X,Proceedings - IEEE INFOCOM,2, ,0,0,0,0,0,0,0,0,0,0,0,0,0,0,0,0,0,0,0,0,0,0,0,0,0,0,0,0,0,0,0,0,0,0,0,3,11,11,15,11,3,5,12,4,6,3,3,7,3,3,0,0,0,100
2000,"Pricing, provisioning and peering: dynamic markets for differentiated Internet services and implications for network interconnections","Semret N., Liao R.R.-F., Campbell A.T., Lazar A.A.",7338716,IEEE Journal on Selected Areas in Communications,18,12,0,0,0,0,0,0,0,0,0,0,0,0,0,0,0,0,0,0,0,0,0,0,0,0,0,0,0,0,0,0,0,0,2,4,13,6,6,8,11,12,9,5,6,7,6,3,0,0,2,0,0,0,0,100
1998,The mobiware toolkit: Programmable support for adaptive mobile networking,"Angin O., Campbell A.T., Kounavis M.E., Liao R.R.-F.",10709916,IEEE Personal Communications,5,4,0,0,0,0,0,0,0,0,0,0,0,0,0,0,0,0,0,0,0,0,0,0,0,0,0,0,0,0,0,1,3,10,9,10,5,14,10,8,4,3,7,4,1,1,0,2,0,2,1,0,0,0,0,95
2015,Human sensing using visible light communication,"Li T., An C., Tian Z., Campbell A.T., Zhou X.",,"Proceedings of the Annual International Conference on Mobile Computing and Networking, MOBICOM",2015-, ,0,0,0,0,0,0,0,0,0,0,0,0,0,0,0,0,0,0,0,0,0,0,0,0,0,0,0,0,0,0,0,0,0,0,0,0,0,0,0,0,0,0,0,0,0,0,2,12,14,26,25,8,0,87
2010,EyePhone: Activating mobile phones with your eyes,"Miluzzo E., Wang T., Campbell A.T.",,"Proceedings of the 2nd ACM SIGCOMM Workshop on Networking, Systems, and Applications on Mobile Handhelds, MobiHeld '10, Co-located with SIGCOMM 2010",, ,0,0,0,0,0,0,0,0,0,0,0,0,0,0,0,0,0,0,0,0,0,0,0,0,0,0,0,0,0,0,0,0,0,0,0,0,0,0,0,0,0,1,5,14,12,7,10,13,7,10,4,1,0,84
2012,WalkSafe: A pedestrian safety app for mobile phone users who walk and talk while crossing roads,"Wang T., Cardone G., Corradi A., Torresani L., Campbell A.T.",,HotMobile 2012 - 13th Workshop on Mobile Computing Systems and Applications,, ,0,0,0,0,0,0,0,0,0,0,0,0,0,0,0,0,0,0,0,0,0,0,0,0,0,0,0,0,0,0,0,0,0,0,0,0,0,0,0,0,0,0,0,0,5,8,11,10,6,16,19,5,0,80
2001,A utility-based approach for quantitative adaptation in wireless packet networks,"Liao R.R.-F., Campbell A.T.",10220038,Wireless Networks,7,5,0,0,0,0,0,0,0,0,0,0,0,0,0,0,0,0,0,0,0,0,0,0,0,0,0,0,0,0,0,0,0,0,0,4,4,7,14,10,5,9,8,2,5,1,1,2,3,1,1,0,1,0,0,78
2013,CarSafe app: Alerting drowsy and distracted drivers using dual cameras on smartphones,"You C.-W., Lane N.D., Chen F., Wang R., Chen Z., Bao T.J., Montes-de-Oca M., Cheng Y., Lin M., Torresani L., Campbell A.T.",,"MobiSys 2013 - Proceedings of the 11th Annual International Conference on Mobile Systems, Applications, and Services",, ,0,0,0,0,0,0,0,0,0,0,0,0,0,0,0,0,0,0,0,0,0,0,0,0,0,0,0,0,0,0,0,0,0,0,0,0,0,0,0,0,0,0,0,0,3,9,8,11,15,12,13,5,0,76
2015,SmartGPA: How smartphones can assess and predict academic performance of college students,"Wang R., Harari G., Hao P., Zhou X., Campbell A.T.",,UbiComp 2015 - Proceedings of the 2015 ACM International Joint Conference on Pervasive and Ubiquitous Computing,, ,0,0,0,0,0,0,0,0,0,0,0,0,0,0,0,0,0,0,0,0,0,0,0,0,0,0,0,0,0,0,0,0,0,0,0,0,0,0,0,0,0,0,0,0,0,0,1,18,16,17,22,1,0,75
1999,An overview of cellular IP,"Campbell A.T., Gomez J., Valko A.G.",15253511,"IEEE Wireless Communications and Networking Conference, WCNC",2, ,0,0,0,0,0,0,0,0,0,0,0,0,0,0,0,0,0,0,0,0,0,0,0,0,0,0,0,0,0,0,0,2,8,9,12,12,11,3,5,3,4,3,0,0,1,0,0,1,0,0,0,0,0,74
1993,Integrated quality of service for multimedia communications,"Campbell Andrew, Coulson Geoff, Garcia Francisco, Hutchison David, Leopold Helmut",0743166X,Proceedings - IEEE INFOCOM,2, ,0,0,0,0,0,0,0,0,0,0,0,0,0,0,0,0,0,0,0,0,0,0,0,0,0,9,7,6,5,10,8,4,6,4,0,4,0,4,2,0,0,1,1,0,0,0,0,0,0,1,0,0,0,72
2014,"BeWell: Sensing sleep, physical activities and social interactions to promote wellbeing","Lane N.D., Lin M., Mohammod M., Yang X., Lu H., Cardone G., Ali S., Doryab A., Berke E., Campbell A.T., Choudhury T.",1383469X,Mobile Networks and Applications,19,3,0,0,0,0,0,0,0,0,0,0,0,0,0,0,0,0,0,0,0,0,0,0,0,0,0,0,0,0,0,0,0,0,0,0,0,0,0,0,0,0,0,0,0,0,0,1,13,16,15,12,12,2,0,71
2012,From smart to cognitive phones,"Campbell A., Choudhury T.",15361268,IEEE Pervasive Computing,11,3,0,0,0,0,0,0,0,0,0,0,0,0,0,0,0,0,0,0,0,0,0,0,0,0,0,0,0,0,0,0,0,0,0,0,0,0,0,0,0,0,0,0,0,0,10,10,13,10,8,6,7,1,0,65
2010,Bubble-sensing: Binding sensing tasks to the physical world,"Lu H., Lane N.D., Eisenman S.B., Campbell A.T.",15741192,Pervasive and Mobile Computing,6,1,0,0,0,0,0,0,0,0,0,0,0,0,0,0,0,0,0,0,0,0,0,0,0,0,0,0,0,0,0,0,0,0,0,0,0,0,0,0,0,0,0,3,9,8,8,10,9,6,4,3,3,1,0,64
2013,CarSafe App: Alerting drowsy and distracted drivers using dual cameras on smartphones,"You C.-W., Lane N.D., Chen F., Wang R., Chen Z., Bao T.J., Montes-de-Oca M., Cheng Y., Lint M., Torresani L., Campbell A.T.",,"MobiSys 2013 - Proceedings of the 11th Annual International Conference on Mobile Systems, Applications, and Services",, ,0,0,0,0,0,0,0,0,0,0,0,0,0,0,0,0,0,0,0,0,0,0,0,0,0,0,0,0,0,0,0,0,0,0,0,0,0,0,0,0,0,0,0,0,0,3,15,16,9,7,12,1,0,63
2013,"Preference, context and communities: A multi-faceted approach to predicting smartphone app usage patterns","Xu Y., Lin M., Lu. H., Cardone G., Lane N.D., Chen Z., Campbell A., Choudhury T.",,ISWC 2013 - Proceedings of the 2013 ACM International Symposium on Wearable Computers,, ,0,0,0,0,0,0,0,0,0,0,0,0,0,0,0,0,0,0,0,0,0,0,0,0,0,0,0,0,0,0,0,0,0,0,0,0,0,0,0,0,0,0,0,0,1,10,7,5,7,10,19,0,0,59
2001,Improving UDP and TCP performance in mobile ad hoc networks with INSIGNIA,"Lee S.-B., Ahn G.-S., Campbell A.T.",1636804,IEEE Communications Magazine,39,6,0,0,0,0,0,0,0,0,0,0,0,0,0,0,0,0,0,0,0,0,0,0,0,0,0,0,0,0,0,0,0,0,0,1,6,4,7,8,4,6,2,2,1,6,4,2,0,3,1,0,1,0,0,58
1998,On utility-fair adaptive services in wireless networks,"Bianchi G., Campbell A.T., Liao R.R.-F.",,"1998 6th International Workshop on Quality of Service, IWQoS 1998",, ,0,0,0,0,0,0,0,0,0,0,0,0,0,0,0,0,0,0,0,0,0,0,0,0,0,0,0,0,0,3,1,3,7,3,4,4,9,1,3,6,2,4,0,2,2,1,0,0,0,0,0,0,0,55
2016,CrossCheck: Toward passive sensing and detection of mental health changes in people with schizophrenia,"Wang R., Aung M.S.H., Abdullah S., Brian R., Campbell A.T., Choudhury T., Hauser M., Kane J., Merrill M., Scherer E.A., Tseng V.W.S., Ben-Zeev D.",,UbiComp 2016 - Proceedings of the 2016 ACM International Joint Conference on Pervasive and Ubiquitous Computing,, ,0,0,0,0,0,0,0,0,0,0,0,0,0,0,0,0,0,0,0,0,0,0,0,0,0,0,0,0,0,0,0,0,0,0,0,0,0,0,0,0,0,0,0,0,0,0,0,0,12,15,24,3,0,54
2011,Energy-efficient congestion detection and avoidance in sensor networks,"Wan C.-Y., Eisenman S.B., Campbell A.T.",15504859,ACM Transactions on Sensor Networks,7,4,0,0,0,0,0,0,0,0,0,0,0,0,0,0,0,0,0,0,0,0,0,0,0,0,0,0,0,0,0,0,0,0,0,0,0,0,0,1,0,1,0,0,0,4,5,6,7,6,7,8,7,1,0,53
2015,Real-time screen-camera communication behind any scene,"Li T., An C., Xiao X., Campbell A.T., Zhou X.",,"MobiSys 2015 - Proceedings of the 13th Annual International Conference on Mobile Systems, Applications, and Services",, ,0,0,0,0,0,0,0,0,0,0,0,0,0,0,0,0,0,0,0,0,0,0,0,0,0,0,0,0,0,0,0,0,0,0,0,0,0,0,0,0,0,0,0,0,0,0,5,11,9,7,14,3,0,49
2008,Radio characterization of 802.15.4 and its impact on the design of mobile sensor networks,"Miluzzo E., Zheng X., Fodor K., Campbell A.T.",3029743,Lecture Notes in Computer Science (including subseries Lecture Notes in Artificial Intelligence and Lecture Notes in Bioinformatics),4913, ,0,0,0,0,0,0,0,0,0,0,0,0,0,0,0,0,0,0,0,0,0,0,0,0,0,0,0,0,0,0,0,0,0,0,0,0,0,0,0,0,4,5,13,2,6,3,8,3,1,1,3,0,0,49
2007,Overload traffic management for sensor networks,"Wan C.-Y., Eisenman S.B., Campbell A.T., Crowcroft J.",15504859,ACM Transactions on Sensor Networks,3,4,0,0,0,0,0,0,0,0,0,0,0,0,0,0,0,0,0,0,0,0,0,0,0,0,0,0,0,0,0,0,0,0,0,0,0,0,0,0,0,0,3,11,5,8,8,2,3,0,3,1,2,1,0,47
2016,Mobile behavioral sensing for outpatients and inpatients with schizophrenia,"Ben-Zeev D., Wang R., Abdullah S., Brian R., Scherer E.A., Mistler L.A., Hauser M., Kane J.M., Campbell A., Choudhury T.",10752730,Psychiatric Services,67,5,0,0,0,0,0,0,0,0,0,0,0,0,0,0,0,0,0,0,0,0,0,0,0,0,0,0,0,0,0,0,0,0,0,0,0,0,0,0,0,0,0,0,0,0,0,0,0,4,15,8,16,3,0,46
2010,Supporting energy-efficient uploading strategies for continuous sensing applications on mobile phones,"Musolesi M., Piraccini M., Fodor K., Corradi A., Campbell A.T.",3029743,Lecture Notes in Computer Science (including subseries Lecture Notes in Artificial Intelligence and Lecture Notes in Bioinformatics),6030, ,0,0,0,0,0,0,0,0,0,0,0,0,0,0,0,0,0,0,0,0,0,0,0,0,0,0,0,0,0,0,0,0,0,0,0,0,0,0,0,0,0,1,1,3,6,9,11,4,3,3,5,0,0,46
2000,Programmable MAC framework for utility-based adaptive quality of service support,"Bianchi G., Campbell A.T.",7338716,IEEE Journal on Selected Areas in Communications,18,2,0,0,0,0,0,0,0,0,0,0,0,0,0,0,0,0,0,0,0,0,0,0,0,0,0,0,0,0,0,0,0,0,1,4,2,2,2,4,5,2,1,2,4,3,3,3,0,2,3,0,3,0,0,46
2010,Hapori: Context-based local search for mobile phones using community behavioral modeling and similarity,"Lane N.D., Lymberopoulos D., Zhao F., Campbell A.T.",,UbiComp'10 - Proceedings of the 2010 ACM Conference on Ubiquitous Computing,, ,0,0,0,0,0,0,0,0,0,0,0,0,0,0,0,0,0,0,0,0,0,0,0,0,0,0,0,0,0,0,0,0,0,0,0,0,0,0,0,0,0,0,5,9,7,5,7,3,3,4,0,0,0,43
2017,"CrossCheck: Integrating self-report, behavioral sensing, and smartphone use to identify digital indicators of psychotic relapse.","Ben-Zeev D., Brian R., Wang R., Wang W., Campbell A.T., Aung M.S.H., Merrill M., Tseng V.W.S., Choudhury T., Hauser M., Kane J.M., Scherer E.A.",1095158X,Psychiatric Rehabilitation Journal,40,3,0,0,0,0,0,0,0,0,0,0,0,0,0,0,0,0,0,0,0,0,0,0,0,0,0,0,0,0,0,0,0,0,0,0,0,0,0,0,0,0,0,0,0,0,0,0,0,0,3,5,29,4,0,41
2001,The Genesis Kernel: A programming system for spawning network architectures,"Kounavis M.E., Campbell A.T., Chou S., Modoux F., Vicente J., Zhuang H.",7338716,IEEE Journal on Selected Areas in Communications,19,3,0,0,0,0,0,0,0,0,0,0,0,0,0,0,0,0,0,0,0,0,0,0,0,0,0,0,0,0,0,0,0,0,2,1,2,4,5,3,3,0,4,2,2,2,4,3,1,1,0,0,1,0,0,40
2011,Exploiting social networks for large-scale human behavior Modeling,"Lane N.D., Xu Y., Lu H., Campbell A.T., Choudhury T., Eisenman S.B.",15361268,IEEE Pervasive Computing,10,4,0,0,0,0,0,0,0,0,0,0,0,0,0,0,0,0,0,0,0,0,0,0,0,0,0,0,0,0,0,0,0,0,0,0,0,0,0,0,0,0,0,0,0,8,3,8,8,2,4,4,0,1,0,38
2008,CaliBree: A self-calibration system for mobile sensor networks,"Miluzzo E., Lane N.D., Campbell A.T., Olfati-Saber R.",3029743,Lecture Notes in Computer Science (including subseries Lecture Notes in Artificial Intelligence and Lecture Notes in Bioinformatics),5067, ,0,0,0,0,0,0,0,0,0,0,0,0,0,0,0,0,0,0,0,0,0,0,0,0,0,0,0,0,0,0,0,0,0,0,0,0,0,0,0,0,2,1,1,4,3,3,4,7,2,6,3,2,0,38
2012,CarSafe: A driver safety app that detects dangerous driving behavior using dual-cameras on smartphones,"You C.-W., Montes-De-Oca M., Bao T.J., Lane N.D., Lu H., Cardone G., Torresani L., Campbell A.T.",,UbiComp'12 - Proceedings of the 2012 ACM Conference on Ubiquitous Computing,, ,0,0,0,0,0,0,0,0,0,0,0,0,0,0,0,0,0,0,0,0,0,0,0,0,0,0,0,0,0,0,0,0,0,0,0,0,0,0,0,0,0,0,0,0,3,3,3,4,7,6,7,4,0,37
1999,Managing Complexity: Middleware Explained,"Campbell A.T., Coulson G., Kounavis M.E.",15209202,IT Professional,1,5,0,0,0,0,0,0,0,0,0,0,0,0,0,0,0,0,0,0,0,0,0,0,0,0,0,0,0,0,0,0,0,0,1,0,3,2,7,6,2,2,0,2,0,0,2,1,1,0,5,1,1,1,0,37
1999,"Open signaling for ATM, internet and mobile networks (OPENSIG'98)","Campbell A.T., Katzela I., Miki K., Vicente J.",1464833,Computer Communication Review,29,1,0,0,0,0,0,0,0,0,0,0,0,0,0,0,0,0,0,0,0,0,0,0,0,0,0,0,0,0,0,0,0,0,0,0,0,2,2,1,0,0,0,0,0,0,2,6,6,6,8,2,0,2,0,37
1995,The Design of a QoS-Controlled ATM-Based Communications System in Chorus,"Coulson G., Campbell A., Robin P., Blair G., Papathomas M., Shepherd D.",7338716,IEEE Journal on Selected Areas in Communications,13,4,0,0,0,0,0,0,0,0,0,0,0,0,0,0,0,0,0,0,0,0,0,0,0,0,0,0,1,5,7,11,4,3,2,0,1,0,1,1,0,0,0,0,0,0,1,0,0,0,0,0,0,0,0,37
1999,Spawning networks,"Campbell A.T., Kounavis M.E., Villela D.A., Vicente J.B., De Meer H.G., Miki K., Kalaichelvan K.S.",8908044,IEEE Network,13,4,0,0,0,0,0,0,0,0,0,0,0,0,0,0,0,0,0,0,0,0,0,0,0,0,0,0,0,0,0,0,0,4,11,4,3,4,1,1,3,0,1,1,1,1,0,0,0,0,0,1,0,0,0,36
2004,Phenix: Supporting resilient low-diameter peer-to-peer topologies,"Wouhaybi R.H., Campbell A.T.",0743166X,Proceedings - IEEE INFOCOM,1, ,0,0,0,0,0,0,0,0,0,0,0,0,0,0,0,0,0,0,0,0,0,0,0,0,0,0,0,0,0,0,0,0,0,0,0,1,9,3,4,6,3,6,0,0,0,0,2,0,1,0,0,0,0,35
2011,"Tapping into the vibe of the city using VibN, a continuous sensing application for smartphones","Miluzzo E., Papandrea M., Lane N.D., Sarroff A.M., Giordano S., Campbell A.T.",,SCI'11 - Proceedings of 1st International Symposium on from Digital Footprints to Social and Community Intelligence,, ,0,0,0,0,0,0,0,0,0,0,0,0,0,0,0,0,0,0,0,0,0,0,0,0,0,0,0,0,0,0,0,0,0,0,0,0,0,0,0,0,0,0,0,3,2,9,7,6,1,3,0,1,0,32
1992,Continuous media transport and orchestration service,"Campbell Andrew, Coulson Geoff, Garcia Francisco, Hutchison David",,Conference Proceedings Communications Architectures &amp; Protocols,, ,0,0,0,0,0,0,0,0,0,0,0,0,0,0,0,0,0,0,0,0,0,1,0,0,2,4,3,10,2,3,0,1,0,0,0,0,1,2,0,0,0,1,0,0,0,0,1,0,0,0,1,0,0,32
2012,Bewell+: Multi-dimensional wellbeing monitoring with community-guided user feedback and energy optimization,"Lin M., Lane N.D., Mohammod M., Yang X., Lu H., Cardone G., Ali S., Doryab A., Berke E., Campbell A.T., Choudhury T.",,"Proceedings - Wireless Health 2012, WH 2012",, ,0,0,0,0,0,0,0,0,0,0,0,0,0,0,0,0,0,0,0,0,0,0,0,0,0,0,0,0,0,0,0,0,0,0,0,0,0,0,0,0,0,0,0,0,1,2,7,7,3,6,4,0,0,30
2004,Dynamic core provisioning for quantitative differentiated services,"Liao R.R.-F., Campbell A.T.",10636692,IEEE/ACM Transactions on Networking,12,3,0,0,0,0,0,0,0,0,0,0,0,0,0,0,0,0,0,0,0,0,0,0,0,0,0,0,0,0,0,0,0,0,0,0,0,1,1,8,5,1,2,3,1,2,0,0,1,3,0,0,2,0,0,30
2013,Inferring social contextual behavior from bluetooth traces,"Chen Z., Chen Y., Wang S., Liu J., Gao X., Campbell A.T.",,UbiComp 2013 Adjunct - Adjunct Publication of the 2013 ACM Conference on Ubiquitous Computing,, ,0,0,0,0,0,0,0,0,0,0,0,0,0,0,0,0,0,0,0,0,0,0,0,0,0,0,0,0,0,0,0,0,0,0,0,0,0,0,0,0,0,0,0,0,1,7,2,3,3,6,6,1,0,29
2000,Peering and provisioning of differentiated Internet services,"Semret N., Liao R.R.-F., Campbell A.T., Lazar A.A.",0743166X,Proceedings - IEEE INFOCOM,2, ,0,0,0,0,0,0,0,0,0,0,0,0,0,0,0,0,0,0,0,0,0,0,0,0,0,0,0,0,0,0,0,1,5,3,5,4,1,2,0,4,2,0,1,1,0,0,0,0,0,0,0,0,0,29
2014,ContextSense: Unobtrusive discovery of incremental social context using dynamic bluetooth data,"Chen Z., Chen Y., Hu L., Wang S., Jiang X., Ma X., Lane N.D., Campbell A.T.",,UbiComp 2014 - Adjunct Proceedings of the 2014 ACM International Joint Conference on Pervasive and Ubiquitous Computing,, ,0,0,0,0,0,0,0,0,0,0,0,0,0,0,0,0,0,0,0,0,0,0,0,0,0,0,0,0,0,0,0,0,0,0,0,0,0,0,0,0,0,0,0,0,0,1,4,6,5,3,6,2,0,27
2008,Techniques for improving opportunistic sensor networking performance,"Eisenman S.B., Lane N.D., Campbell A.T.",3029743,Lecture Notes in Computer Science (including subseries Lecture Notes in Artificial Intelligence and Lecture Notes in Bioinformatics),5067, ,0,0,0,0,0,0,0,0,0,0,0,0,0,0,0,0,0,0,0,0,0,0,0,0,0,0,0,0,0,0,0,0,0,0,0,0,0,0,0,0,2,2,4,5,2,2,1,3,2,3,0,0,0,26
2003,4+4: An architecture for evolving the Internet address space back toward transparency,"Turanyi Z., Valko A., Campbell A.T.",1464833,Computer Communication Review,33,5,0,0,0,0,0,0,0,0,0,0,0,0,0,0,0,0,0,0,0,0,0,0,0,0,0,0,0,0,0,0,0,0,0,0,2,1,6,4,3,3,3,1,0,0,1,0,1,0,1,0,0,0,0,26
2001,"Design, implementation and evaluation of programmable handoff in mobile networks","Kounavis M.E., Campbell A.T., Ito G., Bianchi G.",1383469X,Mobile Networks and Applications,6,5,0,0,0,0,0,0,0,0,0,0,0,0,0,0,0,0,0,0,0,0,0,0,0,0,0,0,0,0,0,0,0,0,1,2,4,6,0,4,1,2,4,0,1,0,0,0,0,0,0,0,0,0,0,25
1997,Active filters: Delivering scaled media to mobile devices,"Balachandran Anand, Campbell Andrew T., Kounavis Michael E.",,Proceedings of the IEEE International Workshop on Network and Operating System Support for Digital Audio and Video,, ,0,0,0,0,0,0,0,0,0,0,0,0,0,0,0,0,0,0,0,0,0,0,0,0,0,0,0,0,0,2,4,2,4,5,2,1,2,0,0,1,0,0,0,1,0,0,0,1,0,0,0,0,0,25
2008,MAP: A scalable monitoring system for dependable 802.11 wireless networks,"Sheng Y., Chen G.G., Yin H., Tan K., Deshpande U., Vance B., Kotz D., Campbell A., McDonald C., Henderson T., Wright J.",15361284,IEEE Wireless Communications,15,5,0,0,0,0,0,0,0,0,0,0,0,0,0,0,0,0,0,0,0,0,0,0,0,0,0,0,0,0,0,0,0,0,0,0,0,0,0,0,0,2,3,7,2,2,1,2,0,3,0,0,1,0,0,23
2002,Internet micromobility,"Campbell A.T., Gomez J., Kim S., Turanyi Z.R., Valko A.G., Wan C.-Y.",9266801,Journal of High Speed Networks,11, 3-4,0,0,0,0,0,0,0,0,0,0,0,0,0,0,0,0,0,0,0,0,0,0,0,0,0,0,0,0,0,0,0,0,0,0,0,7,1,2,3,1,1,6,2,0,0,0,0,0,0,0,0,0,0,23
2002,NetBind: A binding tool for constructing data paths in network processor-based routers,"Campbell A.T., Chou S.T., Kounavis M.E., Stachtos V.D., Vicente J.",,"2002 IEEE Open Architectures and Network Programming Proceedings, OPENARCH 2002",, ,0,0,0,0,0,0,0,0,0,0,0,0,0,0,0,0,0,0,0,0,0,0,0,0,0,0,0,0,0,0,0,0,0,1,4,5,2,5,2,1,2,1,0,0,0,0,0,0,0,0,0,0,0,23
1997,QoS adaptive transports: Delivering scalable media to the desktop,"Campbell A.T., Coulson G.",8908044,IEEE Network,11,2,0,0,0,0,0,0,0,0,0,0,0,0,0,0,0,0,0,0,0,0,0,0,0,0,0,0,0,0,0,5,4,2,0,1,2,2,2,0,2,0,1,1,1,0,0,0,0,0,0,0,0,0,0,23
2008,Efficient data aggregation in wireless sensor networks: An entropy-driven analysis,"Galluccio L., Palazzo S., Campbell A.T.",,"IEEE International Symposium on Personal, Indoor and Mobile Radio Communications, PIMRC",, ,0,0,0,0,0,0,0,0,0,0,0,0,0,0,0,0,0,0,0,0,0,0,0,0,0,0,0,0,0,0,0,0,0,0,0,0,0,0,0,0,0,1,3,2,4,2,3,3,2,0,1,1,0,22
2007,E-CSMA: Supporting enhanced CSMA performance in experimental sensor networks using per-neighbor transmission probability thresholds,"Eisenman S.B., Campbell A.T.",0743166X,Proceedings - IEEE INFOCOM,, ,0,0,0,0,0,0,0,0,0,0,0,0,0,0,0,0,0,0,0,0,0,0,0,0,0,0,0,0,0,0,0,0,0,0,0,0,0,0,0,1,2,5,2,1,1,2,1,2,2,3,0,0,0,22
1999,Market pricing of differentiated Internet services,"Semret N., Liao R.R.-F., Campbell A.T., Lazar A.A.",1548615X,"IEEE International Workshop on Quality of Service, IWQoS",, ,0,0,0,0,0,0,0,0,0,0,0,0,0,0,0,0,0,0,0,0,0,0,0,0,0,0,0,0,0,0,0,1,1,4,4,3,1,2,0,1,0,1,1,0,0,0,0,1,0,1,1,0,0,22
1999,Havana framework for supporting application and channel dependent QOS in wireless networks,"Gomez Javier, Campbell Andrew T., Morikawa Hiro",,International Conference on Network Protocols,, ,0,0,0,0,0,0,0,0,0,0,0,0,0,0,0,0,0,0,0,0,0,0,0,0,0,0,0,0,0,0,0,1,3,1,6,0,3,2,2,2,0,1,0,0,0,0,0,0,0,0,0,0,0,21
2011,Multi-instance metric learning,"Xu Y., Ping W., Campbell A.T.",15504786,"Proceedings - IEEE International Conference on Data Mining, ICDM",, ,0,0,0,0,0,0,0,0,0,0,0,0,0,0,0,0,0,0,0,0,0,0,0,0,0,0,0,0,0,0,0,0,0,0,0,0,0,0,0,0,0,0,0,0,4,5,1,0,7,3,0,0,0,20
2010,Community-guided learning: Exploiting mobile sensor users to model human behavior,"Peebles D., Lu H., Lane N.D., Choudhury T., Campbell A.T.",,Proceedings of the National Conference on Artificial Intelligence,3, ,0,0,0,0,0,0,0,0,0,0,0,0,0,0,0,0,0,0,0,0,0,0,0,0,0,0,0,0,0,0,0,0,0,0,0,0,0,0,0,0,0,1,2,2,7,5,1,1,0,0,0,0,0,19
2008,Cooperative techniques supporting sensor-based people-centric inferencing,"Lane N.D., Lu H., Eisenman S.B., Campbell A.T.",3029743,Lecture Notes in Computer Science (including subseries Lecture Notes in Artificial Intelligence and Lecture Notes in Bioinformatics),5013, ,0,0,0,0,0,0,0,0,0,0,0,0,0,0,0,0,0,0,0,0,0,0,0,0,0,0,0,0,0,0,0,0,0,0,0,0,0,0,0,3,3,1,4,1,1,2,1,1,0,0,2,0,0,19
2002,Incentive engineering in wireless LAN based access networks,"Liao R.R.-F., Wouhaybi R.H., Campbell A.T.",10921648,"Proceedings - International Conference on Network Protocols, ICNP",, ,0,0,0,0,0,0,0,0,0,0,0,0,0,0,0,0,0,0,0,0,0,0,0,0,0,0,0,0,0,0,0,0,0,0,3,3,3,2,2,0,1,0,3,0,1,1,0,0,0,0,0,0,0,19
2014,Visible light networking and sensing,"Zhou X., Campbell A.T.",,HotWireless 2014 - Proceedings of the 1st ACM MobiCom Workshop on Hot Topics in Wireless,, ,0,0,0,0,0,0,0,0,0,0,0,0,0,0,0,0,0,0,0,0,0,0,0,0,0,0,0,0,0,0,0,0,0,0,0,0,0,0,0,0,0,0,0,0,0,0,5,3,3,3,4,0,0,18
2003,Wireless Incentive Engineering,"Liao R.R.-F., Wouhaybi R.H., Campbell A.T.",7338716,IEEE Journal on Selected Areas in Communications,21,10,0,0,0,0,0,0,0,0,0,0,0,0,0,0,0,0,0,0,0,0,0,0,0,1,0,0,0,0,0,0,0,0,0,0,0,0,0,7,3,1,1,0,3,1,0,0,1,0,0,0,0,0,0,18
2017,Patterns of behavior change in students over an academic term: A preliminary study of activity and sociability behaviors using smartphone sensing methods,"Harari G.M., Gosling S.D., Wang R., Chen F., Chen Z., Campbell A.T.",7475632,Computers in Human Behavior,67, ,0,0,0,0,0,0,0,0,0,0,0,0,0,0,0,0,0,0,0,0,0,0,0,0,0,0,0,0,0,0,0,0,0,0,0,0,0,0,0,0,0,0,0,0,0,0,0,0,3,6,6,1,0,16
2008,Transforming the social networking experience with sensing presence from mobile phones,"Campbell A.T., Eisenman S.B., Fodor K., Lane N.D., Lu H., Miluzzo E., Musolesi M., Peterson R.A., Zheng X.",,SenSys'08 - Proceedings of the 6th ACM Conference on Embedded Networked Sensor Systems,, ,0,0,0,0,0,0,0,0,0,0,0,0,0,0,0,0,0,0,0,0,0,0,0,0,0,0,0,0,0,0,0,0,0,0,0,0,0,0,0,1,2,1,2,2,3,1,1,1,1,0,0,1,0,16
1994,QoS adaptation and flow filtering in ATM networks,"Yeadon N., Garcia F., Campbell A., Hutchison D.",3029743,Lecture Notes in Computer Science (including subseries Lecture Notes in Artificial Intelligence and Lecture Notes in Bioinformatics),868, ,0,0,0,0,0,0,0,0,0,0,0,0,0,0,0,0,0,0,0,0,0,0,0,0,0,0,1,5,3,4,0,1,1,0,1,0,0,0,0,0,0,0,0,0,0,0,0,0,0,0,0,0,0,16
2009,Modeling and designing efficient data aggregation in wireless sensor networks under entropy and energy bounds,"Galluccio L., Palazzo S., Campbell A.T.",10689605,International Journal of Wireless Information Networks,16,3,0,0,0,0,0,0,0,0,0,0,0,0,0,0,0,0,0,0,0,0,0,0,0,0,0,0,0,0,0,0,0,0,0,0,0,0,0,0,0,0,1,0,0,5,4,3,2,0,0,0,0,0,0,15
2003,Havana: Supporting application and channel dependent QoS in wireless packet networks,"Gomez J., Campbell A.T.",10220038,Wireless Networks,9,1,0,0,0,0,0,0,0,0,0,0,0,0,0,0,0,0,0,0,0,0,0,0,0,0,0,0,0,0,0,0,0,0,0,0,1,2,1,0,4,0,3,1,2,0,0,0,0,0,0,0,0,0,0,14
2014,HiLight: Hiding bits in pixel translucency changes,"Li T., An C., Campbell A.T., Zhou X.",,VLCS 2014 - Proceedings of the 1st ACM MobiCom Workshop on Visible Light Communication Systems,, ,0,0,0,0,0,0,0,0,0,0,0,0,0,0,0,0,0,0,0,0,0,0,0,0,0,0,0,0,0,0,0,0,0,0,0,0,0,0,0,0,0,0,0,0,0,1,5,0,4,1,0,2,0,13
2006,Poster abstract: SkiScape sensing,"Eisenman S.B., Campbell A.T.",,SenSys'06: Proceedings of the Fourth International Conference on Embedded Networked Sensor Systems,, ,0,0,0,0,0,0,0,0,0,0,0,0,0,0,0,0,0,0,0,0,0,0,0,0,0,0,0,0,0,0,0,0,0,0,0,0,0,0,1,1,1,0,1,0,1,2,1,3,0,1,1,0,0,13
2003,A hotspot mitigation protocol for ad hoc networks,"Lee S.-B., Cho J., Campbell A.T.",15708705,Ad Hoc Networks,1,1,0,0,0,0,0,0,0,0,0,0,0,0,0,0,0,0,0,0,0,0,0,0,0,0,0,0,0,0,0,0,0,0,0,0,0,0,3,3,0,0,3,2,0,0,1,0,0,0,0,0,1,0,0,13
2000,Dynamic edge provisioning for core IP networks,"Liao R.R.-F., Campbell A.T.",1548615X,"IEEE International Workshop on Quality of Service, IWQoS",2000-, ,0,0,0,0,0,0,0,0,0,0,0,0,0,0,0,0,0,0,0,0,0,0,0,0,0,0,0,0,0,0,0,0,2,1,0,3,3,3,0,0,0,0,1,0,0,0,0,0,0,0,0,0,0,13
1998,QOS-aware Middleware for Mobile Multimedia Communications,Campbell A.T.,13807501,Multimedia Tools and Applications,23,4,0,0,0,0,0,0,0,0,0,0,0,0,0,0,0,0,0,0,0,0,0,0,0,0,0,0,0,0,0,0,0,0,1,1,2,1,4,2,1,1,0,0,0,0,0,0,0,0,0,0,0,0,0,13
1996,"QoS adaptive transport system: Design, implementation and experience","Campbell Andrew, Coulson Geoff",,Proceedings of the ACM International Multimedia Conference &amp; Exhibition,, ,0,0,0,0,0,0,0,0,0,0,0,0,0,0,0,0,0,0,0,0,0,0,0,0,0,0,0,0,0,3,1,0,1,3,1,0,2,1,0,0,0,1,0,0,0,0,0,0,0,0,0,0,0,13
1998,"A systems approach to prediction, compensation and adaptation in wireless networks","Gomez J., Campbell A.T., Morikawa H.",,"Proceedings of the 1st ACM International Workshop on Wireless Mobile Multimedia, WOWMOM 1998",, ,0,0,0,0,0,0,0,0,0,0,0,0,0,0,0,0,0,0,0,0,0,0,0,0,0,0,0,0,0,0,1,1,1,1,3,0,1,2,0,2,0,0,0,0,0,0,0,0,0,0,0,0,0,12
1997,"A QoS adaptive multimedia transport system: Design, implementation and experiences","Campbell A., Coulson G.",9671846,Distributed Systems Engineering,4,1,0,0,0,0,0,0,0,0,0,0,0,0,0,0,0,0,0,0,0,0,0,0,0,0,0,0,0,0,0,1,2,3,0,0,1,0,1,0,0,0,0,0,0,0,1,2,0,0,1,0,0,0,0,12
2017,Use of multimodal technology to identify digital correlates of violence among inpatients with serious mental illness: A pilot study,"Ben-Zeev D., Scherer E.A., Brian R.M., Mistler L.A., Campbell A.T., Wang R.",10752730,Psychiatric Services,68,10,0,0,0,0,0,0,0,0,0,0,0,0,0,0,0,0,0,0,0,0,0,0,0,0,0,0,0,0,0,0,0,0,0,0,0,0,0,0,0,0,0,0,0,0,0,0,0,0,0,1,8,2,0,11
2015,Visible light knows who you are,"An C., Li T., Tian Z., Campbell A.T., Zhou X.",,"VLCS 2015 - Proceedings of the 2nd International Workshop on Visible Light Communications Systems, co-located with MobiCom 2015",, ,0,0,0,0,0,0,0,0,0,0,0,0,0,0,0,0,0,0,0,0,0,0,0,0,0,0,0,0,0,0,0,0,0,0,0,0,0,0,0,0,0,0,0,0,0,0,1,0,3,3,3,1,0,11
1998,Transporting QoS adaptive flows,"Campbell A.T., Coulson G., Hutchison D.",9424962,Multimedia Systems,6,3,0,0,0,0,0,0,0,0,0,0,0,0,0,0,0,0,0,0,0,0,0,0,0,0,0,0,0,0,0,0,0,0,2,1,4,0,2,2,0,0,0,0,0,0,0,0,0,0,0,0,0,0,0,11
2015,Capturing Situational Information with Smartphones and Mobile Sensing Methods,"Harari G.M., Gosling S.D., Wang R., Campbell A.T.",8902070,European Journal of Personality,29,5,0,0,0,0,0,0,0,0,0,0,0,0,0,0,0,0,0,0,0,0,0,0,0,0,0,0,0,0,0,0,0,0,0,0,0,0,0,0,0,0,0,0,0,0,0,0,0,1,5,2,2,0,0,10
2013,Visage: A face interpretation engine for smartphone applications,"Yang X., You C.-W., Lu H., Lin M., Lane N.D., Campbell A.T.",18678211,"Lecture Notes of the Institute for Computer Sciences, Social-Informatics and Telecommunications Engineering",110, ,0,0,0,0,0,0,0,0,0,0,0,0,0,0,0,0,0,0,0,0,0,0,0,0,0,0,0,0,0,0,0,0,0,0,0,0,0,0,0,0,0,0,0,0,1,1,0,5,1,1,0,1,0,10
2010,MetroTrack: Predictive tracking of mobile events using mobile phones,"Ahn G.-S., Musolesi M., Lu H., Olfati-Saber R., Campbell A.T.",3029743,Lecture Notes in Computer Science (including subseries Lecture Notes in Artificial Intelligence and Lecture Notes in Bioinformatics),6131, ,0,0,0,0,0,0,0,0,0,0,0,0,0,0,0,0,0,0,0,0,0,0,0,0,0,0,0,0,0,0,0,0,0,0,0,0,0,0,0,0,0,0,1,0,1,2,1,1,2,1,0,1,0,10
2001,Virtuosity: Programmable resource management for spawning networks,"Villela D., Campbell A.T., Vicente J.",13891286,Computer Networks,36,1,0,0,0,0,0,0,0,0,0,0,0,0,0,0,0,0,0,0,0,0,0,0,0,0,0,0,0,0,0,0,0,0,0,1,1,2,0,0,0,0,1,0,0,1,1,0,0,2,0,1,0,0,0,10
1999,Programmable mobile networks,"Campbell A.T., Kounavis M.E., Liao R.R.-F.",13891286,Computer Networks,31,7,0,0,0,0,0,0,0,0,0,0,0,0,0,0,0,0,0,0,0,0,0,0,0,0,0,0,0,0,0,0,1,3,2,3,1,0,0,0,0,0,0,0,0,0,0,0,0,0,0,0,0,0,0,10
1993,A Network Interface Unit to Support Continuous Media,"Blair G., Campbell A., Coulson G., Francisco F., Garcia G., Hutchison D., Scott A., Shepherd D.",7338716,IEEE Journal on Selected Areas in Communications,11,2,0,0,0,0,0,0,0,0,0,0,0,0,0,0,0,0,0,0,0,0,0,0,0,0,0,5,0,0,2,1,0,0,1,0,0,0,1,0,0,0,0,0,0,0,0,0,0,0,0,0,0,0,0,10
2014,Community similarity networks,"Lane N.D., Xu Y., Lu H., Hu S., Choudhury T., Campbell A.T., Zhao F.",16174909,Personal and Ubiquitous Computing,18,2,0,0,0,0,0,0,0,0,0,0,0,0,0,0,0,0,0,0,0,0,0,0,0,0,0,0,0,0,0,0,0,0,0,0,0,0,0,0,0,0,0,0,0,0,0,1,3,2,0,2,1,0,0,9
2015,Using opportunistic face logging from smartphone to infer mental health: Challenges and future directions,"Wang R., Campbell A.T., Zhou X.",,UbiComp and ISWC 2015 - Proceedings of the 2015 ACM International Joint Conference on Pervasive and Ubiquitous Computing and the Proceedings of the 2015 ACM International Symposium on Wearable Computers,, ,0,0,0,0,0,0,0,0,0,0,0,0,0,0,0,0,0,0,0,0,0,0,0,0,0,0,0,0,0,0,0,0,0,0,0,0,0,0,0,0,0,0,0,0,0,0,0,0,1,5,2,0,0,8
2006,Demo abstract: A funneling-MAC for high performance data collection in sensor networks,"Ahn G.-S., Miluzzo E., Campbell A.T.",,SenSys'06: Proceedings of the Fourth International Conference on Embedded Networked Sensor Systems,, ,0,0,0,0,0,0,0,0,0,0,0,0,0,0,0,0,0,0,0,0,0,0,0,0,0,0,0,0,0,0,0,0,0,0,0,0,0,0,0,0,0,1,0,1,2,2,2,0,0,0,0,0,0,8
2006,Structuring contention-based channel access in wireless sensor networks,"Eisenman S.B., Campbell A.T.",,"Proceedings of the Fifth International Conference on Information Processing in Sensor Networks, IPSN '06",2006, ,0,0,0,0,0,0,0,0,0,0,0,0,0,0,0,0,0,0,0,0,0,0,0,0,0,0,0,0,0,0,0,0,0,0,0,0,0,0,2,1,1,0,1,0,1,2,0,0,0,0,0,0,0,8
2006,Solicitation-based forwarding for sensor networks,"Lee S.-B., Kwak K.J., Campbell A.T.",,"2006 3rd Annual IEEE Communications Society on Sensor and Adhoc Communications and Networks, Secon 2006",1, ,0,0,0,0,0,0,0,0,0,0,0,0,0,0,0,0,0,0,0,0,0,0,0,0,0,0,0,0,0,0,0,0,0,0,0,0,0,0,1,0,1,2,1,1,1,0,0,0,1,0,0,0,0,8
1999,Virtuosity: Performing virtual network resource management,"Campbell A.T., Vicente J., Villela D.A.",1548615X,"IEEE International Workshop on Quality of Service, IWQoS",, ,0,0,0,0,0,0,0,0,0,0,0,0,0,0,0,0,0,0,0,0,0,0,0,0,0,0,0,0,0,0,2,0,2,0,0,0,0,0,0,0,0,0,0,2,1,0,0,0,0,0,1,0,0,8
2014,My smartphone knows I am hungry,"Chen F., Wang R., Zhou X., Campbell A.T.",,"WPA 2014 - Proceedings of the 2014 ACM Workshop on Physical Analytics, Co-located with MobiSys 2014",, ,0,0,0,0,0,0,0,0,0,0,0,0,0,0,0,0,0,0,0,0,0,0,0,0,0,0,0,0,0,0,0,0,0,0,0,0,0,0,0,0,0,0,0,0,0,0,2,0,3,0,2,0,0,7
2013,CrowdWatch: Enabling in-network crowd-sourcing,"Kravets R., Alkaff H., Campbell A., Karahalios K., Nahrstedt K.",,"MCC 2013 - Proceedings of the 2nd, 2013 ACM SIGCOMM Workshop on Mobile Cloud Computing",, ,0,0,0,0,0,0,0,0,0,0,0,0,0,0,0,0,0,0,0,0,0,0,0,0,0,0,0,0,0,0,0,0,0,0,0,0,0,0,0,0,0,0,0,0,0,2,2,0,1,2,0,0,0,7
2007,Ambient beacon localization: Using sensed characteristics of the physical world to localize mobile sensors,"Lane N.D., Lu H., Campbell A.T.",,"Proceedings of the 4th Workshop on Embedded Networked Sensors, EmNets 2007",, ,0,0,0,0,0,0,0,0,0,0,0,0,0,0,0,0,0,0,0,0,0,0,0,0,0,0,0,0,0,0,0,0,0,0,0,0,0,0,1,1,0,0,0,1,1,2,0,0,1,0,0,0,0,7
2004,"A case for all-wireless, dual-radio virtual sinks","Wan C.-Y., Campbell A.T., Crowcroft J.",,SenSys'04 - Proceedings of the Second International Conference on Embedded Networked Sensor Systems,, ,0,0,0,0,0,0,0,0,0,0,0,0,0,0,0,0,0,0,0,0,0,0,0,0,0,0,0,0,0,0,0,0,0,0,0,1,1,0,1,1,1,1,1,0,0,0,0,0,0,0,0,0,0,7
2001,Guest editorial: Active and programmable networks,"Caevert K.L., Campbell A.T., Lazar A.A., Wetherall D., Yavatkar R.A.J.",7338716,IEEE Journal on Selected Areas in Communications,19,3,0,0,0,0,0,0,0,0,0,0,0,0,0,0,0,0,0,0,0,0,0,0,0,0,0,0,0,0,0,0,0,0,0,0,0,2,0,0,1,2,2,0,0,0,0,0,0,0,0,0,0,0,0,7
2017,StudentLife: Using smartphones to assess mental health and academic performance of college students,"Wang R., Chen F., Chen Z., Li T., Harari G., Tignor S., Zhou X., Ben-Zeev D., Campbell A.T.",,"Mobile Health: Sensors, Analytic Methods, and Applications",, ,0,0,0,0,0,0,0,0,0,0,0,0,0,0,0,0,0,0,0,0,0,0,0,0,0,0,0,0,0,0,0,0,0,0,0,0,0,0,0,0,0,0,0,0,0,0,0,0,0,3,3,0,0,6
2017,An Evaluation of Students’ Interest in and Compliance With Self-Tracking Methods: Recommendations for Incentives Based on Three Smartphone Sensing Studies,"Harari G.M., Muller S.R., Mishra V., Wang R., Campbell A.T., Rentfrow P.J., Gosling S.D.",19485506,Social Psychological and Personality Science,8,5,0,0,0,0,0,0,0,0,0,0,0,0,0,0,0,0,0,0,0,0,0,0,0,0,0,0,0,0,0,0,0,0,0,0,0,0,0,0,0,0,0,0,0,0,0,0,0,0,0,1,3,2,0,6
2015,The mobile photographic stress meter (MPSM): A new way to measure stress using images,"Haim S., Loeb L., Wang R., Zhou X., Lord S.E., Campbell A.T.",,UbiComp and ISWC 2015 - Proceedings of the 2015 ACM International Joint Conference on Pervasive and Ubiquitous Computing and the Proceedings of the 2015 ACM International Symposium on Wearable Computers,, ,0,0,0,0,0,0,0,0,0,0,0,0,0,0,0,0,0,0,0,0,0,0,0,0,0,0,0,0,0,0,0,0,0,0,0,0,0,0,0,0,0,0,0,0,0,0,0,1,0,1,4,0,0,6
2015,Demo: Real-time screen-camera communication behind any scene,"Li T., An C., Xiao X., Campbell A.T., Zhou X.",,"MobiSys 2015 - Proceedings of the 13th Annual International Conference on Mobile Systems, Applications, and Services",, ,0,0,0,0,0,0,0,0,0,0,0,0,0,0,0,0,0,0,0,0,0,0,0,0,0,0,0,0,0,0,0,0,0,0,0,0,0,0,0,0,0,0,0,0,0,0,0,1,3,2,0,0,0,6
2011,Opportunistic and delay-tolerant networks,"Palazzo S., Campbell A.T., Dias De Amorim M.",16871472,Eurasip Journal on Wireless Communications and Networking,2011, ,0,0,0,0,0,0,0,0,0,0,0,0,0,0,0,0,0,0,0,0,0,0,0,0,0,0,0,0,0,0,0,0,0,0,0,0,0,0,0,0,0,0,0,1,0,1,0,0,1,1,2,0,0,6
2008,Building resilient low-diameter peer-to-peer topologies,"Wouhaybi R.H., Campbell A.T.",13891286,Computer Networks,52,5,0,0,0,0,0,0,0,0,0,0,0,0,0,0,0,0,0,0,0,0,0,0,0,0,0,0,0,0,0,0,0,0,0,0,0,0,0,0,0,1,2,1,1,0,0,0,0,1,0,0,0,0,0,6
2001,Dynamic core provisioning for quantitative differentiated service,"Liao R.R.-F., Campbell A.T.",3029743,Lecture Notes in Computer Science (including subseries Lecture Notes in Artificial Intelligence and Lecture Notes in Bioinformatics),2092, ,0,0,0,0,0,0,0,0,0,0,0,0,0,0,0,0,0,0,0,0,0,0,0,0,0,0,0,0,0,0,0,0,0,1,0,1,0,1,2,0,0,0,0,0,0,0,0,0,1,0,0,0,0,6
1998,A programmable MAC,"Bianchi G., Campbell A.T.",,"ICUPC 1998 - IEEE 1998 International Conference on Universal Personal Communications, Conference Proceedings",2, ,0,0,0,0,0,0,0,0,0,0,0,0,0,0,0,0,0,0,0,0,0,0,0,0,0,0,0,0,0,1,1,1,0,0,1,1,0,0,0,0,1,0,0,0,0,0,0,0,0,0,0,0,0,6
2012,CarSafe demo: Supporting driver safety using dual-cameras on smartphones,"You C.-W., Montes-De-Oca M., Bao T.J., Lane N.D., Lu H., Cardone G., Torresani L., Campbell A.T.",,UbiComp'12 - Proceedings of the 2012 ACM Conference on Ubiquitous Computing,, ,0,0,0,0,0,0,0,0,0,0,0,0,0,0,0,0,0,0,0,0,0,0,0,0,0,0,0,0,0,0,0,0,0,0,0,0,0,0,0,0,0,0,0,0,0,2,1,0,1,0,1,0,0,5
2004,Guest editorial: Middleware technologies for future communication networks,"Blair G., Campbell A.T., Schmidt D.C.",8908044,IEEE Network,18,1,0,0,0,0,0,0,0,0,0,0,0,0,0,0,0,0,0,0,0,0,0,0,0,0,0,0,0,0,0,0,0,0,0,0,0,0,1,0,1,0,0,1,0,2,0,0,0,0,0,0,0,0,0,5
2001,P-MIP: Paging in Mobile IP,"Zhang X., Castellanos J.G., Campbell A.T.",,"Proceedings of the 4th ACM International Workshop on Wireless Mobile Multimedia, WOWMOM 2001",, ,0,0,0,0,0,0,0,0,0,0,0,0,0,0,0,0,0,0,0,0,0,0,0,0,0,0,0,0,0,0,0,0,0,1,0,0,2,1,0,0,0,0,0,0,1,0,0,0,0,0,0,0,0,5
2000,Efficiency limit of cellular mobile systems,"Valko A.G., Campbell A.T.",1403664,Computer Communications,23,5,0,0,0,0,0,0,0,0,0,0,0,0,0,0,0,0,0,0,0,0,0,0,0,0,0,0,0,0,0,0,0,0,0,0,0,0,1,1,0,1,0,0,0,0,1,0,0,0,1,0,0,0,0,5
2012,MobileQueue: An image-based queue card management system through augmented reality phones,"You C.-W., Cheng W.-H., Tsui A.W., Tsai T.-H., Campbell A.",,UbiComp'12 - Proceedings of the 2012 ACM Conference on Ubiquitous Computing,, ,0,0,0,0,0,0,0,0,0,0,0,0,0,0,0,0,0,0,0,0,0,0,0,0,0,0,0,0,0,0,0,0,0,0,0,0,0,0,0,0,0,0,0,0,0,2,0,1,1,0,0,0,0,4
2010,Halo: Managing node rendezvous in opportunistic sensor networks,"Eisenman S.B., Lu H., Campbell A.T.",3029743,Lecture Notes in Computer Science (including subseries Lecture Notes in Artificial Intelligence and Lecture Notes in Bioinformatics),6131, ,0,0,0,0,0,0,0,0,0,0,0,0,0,0,0,0,0,0,0,0,0,0,0,0,0,0,0,0,0,0,0,0,0,0,0,0,0,0,0,0,0,0,1,1,0,0,0,1,0,0,1,0,0,4
2000,A channel predictor for wireless packet networks,"Gomez J., Campbell A.T.",,IEEE International Conference on Multi-Media and Expo,, ,0,0,0,0,0,0,0,0,0,0,0,0,0,0,0,0,0,0,0,0,0,0,0,0,0,0,0,0,0,0,0,0,0,0,0,3,0,0,0,0,0,0,1,0,0,0,0,0,0,0,0,0,0,4
1999,Designing Interfaces for open programmable routers,"Denazis S., Miki K., Vicente J., Campbell A.",3029743,Lecture Notes in Computer Science (including subseries Lecture Notes in Artificial Intelligence and Lecture Notes in Bioinformatics),1653, ,0,0,0,0,0,0,0,0,0,0,0,0,0,0,0,0,0,0,0,0,0,0,0,0,0,0,0,0,0,0,0,0,0,1,0,1,0,0,0,0,1,0,0,0,0,0,1,0,0,0,0,0,0,4
1994,A multimedia enhanced transport service in a quality of service architecture,"Campbell A., Coulson G., Hutchison D.",3029743,Lecture Notes in Computer Science (including subseries Lecture Notes in Artificial Intelligence and Lecture Notes in Bioinformatics),846, ,0,0,0,0,0,0,0,0,0,0,0,0,0,0,0,0,0,0,0,0,0,0,0,0,0,0,1,0,1,0,2,0,0,0,0,0,0,0,0,0,0,0,0,0,0,0,0,0,0,0,0,0,0,4
2019,"The Tesserae project: Large-scale, longitudinal, in situ, multimodal sensing of information workers","Mattingly S.M., Gregg J.M., Audia P., Bayraktaroglu A.E., Campbell A.T., Chawla N.V., Swain V.D., De Choudhury M., D'Mello S.K., Dey A.K., Gao G., Jagannath K., Jiang K., Lin S., Liu Q., Mark G., Martinez G.J., Masaba K., Mirjafari S., Moskal E., Mulukutla R., Nies K., Reddy M.D., Robles-Granda P., Saha K., Sirigiri A., Striegel A.",,Conference on Human Factors in Computing Systems - Proceedings,, ,0,0,0,0,0,0,0,0,0,0,0,0,0,0,0,0,0,0,0,0,0,0,0,0,0,0,0,0,0,0,0,0,0,0,0,0,0,0,0,0,0,0,0,0,0,0,0,0,0,0,3,0,0,3
2019,Correlates of stress in the college environment uncovered by the application of penalized generalized estimating equations to mobile sensing data,"DaSilva A.W., Huckins J.F., Wang R., Wang W., Wagner D.D., Campbell A.T.",22915222,JMIR mHealth and uHealth,7,3,0,0,0,0,0,0,0,0,0,0,0,0,0,0,0,0,0,0,0,0,0,0,0,0,0,0,0,0,0,0,0,0,0,0,0,0,0,0,0,0,0,0,0,0,0,0,0,0,0,0,3,0,0,3
2019,"Sensing Sociability: Individual Differences in Young Adults' Conversation, Calling, Texting, and App Use Behaviors in Daily Life","Harari G.M., Muller S.R., Stachl C., Wang R., Wang W., Buhner M., Rentfrow P.J., Campbell A.T., Gosling S.D.",223514,Journal of Personality and Social Psychology,, ,0,0,0,0,0,0,0,0,0,0,0,0,0,0,0,0,0,0,0,0,0,0,0,0,0,0,0,0,0,0,0,0,0,0,0,0,0,0,0,0,0,0,0,0,0,0,0,0,0,0,1,2,0,3
2019,How do i feel? Identifying emotional expressions on facebook reactions using clustering mechanism,"Giuntini F.T., Ruiz L.P., Kirchner L.D.F., Passarelli D.A., Reis M.D.J.D.D., Campbell A.T., Ueyama J.",21693536,IEEE Access,7, ,0,0,0,0,0,0,0,0,0,0,0,0,0,0,0,0,0,0,0,0,0,0,0,0,0,0,0,0,0,0,0,0,0,0,0,0,0,0,0,0,0,0,0,0,0,0,0,0,0,0,1,2,0,3
2015,Low-power pervasive Wi-Fi connectivity using WiScan,"Li T., An C., Chandra R., Campbell A.T., Zhou X.",,UbiComp 2015 - Proceedings of the 2015 ACM International Joint Conference on Pervasive and Ubiquitous Computing,, ,0,0,0,0,0,0,0,0,0,0,0,0,0,0,0,0,0,0,0,0,0,0,0,0,0,0,0,0,0,0,0,0,0,0,0,0,0,0,0,0,0,0,0,0,0,0,0,0,2,1,0,0,0,3
2013,Securing information technology in healthcare,"Anthony D., Campbell A.T., Candon T., Gettinger A., Kotz D., Marsch L.A., Molina-Markham A., Page K., Smith S.W., Gunter C.A., Johnson M.E.",15407993,IEEE Security and Privacy,11,6,0,0,0,0,0,0,0,0,0,0,0,0,0,0,0,0,0,0,0,0,0,0,0,0,0,0,0,0,0,0,0,0,0,0,0,0,0,0,0,0,0,0,0,0,0,0,0,1,0,2,0,0,0,3
2003,HMP: Hotspot mitigation protocol for mobile ad hoc networks,"Lee S.-B., Campbell A.T.",3029743,Lecture Notes in Computer Science (including subseries Lecture Notes in Artificial Intelligence and Lecture Notes in Bioinformatics),2707, ,0,0,0,0,0,0,0,0,0,0,0,0,0,0,0,0,0,0,0,0,0,0,0,0,0,0,0,0,0,0,0,0,0,0,0,1,0,1,0,0,0,0,0,0,0,0,0,0,0,1,0,0,0,3
2000,Accelerating service creation and deployment in mobile networks,"Kounavis M.E., Campbell A.T., Ito G., Bianchi G.",,"2000 IEEE 3rd Conference on Open Architectures and Network Programming Proceedings, OPENARCH 2000",, ,0,0,0,0,0,0,0,0,0,0,0,0,0,0,0,0,0,0,0,0,0,0,0,0,0,0,0,0,0,0,0,0,1,0,0,0,1,1,0,0,0,0,0,0,0,0,0,0,0,0,0,0,0,3
1999,Managing spawned virtual networks,"Campbell A.T., Vicente J., Villela D.A.",3029743,Lecture Notes in Computer Science (including subseries Lecture Notes in Artificial Intelligence and Lecture Notes in Bioinformatics),1653, ,0,0,0,0,0,0,0,0,0,0,0,0,0,0,0,0,0,0,0,0,0,0,0,0,0,0,0,0,0,0,0,0,0,0,0,0,0,0,1,0,0,1,0,1,0,0,0,0,0,0,0,0,0,3
1998,Building open programmable multimedia networks,"Campbell A.T., Lazar A.A., Schulzrinne H., Stadler R.",1403664,Computer Communications,21,8,0,0,0,0,0,0,0,0,0,0,0,0,0,0,0,0,0,0,0,0,0,0,0,0,0,0,0,0,0,0,0,2,0,1,0,0,0,0,0,0,0,0,0,0,0,0,0,0,0,0,0,0,0,3
1997,Distributed power control for various qos in a CDMA wireless system,"Morikawa H., Kajiyat T., Aoyamat T., Campbell A.T.",9168508,"IEICE Transactions on Fundamentals of Electronics, Communications and Computer Sciences",E80-A,12,0,0,0,0,0,0,0,0,0,0,0,0,0,0,0,0,0,0,0,0,0,0,0,0,0,0,0,0,0,0,0,0,0,1,0,0,1,0,0,0,0,0,1,0,0,0,0,0,0,0,0,0,0,3
2019,Imputing Missing Social Media Data Stream in Multisensor Studies of Human Behavior,"Saha K., Mulukutla R., Nies K., Robles-Granda P., Sirigiri A., Yoo D.W., Audia P., Campbell A.T., Chawla N.V., D'Mello S.K., Dey A.K., Reddy M.D., Jiang K., Liu Q., Mark G., Moskal E., Striegel A., De Choudhury M., Das Swain V., Gregg J.M., Grover T., Lin S., Martinez G.J., Mattingly S.M., Mirjafari S.",,"2019 8th International Conference on Affective Computing and Intelligent Interaction, ACII 2019",, ,0,0,0,0,0,0,0,0,0,0,0,0,0,0,0,0,0,0,0,0,0,0,0,0,0,0,0,0,0,0,0,0,0,0,0,0,0,0,0,0,0,0,0,0,0,0,0,0,0,0,2,0,0,2
2019,Relationships between smartphone social behavior and relapse in schizophrenia: A preliminary report,"Buck B., Scherer E., Brian R., Wang R., Wang W., Campbell A., Choudhury T., Hauser M., Kane J.M., Ben-Zeev D.",9209964,Schizophrenia Research,208, ,0,0,0,0,0,0,0,0,0,0,0,0,0,0,0,0,0,0,0,0,0,0,0,0,0,0,0,0,0,0,0,0,0,0,0,0,0,0,0,0,0,0,0,0,0,0,0,0,0,0,2,0,0,2
2016,Mobile sensing agents for social computing environments,"Bajo J., Campbell A.T., Zhou X.",21945357,Advances in Intelligent Systems and Computing,473, ,0,0,0,0,0,0,0,0,0,0,0,0,0,0,0,0,0,0,0,0,0,0,0,0,0,0,0,0,0,0,0,0,0,0,0,0,0,0,0,0,0,0,0,0,0,0,0,0,0,0,1,1,0,2
2015,Visible light communication in the dark,"Tian Z., Campbell A.T., Zhou X.",,"Proceedings of the Annual International Conference on Mobile Computing and Networking, MOBICOM",2015-, ,0,0,0,0,0,0,0,0,0,0,0,0,0,0,0,0,0,0,0,0,0,0,0,0,0,0,0,0,0,0,0,0,0,0,0,0,0,0,0,0,0,0,0,0,0,0,0,1,0,1,0,0,0,2
2014,Poster: HiLight - Hiding bits in pixel translucency changes,"Li T., An C., Campbell A., Zhou X.",,"Proceedings of the Annual International Conference on Mobile Computing and Networking, MOBICOM",, ,0,0,0,0,0,0,0,0,0,0,0,0,0,0,0,0,0,0,0,0,0,0,0,0,0,0,0,0,0,0,0,0,0,0,0,0,0,0,0,0,0,0,0,0,0,0,1,0,0,0,1,0,0,2
2008,Minerva: Learning to infer network path properties,"Wouhaybi R.H.H., Sharma P., Banerjee S., Campbell A.T.",0743166X,Proceedings - IEEE INFOCOM,, ,0,0,0,0,0,0,0,0,0,0,0,0,0,0,0,0,0,0,0,0,0,0,0,0,0,0,0,0,0,0,0,0,0,0,0,0,0,0,0,0,1,0,1,0,0,0,0,0,0,0,0,0,0,2
2006,Poster abstract: Virtual sensing range,"Miluzzo E., Lane N.D., Campbell A.T.",,SenSys'06: Proceedings of the Fourth International Conference on Embedded Networked Sensor Systems,, ,0,0,0,0,0,0,0,0,0,0,0,0,0,0,0,0,0,0,0,0,0,0,0,0,0,0,0,0,0,0,0,0,0,0,0,0,0,0,0,2,0,0,0,0,0,0,0,0,0,0,0,0,0,2
2005,Eurasip Journal on Wireless Communications and Networking: Editorial,"Chen B., Heinzelman W.B., Liu M., Campbell A.T.",16871472,Eurasip Journal on Wireless Communications and Networking,2005,4,0,0,0,0,0,0,0,0,0,0,0,0,0,0,0,0,0,0,0,0,0,0,0,0,0,0,0,0,0,0,0,0,0,0,0,0,0,0,0,1,0,0,0,0,0,0,1,0,0,0,0,0,0,2
2005,Programming the data path in network processor-based routers,"Kounavis M.E., Campbell A.T., Chou S.T., Vicente J.",380644,Software - Practice and Experience,35,11,0,0,0,0,0,0,0,0,0,0,0,0,0,0,0,0,0,0,0,0,0,0,0,0,0,0,0,0,0,0,0,0,0,0,0,0,0,0,0,0,0,0,0,0,0,0,0,0,0,1,1,0,0,2
2001,ACM SIGCOMM computer communication review : Special issue on wireless extensions to the internet,"Campbell A.T., Schwartz M.",1464833,Computer Communication Review,31,5,0,0,0,0,0,0,0,0,0,0,0,0,0,0,0,0,0,0,0,0,0,0,0,0,0,0,0,0,0,0,0,0,0,0,0,0,0,0,0,0,0,2,0,0,0,0,0,0,0,0,0,0,0,2
2000,Evaluation of the INSIGNIA signaling system,"Lee S.-B., Ahn G.-S., Zhang X., Campbell A.T.",3029743,Lecture Notes in Computer Science (including subseries Lecture Notes in Artificial Intelligence and Lecture Notes in Bioinformatics),1815, ,0,0,0,0,0,0,0,0,0,0,0,0,0,0,0,0,0,0,0,0,0,0,0,0,0,0,0,0,0,0,0,0,0,0,0,0,0,0,0,1,0,0,0,0,0,0,0,0,0,0,1,0,0,2
1999,"Open signaling for ATM, internet and mobile networks (OPENSIG'98)","Campbell A.T., Katzela I., Miki K., Vicente J.",1635980,Operating Systems Review (ACM),33,2,0,0,0,0,0,0,0,0,0,0,0,0,0,0,0,0,0,0,0,0,0,0,0,0,0,0,0,0,0,0,0,0,0,0,0,0,0,0,0,0,0,0,0,1,0,0,0,0,0,0,1,0,0,2
1997,Distributed power control for various QoS in a CDMA wireless system,"Morikawa Hiroyuki, Kajiya Toru, Aoyama Tomonori, Campbell Andrew T.",,"IEEE International Symposium on Personal, Indoor and Mobile Radio Communications, PIMRC",3, ,0,0,0,0,0,0,0,0,0,0,0,0,0,0,0,0,0,0,0,0,0,0,0,0,0,0,0,0,0,0,0,0,0,1,0,0,0,0,0,0,1,0,0,0,0,0,0,0,0,0,0,0,0,2
1993,Towards an integrated quality of service architecture (QOS-A) for distributed multimedia communications,"Leopold Helmut, Campbell Andrew, Hutchison David, Singer N.",0926549X,IFIP Transactions C: Communication Systems,, C-14,0,0,0,0,0,0,0,0,0,0,0,0,0,0,0,0,0,0,0,0,0,0,0,0,0,0,1,0,0,0,1,0,0,0,0,0,0,0,0,0,0,0,0,0,0,0,0,0,0,0,0,0,0,2
2020,"A review of mobile sensing systems, applications, and opportunities","Laport-Lopez F., Serrano E., Bajo J., Campbell A.T.",2191377,Knowledge and Information Systems,62,1,0,0,0,0,0,0,0,0,0,0,0,0,0,0,0,0,0,0,0,0,0,0,0,0,0,0,0,0,0,0,0,0,0,0,0,0,0,0,0,0,0,0,0,0,0,0,0,0,0,0,0,1,0,1
2019,Social media as a passive sensor in longitudinal studies of human behavior and wellbeing,"Saha K., Bayraktaroglu A.E., Campbell A.T., Chawla N.V., De Choudhury M., D'Mello S.K., Dey A.K., Gao G., Gregg J.M., Jagannath K., Mark G., Martinez G.J., Mattingly S.M., Moskal E., Sirigiri A., Striegel A., Yoo D.W.",,Conference on Human Factors in Computing Systems - Proceedings,, ,0,0,0,0,0,0,0,0,0,0,0,0,0,0,0,0,0,0,0,0,0,0,0,0,0,0,0,0,0,0,0,0,0,0,0,0,0,0,0,0,0,0,0,0,0,0,0,0,0,0,1,0,0,1
2017,Participants' compliance and experiences with self-tracking using a smartphone sensing app,"Harari G.M., Wang W., Muller S.R., Wang R., Campbell A.T.",,UbiComp/ISWC 2017 - Adjunct Proceedings of the 2017 ACM International Joint Conference on Pervasive and Ubiquitous Computing and Proceedings of the 2017 ACM International Symposium on Wearable Computers,, ,0,0,0,0,0,0,0,0,0,0,0,0,0,0,0,0,0,0,0,0,0,0,0,0,0,0,0,0,0,0,0,0,0,0,0,0,0,0,0,0,0,0,0,0,0,0,0,0,0,0,1,0,0,1
2016,Mobile sensing and social computing,"Bajo J., Campbell A.T., Omatu S., Carvalho A.C.P.L.F., Corchado J.M.",15501329,International Journal of Distributed Sensor Networks,12,8,0,0,0,0,0,0,0,0,0,0,0,0,0,0,0,0,0,0,0,0,0,0,0,0,0,0,0,0,0,0,0,0,0,0,0,0,0,0,0,0,0,0,0,0,0,0,0,0,1,0,0,0,0,1
2011,PCQoS: Power controlled QoS tuning for wireless ad hoc networks,"Gomez J., Mendez L.A., Rangel V., Campbell A.T.",10184864,Telecommunication Systems,47, 3-4,0,0,0,0,0,0,0,0,0,0,0,0,0,0,0,0,0,0,0,0,0,0,0,0,0,0,0,0,0,0,0,0,0,0,0,0,0,0,0,0,0,0,0,0,0,1,0,0,0,0,0,0,0,1
2008,Integrating sensor presence into virtual worlds using mobile phones,"Musolesi M., Miluzzo E., Lane N.D., Eisenman S.B., Choudhury T., Campbell A.T.",,SenSys'08 - Proceedings of the 6th ACM Conference on Embedded Networked Sensor Systems,, ,0,0,0,0,0,0,0,0,0,0,0,0,0,0,0,0,0,0,0,0,0,0,0,0,0,0,0,0,0,0,0,0,0,0,0,0,0,0,0,0,0,1,0,0,0,0,0,0,0,0,0,0,0,1
2008,PCQoS: Power controlled QoS in wireless ad hoc networks,"Gomez J., Mendez L.A., Rangel V., Campbell A.T.",,IWCMC 2008 - International Wireless Communications and Mobile Computing Conference,, ,0,0,0,0,0,0,0,0,0,0,0,0,0,0,0,0,0,0,0,0,0,0,0,0,0,0,0,0,0,0,0,0,0,0,0,0,0,0,0,0,0,0,1,0,0,0,0,0,0,0,0,0,0,1
2003,Editorial: Mobile Ad Hoc Networks,"Campbell A.T., Conti M., Giordano S.",1383469X,Mobile Networks and Applications,8,5,0,0,0,0,0,0,0,0,0,0,0,0,0,0,0,0,0,0,0,0,0,0,0,0,0,0,0,0,0,0,0,0,0,0,0,0,0,0,0,0,0,0,0,0,1,0,0,0,0,0,0,0,0,1
2001,IP radio resource control system,"Vicente J., Campbell A.T.",3029743,Lecture Notes in Computer Science (including subseries Lecture Notes in Artificial Intelligence and Lecture Notes in Bioinformatics),2216, ,0,0,0,0,0,0,0,0,0,0,0,0,0,0,0,0,0,0,0,0,0,0,0,0,0,0,0,0,0,0,0,0,0,0,0,1,0,0,0,0,0,0,0,0,0,0,0,0,0,0,0,0,0,1
1998,Mobile ATM: State of the art and beyond,"Campbell A.T., Rauhala K.",8908044,IEEE Network,12,1,0,0,0,0,0,0,0,0,0,0,0,0,0,0,0,0,0,0,0,0,0,0,0,0,0,0,0,0,0,0,0,1,0,0,0,0,0,0,0,0,0,0,0,0,0,0,0,0,0,0,0,0,0,1
1997,Building open programmable multimedia networks,"Campbell Andrew T., Lazar Aurel A., Schulzrinne Henning, Stadler Rolf",1070986X,IEEE Multimedia,4,1,0,0,0,0,0,0,0,0,0,0,0,0,0,0,0,0,0,0,0,0,0,0,0,0,0,0,0,0,0,0,1,0,0,0,0,0,0,0,0,0,0,0,0,0,0,0,0,0,0,0,0,0,0,1
1995,Dynamic QoS management for scalable video flows,"Campbell A., Hutchison D., Aurrecoechea C.",3029743,Lecture Notes in Computer Science (including subseries Lecture Notes in Artificial Intelligence and Lecture Notes in Bioinformatics),1018, ,0,0,0,0,0,0,0,0,0,0,0,0,0,0,0,0,0,0,0,0,0,0,0,0,0,0,0,0,1,0,0,0,0,0,0,0,0,0,0,0,0,0,0,0,0,0,0,0,0,0,0,0,0,1
1993,Orchestration services for distributed multimedia synchronization,"Campbell Andrew, Coulson Geoff, Garcia Francisco, Hutchison David",0926549X,IFIP Transactions C: Communication Systems,, C-14,0,0,0,0,0,0,0,0,0,0,0,0,0,0,0,0,0,0,0,0,0,0,0,0,0,0,0,1,0,0,0,0,0,0,0,0,0,0,0,0,0,0,0,0,0,0,0,0,0,0,0,0,0,1
2020,A review on recognizing depression in social networks: challenges and opportunities,"Giuntini F.T., Cazzolato M.T., dos Reis M.J.D., Campbell A.T., Traina A.J.M., Ueyama J.",18685137,Journal of Ambient Intelligence and Humanized Computing,, ,0,0,0,0,0,0,0,0,0,0,0,0,0,0,0,0,0,0,0,0,0,0,0,0,0,0,0,0,0,0,0,0,0,0,0,0,0,0,0,0,0,0,0,0,0,0,0,0,0,0,0,0,0,0
2019,Capturing behavioral indicators of persecutory ideation using mobile technology,"Buck B., Hallgren K.A., Scherer E., Brian R., Wang R., Wang W., Campbell A., Choudhury T., Hauser M., Kane J.M., Ben-Zeev D.",223956,Journal of Psychiatric Research,116, ,0,0,0,0,0,0,0,0,0,0,0,0,0,0,0,0,0,0,0,0,0,0,0,0,0,0,0,0,0,0,0,0,0,0,0,0,0,0,0,0,0,0,0,0,0,0,0,0,0,0,0,0,0,0
2019,Correlates of stress in the college environment uncovered by the application of penalized generalized estimating equations to mobile sensing data,"DaSilva A.W., Huckins J.F., Wang R., Wang W., Wagner D.D., Campbell A.T.",14388871,Journal of Medical Internet Research,21,3,0,0,0,0,0,0,0,0,0,0,0,0,0,0,0,0,0,0,0,0,0,0,0,0,0,0,0,0,0,0,0,0,0,0,0,0,0,0,0,0,0,0,0,0,0,0,0,0,0,0,0,0,0,0
2019,Preface,"Novais P., Jung J.J., Villarrubia G., Fernandez-Caballero A., Navarro E., Gonzalez P., Carneiro D., Pinto A., Campbell A.T., Duraes D.",21945357,Advances in Intelligent Systems and Computing,806, ,0,0,0,0,0,0,0,0,0,0,0,0,0,0,0,0,0,0,0,0,0,0,0,0,0,0,0,0,0,0,0,0,0,0,0,0,0,0,0,0,0,0,0,0,0,0,0,0,0,0,0,0,0,0
2017,MobiSys 2017 program chairs' welcome,"Campbell A., Ganesan D.",,"MobiSys 2017 - Proceedings of the 15th Annual International Conference on Mobile Systems, Applications, and Services",, ,0,0,0,0,0,0,0,0,0,0,0,0,0,0,0,0,0,0,0,0,0,0,0,0,0,0,0,0,0,0,0,0,0,0,0,0,0,0,0,0,0,0,0,0,0,0,0,0,0,0,0,0,0,0
2015,Erratum: Next-generation psychiatric assessment: Using smartphone sensors to monitor behavior and mental health (Psychiatric Rehabilitation Journal (2015) 38:3 (218-226)),"Ben-Zeev D., Scherer E.A., Wang R., Xie H., Campbell A.T.",1095158X,Psychiatric Rehabilitation Journal,38,4,0,0,0,0,0,0,0,0,0,0,0,0,0,0,0,0,0,0,0,0,0,0,0,0,0,0,0,0,0,0,0,0,0,0,0,0,0,0,0,0,0,0,0,0,0,0,0,0,0,0,0,0,0,0
2015,"Trends in Practical Applications of Agents, Multi-Agent Systems and Sustainability: The PAAMS Collection","Bajo J., Hernandez J.Z., Mathieu P., Campbell A., Fernandez-Caballero A., Moreno M.N., Julian V., Alonso-Betanzos A., Jimenez-Lopez M.D., Botti V.",21945357,Advances in Intelligent Systems and Computing,372, ,0,0,0,0,0,0,0,0,0,0,0,0,0,0,0,0,0,0,0,0,0,0,0,0,0,0,0,0,0,0,0,0,0,0,0,0,0,0,0,0,0,0,0,0,0,0,0,0,0,0,0,0,0,0
2014,General chairs' welcome,"Campbell A., Kotz D.",,"MobiSys 2014 - Proceedings of the 12th Annual International Conference on Mobile Systems, Applications, and Services",, ,0,0,0,0,0,0,0,0,0,0,0,0,0,0,0,0,0,0,0,0,0,0,0,0,0,0,0,0,0,0,0,0,0,0,0,0,0,0,0,0,0,0,0,0,0,0,0,0,0,0,0,0,0,0
2013,Preface,"Czerwinski M., Mayora O., Lukowicz P., Campbell A., Osmani V.",,"Proceedings of the 2013 7th International Conference on Pervasive Computing Technologies for Healthcare and Workshops, PervasiveHealth 2013",, ,0,0,0,0,0,0,0,0,0,0,0,0,0,0,0,0,0,0,0,0,0,0,0,0,0,0,0,0,0,0,0,0,0,0,0,0,0,0,0,0,0,0,0,0,0,0,0,0,0,0,0,0,0,0
2013,Trends in Practical Applications of Agents and Multiagent Systems: 11th International Conference on Practical Applications of Agents and Multi-Agent Systems ABC,"Perez J.B., Rodriguez J.M.C., Fahndrich J., Mathieu P., Campbell A., Suarez-Figueroa M.C., Adam E., Fernandez-Caballero A., Hermoso R., Moreno M.N.",21945357,Advances in Intelligent Systems and Computing,221, ,0,0,0,0,0,0,0,0,0,0,0,0,0,0,0,0,0,0,0,0,0,0,0,0,0,0,0,0,0,0,0,0,0,0,0,0,0,0,0,0,0,0,0,0,0,0,0,0,0,0,0,0,0,0
2009,Message from the general chairs,"Jayanti P., Campbell A.T.",3029743,Lecture Notes in Computer Science (including subseries Lecture Notes in Artificial Intelligence and Lecture Notes in Bioinformatics),5408, ,0,0,0,0,0,0,0,0,0,0,0,0,0,0,0,0,0,0,0,0,0,0,0,0,0,0,0,0,0,0,0,0,0,0,0,0,0,0,0,0,0,0,0,0,0,0,0,0,0,0,0,0,0,0
2004,CODA + PSFQ + Virtual sinks = Enabling technologies for resilient sensor networking,"Wan C.-Y., Eisenman S.B., Campbell A.T.",,SenSys'04 - Proceedings of the Second International Conference on Embedded Networked Sensor Systems,, ,0,0,0,0,0,0,0,0,0,0,0,0,0,0,0,0,0,0,0,0,0,0,0,0,0,0,0,0,0,0,0,0,0,0,0,0,0,0,0,0,0,0,0,0,0,0,0,0,0,0,0,0,0,0
2002,Programmable networks,"Campbell A.T., Wetherall D., Yavatkar R.",13891286,Computer Networks,38,3,0,0,0,0,0,0,0,0,0,0,0,0,0,0,0,0,0,0,0,0,0,0,0,0,0,0,0,0,0,0,0,0,0,0,0,0,0,0,0,0,0,0,0,0,0,0,0,0,0,0,0,0,0,0
2001,Panel discussion: How will media distribution work in the internet?,"Campbell A., Griwodz C., Liebeherr J., Makaroff D., Mauthe A., Ventre G., Zink M.",3029743,Lecture Notes in Computer Science (including subseries Lecture Notes in Artificial Intelligence and Lecture Notes in Bioinformatics),2092, ,0,0,0,0,0,0,0,0,0,0,0,0,0,0,0,0,0,0,0,0,0,0,0,0,0,0,0,0,0,0,0,0,0,0,0,0,0,0,0,0,0,0,0,0,0,0,0,0,0,0,0,0,0,0
2000,Programming internet quality of service,"Vicente J., Kounavis M., Villela D., Lerner M., Campbell A.",3029743,Lecture Notes in Computer Science (including subseries Lecture Notes in Artificial Intelligence and Lecture Notes in Bioinformatics),1890, ,0,0,0,0,0,0,0,0,0,0,0,0,0,0,0,0,0,0,0,0,0,0,0,0,0,0,0,0,0,0,0,0,0,0,0,0,0,0,0,0,0,0,0,0,0,0,0,0,0,0,0,0,0,0
1997,Report on the 5<sup>th</sup> IFIP international workshop on quality of service (IWQOS'97),"Angin O., Campbell A.T., Cheok L.-T., Liao R.R.-F., Lim K.-S., Nahrstedt K.",1464833,Computer Communication Review,27,3,0,0,0,0,0,0,0,0,0,0,0,0,0,0,0,0,0,0,0,0,0,0,0,0,0,0,0,0,0,0,0,0,0,0,0,0,0,0,0,0,0,0,0,0,0,0,0,0,0,0,0,0,0,0
1997,"A QoS adaptive transport system: Design, implementation and experience","Campbell A., Coulson G.",,"Proceedings of the 4th ACM International Conference on Multimedia, MULTIMEDIA 1996",, ,0,0,0,0,0,0,0,0,0,0,0,0,0,0,0,0,0,0,0,0,0,0,0,0,0,0,0,0,0,0,0,0,0,0,0,0,0,0,0,0,0,0,0,0,0,0,0,0,0,0,0,0,0,0
1994,End-system resource management for digital audio and video,"Robin Philippe, Coulson Geoff, Campbell Andrew, Blair Gordon S.",9633308,IEE Colloquium (Digest),,167,0,0,0,0,0,0,0,0,0,0,0,0,0,0,0,0,0,0,0,0,0,0,0,0,0,0,0,0,0,0,0,0,0,0,0,0,0,0,0,0,0,0,0,0,0,0,0,0,0,0,0,0,0,0
1994,Flow management in a quality of service architecture,"Campbell Andrew, Coulson Geoff, Hutchison David",0926549X,IFIP Transactions C: Communication Systems,, C-26,0,0,0,0,0,0,0,0,0,0,0,0,0,0,0,0,0,0,0,0,0,0,0,0,0,0,0,0,0,0,0,0,0,0,0,0,0,0,0,0,0,0,0,0,0,0,0,0,0,0,0,0,0,0
1994,Overview of the workshop,"Blair G.S., Campbell A., Coulson G., Davies N., Garcia F., Shepherd D.",3029743,Lecture Notes in Computer Science (including subseries Lecture Notes in Artificial Intelligence and Lecture Notes in Bioinformatics),846, ,0,0,0,0,0,0,0,0,0,0,0,0,0,0,0,0,0,0,0,0,0,0,0,0,0,0,0,0,0,0,0,0,0,0,0,0,0,0,0,0,0,0,0,0,0,0,0,0,0,0,0,0,0,0
