," 作者:Dorigo, Marco",,,,,,,,,,,,,,,,,,,,,,,,,,,,,,,,,,,,,,,,,,,,,,,,,,,,,,,,,,,
,,,,,,,,,,,,,,,,,,,,,,,,,,,,,,,,,,,,,,,,,,,,,,,,,,,,,,,,,,,,
,h-index = 60 (在纳入 h-Index 的 274 文献中，有 60 篇已被至少引用 60 次。),,,,,,,,,,,,,,,,,,,,,,,,,,,,,,,,,,,,,,,,,,,,,,,,,,,,,,,,,,,
,,,,,,,,,,,,,,,,,,,,,,,,,,,,,,,,,,,,,,,,,,,,,,,,,,,,,,,,,,,,
,,,,,,,,,,,,,,,,,,,,,,,,,,,,,,,,,,,,,,,,,,,,,,,,,,,,,,,,,,,,
,,,,,,,<1970,1970,1971,1972,1973,1974,1975,1976,1977,1978,1979,1980,1981,1982,1983,1984,1985,1986,1987,1988,1989,1990,1991,1992,1993,1994,1995,1996,1997,1998,1999,2000,2001,2002,2003,2004,2005,2006,2007,2008,2009,2010,2011,2012,2013,2014,2015,2016,2017,2018,2019,2020,>2020,总计
出版年份,文献标题,作者,ISSN,期刊标题,卷,期,0,0,0,0,0,0,0,0,0,0,0,0,0,0,0,0,0,0,0,0,0,0,0,0,2,12,14,43,62,101,102,145,219,429,418,695,970,1424,1436,1961,2252,2363,2134,2335,2398,2318,2192,2340,2293,2657,2738,882,0,34935
1996,Ant system: Optimization by a colony of cooperating agents,"Dorigo M., Maniezzo V., Colorni A.",10834419,"IEEE Transactions on Systems, Man, and Cybernetics, Part B: Cybernetics",26,1,0,0,0,0,0,0,0,0,0,0,0,0,0,0,0,0,0,0,0,0,0,0,0,0,0,0,0,5,10,17,26,36,44,120,125,182,265,363,353,464,515,609,504,525,557,522,475,473,446,485,509,167,0,7797
1997,Ant colony system: A cooperative learning approach to the traveling salesman problem,"Dorigo M., Gambardella L.M.",1089778X,IEEE Transactions on Evolutionary Computation,1,1,0,0,0,0,0,0,0,0,0,0,0,0,0,0,0,0,0,0,0,0,0,0,0,0,0,0,0,0,0,8,15,25,36,78,76,134,158,258,269,362,436,440,386,402,378,344,316,315,310,307,347,105,0,5505
2006,Ant colony optimization artificial ants as a computational intelligence technique,"Dorigo M., Birattari M., Stutzle T.",1556603X,IEEE Computational Intelligence Magazine,1,4,0,0,0,0,0,0,0,0,0,0,0,0,0,0,0,0,0,0,0,0,0,0,0,0,0,0,0,0,0,0,0,0,0,0,0,0,0,0,14,59,75,98,114,142,149,160,165,190,222,276,281,93,0,2038
1999,Ant algorithms for discrete optimization,"Dorigo M., Di Caro G., Gambardella L.M.",10645462,Artificial Life,5,2,0,0,0,0,0,0,0,0,0,0,0,0,0,0,0,0,0,0,0,0,0,0,0,0,0,0,0,0,1,0,1,7,10,53,44,77,93,130,120,159,166,143,109,136,110,99,111,94,64,83,87,22,0,1919
2005,Ant colony optimization theory: A survey,"Dorigo M., Blum C.",3043975,Theoretical Computer Science,344, 2-3,0,0,0,0,0,0,0,0,0,0,0,0,0,0,0,0,0,0,0,0,0,0,0,0,0,0,0,0,0,0,0,0,0,0,0,0,1,19,37,68,93,94,102,106,82,100,108,116,113,137,134,55,0,1365
1997,Ant colonies for the travelling salesman problem,"Dorigo M., Gambardella L.M.",3032647,BioSystems,43,2,0,0,0,0,0,0,0,0,0,0,0,0,0,0,0,0,0,0,0,0,0,0,0,0,0,0,0,0,0,1,4,6,6,14,12,33,59,76,83,80,107,84,88,92,83,76,82,87,94,83,67,19,0,1336
1998,AntNet: Distributed stigmergetic control for communications networks,"Di Caro G., Dorigo M.",10769757,Journal of Artificial Intelligence Research,9, ,0,0,0,0,0,0,0,0,0,0,0,0,0,0,0,0,0,0,0,0,0,0,0,0,0,0,0,0,1,0,5,11,22,37,27,48,69,86,86,91,93,78,89,70,75,54,41,31,21,26,33,5,0,1099
1999,Ant colony optimization: A new meta-heuristic,"Dorigo M., Di Caro G.",,"Proceedings of the 1999 Congress on Evolutionary Computation, CEC 1999",2, ,0,0,0,0,0,0,0,0,0,0,0,0,0,0,0,0,0,0,0,0,0,0,0,0,0,0,0,0,0,0,0,0,0,6,8,15,18,27,22,46,42,43,27,30,52,78,52,36,43,84,138,69,0,836
2008,Ant colony optimization for continuous domains,"Socha K., Dorigo M.",3772217,European Journal of Operational Research,185,3,0,0,0,0,0,0,0,0,0,0,0,0,0,0,0,0,0,0,0,0,0,0,0,0,0,0,0,0,0,0,0,0,0,0,0,0,0,1,2,20,44,60,53,68,73,73,66,72,76,83,77,27,0,795
2000,Inspiration for optimization from social insect behaviour,"Bonabeau E., Dorigo M., Theraulaz G.",280836,Nature,406,6791,0,0,0,0,0,0,0,0,0,0,0,0,0,0,0,0,0,0,0,0,0,0,0,0,0,0,0,0,0,0,0,0,8,15,21,33,22,41,35,56,62,49,41,49,49,38,35,31,30,33,29,6,0,683
2000,Ant algorithms and stigmergy,"Dorigo M., Bonabeau E., Theraulaz G.",0167739X,Future Generation Computer Systems,16,8,0,0,0,0,0,0,0,0,0,0,0,0,0,0,0,0,0,0,0,0,0,0,0,0,0,0,0,0,0,0,0,1,7,10,12,24,30,56,38,42,48,43,44,30,42,46,24,30,28,26,25,12,0,618
2013,Swarm robotics: A review from the swarm engineering perspective,"Brambilla M., Ferrante E., Birattari M., Dorigo M.",19353812,Swarm Intelligence,7,1,0,0,0,0,0,0,0,0,0,0,0,0,0,0,0,0,0,0,0,0,0,0,0,0,0,0,0,0,0,0,0,0,0,0,0,0,0,0,0,0,0,0,0,0,11,37,62,79,87,141,138,34,0,589
1999,Ant colonies for the quadratic assignment problem,"Gambardella L.M., Taillard E.D., Dorigo M.",1605682,Journal of the Operational Research Society,50,2,0,0,0,0,0,0,0,0,0,0,0,0,0,0,0,0,0,0,0,0,0,0,0,0,0,0,0,0,0,0,2,6,8,14,13,24,25,47,40,40,43,37,14,31,21,26,15,19,17,14,16,0,0,472
2002,A short convergence proof for a class of ant colony optimization algorithms,"Stutzle T., Dorigo M.",1089778X,IEEE Transactions on Evolutionary Computation,6,4,0,0,0,0,0,0,0,0,0,0,0,0,0,0,0,0,0,0,0,0,0,0,0,0,0,0,0,0,0,0,0,0,0,1,1,6,15,28,17,30,42,35,28,30,28,22,15,15,11,16,13,1,0,354
1996,Solving symmetric and asymmetric TSPs by ant colonies,"Gambardella Luca Maria, Dorigo Marco",,Proceedings of the IEEE Conference on Evolutionary Computation,, ,0,0,0,0,0,0,0,0,0,0,0,0,0,0,0,0,0,0,0,0,0,0,0,0,0,0,0,0,1,0,2,5,6,8,5,8,16,20,24,32,26,23,29,25,29,23,13,13,16,4,13,2,0,343
2004,The Hyper-Cube Framework for Ant Colony Optimization,"Blum C., Dorigo M.",10834419,"IEEE Transactions on Systems, Man, and Cybernetics, Part B: Cybernetics",34,2,0,0,0,0,0,0,0,0,0,0,0,0,0,0,0,0,0,0,0,0,0,0,0,0,0,0,0,0,0,0,0,0,0,0,0,6,9,23,21,35,33,22,25,27,23,18,11,16,18,11,6,1,0,305
2009,A survey on metaheuristics for stochastic combinatorial optimization,"Bianchi L., Dorigo M., Gambardella L.M., Gutjahr W.J.",15677818,Natural Computing,8,2,0,0,0,0,0,0,0,0,0,0,0,0,0,0,0,0,0,0,0,0,0,0,0,0,0,0,0,0,0,0,0,0,0,0,0,0,0,0,0,0,1,1,7,9,20,20,29,54,49,48,54,11,0,303
2000,An Ant Colony System Hybridized with a New Local Search for the Sequential Ordering Problem,"Gambardella L.M., Dorigo M.",10919856,INFORMS Journal on Computing,12,3,0,0,0,0,0,0,0,0,0,0,0,0,0,0,0,0,0,0,0,0,0,0,0,0,0,0,0,0,0,0,0,1,2,2,8,9,9,14,16,29,23,18,26,19,17,13,11,12,10,11,12,4,0,266
2009,Frankenstein's PSO: A composite particle swarm optimization algorithm,"Montes de Oca M.A., Stutzle T., Birattari M., Dorigo M.",1089778X,IEEE Transactions on Evolutionary Computation,13,5,0,0,0,0,0,0,0,0,0,0,0,0,0,0,0,0,0,0,0,0,0,0,0,0,0,0,0,0,0,0,0,0,0,0,0,0,0,0,0,0,0,10,22,24,30,41,17,30,23,17,24,5,0,243
2004,Swarm-bot: A new distributed robotic concept,"Mondada F., Pettinaro G.C., Guignard A., Kwee I.W., Floreano D., Deneubourg J.-L., Nolfi S., Gambardella L.M., Dorigo M.",9295593,Autonomous Robots,17, 2-3,0,0,0,0,0,0,0,0,0,0,0,0,0,0,0,0,0,0,0,0,0,0,0,0,0,0,0,0,0,0,0,0,0,0,0,7,10,22,17,21,11,17,12,20,18,7,11,18,7,10,8,2,0,218
2004,Evolving self-organizing behaviors for a swarm-bot,"Dorigo M., Trianni V., Sahin E., Gross R., Labella T.H., Baldassarre G., Nolfi S., Deneubourg J.-L., Mondada F., Floreano D., Gambardella L.M.",9295593,Autonomous Robots,17, 2-3,0,0,0,0,0,0,0,0,0,0,0,0,0,0,0,0,0,0,0,0,0,0,0,0,0,0,0,0,0,0,0,0,0,0,0,6,10,17,20,17,19,20,12,12,15,8,16,11,13,7,5,8,0,216
2006,Autonomous self-assembly in swarm-bots,"Gross R., Bonani M., Mondada F., Dorigo M.",15523098,IEEE Transactions on Robotics,22,6,0,0,0,0,0,0,0,0,0,0,0,0,0,0,0,0,0,0,0,0,0,0,0,0,0,0,0,0,0,0,0,0,0,0,0,0,0,1,9,17,17,27,15,25,15,10,11,21,14,9,18,4,0,213
2012,"ARGoS: A modular, parallel, multi-engine simulator for multi-robot systems","Pinciroli C., Trianni V., O'Grady R., Pini G., Brutschy A., Brambilla M., Mathews N., Ferrante E., Di Caro G., Ducatelle F., Birattari M., Gambardella L.M., Dorigo M.",19353812,Swarm Intelligence,6,4,0,0,0,0,0,0,0,0,0,0,0,0,0,0,0,0,0,0,0,0,0,0,0,0,0,0,0,0,0,0,0,0,0,0,0,0,0,0,0,0,0,0,0,0,13,17,20,21,17,44,40,13,0,185
1996,Heuristics from nature for hard combinatorial optimization problems,"Colorni A., Dorigo M., Maffioli F., Maniezzo V., Righini G., Trubian M.",9696016,International Transactions in Operational Research,3,1,0,0,0,0,0,0,0,0,0,0,0,0,0,0,0,0,0,0,0,0,0,0,0,0,0,0,0,0,0,1,0,1,3,10,4,5,12,11,16,12,13,12,10,19,2,12,9,6,5,9,3,3,0,178
2004,Model-based search for combinatorial optimization: A critical survey,"Zlochin M., Birattari M., Meuleau N., Dorigo M.",2545330,Annals of Operations Research,131, 1-4,0,0,0,0,0,0,0,0,0,0,0,0,0,0,0,0,0,0,0,0,0,0,0,0,0,0,0,0,0,0,0,0,0,0,1,1,3,3,9,8,13,15,17,12,10,13,8,16,11,11,10,2,0,163
1998,Mobile agents for adaptive routing,"Di Caro Gianni, Dorigo Marco",10603425,Proceedings of the Hawaii International Conference on System Sciences,7, ,0,0,0,0,0,0,0,0,0,0,0,0,0,0,0,0,0,0,0,0,0,0,0,0,0,0,0,0,0,2,7,8,9,9,4,15,23,10,13,15,7,10,8,2,1,5,4,3,1,0,2,0,0,158
2013,Swarmanoid: A novel concept for the study of heterogeneous robotic swarms,"Dorigo M., Floreano D., Gambardella L.M., Mondada F., Nolfi S., Baaboura T., Birattari M., Bonani M., Brambilla M., Brutschy A., Burnier D., Campo A., Christensen A.L., Decugniere A., Di Caro G., Ducatelle F., Ferrante E., Forster A., Gonzales J.M., Guzzi J., Longchamp V., Magnenat S., Mathews N., Montes De Oca M., O'Grady R., Pinciroli C., Pini G., Retornaz P., Roberts J., Sperati V., Stirling T., Stranieri A., Stutzle T., Trianni V., Tuci E., Turgut A.E., Vaussard F.",10709932,IEEE Robotics and Automation Magazine,20,4,0,0,0,0,0,0,0,0,0,0,0,0,0,0,0,0,0,0,0,0,0,0,0,0,0,0,0,0,0,0,0,0,0,0,0,0,0,0,0,0,0,0,0,3,8,13,28,26,23,21,28,7,0,157
2006,Ant-based clustering and topographic mapping,"Handl J., Knowles J., Dorigo M.",10645462,Artificial Life,12,1,0,0,0,0,0,0,0,0,0,0,0,0,0,0,0,0,0,0,0,0,0,0,0,0,0,0,0,0,0,0,0,0,0,0,0,0,1,9,6,13,9,11,14,13,18,9,13,11,5,4,6,0,0,142
2006,Division of labor in a group of robots inspired by ants' foraging behavior,"Labella T.H., Dorigo M., Deneubourg J.-L.",15564665,ACM Transactions on Autonomous and Adaptive Systems,1,1,0,0,0,0,0,0,0,0,0,0,0,0,0,0,0,0,0,0,0,0,0,0,0,0,0,0,0,0,0,0,0,0,0,0,0,0,0,1,4,8,13,7,14,7,17,16,10,10,8,15,7,5,0,142
1994,Robot shaping: developing autonomous agents through learning,"Dorigo M., Colombetti M.",43702,Artificial Intelligence,71,2,0,0,0,0,0,0,0,0,0,0,0,0,0,0,0,0,0,0,0,0,0,0,0,0,0,1,3,9,11,20,5,5,8,6,4,6,3,2,2,3,3,11,9,4,3,8,4,2,6,2,1,0,0,141
2005,The cooperation of swarm-bots: Physical interactions in collective robotics,"Mondada F., Gambardella L.M., Floreano D., Nolfi S., Deneubourg J.-L., Dorigo M.",10709932,IEEE Robotics and Automation Magazine,12,2,0,0,0,0,0,0,0,0,0,0,0,0,0,0,0,0,0,0,0,0,0,0,0,0,0,0,0,0,0,0,0,0,0,0,0,0,1,13,8,15,10,11,6,10,6,4,9,6,10,8,11,3,0,131
1996,A study of some properties of Ant-Q,"Dorigo M., Gambardella L.M.",3029743,Lecture Notes in Computer Science (including subseries Lecture Notes in Artificial Intelligence and Lecture Notes in Bioinformatics),1141, ,0,0,0,0,0,0,0,0,0,0,0,0,0,0,0,0,0,0,0,0,0,0,0,0,0,0,0,0,2,1,1,1,1,5,2,3,4,8,5,4,6,11,8,13,7,6,3,8,5,5,8,1,0,118
2014,Ant colony optimization for mixed-variable optimization problems,"Liao T., Socha K., De Oca M.A.M., Stutzle T., Dorigo M.",1089778X,IEEE Transactions on Evolutionary Computation,18,4,0,0,0,0,0,0,0,0,0,0,0,0,0,0,0,0,0,0,0,0,0,0,0,0,0,0,0,0,0,0,0,0,0,0,0,0,0,0,0,0,0,0,0,0,0,1,14,22,22,33,19,6,0,117
2000,Ant colony optimization for the total weighted tardiness problem,"Besten M.D., Stiitzle T., Dorigo M.",3029743,Lecture Notes in Computer Science (including subseries Lecture Notes in Artificial Intelligence and Lecture Notes in Bioinformatics),1917, ,0,0,0,0,0,0,0,0,0,0,0,0,0,0,0,0,0,0,0,0,0,0,0,0,0,0,0,0,0,0,0,0,4,4,2,4,11,5,8,15,5,3,2,10,6,11,2,10,6,2,5,0,0,115
2003,A comparison of the performance of different metaheuristics on the timetabling problem,"Rossi-Doria O., Sampels M., Birattari M., Chiarandini M., Dorigo M., Gambardella L.M., Knowles J., Manfrin M., Mastrolilli M., Paechter B., Paquete L., Stutzle T.",3029743,Lecture Notes in Computer Science (including subseries Lecture Notes in Artificial Intelligence and Lecture Notes in Bioinformatics),2740, ,0,0,0,0,0,0,0,0,0,0,0,0,0,0,0,0,0,0,0,0,0,0,0,0,0,0,0,0,0,0,0,0,0,0,0,1,3,5,7,7,10,14,13,17,6,2,6,7,2,5,1,2,0,108
1993,Genetics-Based Machine Learning and Behavior-Based Robotics: A New Synthesis,Dorigo M.,189472,"IEEE Transactions on Systems, Man and Cybernetics",23,1,0,0,0,0,0,0,0,0,0,0,0,0,0,0,0,0,0,0,0,0,0,0,0,0,0,4,3,9,5,18,5,6,8,6,2,3,4,3,4,4,2,2,1,1,1,3,0,1,2,4,1,1,0,103
2002,Guest editorial: Special section on ant colony optimization,"Dorigo M., Gambardella L.M., Middendorf M., Stutzle T.",1089778X,IEEE Transactions on Evolutionary Computation,6,4,0,0,0,0,0,0,0,0,0,0,0,0,0,0,0,0,0,0,0,0,0,0,0,0,0,0,0,0,0,0,0,0,0,0,0,3,1,9,7,7,16,12,8,9,9,2,2,3,8,2,3,1,0,102
2004,Autonomous Robots: Guest editorial,"Dorigo M., Sahin E.",9295593,Autonomous Robots,17, 2-3,0,0,0,0,0,0,0,0,0,0,0,0,0,0,0,0,0,0,0,0,0,0,0,0,0,0,0,0,0,0,0,0,0,0,0,0,6,7,5,5,9,10,7,10,15,8,2,5,3,5,3,1,0,101
2009,Teamwork in self-organized robot colonies,"Nouyan S., Gross R., Bonani M., Mondada F., Dorigo M.",1089778X,IEEE Transactions on Evolutionary Computation,13,4,0,0,0,0,0,0,0,0,0,0,0,0,0,0,0,0,0,0,0,0,0,0,0,0,0,0,0,0,0,0,0,0,0,0,0,0,0,0,0,0,1,12,9,13,11,7,12,4,2,17,5,4,0,97
1998,Ant colonies for adaptive routing in packet-switched communications networks,"Di Caro G., Dorigo M.",3029743,Lecture Notes in Computer Science (including subseries Lecture Notes in Artificial Intelligence and Lecture Notes in Bioinformatics),1498, ,0,0,0,0,0,0,0,0,0,0,0,0,0,0,0,0,0,0,0,0,0,0,0,0,0,0,0,0,0,0,1,0,0,2,1,2,4,9,7,5,9,5,10,5,7,8,3,4,4,6,4,0,0,96
2008,Self-assembly at the macroscopic scale,"Gross R., Dorigo M.",189219,Proceedings of the IEEE,96,9,0,0,0,0,0,0,0,0,0,0,0,0,0,0,0,0,0,0,0,0,0,0,0,0,0,0,0,0,0,0,0,0,0,0,0,0,0,0,0,2,5,12,8,16,13,16,7,4,2,3,3,3,0,94
2012,Parameter adaptation in ant colony optimization,"Stutzle T., Lopez-Ibanez M., Pellegrini P., Maur M., Montes De Oca M., Birattari M., Dorigo M.",,Autonomous Search,9.78364E+12, ,0,0,0,0,0,0,0,0,0,0,0,0,0,0,0,0,0,0,0,0,0,0,0,0,0,0,0,0,1,0,0,0,0,0,0,0,0,0,0,0,0,0,0,2,9,9,8,8,22,12,12,6,0,89
2009,From fireflies to fault-tolerant swarms of robots,"Christensen A.L., O'Grady R., Dorigo M.",1089778X,IEEE Transactions on Evolutionary Computation,13,4,0,0,0,0,0,0,0,0,0,0,0,0,0,0,0,0,0,0,0,0,0,0,0,0,0,0,0,0,0,0,0,0,0,0,0,0,0,0,0,0,0,3,3,4,7,8,12,8,14,10,13,4,0,86
2014,A unified ant colony optimization algorithm for continuous optimization,"Liao T., Stutzle T., Montes De Oca M.A., Dorigo M.",3772217,European Journal of Operational Research,234,3,0,0,0,0,0,0,0,0,0,0,0,0,0,0,0,0,0,0,0,0,0,0,0,0,0,0,0,0,0,0,0,0,0,0,0,0,0,0,0,0,0,0,0,0,0,7,14,11,14,16,16,6,0,84
2005,Search bias in ant colony optimization: On the role of competition-balanced systems,"Blum C., Dorigo M.",1089778X,IEEE Transactions on Evolutionary Computation,9,2,0,0,0,0,0,0,0,0,0,0,0,0,0,0,0,0,0,0,0,0,0,0,0,0,0,0,0,0,0,0,0,0,0,0,0,0,2,4,3,6,14,16,7,4,3,4,1,8,5,3,2,0,0,82
2006,Parallel ant colony optimization for the traveling salesman problem,"Manfrin M., Birattari M., Stutzle T., Dorigo M.",3029743,Lecture Notes in Computer Science (including subseries Lecture Notes in Artificial Intelligence and Lecture Notes in Bioinformatics),4150, ,0,0,0,0,0,0,0,0,0,0,0,0,0,0,0,0,0,0,0,0,0,0,0,0,0,0,0,0,0,0,0,0,0,0,0,0,0,1,1,5,8,7,5,8,7,9,8,7,2,6,3,4,0,81
1996,Results of the first international contest on evolutionary optimisation (1st ICEO),"Bersini H., Dorigo M., Langerman S., Seront G., Gambardella L.",,Proceedings of the IEEE Conference on Evolutionary Computation,, ,0,0,0,0,0,0,0,0,0,0,0,0,0,0,0,0,0,0,0,0,0,0,0,0,0,0,0,0,5,1,5,4,0,2,0,2,3,3,2,5,4,6,2,10,5,5,5,2,3,3,3,0,0,80
2003,Evolving aggregation behaviors in a Swarm of robots,"Trianni V., Gross R., Labella T.H., Sahin E., Dorigo M.",3029743,Lecture Notes in Artificial Intelligence (Subseries of Lecture Notes in Computer Science),2801, ,0,0,0,0,0,0,0,0,0,0,0,0,0,0,0,0,0,0,0,0,0,0,0,0,0,0,0,0,0,0,0,0,0,0,0,2,6,1,4,1,3,5,5,2,4,4,5,9,5,11,9,2,0,78
2009,Towards group transport by swarms of robots,"Gross R., Dorigo M.",17580366,International Journal of Bio-Inspired Computation,1, 1-2,0,0,0,0,0,0,0,0,0,0,0,0,0,0,0,0,0,0,0,0,0,0,0,0,0,0,0,0,0,0,0,0,0,0,0,0,0,0,0,0,0,2,11,5,10,8,9,6,4,11,9,2,0,77
2019,Ant colony optimization: Overview and recent advances,"Dorigo M., Stutzle T.",8848289,International Series in Operations Research and Management Science,272, ,0,0,0,0,0,0,0,0,0,0,0,0,0,0,0,0,0,0,0,0,0,0,0,0,0,0,0,0,0,0,0,0,0,0,0,0,0,0,0,0,0,0,0,0,0,0,0,0,0,1,49,26,0,76
2008,Path formation in a robot swarm: Self-organized strategies to find your way home,"Nouyan S., Campo A., Dorigo M.",19353812,Swarm Intelligence,2,1,0,0,0,0,0,0,0,0,0,0,0,0,0,0,0,0,0,0,0,0,0,0,0,0,0,0,0,0,0,0,0,0,0,0,0,0,0,0,0,4,6,6,7,6,5,9,6,3,4,13,5,2,0,76
2011,Incremental social learning in particle swarms,"Montes De Oca M.A., Stutzle T., Van Den Enden K., Dorigo M.",10834419,"IEEE Transactions on Systems, Man, and Cybernetics, Part B: Cybernetics",41,2,0,0,0,0,0,0,0,0,0,0,0,0,0,0,0,0,0,0,0,0,0,0,0,0,0,0,0,0,0,0,0,0,0,0,0,0,0,0,0,0,0,1,4,9,12,15,10,7,7,3,6,1,0,75
1998,Metaheuristics for high school timetabling,"Colorni A., Dorigo M., Maniezzo V.",9266003,Computational Optimization and Applications,9,3,0,0,0,0,0,0,0,0,0,0,0,0,0,0,0,0,0,0,0,0,0,0,0,0,0,0,0,0,0,1,1,2,2,3,2,2,7,6,3,6,6,8,1,6,2,7,4,3,1,1,1,0,0,75
2006,Cooperation through self-assembly in multi-robot systems,"Tuci E., Gross R., Trianni V., Mondada F., Bonani M., Dorigo M.",15564665,ACM Transactions on Autonomous and Adaptive Systems,1,2,0,0,0,0,0,0,0,0,0,0,0,0,0,0,0,0,0,0,0,0,0,0,0,0,0,0,0,0,0,0,0,0,0,0,0,0,0,1,3,11,10,9,10,4,4,2,2,4,6,3,3,2,0,74
2002,An ant colony optimization approach to the probabilistic traveling salesman problem,"Bianchi L., Gambardella L.M., Dorigo M.",3029743,Lecture Notes in Computer Science (including subseries Lecture Notes in Artificial Intelligence and Lecture Notes in Bioinformatics),2439, ,0,0,0,0,0,0,0,0,0,0,0,0,0,0,0,0,0,0,0,0,0,0,0,0,0,0,0,0,0,0,0,0,0,0,1,2,4,2,4,4,6,3,4,6,7,4,7,5,4,3,3,3,0,72
2011,An incremental ant colony algorithm with local search for continuous optimization,"Liao T., De Oca M.A.M., Aydin D., Stutzle T., Dorigo M.",,"Genetic and Evolutionary Computation Conference, GECCO'11",, ,0,0,0,0,0,0,0,0,0,0,0,0,0,0,0,0,0,0,0,0,0,0,0,0,0,0,0,0,0,0,0,0,0,0,0,0,0,0,0,0,0,0,1,6,10,8,10,7,9,8,8,2,0,69
2007,Self-organized coordinated motion in groups of physically connected robots,"Baldassarre G., Trianni V., Bonani M., Mondada F., Dorigo M., Nolfi S.",10834419,"IEEE Transactions on Systems, Man, and Cybernetics, Part B: Cybernetics",37,1,0,0,0,0,0,0,0,0,0,0,0,0,0,0,0,0,0,0,0,0,0,0,0,0,0,0,0,0,0,0,0,0,0,0,0,0,0,0,0,4,4,2,5,5,12,3,4,15,2,4,4,1,0,65
2012,Self-organized flocking with a mobile robot swarm: A novel motion control method,"Ferrante E., Turgut A.E., Huepe C., Stranieri A., Pinciroli C., Dorigo M.",10597123,Adaptive Behavior,20,6,0,0,0,0,0,0,0,0,0,0,0,0,0,0,0,0,0,0,0,0,0,0,0,0,0,0,0,0,0,0,0,0,0,0,0,0,0,0,0,0,0,0,0,0,5,10,2,9,11,7,13,5,0,62
2011,"ARGoS: A modular, multi-engine simulator for heterogeneous swarm robotics","Pinciroli C., Trianni V., O'Grady R., Pini G., Brutschy A., Brambilla M., Mathews N., Ferrante E., Di Caro G., Ducatelle F., Stirling T., Gutierrez A., Gambardella L.M., Dorigo M.",,IEEE International Conference on Intelligent Robots and Systems,, ,0,0,0,0,0,0,0,0,0,0,0,0,0,0,0,0,0,0,0,0,0,0,0,0,0,0,0,0,0,0,0,0,0,0,0,0,0,0,0,0,0,0,2,10,9,8,5,6,5,9,8,0,0,62
2006,Cooperative hole avoidance in a swarm-bot,"Trianni V., Nolfi S., Dorigo M.",9218890,Robotics and Autonomous Systems,54,2,0,0,0,0,0,0,0,0,0,0,0,0,0,0,0,0,0,0,0,0,0,0,0,0,0,0,0,0,0,0,0,0,0,0,0,0,0,5,4,6,4,5,4,4,8,2,5,7,3,2,2,0,0,61
2011,Majority-rule opinion dynamics with differential latency: A mechanism for self-organized collective decision-making,"de Oca M.A.M., Ferrante E., Scheidler A., Pinciroli C., Birattari M., Dorigo M.",19353812,Swarm Intelligence,5, 3-4,0,0,0,0,0,0,0,0,0,0,0,0,0,0,0,0,0,0,0,0,0,0,0,0,0,0,0,0,0,0,0,0,0,0,0,0,0,0,0,0,0,0,0,2,4,8,5,5,11,14,6,3,0,58
2008,Fault detection in autonomous robots based on fault injection and learning,"Christensen A.L., O'Grady R., Birattari M., Dorigo M.",9295593,Autonomous Robots,24,1,0,0,0,0,0,0,0,0,0,0,0,0,0,0,0,0,0,0,0,0,0,0,0,0,0,0,0,0,0,0,0,0,0,0,0,0,0,0,0,1,5,2,2,1,4,4,4,2,10,16,3,4,0,58
2002,Ant colony optimization and stochastic gradient descent.,"Meuleau N., Dorigo M.",10645462,Artificial life,8,2,0,0,0,0,0,0,0,0,0,0,0,0,0,0,0,0,0,0,0,0,0,0,0,0,0,0,0,0,0,0,0,0,0,4,2,5,2,4,4,2,8,3,2,1,3,3,0,1,5,3,4,1,0,57
1996,Behavior analysis and training - A methodology for behavior engineering,"Colombetti M., Dorigo M., Borghi G.",10834419,"IEEE Transactions on Systems, Man, and Cybernetics, Part B: Cybernetics",26,3,0,0,0,0,0,0,0,0,0,0,0,0,0,0,0,0,0,0,0,0,0,0,0,0,0,0,0,2,9,7,6,3,4,1,8,4,3,2,1,1,2,1,1,0,0,1,0,0,0,1,0,0,0,57
2010,An analysis of communication policies for homogeneous multi-colony ACO algorithms,"Twomey C., Stutzle T., Dorigo M., Manfrin M., Birattari M.",200255,Information Sciences,180,12,0,0,0,0,0,0,0,0,0,0,0,0,0,0,0,0,0,0,0,0,0,0,0,0,0,0,0,0,0,0,0,0,0,0,0,0,0,0,0,0,0,2,6,11,8,5,2,5,3,3,8,2,0,55
2007,On the invariance of ant colony optimization,"Birattari M., Pellegrini P., Dorigo M.",1089778X,IEEE Transactions on Evolutionary Computation,11,6,0,0,0,0,0,0,0,0,0,0,0,0,0,0,0,0,0,0,0,0,0,0,0,0,0,0,0,0,0,0,0,0,0,0,0,0,0,0,0,5,5,12,1,9,10,3,1,2,3,1,3,0,0,55
2009,Open E-puck range &amp; bearing miniaturized board for local communication in swarm robotics,"Gutierrez A., Campo A., Dorigo M., Donate J., Monasterio-Huelin F., Magdalena L.",10504729,Proceedings - IEEE International Conference on Robotics and Automation,, ,0,0,0,0,0,0,0,0,0,0,0,0,0,0,0,0,0,0,0,0,0,0,0,0,0,0,0,0,0,0,0,0,0,0,0,0,0,0,0,0,0,1,5,9,4,8,3,5,5,7,5,2,0,54
2007,Efficient multi-foraging in swarm robotics,"Campo A., Dorigo M.",3029743,Lecture Notes in Computer Science (including subseries Lecture Notes in Artificial Intelligence and Lecture Notes in Bioinformatics),4648, ,0,0,0,0,0,0,0,0,0,0,0,0,0,0,0,0,0,0,0,0,0,0,0,0,0,0,0,0,0,0,0,0,0,0,0,0,0,0,0,1,1,2,6,3,3,6,4,8,3,9,6,1,0,53
2014,Self-organized task allocation to sequentially interdependent tasks in swarm robotics,"Brutschy A., Pini G., Pinciroli C., Birattari M., Dorigo M.",13872532,Autonomous Agents and Multi-Agent Systems,28,1,0,0,0,0,0,0,0,0,0,0,0,0,0,0,0,0,0,0,0,0,0,0,0,0,0,0,0,0,0,0,0,0,0,0,0,0,0,0,0,0,0,0,0,0,0,5,6,9,5,15,7,5,0,52
2006,Object transport by modular robots that self-assemble,"Gross R., Tuci E., Dorigo M., Bonani M., Mondada F.",10504729,Proceedings - IEEE International Conference on Robotics and Automation,2006, ,0,0,0,0,0,0,0,0,0,0,0,0,0,0,0,0,0,0,0,0,0,0,0,0,0,0,0,0,0,0,0,0,0,0,0,0,0,2,1,7,6,4,3,2,7,2,2,2,3,3,3,3,0,50
2006,Self-organisation and communication in groups of simulated and physical robots,"Trianni V., Dorigo M.",3401200,Biological Cybernetics,95,3,0,0,0,0,0,0,0,0,0,0,0,0,0,0,0,0,0,0,0,0,0,0,0,0,0,0,0,0,0,0,0,0,0,0,0,0,0,1,6,6,7,5,2,2,4,4,6,3,0,2,1,0,0,49
2002,Swarm-bot: Pattern formation in a swarm of self-assembling mobile robots,"Sahin E., Labella T.H., Trianni V., Deneubourg J.-L., Rasse P., Floreano D., Gambardella L., Mondada F., Nolfi S., Dorigo M.",8843627,"Proceedings of the IEEE International Conference on Systems, Man and Cybernetics",4, ,0,0,0,0,0,0,0,0,0,0,0,0,0,0,0,0,0,0,0,0,0,0,0,0,0,0,0,0,0,0,0,0,0,0,3,3,2,9,5,1,5,4,4,1,2,0,2,0,2,1,3,2,0,49
2001,Design of iterated local search algorithms An Example application to the single machine total weighted tardiness problem,"Besten M.D., Stutzle T., Dorigo M.",3029743,Lecture Notes in Computer Science (including subseries Lecture Notes in Artificial Intelligence and Lecture Notes in Bioinformatics),2037, ,0,0,0,0,0,0,0,0,0,0,0,0,0,0,0,0,0,0,0,0,0,0,0,0,0,0,0,0,0,0,0,0,1,0,2,1,5,4,2,2,1,5,2,4,2,1,5,5,2,1,2,1,0,48
2016,Collective decision with 100 Kilobots: speed versus accuracy in binary discrimination problems,"Valentini G., Ferrante E., Hamann H., Dorigo M.",13872532,Autonomous Agents and Multi-Agent Systems,30,3,0,0,0,0,0,0,0,0,0,0,0,0,0,0,0,0,0,0,0,0,0,0,0,0,0,0,0,0,0,0,0,0,0,0,0,0,0,0,0,0,0,0,0,0,0,0,0,5,11,19,11,1,0,47
1993,Implicit parallelism in genetic algorithms,"Bertoni A., Dorigo M.",43702,Artificial Intelligence,61,2,0,0,0,0,0,0,0,0,0,0,0,0,0,0,0,0,0,0,0,0,0,0,0,0,1,1,1,5,3,4,4,4,4,2,1,1,1,1,0,1,3,1,0,0,2,1,0,2,2,1,1,0,0,47
2015,A design pattern for decentralised decision making,"Reina A., Valentini G., Fernandez-Oto C., Dorigo M., Trianni V.",19326203,PLoS ONE,10,10,0,0,0,0,0,0,0,0,0,0,0,0,0,0,0,0,0,0,0,0,0,0,0,0,0,0,0,0,0,0,0,0,0,0,0,0,0,0,0,0,0,0,0,0,0,0,1,5,11,15,11,3,0,46
2015,Evolution of Self-Organized Task Specialization in Robot Swarms,"Ferrante E., Turgut A.E., Duenez-Guzman E., Dorigo M., Wenseleers T.",1553734X,PLoS Computational Biology,11,8,0,0,0,0,0,0,0,0,0,0,0,0,0,0,0,0,0,0,0,0,0,0,0,0,0,0,0,0,0,0,0,0,0,0,0,0,0,0,0,0,0,0,0,0,0,0,1,15,4,15,7,4,0,46
2005,The SWARM-BOTS project,"Dorigo M., Tuci E., Gross R., Trianni V., Labella T.H., Nouyan S., Ampatzis C., Deneubourg J.-L., Baldassarre G., Nolfi S., Mondada F., Floreano D., Gambardella L.M.",3029743,Lecture Notes in Computer Science,3342, ,0,0,0,0,0,0,0,0,0,0,0,0,0,0,0,0,0,0,0,0,0,0,0,0,0,0,0,0,0,0,0,0,0,0,0,0,1,1,5,2,3,3,5,5,5,3,2,2,1,2,5,0,0,45
2009,Heterogeneous particle swarm optimizers,"Montes De Oca M.A., Pena J., Stutzle T., Pinciroli C., Dorigo M.",,"2009 IEEE Congress on Evolutionary Computation, CEC 2009",, ,0,0,0,0,0,0,0,0,0,0,0,0,0,0,0,0,0,0,0,0,0,0,0,0,0,0,0,0,0,0,0,0,0,0,0,0,0,0,0,0,1,3,2,5,7,4,8,4,5,4,1,0,0,44
2008,An open localization and local communication embodied sensor,"Gutierrez A., Campo A., Dorigo M., Amor D., Magdalena L., Monasterio-Huelin F.",14248220,Sensors,8,11,0,0,0,0,0,0,0,0,0,0,0,0,0,0,0,0,0,0,0,0,0,0,0,0,0,0,0,0,0,0,0,0,0,0,0,0,0,0,0,0,3,3,5,4,4,5,8,2,4,2,2,1,0,43
2013,Elasticity-based mechanism for the collective motion of self-propelled particles with springlike interactions: A model system for natural and artificial swarms,"Ferrante E., Turgut A.E., Dorigo M., Huepe C.",319007,Physical Review Letters,111,26,0,0,0,0,0,0,0,0,0,0,0,0,0,0,0,0,0,0,0,0,0,0,0,0,0,0,0,0,0,0,0,0,0,0,0,0,0,0,0,0,0,0,0,0,0,4,9,9,6,2,10,2,0,42
2009,Estimation-based ant colony optimization and local search for the probabilistic traveling salesman problem,"Balaprakash P., Birattari M., Stutzle T., Yuan Z., Dorigo M.",19353812,Swarm Intelligence,3,3,0,0,0,0,0,0,0,0,0,0,0,0,0,0,0,0,0,0,0,0,0,0,0,0,0,0,0,0,0,0,0,0,0,0,0,0,0,0,0,0,0,5,2,7,5,5,3,2,2,6,2,2,0,41
2005,Swarm-bot: An experiment in swarm robotics,Dorigo M.,,"Proceedings - 2005 IEEE Swarm Intelligence Symposium, SIS 2005",2005, ,0,0,0,0,0,0,0,0,0,0,0,0,0,0,0,0,0,0,0,0,0,0,0,0,0,0,0,0,0,0,0,0,0,0,0,0,0,4,2,2,3,6,1,2,2,2,4,3,1,4,3,2,0,41
2004,Strategies for the increased robustness of ant-based clustering,"Handl J., Knowles J., Dorigo M.",3029743,Lecture Notes in Artificial Intelligence (Subseries of Lecture Notes in Computer Science),2977, ,0,0,0,0,0,0,0,0,0,0,0,0,0,0,0,0,0,0,0,0,0,0,0,0,0,0,0,0,0,0,0,0,0,0,0,0,6,3,3,4,5,4,2,2,4,2,3,2,0,0,1,0,0,41
2009,Evolving self-assembly in autonomous homogeneous robots: Experiments with two physical robots,"Ampatzis C., Tuci E., Trianni V., Christensen A.L., Dorigo M.",10645462,Artificial Life,15,4,0,0,0,0,0,0,0,0,0,0,0,0,0,0,0,0,0,0,0,0,0,0,0,0,0,0,0,0,0,0,0,0,0,0,0,0,0,0,0,0,0,4,10,5,6,8,2,2,0,1,1,1,0,40
2009,SWARMORPH: Multirobot morphogenesis using directional self-assembly,"O'Grady R., Christensen A.L., Dorigo M.",15523098,IEEE Transactions on Robotics,25,3,0,0,0,0,0,0,0,0,0,0,0,0,0,0,0,0,0,0,0,0,0,0,0,0,0,0,0,0,0,0,0,0,0,0,0,0,0,0,0,0,0,5,6,4,7,4,3,2,5,2,1,1,0,40
1991,Genetic algorithms and highly constrained problems: The time-table case,"Colorni A., Dorigo M., Maniezzo V.",3029743,Lecture Notes in Computer Science (including subseries Lecture Notes in Artificial Intelligence and Lecture Notes in Bioinformatics),496, ,0,0,0,0,0,0,0,0,0,0,0,0,0,0,0,0,0,0,0,0,0,0,0,0,0,2,0,1,0,0,1,1,3,0,2,0,0,1,4,4,0,3,0,3,3,4,1,0,1,4,2,0,0,40
2011,Task partitioning in swarms of robots: An adaptive method for strategy selection,"Pini G., Brutschy A., Frison M., Roli A., Dorigo M., Birattari M.",19353812,Swarm Intelligence,5, 3-4,0,0,0,0,0,0,0,0,0,0,0,0,0,0,0,0,0,0,0,0,0,0,0,0,0,0,0,0,0,0,0,0,0,0,0,0,0,0,0,0,0,0,0,4,6,5,7,2,3,7,3,2,0,39
2010,Artificial pheromone for path selection by a foraging swarm of robots,"Campo A., Gutierrez A., Nouyan S., Pinciroli C., Longchamp V., Garnier S., Dorigo M.",3401200,Biological Cybernetics,103,5,0,0,0,0,0,0,0,0,0,0,0,0,0,0,0,0,0,0,0,0,0,0,0,0,0,0,0,0,0,0,0,0,0,0,0,0,0,0,0,0,0,0,3,1,2,4,5,3,6,8,2,5,0,39
1995,Algodesk: An experimental comparison of eight evolutionary heuristics applied to the Quadratic Assignment Problem,"Maniezzo V., Dorigo M., Colorni A.",3772217,European Journal of Operational Research,81,1,0,0,0,0,0,0,0,0,0,0,0,0,0,0,0,0,0,0,0,0,0,0,0,0,0,0,0,2,2,2,4,3,2,6,3,0,2,2,3,0,1,2,1,0,0,0,2,0,0,0,2,0,0,39
2006,Transport of an object by six pre-attached robots interacting via physical links,"Gross R., Mondada F., Dorigo M.",10504729,Proceedings - IEEE International Conference on Robotics and Automation,2006, ,0,0,0,0,0,0,0,0,0,0,0,0,0,0,0,0,0,0,0,0,0,0,0,0,0,0,0,0,0,0,0,0,0,0,0,0,0,2,0,3,4,0,2,2,5,4,2,2,4,3,3,2,0,38
1995,ALECSYS and the AutonoMouse: Learning to Control a Real Robot by Distributed Classifier Systems,Dorigo M.,8856125,Machine Learning,19,3,0,0,0,0,0,0,0,0,0,0,0,0,0,0,0,0,0,0,0,0,0,0,0,0,0,0,2,2,4,5,4,2,4,3,3,1,0,1,0,3,0,3,1,0,0,0,0,0,0,0,0,0,0,38
1998,Incremental Robot Shaping,"Urzelai J., Floreano D., Dorigo M., Colombetti M.",9540091,Connection Science,10, 3-4,0,0,0,0,0,0,0,0,0,0,0,0,0,0,0,0,0,0,0,0,0,0,0,0,0,0,0,0,0,3,1,0,2,1,2,1,2,1,1,2,2,1,2,0,2,5,6,1,1,1,0,0,0,37
2017,"The best-of-n problem in robot swarms: Formalization, state of the art, and novel perspectives","Valentini G., Ferrante E., Dorigo M.",22969144,Frontiers Robotics AI,4, ,0,0,0,0,0,0,0,0,0,0,0,0,0,0,0,0,0,0,0,0,0,0,0,0,0,0,0,0,0,0,0,0,0,0,0,0,0,0,0,0,0,0,0,0,0,0,0,0,4,16,13,3,0,36
2014,Self-organized collective decision making: The weighted voter model,"Valentini G., Hamann H., Dorigo M.",,"13th International Conference on Autonomous Agents and Multiagent Systems, AAMAS 2014",1, ,0,0,0,0,0,0,0,0,0,0,0,0,0,0,0,0,0,0,0,0,0,0,0,0,0,0,0,0,0,0,0,0,0,0,0,0,0,0,0,0,0,0,0,0,0,2,4,5,10,5,10,0,0,36
2008,Evolution of solitary and group transport behaviors for autonomous robots capable of self-assembling,"Gross R., Dorigo M.",10597123,Adaptive Behavior,16,5,0,0,0,0,0,0,0,0,0,0,0,0,0,0,0,0,0,0,0,0,0,0,0,0,0,0,0,0,0,0,0,0,0,0,0,0,0,0,0,3,3,4,2,4,7,2,3,3,1,3,1,0,0,36
2007,Morphology control in a multirobot system,"Christensen A.L., O'Grady R., Dorigo M.",10709932,IEEE Robotics and Automation Magazine,14,4,0,0,0,0,0,0,0,0,0,0,0,0,0,0,0,0,0,0,0,0,0,0,0,0,0,0,0,0,0,0,0,0,0,0,0,0,0,0,0,6,3,1,7,3,4,4,1,2,3,0,2,0,0,36
2002,Toward the formal foundation of ant programming,"Birattari M., Di Caro G., Dorigo M.",3029743,Lecture Notes in Computer Science (including subseries Lecture Notes in Artificial Intelligence and Lecture Notes in Bioinformatics),2463, ,0,0,0,0,0,0,0,0,0,0,0,0,0,0,0,0,0,0,0,0,0,0,0,0,0,0,0,0,0,0,0,0,0,0,0,2,5,3,2,3,5,7,1,1,2,2,1,0,0,0,1,1,0,36
2014,Cooperative navigation in robotic swarms,"Ducatelle F., Di Caro G.A., Forster A., Bonani M., Dorigo M., Magnenat S., Mondada F., O'Grady R., Pinciroli C., Retornaz P., Trianni V., Gambardella L.M.",19353812,Swarm Intelligence,8,1,0,0,0,0,0,0,0,0,0,0,0,0,0,0,0,0,0,0,0,0,0,0,0,0,0,0,0,0,0,0,0,0,0,0,0,0,0,0,0,0,0,0,0,0,0,1,4,7,6,8,8,1,0,35
2015,Efficient decision-making in a self-organizing robot swarm: On the speed versus accuracy trade-off,"Valentini G., Hamann H., Dorigo M.",15488403,"Proceedings of the International Joint Conference on Autonomous Agents and Multiagent Systems, AAMAS",2, ,0,0,0,0,0,0,0,0,0,0,0,0,0,0,0,0,0,0,0,0,0,0,0,0,0,0,0,0,0,0,0,0,0,0,0,0,0,0,0,0,0,0,0,0,0,0,1,8,9,6,10,0,0,34
2010,Self-assembly strategies in a group of autonomous mobile robots,"O'Grady R., Gross R., Christensen A.L., Dorigo M.",9295593,Autonomous Robots,28,4,0,0,0,0,0,0,0,0,0,0,0,0,0,0,0,0,0,0,0,0,0,0,0,0,0,0,0,0,0,0,0,0,0,0,0,0,0,0,0,0,0,1,2,6,5,2,8,3,3,2,1,1,0,34
2010,Collective decision-making based on social odometry,"Gutierrez A., Campo A., Monasterio-Huelin F., Magdalena L., Dorigo M.",9410643,Neural Computing and Applications,19,6,0,0,0,0,0,0,0,0,0,0,0,0,0,0,0,0,0,0,0,0,0,0,0,0,0,0,0,0,0,0,0,0,0,0,0,0,0,0,0,0,0,0,3,3,2,7,2,2,3,9,2,0,0,33
2006,Autonomous self-assembly in a swarm-bot,"Gross R., Bonani M., Mondada F., Dorigo M.",,"Proceedings of the 3rd International Symposium on Autonomous Minirobots for Research and Edutainment, AMiRE 2005",, ,0,0,0,0,0,0,0,0,0,0,0,0,0,0,0,0,0,0,0,0,0,0,0,0,0,0,0,0,0,0,0,0,0,0,0,0,0,7,3,3,3,0,0,4,2,2,0,0,1,3,3,2,0,33
2002,Solving the homogeneous probabilistic traveling salesman problem by the ACO metaheuristic,"Bianchi L., Gambardella L.M., Dorigo M.",3029743,Lecture Notes in Computer Science (including subseries Lecture Notes in Artificial Intelligence and Lecture Notes in Bioinformatics),2463, ,0,0,0,0,0,0,0,0,0,0,0,0,0,0,0,0,0,0,0,0,0,0,0,0,0,0,0,0,0,0,0,0,0,0,1,2,1,3,2,3,5,2,2,2,4,2,0,0,3,1,0,0,0,33
2016,The k-unanimity rule for self-organized decision-making in swarms of robots,"Scheidler A., Brutschy A., Ferrante E., Dorigo M.",21682267,IEEE Transactions on Cybernetics,46,5,0,0,0,0,0,0,0,0,0,0,0,0,0,0,0,0,0,0,0,0,0,0,0,0,0,0,0,0,0,0,0,0,0,0,0,0,0,0,0,0,0,0,0,0,0,0,0,2,7,7,12,4,0,32
2014,Property-driven design for robot swarms: A design method based on prescriptive modeling and model checking,"Brambilla M., Brutschy A., Dorigo M., Birattari M.",15564665,ACM Transactions on Autonomous and Adaptive Systems,9,4,0,0,0,0,0,0,0,0,0,0,0,0,0,0,0,0,0,0,0,0,0,0,0,0,0,0,0,0,0,0,0,0,0,0,0,0,0,0,0,0,0,0,0,0,0,0,4,5,6,7,8,2,0,32
2008,Estimation-based local search for stochastic combinatorial optimization using delta evaluations: A case study on the probabilistic traveling salesman problem,"Birattari M., Balaprakash P., Stutzle T., Dorigo M.",10919856,INFORMS Journal on Computing,20,4,0,0,0,0,0,0,0,0,0,0,0,0,0,0,0,0,0,0,0,0,0,0,0,0,0,0,0,0,0,0,0,0,0,0,0,0,0,0,0,0,2,4,1,5,9,2,1,1,2,4,0,1,0,32
1994,Training Agents to Perform Sequential Behavior,"Colombetti M., Dorigo M., Dorigo M.",10597123,Adaptive Behavior,2,3,0,0,0,0,0,0,0,0,0,0,0,0,0,0,0,0,0,0,0,0,0,0,0,0,0,2,0,6,4,3,0,1,3,0,4,0,1,0,2,2,0,1,0,0,0,3,0,0,0,0,0,0,0,32
2004,Group transport of an object to a target that only some group members may sense,"Gross R., Dorigo M.",3029743,Lecture Notes in Computer Science (including subseries Lecture Notes in Artificial Intelligence and Lecture Notes in Bioinformatics),3242, ,0,0,0,0,0,0,0,0,0,0,0,0,0,0,0,0,0,0,0,0,0,0,0,0,0,0,0,0,0,0,0,0,0,0,0,0,3,7,0,3,2,5,3,0,1,0,0,1,1,2,2,1,0,31
2011,Self-organized discrimination of resources,"Campo A., Garnier S., Dedriche O., Zekkri M., Dorigo M.",19326203,PLoS ONE,6,5,0,0,0,0,0,0,0,0,0,0,0,0,0,0,0,0,0,0,0,0,0,0,0,0,0,0,0,0,0,0,0,0,0,0,0,0,0,0,0,0,0,0,1,1,1,5,4,5,5,3,4,1,0,30
2008,SWARMORPH-script: A language for arbitrary morphology generation in self-assembling robots,"Christensen A.L., O'Grady R., Dorigo M.",19353812,Swarm Intelligence,2, 2-4,0,0,0,0,0,0,0,0,0,0,0,0,0,0,0,0,0,0,0,0,0,0,0,0,0,0,0,0,0,0,0,0,0,0,0,0,0,0,0,0,2,4,3,6,4,1,3,3,0,1,1,0,0,28
1996,Introduction to the special issue on learning autonomous robots,Dorigo Marco,10834419,"IEEE Transactions on Systems, Man, and Cybernetics, Part B: Cybernetics",26,3,0,0,0,0,0,0,0,0,0,0,0,0,0,0,0,0,0,0,0,0,0,0,0,0,0,0,0,0,2,6,1,3,2,1,0,1,1,1,3,0,0,3,1,2,1,0,0,0,0,0,0,0,0,28
2006,Group transport along a robot chain in a self-organised robot colony,"Nouyan S., Gross R., Dorigo M., Bonani M., Mondada F.",,"Intelligent Autonomous Systems 9, IAS 2006",, ,0,0,0,0,0,0,0,0,0,0,0,0,0,0,0,0,0,0,0,0,0,0,0,0,0,0,0,0,0,0,0,0,0,0,0,0,0,3,4,6,0,2,4,1,3,1,1,1,0,0,1,0,0,27
2010,Estimation-based metaheuristics for the probabilistic traveling salesman problem,"Balaprakash P., Birattari M., Stutzle T., Dorigo M.",3050548,Computers and Operations Research,37,11,0,0,0,0,0,0,0,0,0,0,0,0,0,0,0,0,0,0,0,0,0,0,0,0,0,0,0,0,0,0,0,0,0,0,0,0,0,0,0,0,0,0,3,4,7,3,1,0,2,5,1,0,0,26
2007,How to assess and report the performance of a stochastic algorithm on a benchmark problem: Mean or best result on a number of runs?,"Birattari M., Dorigo M.",18624472,Optimization Letters,1,3,0,0,0,0,0,0,0,0,0,0,0,0,0,0,0,0,0,0,0,0,0,0,0,0,0,0,0,0,0,0,0,0,0,0,0,0,0,0,2,0,3,4,3,0,0,1,0,3,6,1,3,0,0,26
2006,Chain based path formation in swarms of robots,"Nouyan S., Dorigo M.",3029743,Lecture Notes in Computer Science (including subseries Lecture Notes in Artificial Intelligence and Lecture Notes in Bioinformatics),4150, ,0,0,0,0,0,0,0,0,0,0,0,0,0,0,0,0,0,0,0,0,0,0,0,0,0,0,0,0,0,0,0,0,0,0,0,0,0,0,2,3,5,2,2,0,2,2,1,2,2,3,0,0,0,26
2006,Negotiation of goal direction for cooperative transport,"Campo A., Nouyan S., Birattari M., Gross R., Dorigo M.",3029743,Lecture Notes in Computer Science (including subseries Lecture Notes in Artificial Intelligence and Lecture Notes in Bioinformatics),4150, ,0,0,0,0,0,0,0,0,0,0,0,0,0,0,0,0,0,0,0,0,0,0,0,0,0,0,0,0,0,0,0,0,0,0,0,0,0,1,0,2,2,3,2,2,2,1,2,1,5,2,1,0,0,26
2001,Ant algorithms solve difficult optimization problems,Dorigo M.,3029743,Lecture Notes in Computer Science (including subseries Lecture Notes in Artificial Intelligence and Lecture Notes in Bioinformatics),2159, ,0,0,0,0,0,0,0,0,0,0,0,0,0,0,0,0,0,0,0,0,0,0,0,0,0,0,0,0,0,0,0,0,0,0,2,0,2,1,4,1,1,4,2,3,0,2,0,1,2,0,1,0,0,26
2013,Autonomous task partitioning in robot foraging: An approach based on cost estimation,"Pini G., Brutschy A., Pinciroli C., Dorigo M., Birattari M.",10597123,Adaptive Behavior,21,2,0,0,0,0,0,0,0,0,0,0,0,0,0,0,0,0,0,0,0,0,0,0,0,0,0,0,0,0,0,0,0,0,0,0,0,0,0,0,0,0,0,0,0,0,1,1,5,7,2,4,5,0,0,25
2008,Evolution of signaling in a multi-robot system: Categorization and communication,"Ampatzis C., Tuci E., Trianni V., Dorigo M.",10597123,Adaptive Behavior,16,1,0,0,0,0,0,0,0,0,0,0,0,0,0,0,0,0,0,0,0,0,0,0,0,0,0,0,0,0,0,0,0,0,0,0,0,0,0,0,0,0,2,3,4,5,3,2,0,1,0,3,1,1,0,25
2009,Adaptive sample size and importance sampling in estimation-based local search for the probabilistic traveling salesman problem,"Balaprakash P., Birattari M., Stutzle T., Dorigo M.",3772217,European Journal of Operational Research,199,1,0,0,0,0,0,0,0,0,0,0,0,0,0,0,0,0,0,0,0,0,0,0,0,0,0,0,0,0,0,0,0,0,0,0,0,0,0,0,0,0,2,4,1,2,4,1,3,2,3,1,1,0,0,24
2005,Self-assembly on demand in a group of physical autonomous mobile robots navigating rough terrain,"O'Grady R., Gross R., Mondada F., Bonani M., Dorigo M.",3029743,Lecture Notes in Computer Science (including subseries Lecture Notes in Artificial Intelligence and Lecture Notes in Bioinformatics),3630, ,0,0,0,0,0,0,0,0,0,0,0,0,0,0,0,0,0,0,0,0,0,0,0,0,0,0,0,0,0,0,0,0,0,0,0,0,0,4,3,8,5,1,0,1,0,0,0,0,0,2,0,0,0,24
2014,A self-adaptive communication strategy for flocking in stationary and non-stationary environments,"Ferrante E., Turgut A.E., Stranieri A., Pinciroli C., Birattari M., Dorigo M.",15677818,Natural Computing,13,2,0,0,0,0,0,0,0,0,0,0,0,0,0,0,0,0,0,0,0,0,0,0,0,0,0,0,0,0,0,0,0,0,0,0,0,0,0,0,0,0,0,0,0,0,0,0,2,6,4,6,3,2,0,23
2007,The ACO/F-Race algorithm for combinatorial optimization under uncertainty,"Birattari M., Balaprakash P., Dorigo M.",1387666X,Operations Research/ Computer Science Interfaces Series,39, ,0,0,0,0,0,0,0,0,0,0,0,0,0,0,0,0,0,0,0,0,0,0,0,0,0,0,0,0,0,0,0,0,0,0,0,0,0,0,0,0,2,1,1,1,2,1,2,4,2,3,3,1,0,23
2015,A quantitative micro–macro link for collective decisions: the shortest path discovery/selection example,"Reina A., Miletitch R., Dorigo M., Trianni V.",19353812,Swarm Intelligence,9, 2-3,0,0,0,0,0,0,0,0,0,0,0,0,0,0,0,0,0,0,0,0,0,0,0,0,0,0,0,0,0,0,0,0,0,0,0,0,0,0,0,0,0,0,0,0,0,0,1,3,5,6,5,2,0,22
2004,Deception in ant colony optimization,"Blum C., Dorigo M.",3029743,Lecture Notes in Computer Science (including subseries Lecture Notes in Artificial Intelligence and Lecture Notes in Bioinformatics),3172, ,0,0,0,0,0,0,0,0,0,0,0,0,0,0,0,0,0,0,0,0,0,0,0,0,0,0,0,0,0,0,0,0,0,0,0,0,3,0,0,0,2,3,5,2,0,2,0,2,3,0,0,0,0,22
2013,On the use of Bio-PEPA for modelling and analysing collective behaviours in swarm robotics,"Massink M., Brambilla M., Latella D., Dorigo M., Birattari M.",19353812,Swarm Intelligence,7, 2-3,0,0,0,0,0,0,0,0,0,0,0,0,0,0,0,0,0,0,0,0,0,0,0,0,0,0,0,0,0,0,0,0,0,0,0,0,0,0,0,0,0,0,0,0,0,3,2,4,6,2,4,0,0,21
2012,Analysing an evolved robotic behaviour using a biological model of collegial decision making,"Francesca G., Brambilla M., Trianni V., Dorigo M., Birattari M.",3029743,Lecture Notes in Computer Science (including subseries Lecture Notes in Artificial Intelligence and Lecture Notes in Bioinformatics),7426, ,0,0,0,0,0,0,0,0,0,0,0,0,0,0,0,0,0,0,0,0,0,0,0,0,0,0,0,0,0,0,0,0,0,0,0,0,0,0,0,0,0,0,0,1,4,2,0,2,2,6,2,2,0,21
2011,A detailed analysis of the population-based ant colony optimization algorithm for the TSP and the QAP,"Oliveira S.M., Hussin M.S., Stutzle T., Roli A., Dorigo M.",,"Genetic and Evolutionary Computation Conference, GECCO'11 - Companion Publication",, ,0,0,0,0,0,0,0,0,0,0,0,0,0,0,0,0,0,0,0,0,0,0,0,0,0,0,0,0,0,0,0,0,0,0,0,0,0,0,0,0,0,0,0,1,2,4,3,3,1,4,2,1,0,21
2010,Flocking in stationary and non-stationary environments: A novel communication strategy for heading alignment,"Ferrante E., Turgut A.E., Mathews N., Birattari M., Dorigo M.",3029743,Lecture Notes in Computer Science (including subseries Lecture Notes in Artificial Intelligence and Lecture Notes in Bioinformatics),6239,2,0,0,0,0,0,0,0,0,0,0,0,0,0,0,0,0,0,0,0,0,0,0,0,0,0,0,0,0,0,0,0,0,0,0,0,0,0,0,0,0,0,0,0,3,3,4,1,4,1,3,1,1,0,21
2008,Self-organizing and scalable shape formation for a swarm of pico satellites,"Pinciroli C., Birattari M., Tuci E., Dorigo M., Zapatero M.D.R., Vinko T., Izzo D.",,"Proceedings of the 2008 NASA/ESA Conference on Adaptive Hardware and Systems, AHS 2008",, ,0,0,0,0,0,0,0,0,0,0,0,0,0,0,0,0,0,0,0,0,0,0,0,0,0,0,0,0,0,0,0,0,0,0,0,0,0,0,0,1,1,0,1,2,2,2,3,4,2,1,1,0,0,20
2004,Evolution of direct communication for a swarm-bot performing hole avoidance,"Trianni V., Labella T.H., Dorigo M.",3029743,Lecture Notes in Computer Science (including subseries Lecture Notes in Artificial Intelligence and Lecture Notes in Bioinformatics),3172, ,0,0,0,0,0,0,0,0,0,0,0,0,0,0,0,0,0,0,0,0,0,0,0,0,0,0,0,0,0,0,0,0,0,0,0,0,2,2,0,2,3,3,3,2,0,0,0,0,1,2,0,0,0,20
2016,Collective perception of environmental features in a robot swarm,"Valentini G., Brambilla D., Hamann H., Dorigo M.",3029743,Lecture Notes in Computer Science (including subseries Lecture Notes in Artificial Intelligence and Lecture Notes in Bioinformatics),9882, ,0,0,0,0,0,0,0,0,0,0,0,0,0,0,0,0,0,0,0,0,0,0,0,0,0,0,0,0,0,0,0,0,0,0,0,0,0,0,0,0,0,0,0,0,0,0,0,0,3,6,8,2,0,19
2012,Property-driven design for swarm robotics,"Brambilla M., Pinciroli C., Birattari M., Dorigo M.",,"11th International Conference on Autonomous Agents and Multiagent Systems 2012, AAMAS 2012: Innovative Applications Track",2, ,0,0,0,0,0,0,0,0,0,0,0,0,0,0,0,0,0,0,0,0,0,0,0,0,0,0,0,0,0,0,0,0,0,0,0,0,0,0,0,0,0,0,0,3,3,3,1,1,4,1,3,0,0,19
2004,Cooperative transport of objects of different shapes and sizes,"Gross R., Dorigo M.",3029743,Lecture Notes in Computer Science (including subseries Lecture Notes in Artificial Intelligence and Lecture Notes in Bioinformatics),3172, ,0,0,0,0,0,0,0,0,0,0,0,0,0,0,0,0,0,0,0,0,0,0,0,0,0,0,0,0,0,0,0,0,0,0,0,1,5,0,0,1,3,1,1,0,1,0,0,2,1,2,1,0,0,19
2004,Evolving a Cooperative Transport Behavior for Two Simple Robots,"Gross R., Dorigo M.",3029743,Lecture Notes in Computer Science (including subseries Lecture Notes in Artificial Intelligence and Lecture Notes in Bioinformatics),2936, ,0,0,0,0,0,0,0,0,0,0,0,0,0,0,0,0,0,0,0,0,0,0,0,0,0,0,0,0,0,0,0,0,0,0,0,3,2,0,0,0,4,2,5,0,2,0,0,0,0,0,1,0,0,19
2004,'Feeling' the flow of time through sensorimotor co-ordination,"Tuci E., Trianni V., Dorigo M.",9540091,Connection Science,16,4,0,0,0,0,0,0,0,0,0,0,0,0,0,0,0,0,0,0,0,0,0,0,0,0,0,0,0,0,0,0,0,0,0,0,0,0,3,0,4,2,3,2,1,0,1,0,1,0,0,2,0,0,0,19
2008,Division of labour in self-organised groups,"Gross R., Nouyan S., Bonani M., Mondada F., Dorigo M.",3029743,Lecture Notes in Computer Science (including subseries Lecture Notes in Artificial Intelligence and Lecture Notes in Bioinformatics),5040, ,0,0,0,0,0,0,0,0,0,0,0,0,0,0,0,0,0,0,0,0,0,0,0,0,0,0,0,0,0,0,0,0,0,0,0,0,0,0,0,0,1,1,3,2,3,2,1,1,1,0,3,0,0,18
2006,Towards a theory of practice in metaheuristics design: A machine learning perspective,"Birattari M., Zlochin M., Dorigo M.",9883754,RAIRO - Theoretical Informatics and Applications,40,2,0,0,0,0,0,0,0,0,0,0,0,0,0,0,0,0,0,0,0,0,0,0,0,0,0,0,0,0,0,0,0,0,0,0,0,0,0,0,3,0,1,2,3,2,1,4,1,0,1,0,0,0,0,18
2004,Efficiency and task allocation in prey retrieval,"Labella T.H., Dorigo M., Deneubourg J.-L.",3029743,Lecture Notes in Computer Science (including subseries Lecture Notes in Artificial Intelligence and Lecture Notes in Bioinformatics),3141, ,0,0,0,0,0,0,0,0,0,0,0,0,0,0,0,0,0,0,0,0,0,0,0,0,0,0,0,0,0,0,0,0,0,0,0,0,2,0,2,1,1,3,0,1,0,1,1,0,0,2,3,1,0,18
2015,Bio-inspired construction with mobile robots and compliant pockets,"Soleymani T., Trianni V., Bonani M., Mondada F., Dorigo M.",9218890,Robotics and Autonomous Systems,74, ,0,0,0,0,0,0,0,0,0,0,0,0,0,0,0,0,0,0,0,0,0,0,0,0,0,0,0,0,0,0,0,0,0,0,0,0,0,0,0,0,0,0,0,0,0,0,1,2,3,6,5,0,0,17
2014,Derivation of a micro-macro link for collective decision-making systems uncover network features based on drift measurements,"Hamann H., Valentini G., Khaluf Y., Dorigo M.",3029743,Lecture Notes in Computer Science (including subseries Lecture Notes in Artificial Intelligence and Lecture Notes in Bioinformatics),8672, ,0,0,0,0,0,0,0,0,0,0,0,0,0,0,0,0,0,0,0,0,0,0,0,0,0,0,0,0,0,0,0,0,0,0,0,0,0,0,0,0,0,0,0,0,0,0,2,3,5,0,7,0,0,17
2009,Self-organised recruitment in a heteregeneous swarm,"Pinciroli C., O'Grady R., Christensen A.L., Dorigo M.",,"2009 International Conference on Advanced Robotics, ICAR 2009",, ,0,0,0,0,0,0,0,0,0,0,0,0,0,0,0,0,0,0,0,0,0,0,0,0,0,0,0,0,0,0,0,0,0,0,0,0,0,0,0,0,0,3,3,1,3,0,2,2,1,1,1,0,0,17
2002,Model-based search for combinatorial optimization: A comparative study,"Zlochin M., Dorigo M.",3029743,Lecture Notes in Computer Science (including subseries Lecture Notes in Artificial Intelligence and Lecture Notes in Bioinformatics),2439, ,0,0,0,0,0,0,0,0,0,0,0,0,0,0,0,0,0,0,0,0,0,0,0,0,0,0,0,0,0,0,0,0,0,0,0,4,2,2,4,1,1,1,0,0,0,1,0,0,0,1,0,0,0,17
1994,Learning by probabilistic Boolean networks,Dorigo Marco,,IEEE International Conference on Neural Networks - Conference Proceedings,2, ,0,0,0,0,0,0,0,0,0,0,0,0,0,0,0,0,0,0,0,0,0,0,0,0,0,0,0,0,0,0,0,1,0,1,0,1,0,0,1,2,1,1,2,0,1,1,2,1,1,0,0,1,0,17
2015,The TAM: abstracting complex tasks in swarm robotics research,"Brutschy A., Garattoni L., Brambilla M., Francesca G., Pini G., Dorigo M., Birattari M.",19353812,Swarm Intelligence,9,1,0,0,0,0,0,0,0,0,0,0,0,0,0,0,0,0,0,0,0,0,0,0,0,0,0,0,0,0,0,0,0,0,0,0,0,0,0,0,0,0,0,0,0,0,0,0,0,3,2,5,4,1,0,15
2013,Collective motion dynamics of active solids and active crystals,"Ferrante E., Turgut A.E., Dorigo M., Huepe C.",13672630,New Journal of Physics,15, ,0,0,0,0,0,0,0,0,0,0,0,0,0,0,0,0,0,0,0,0,0,0,0,0,0,0,0,0,0,0,0,0,0,0,0,0,0,0,0,0,0,0,0,0,0,2,4,4,0,2,3,0,0,15
2011,Task partitioning in swarms of robots: Reducing performance losses due to interference at shared resources,"Pini G., Brutschy A., Birattari M., Dorigo M.",18761100,Lecture Notes in Electrical Engineering,85, ,0,0,0,0,0,0,0,0,0,0,0,0,0,0,0,0,0,0,0,0,0,0,0,0,0,0,0,0,0,0,0,0,0,0,0,0,0,0,0,0,0,0,1,2,4,1,0,4,1,0,2,0,0,15
2009,Social odometry: Imitation based odometry in collective robotics,"Gutierrez A., Campo A., Santos F.C., Monasterio-Huelin F., Dorigo M.",17298806,International Journal of Advanced Robotic Systems,6,2,0,0,0,0,0,0,0,0,0,0,0,0,0,0,0,0,0,0,0,0,0,0,0,0,0,0,0,0,0,0,0,0,0,0,0,0,0,0,0,0,0,2,3,0,2,2,1,3,2,0,0,0,0,15
2008,"Evolving homogeneous neurocontrollers for a group of heterogeneous robots: Coordinated motion, cooperation, and acoustic communication","Tuci E., Ampatzis C., Vicentini F., Dorigo M.",10645462,Artificial Life,14,2,0,0,0,0,0,0,0,0,0,0,0,0,0,0,0,0,0,0,0,0,0,0,0,0,0,0,0,0,0,0,0,0,0,0,0,0,0,0,0,0,4,2,3,0,1,2,3,0,0,0,0,0,0,15
2005,Emergent collective decisions in a swarm of robots,"Trianni V., Dorigo M.",,"Proceedings - 2005 IEEE Swarm Intelligence Symposium, SIS 2005",2005, ,0,0,0,0,0,0,0,0,0,0,0,0,0,0,0,0,0,0,0,0,0,0,0,0,0,0,0,0,0,0,0,0,0,0,0,0,0,2,2,0,0,1,0,3,1,1,0,1,3,1,0,0,0,15
2013,Task partitioning in a robot swarm: A study on the effect of communication,"Pini G., Gagliolo M., Brutschy A., Dorigo M., Birattari M.",19353812,Swarm Intelligence,7, 2-3,0,0,0,0,0,0,0,0,0,0,0,0,0,0,0,0,0,0,0,0,0,0,0,0,0,0,0,0,0,0,0,0,0,0,0,0,0,0,0,0,0,0,0,0,1,2,2,4,1,3,1,0,0,14
2009,"Interference reduction through task partitioning in a robotic swarm - Or: ""Don't you step on my blue suede shoes!""","Pini G., Brutschy A., Birattari M., Dorigo M.",,"ICINCO 2009 - 6th International Conference on Informatics in Control, Automation and Robotics, Proceedings",2, ,0,0,0,0,0,0,0,0,0,0,0,0,0,0,0,0,0,0,0,0,0,0,0,0,0,0,0,0,0,0,0,0,0,0,0,0,0,0,0,0,0,1,1,2,0,1,1,1,3,1,3,0,0,14
2007,From solitary to collective behaviours: Decision making and cooperation,"Trianni V., Ampatzis C., Christensen A.L., Tuci E., Dorigo M., Nolfi S.",3029743,Lecture Notes in Computer Science (including subseries Lecture Notes in Artificial Intelligence and Lecture Notes in Bioinformatics),4648, ,0,0,0,0,0,0,0,0,0,0,0,0,0,0,0,0,0,0,0,0,0,0,0,0,0,0,0,0,0,0,0,0,0,0,0,0,0,0,0,2,2,2,1,0,2,0,0,3,2,0,0,0,0,14
2006,A comparison of particle swarm optimization algorithms based on run-length distributions,"De Montes Oca M.A., Stutzle T., Birattari M., Dorigo M.",3029743,Lecture Notes in Computer Science (including subseries Lecture Notes in Artificial Intelligence and Lecture Notes in Bioinformatics),4150, ,0,0,0,0,0,0,0,0,0,0,0,0,0,0,0,0,0,0,0,0,0,0,0,0,0,0,0,0,0,0,0,0,0,0,0,0,0,0,0,0,2,1,0,3,1,1,0,1,3,1,1,0,0,14
2002,Updating ACO pheromones using stochastic gradient ascent and cross-entropy methods,"Dorigo M., Zlochin M., Meuleau N., Birattari M.",3029743,Lecture Notes in Computer Science (including subseries Lecture Notes in Artificial Intelligence and Lecture Notes in Bioinformatics),2279, ,0,0,0,0,0,0,0,0,0,0,0,0,0,0,0,0,0,0,0,0,0,0,0,0,0,0,0,0,0,0,0,0,0,4,2,1,2,0,0,2,1,0,0,1,0,0,0,0,1,0,0,0,0,14
2018,Managing byzantine robots via blockchain technology in a swarm robotics collective decision making scenario: Robotics track,"Strobel V., Ferrer E.C., Dorigo M.",15488403,"Proceedings of the International Joint Conference on Autonomous Agents and Multiagent Systems, AAMAS",1, ,0,0,0,0,0,0,0,0,0,0,0,0,0,0,0,0,0,0,0,0,0,0,0,0,0,0,0,0,0,0,0,0,0,0,0,0,0,0,0,0,0,0,0,0,0,0,0,0,0,1,12,0,0,13
2016,Investigating the effect of increasing robot group sizes on the human psychophysiological state in the context of human–swarm interaction,"Podevijn G., O'Grady R., Mathews N., Gilles A., Fantini-Hauwel C., Dorigo M.",19353812,Swarm Intelligence,10,3,0,0,0,0,0,0,0,0,0,0,0,0,0,0,0,0,0,0,0,0,0,0,0,0,0,0,0,0,0,0,0,0,0,0,0,0,0,0,0,0,0,0,0,0,0,0,0,1,1,3,6,2,0,13
2014,Task partitioning in a robot swarm: Object retrieval as a sequence of subtasks with direct object transfer,"Pini G., Brutschy A., Scheidler A., Dorigo M., Birattari M.",10645462,Artificial Life,20,3,0,0,0,0,0,0,0,0,0,0,0,0,0,0,0,0,0,0,0,0,0,0,0,0,0,0,0,0,0,0,0,0,0,0,0,0,0,0,0,0,0,0,0,0,0,0,2,1,3,3,3,1,0,13
2014,Srocs: Leveraging stigmergy on a multi-robot construction platform for unknown environments,"Allwright M., Bhalla N., El-faham H., Antoun A., Pinciroli C., Dorigo M., Dorigo M.",3029743,Lecture Notes in Computer Science (including subseries Lecture Notes in Artificial Intelligence and Lecture Notes in Bioinformatics),8667, ,0,0,0,0,0,0,0,0,0,0,0,0,0,0,0,0,0,0,0,0,0,0,0,0,0,0,0,0,0,0,0,0,0,0,0,0,0,0,0,0,0,0,0,0,0,0,2,2,1,3,5,0,0,13
2012,Socially-mediated negotiation for obstacle avoidance in collective transport,"Ferrante E., Brambilla M., Birattari M., Dorigo M.",16107438,Springer Tracts in Advanced Robotics,83, ,0,0,0,0,0,0,0,0,0,0,0,0,0,0,0,0,0,0,0,0,0,0,0,0,0,0,0,0,0,0,0,0,0,0,0,0,0,0,0,0,0,0,0,1,2,1,1,2,2,3,1,0,0,13
1997,Training and delayed reinforcements in Q-learning agents,"Caironi P.V.C., Dorigo M.",8848173,International Journal of Intelligent Systems,12,10,0,0,0,0,0,0,0,0,0,0,0,0,0,0,0,0,0,0,0,0,0,0,0,0,0,0,0,0,0,0,0,1,3,0,1,1,3,2,0,0,0,0,0,1,0,0,0,0,0,1,0,0,0,13
2017,Mergeable nervous systems for robots,"Mathews N., Christensen A.L., O'Grady R., Mondada F., Dorigo M.",20411723,Nature Communications,8,1,0,0,0,0,0,0,0,0,0,0,0,0,0,0,0,0,0,0,0,0,0,0,0,0,0,0,0,0,0,0,0,0,0,0,0,0,0,0,0,0,0,0,0,0,0,0,0,0,0,5,6,1,0,12
2012,'Can ants inspire robots?' Self-organized decision making in robotic swarms,"Brutschy A., Scheidler A., Ferrante E., Dorigo M., Birattari M.",21530858,IEEE International Conference on Intelligent Robots and Systems,, ,0,0,0,0,0,0,0,0,0,0,0,0,0,0,0,0,0,0,0,0,0,0,0,0,0,0,0,0,0,0,0,0,0,0,0,0,0,0,0,0,0,0,0,0,0,1,1,1,4,3,2,0,0,12
2006,Incremental evolution of robot controllers for a highly integrated task,"Christensen A.L., Dorigo M.",3029743,Lecture Notes in Computer Science (including subseries Lecture Notes in Artificial Intelligence and Lecture Notes in Bioinformatics),4095, ,0,0,0,0,0,0,0,0,0,0,0,0,0,0,0,0,0,0,0,0,0,0,0,0,0,0,0,0,0,0,0,0,0,0,0,0,0,0,0,1,1,2,0,0,0,0,2,3,0,1,2,0,0,12
2015,Estimation-based metaheuristics for the single vehicle routing problem with stochastic demands and customers,"Balaprakash P., Birattari M., Stutzle T., Dorigo M.",9266003,Computational Optimization and Applications,61,2,0,0,0,0,0,0,0,0,0,0,0,0,0,0,0,0,0,0,0,0,0,0,0,0,0,0,0,0,0,0,0,0,0,0,0,0,0,0,0,0,0,0,0,0,0,0,0,1,2,6,2,0,0,11
2012,Costs and benefits of behavioral specialization,"Brutschy A., Tran N.-L., Baiboun N., Frison M., Pini G., Roli A., Dorigo M., Birattari M.",9218890,Robotics and Autonomous Systems,60,11,0,0,0,0,0,0,0,0,0,0,0,0,0,0,0,0,0,0,0,0,0,0,0,0,0,0,0,0,0,0,0,0,0,0,0,0,0,0,0,0,0,0,0,1,1,1,4,1,0,1,1,1,0,11
2012,Towards a formal verification methodology for collective robotic systems,"Gjondrekaj E., Loreti M., Pugliese R., Tiezzi F., Pinciroli C., Brambilla M., Birattari M., Dorigo M.",3029743,Lecture Notes in Computer Science (including subseries Lecture Notes in Artificial Intelligence and Lecture Notes in Bioinformatics),7635, ,0,0,0,0,0,0,0,0,0,0,0,0,0,0,0,0,0,0,0,0,0,0,0,0,0,0,0,0,0,0,0,0,0,0,0,0,0,0,0,0,0,0,0,0,0,1,1,1,1,4,2,1,0,11
2007,Performance benefits of self-assembly in a swarm-bot,"O'Grady R., Gross R., Christensen A.L., Mondada F., Bonani M., Dorigo M.",,IEEE International Conference on Intelligent Robots and Systems,, ,0,0,0,0,0,0,0,0,0,0,0,0,0,0,0,0,0,0,0,0,0,0,0,0,0,0,0,0,0,0,0,0,0,0,0,0,0,0,0,2,1,1,0,1,1,0,0,2,1,0,2,0,0,11
2007,Automatic synthesis of fault detection modules for mobile robots,"Christensen A.L., O'Grady R., Birattari M., Dorigo M.",,"Proceedings - 2007 NASA/ESA Conference on Adaptive Hardware and Systems, AHS-2007",, ,0,0,0,0,0,0,0,0,0,0,0,0,0,0,0,0,0,0,0,0,0,0,0,0,0,0,0,0,0,0,0,0,0,0,0,0,0,0,1,0,0,0,2,0,0,1,0,1,2,2,0,2,0,11
2017,Analysis of the population-based ant colony optimization algorithm for the TSP and the QAP,"Oliveira S., Hussin M.S., Roli A., Dorigo M., Stutzle T.",,"2017 IEEE Congress on Evolutionary Computation, CEC 2017 - Proceedings",, ,0,0,0,0,0,0,0,0,0,0,0,0,0,0,0,0,0,0,0,0,0,0,0,0,0,0,0,0,0,0,0,0,0,0,0,0,0,0,0,0,0,0,0,0,0,0,0,0,0,4,4,2,0,10
2012,Spatially targeted communication and self-assembly,"Mathews N., Christensen A.L., O'Grady R., Dorigo M.",21530858,IEEE International Conference on Intelligent Robots and Systems,, ,0,0,0,0,0,0,0,0,0,0,0,0,0,0,0,0,0,0,0,0,0,0,0,0,0,0,0,0,0,0,0,0,0,0,0,0,0,0,0,0,0,0,0,0,3,1,2,1,2,0,1,0,0,10
2010,Self-organized Task Partitioning in a Swarm of Robots,"Frison M., Tran N.-L., Baiboun N., Brutschy A., Pini G., Roli A., Dorigo M., Birattari M.",3029743,Lecture Notes in Computer Science (including subseries Lecture Notes in Artificial Intelligence and Lecture Notes in Bioinformatics),6234, ,0,0,0,0,0,0,0,0,0,0,0,0,0,0,0,0,0,0,0,0,0,0,0,0,0,0,0,0,0,0,0,0,0,0,0,0,0,0,0,0,0,0,0,2,4,0,0,1,0,1,1,1,0,10
1992,Using transputers to increase speed and flexibility of genetics-based machine learning systems,Dorigo M.,1656074,Microprocessing and Microprogramming,34, 1-5,0,0,0,0,0,0,0,0,0,0,0,0,0,0,0,0,0,0,0,0,0,0,0,0,1,2,2,1,1,0,0,0,1,0,1,0,0,0,0,1,0,0,0,0,0,0,0,0,0,0,0,0,0,10
2018,Kilogrid: a novel experimental environment for the Kilobot robot,"Valentini G., Antoun A., Trabattoni M., Wiandt B., Tamura Y., Hocquard E., Trianni V., Dorigo M.",19353812,Swarm Intelligence,12,3,0,0,0,0,0,0,0,0,0,0,0,0,0,0,0,0,0,0,0,0,0,0,0,0,0,0,0,0,0,0,0,0,0,0,0,0,0,0,0,0,0,0,0,0,0,0,0,0,0,3,5,1,0,9
2016,Modeling robot swarms using integrals of birth-death processes,"Khaluf Y., Dorigo M.",15564665,ACM Transactions on Autonomous and Adaptive Systems,11,2,0,0,0,0,0,0,0,0,0,0,0,0,0,0,0,0,0,0,0,0,0,0,0,0,0,0,0,0,0,0,0,0,0,0,0,0,0,0,0,0,0,0,0,0,0,0,0,0,3,1,4,1,0,9
2015,Augmented reality for robots: Virtual sensing technology applied to a swarm of e-pucks,"Reina A., Salvaro M., Francesca G., Garattoni L., Pinciroli C., Dorigo M., Birattari M.",,"2015 NASA/ESA Conference on Adaptive Hardware and Systems, AHS 2015",, ,0,0,0,0,0,0,0,0,0,0,0,0,0,0,0,0,0,0,0,0,0,0,0,0,0,0,0,0,0,0,0,0,0,0,0,0,0,0,0,0,0,0,0,0,0,0,0,0,2,3,2,2,0,9
2015,Distributed constrained connectivity control for proximity networks based on a receding horizon scheme,"Soleymani T., Garone E., Dorigo M.",7431619,Proceedings of the American Control Conference,2015-, ,0,0,0,0,0,0,0,0,0,0,0,0,0,0,0,0,0,0,0,0,0,0,0,0,0,0,0,0,0,0,0,0,0,0,0,0,0,0,0,0,0,0,0,0,0,0,0,1,2,4,2,0,0,9
2015,Adaptation and awareness in robot ensembles: Scenarios and algorithms,"Pinciroli C., Bonani M., Mondada F., Dorigo M.",3029743,Lecture Notes in Computer Science (including subseries Lecture Notes in Artificial Intelligence and Lecture Notes in Bioinformatics),8998, ,0,0,0,0,0,0,0,0,0,0,0,0,0,0,0,0,0,0,0,0,0,0,0,0,0,0,0,0,0,0,0,0,0,0,0,0,0,0,0,0,0,0,0,0,0,0,7,1,0,0,1,0,0,9
2014,Towards a cognitive design pattern for collective decision-making,"Reina A., Dorigo M., Trianni V.",3029743,Lecture Notes in Computer Science (including subseries Lecture Notes in Artificial Intelligence and Lecture Notes in Bioinformatics),8667, ,0,0,0,0,0,0,0,0,0,0,0,0,0,0,0,0,0,0,0,0,0,0,0,0,0,0,0,0,0,0,0,0,0,0,0,0,0,0,0,0,0,0,0,0,0,0,3,1,2,3,0,0,0,9
2010,Establishing spatially targeted communication in a heterogeneous robot swarm,"Mathews N., Christensen A.L., Ferrante E., O'Grady R., Dorigo M.",15488403,"Proceedings of the International Joint Conference on Autonomous Agents and Multiagent Systems, AAMAS",2, ,0,0,0,0,0,0,0,0,0,0,0,0,0,0,0,0,0,0,0,0,0,0,0,0,0,0,0,0,0,0,0,0,0,0,0,0,0,0,0,0,0,1,1,3,1,1,0,0,0,1,1,0,0,9
2006,Self-assembly of mobile robots: From swarm-bot to super-mechano colony,"Gross R., Dorigo M., Yamakita M.",,"Intelligent Autonomous Systems 9, IAS 2006",, ,0,0,0,0,0,0,0,0,0,0,0,0,0,0,0,0,0,0,0,0,0,0,0,0,0,0,0,0,0,0,0,0,0,0,0,0,0,0,1,1,1,0,0,1,1,1,0,1,1,0,1,0,0,9
1991,Message-based bucket brigade: An algorithm for the apportionment of credit problem,Dorigo M.,3029743,Lecture Notes in Computer Science (including subseries Lecture Notes in Artificial Intelligence and Lecture Notes in Bioinformatics),482, ,0,0,0,0,0,0,0,0,0,0,0,0,0,0,0,0,0,0,0,0,0,0,0,0,0,0,0,1,0,0,0,1,1,1,1,0,0,0,0,1,1,0,0,0,0,1,0,0,0,0,1,0,0,9
2016,Kilogrid: A modular virtualization environment for the Kilobot robot,"Antoun A., Valentini G., Hocquard E., Wiandt B., Trianni V., Dorigo M.",21530858,IEEE International Conference on Intelligent Robots and Systems,2016-, ,0,0,0,0,0,0,0,0,0,0,0,0,0,0,0,0,0,0,0,0,0,0,0,0,0,0,0,0,0,0,0,0,0,0,0,0,0,0,0,0,0,0,0,0,0,0,0,0,1,5,0,1,0,7
2016,Autonomous construction with compliant building material,"Soleymani T., Trianni V., Bonani M., Mondada F., Dorigo M.",21945357,Advances in Intelligent Systems and Computing,302, ,0,0,0,0,0,0,0,0,0,0,0,0,0,0,0,0,0,0,0,0,0,0,0,0,0,0,0,0,0,0,0,0,0,0,0,0,0,0,0,0,0,0,0,0,0,0,0,1,0,4,2,0,0,7
2015,Spatially targeted communication in decentralized multirobot systems,"Mathews N., Valentini G., Christensen A.L., O'Grady R., Brutschy A., Dorigo M.",9295593,Autonomous Robots,38,4,0,0,0,0,0,0,0,0,0,0,0,0,0,0,0,0,0,0,0,0,0,0,0,0,0,0,0,0,0,0,0,0,0,0,0,0,0,0,0,0,0,0,0,0,0,0,1,2,2,1,1,0,0,7
2014,Gesturing at subswarms: Towards direct human control of robot swarms,"Podevijn G., O'Grady R., Nashed Y.S.G., Dorigo M.",3029743,Lecture Notes in Computer Science (including subseries Lecture Notes in Artificial Intelligence and Lecture Notes in Bioinformatics),8069, ,0,0,0,0,0,0,0,0,0,0,0,0,0,0,0,0,0,0,0,0,0,0,0,0,0,0,0,0,0,0,0,0,0,0,0,0,0,0,0,0,0,0,0,0,0,0,1,1,0,0,4,1,0,7
2013,Majority rule with differential latency: An absorbing markov chain to model consensus,"Valentini G., Birattari M., Dorigo M.",22138684,Springer Proceedings in Complexity,, ,0,0,0,0,0,0,0,0,0,0,0,0,0,0,0,0,0,0,0,0,0,0,0,0,0,0,0,0,0,0,0,0,0,0,0,0,0,0,0,0,0,0,0,0,0,2,1,0,2,1,1,0,0,7
2012,Multi-armed bandit formulation of the task partitioning problem in swarm robotics,"Pini G., Brutschy A., Francesca G., Dorigo M., Birattari M.",3029743,Lecture Notes in Computer Science (including subseries Lecture Notes in Artificial Intelligence and Lecture Notes in Bioinformatics),7461, ,0,0,0,0,0,0,0,0,0,0,0,0,0,0,0,0,0,0,0,0,0,0,0,0,0,0,0,0,0,0,0,0,0,0,0,0,0,0,0,0,0,0,0,0,1,1,0,0,0,4,1,0,0,7
2011,Enhanced directional self-assembly based on active recruitment and guidance,"Mathews N., Christensen A.L., O'Grady R., Retornaz P., Bonani M., Mondada F., Dorigo M.",,IEEE International Conference on Intelligent Robots and Systems,, ,0,0,0,0,0,0,0,0,0,0,0,0,0,0,0,0,0,0,0,0,0,0,0,0,0,0,0,0,0,0,0,0,0,0,0,0,0,0,0,0,0,0,0,2,0,0,0,2,1,1,1,0,0,7
2011,Swarm-bots to the rescue,"O'Grady R., Pinciroli C., Gross R., Christensen A.L., Mondada F., Bonani M., Dorigo M.",3029743,Lecture Notes in Computer Science (including subseries Lecture Notes in Artificial Intelligence and Lecture Notes in Bioinformatics),5777,1,0,0,0,0,0,0,0,0,0,0,0,0,0,0,0,0,0,0,0,0,0,0,0,0,0,0,0,0,0,0,0,0,0,0,0,0,0,0,0,0,0,0,0,3,1,0,0,1,0,2,0,0,0,7
2008,Social odometry in populations of autonomous robots,"Gutierrez A., Campo A., Santos F.C., Pinciroli C., Dorigo M.",3029743,Lecture Notes in Computer Science (including subseries Lecture Notes in Artificial Intelligence and Lecture Notes in Bioinformatics),5217, ,0,0,0,0,0,0,0,0,0,0,0,0,0,0,0,0,0,0,0,0,0,0,0,0,0,0,0,0,0,0,0,0,0,0,0,0,0,0,0,0,2,2,1,0,1,0,0,0,1,0,0,0,0,7
2004,Ant Colony Optimization and Swarm Intelligence: Preface,"Dorigo M., Birattari M., Blum C., Gambardella L.M., Mondada F., Stutzle T.",3029743,Lecture Notes in Computer Science (including subseries Lecture Notes in Artificial Intelligence and Lecture Notes in Bioinformatics),3172, ,0,0,0,0,0,0,0,0,0,0,0,0,0,0,0,0,0,0,0,0,0,0,0,0,0,0,0,0,0,0,0,0,0,0,0,0,1,0,0,1,1,1,0,0,1,0,0,1,0,0,0,1,0,7
1991,New perspectives about default hierarchies formation in learning classifier systems,Dorigo M.,3029743,Lecture Notes in Computer Science (including subseries Lecture Notes in Artificial Intelligence and Lecture Notes in Bioinformatics),549, ,0,0,0,0,0,0,0,0,0,0,0,0,0,0,0,0,0,0,0,0,0,0,0,0,0,0,0,0,0,0,0,0,1,0,2,0,0,0,0,0,1,0,0,1,0,0,1,1,0,0,0,0,0,7
2012,An ACO algorithm benchmarked on the BBOB noiseless function testbed,"Liao T., Molina D., Stutzle T., Montes De Oca M.A., Dorigo M.",,GECCO'12 - Proceedings of the 14th International Conference on Genetic and Evolutionary Computation Companion,, ,0,0,0,0,0,0,0,0,0,0,0,0,0,0,0,0,0,0,0,0,0,0,0,0,0,0,0,0,0,0,0,0,0,0,0,0,0,0,0,0,0,0,0,0,1,0,4,0,0,1,0,0,0,6
2012,Supervised morphogenesis - Morphology control of ground-based self-assembling robots by aerial robots,"Mathews N., Stranieri A., Scheidler A., Dorigo M.",,"11th International Conference on Autonomous Agents and Multiagent Systems 2012, AAMAS 2012: Innovative Applications Track",1, ,0,0,0,0,0,0,0,0,0,0,0,0,0,0,0,0,0,0,0,0,0,0,0,0,0,0,0,0,0,0,0,0,0,0,0,0,0,0,0,0,0,0,0,1,1,1,1,0,1,0,1,0,0,6
2010,Cooperation in a heterogeneous robot swarm through spatially targeted communication,"Mathews N., Christensen A.L., O'Grady R., Dorigo M.",3029743,Lecture Notes in Computer Science (including subseries Lecture Notes in Artificial Intelligence and Lecture Notes in Bioinformatics),6234, ,0,0,0,0,0,0,0,0,0,0,0,0,0,0,0,0,0,0,0,0,0,0,0,0,0,0,0,0,0,0,0,0,0,0,0,0,0,0,0,0,0,0,0,3,1,0,0,0,0,0,2,0,0,6
2008,Self-assembly in physical autonomous robots: The evolutionary robotics approach,"Tuci E., Ampatzis C., Trianni V., Christensen A.L., Dorigo M.",,"Artificial Life XI: Proceedings of the 11th International Conference on the Simulation and Synthesis of Living Systems, ALIFE 2008",, ,0,0,0,0,0,0,0,0,0,0,0,0,0,0,0,0,0,0,0,0,0,0,0,0,0,0,0,0,0,0,0,0,0,0,0,0,0,0,0,0,1,0,2,0,0,0,0,1,0,1,0,1,0,6
2008,Autonomous reconfiguration in a self-assembling multi-robot system,"O'Grady R., Christensen A.L., Dorigo M.",3029743,Lecture Notes in Computer Science (including subseries Lecture Notes in Artificial Intelligence and Lecture Notes in Bioinformatics),5217, ,0,0,0,0,0,0,0,0,0,0,0,0,0,0,0,0,0,0,0,0,0,0,0,0,0,0,0,0,0,0,0,0,0,0,0,0,0,0,0,1,0,0,0,2,2,0,0,1,0,0,0,0,0,6
2008,Lattice formation in space for a swarm of pico satellites,"Pinciroli C., Birattari M., Tuci E., Dorigo M., Del Rey Zapatero M., Vinko T., Izzo D.",3029743,Lecture Notes in Computer Science (including subseries Lecture Notes in Artificial Intelligence and Lecture Notes in Bioinformatics),5217, ,0,0,0,0,0,0,0,0,0,0,0,0,0,0,0,0,0,0,0,0,0,0,0,0,0,0,0,0,0,0,0,0,0,0,0,0,0,0,0,0,1,0,1,1,1,0,0,0,1,1,0,0,0,6
2007,Ant colony optimization,"Dorigo M., Socha K.",,Handbook of Approximation Algorithms and Metaheuristics,, ,0,0,0,0,0,0,0,0,0,0,0,0,0,0,0,0,0,0,0,0,0,0,0,0,0,0,0,0,0,0,0,0,0,0,0,0,0,0,0,0,2,0,0,0,1,0,0,1,0,0,1,1,0,6
2012,Analysing robot swarm decision-making with bio-PEPA,"Massink M., Brambilla M., Latella D., Dorigo M., Birattari M.",3029743,Lecture Notes in Computer Science (including subseries Lecture Notes in Artificial Intelligence and Lecture Notes in Bioinformatics),7461, ,0,0,0,0,0,0,0,0,0,0,0,0,0,0,0,0,0,0,0,0,0,0,0,0,0,0,0,0,0,0,0,0,0,0,0,0,0,0,0,0,0,0,0,0,3,0,0,0,1,1,0,0,0,5
2010,Opinion dynamics for decentralized decision-making in a robot swarm,"Montes De Oca M.A., Ferrante E., Mathews N., Birattari M., Dorigo M.",3029743,Lecture Notes in Computer Science (including subseries Lecture Notes in Artificial Intelligence and Lecture Notes in Bioinformatics),6234, ,0,0,0,0,0,0,0,0,0,0,0,0,0,0,0,0,0,0,0,0,0,0,0,0,0,0,0,0,0,0,0,0,0,0,0,0,0,0,0,0,0,2,1,1,0,0,0,0,0,0,1,0,0,5
2006,Incremental local search in ant colony optimization: Why it fails for the quadratic assignment problem,"Balaprakash P., Birattari M., Stutzle T., Dorigo M.",3029743,Lecture Notes in Computer Science (including subseries Lecture Notes in Artificial Intelligence and Lecture Notes in Bioinformatics),4150, ,0,0,0,0,0,0,0,0,0,0,0,0,0,0,0,0,0,0,0,0,0,0,0,0,0,0,0,0,0,0,0,0,0,0,0,0,0,0,0,1,1,0,0,0,0,1,0,0,1,0,0,1,0,5
1997,Précis of Robot Shaping: An Experiment in Behavior Engineering,"Dorigo M., Colombetti M.",10597123,Adaptive Behavior,5,4,0,0,0,0,0,0,0,0,0,0,0,0,0,0,0,0,0,0,0,0,0,0,0,0,0,0,0,0,0,1,0,0,2,0,1,0,0,0,0,0,0,0,0,1,0,0,0,0,0,0,0,0,0,5
2018,Ant colony optimization: A component-wise overview,"Lopez-Ibanez M., Stutzle T., Dorigo M.",,Handbook of Heuristics,1月2日, ,0,0,0,0,0,0,0,0,0,0,0,0,0,0,0,0,0,0,0,0,0,0,0,0,0,0,0,0,0,0,0,0,0,0,0,0,0,0,0,0,0,0,0,0,0,0,0,0,0,1,0,3,0,4
2015,Self-organized collective decision-making in a 100-robot swarm,"Valentini G., Hamann H., Dorigo M.",,Proceedings of the National Conference on Artificial Intelligence,6, ,0,0,0,0,0,0,0,0,0,0,0,0,0,0,0,0,0,0,0,0,0,0,0,0,0,0,0,0,0,0,0,0,0,0,0,0,0,0,0,0,0,0,0,0,0,0,0,0,2,0,2,0,0,4
2009,A reliable distributed algorithm for group size estimation with minimal communication requirements,"Brambilla M., Pinciroli C., Birattari M., Dorigo M.",,"2009 International Conference on Advanced Robotics, ICAR 2009",, ,0,0,0,0,0,0,0,0,0,0,0,0,0,0,0,0,0,0,0,0,0,0,0,0,0,0,0,0,0,0,0,0,0,0,0,0,0,0,0,0,0,0,0,0,1,0,0,2,0,0,0,1,0,4
2007,Evolution of signalling in a group of robots controlled by dynamic neural networks,"Ampatzis C., Tuci E., Trianni V., Dorigo M.",3029743,Lecture Notes in Computer Science (including subseries Lecture Notes in Artificial Intelligence and Lecture Notes in Bioinformatics),4433, ,0,0,0,0,0,0,0,0,0,0,0,0,0,0,0,0,0,0,0,0,0,0,0,0,0,0,0,0,0,0,0,0,0,0,0,0,0,1,3,0,0,0,0,0,0,0,0,0,0,0,0,0,0,4
2007,A mechanism to self-assemble patterns with autonomous robots,"Christensen A.L., O'Grady R., Dorigo M.",3029743,Lecture Notes in Computer Science (including subseries Lecture Notes in Artificial Intelligence and Lecture Notes in Bioinformatics),4648, ,0,0,0,0,0,0,0,0,0,0,0,0,0,0,0,0,0,0,0,0,0,0,0,0,0,0,0,0,0,0,0,0,0,0,0,0,0,0,0,1,0,0,1,1,1,0,0,0,0,0,0,0,0,4
2007,Exogenous fault detection in a collective robotic task,"Christensen A.L., O'Grady R., Birattari M., Dorigo M.",3029743,Lecture Notes in Computer Science (including subseries Lecture Notes in Artificial Intelligence and Lecture Notes in Bioinformatics),4648, ,0,0,0,0,0,0,0,0,0,0,0,0,0,0,0,0,0,0,0,0,0,0,0,0,0,0,0,0,0,0,0,0,0,0,0,0,0,0,0,0,0,0,1,0,0,0,1,0,1,0,1,0,0,4
1995,Evolutionary learning for intelligent automation: A case study,"Patel M.J., Colombetti M., Dorigo M.",10798587,Intelligent Automation and Soft Computing,1,1,0,0,0,0,0,0,0,0,0,0,0,0,0,0,0,0,0,0,0,0,0,0,0,0,0,0,1,0,0,0,0,0,1,0,1,0,1,0,0,0,0,0,0,0,0,0,0,0,0,0,0,0,0,4
2018,Why the intelligent water drops cannot be considered as a novel algorithm,"Camacho-Villalon C.L., Dorigo M., Stutzle T.",3029743,Lecture Notes in Computer Science (including subseries Lecture Notes in Artificial Intelligence and Lecture Notes in Bioinformatics),11172, ,0,0,0,0,0,0,0,0,0,0,0,0,0,0,0,0,0,0,0,0,0,0,0,0,0,0,0,0,0,0,0,0,0,0,0,0,0,0,0,0,0,0,0,0,0,0,0,0,0,0,2,1,0,3
2017,Structure and markings as stimuli for autonomous construction,"Allwright M., Bhalla N., Dorigo M.",,"2017 18th International Conference on Advanced Robotics, ICAR 2017",, ,0,0,0,0,0,0,0,0,0,0,0,0,0,0,0,0,0,0,0,0,0,0,0,0,0,0,0,0,0,0,0,0,0,0,0,0,0,0,0,0,0,0,0,0,0,0,0,0,0,2,1,0,0,3
2016,Editorial: Ten years of swarm intelligence,Dorigo M.,19353812,Swarm Intelligence,10,4,0,0,0,0,0,0,0,0,0,0,0,0,0,0,0,0,0,0,0,0,0,0,0,0,0,0,0,0,0,0,0,0,0,0,0,0,0,0,0,0,0,0,0,0,0,0,0,0,0,2,1,0,0,3
2013,Self-organized flocking with conflicting goal directions,"Ferrante E., Sun W., Turgut A.E., Dorigo M., Birattari M., Wenseleers T.",22138684,Springer Proceedings in Complexity,, ,0,0,0,0,0,0,0,0,0,0,0,0,0,0,0,0,0,0,0,0,0,0,0,0,0,0,0,0,0,0,0,0,0,0,0,0,0,0,0,0,0,0,0,0,0,1,2,0,0,0,0,0,0,3
2010,Engineering self-coordinating software intensive systems,"Schafer W., Birattari M., Blomer J., Dorigo M., Engels G., O'Grady R., Platzner M., Rammig F., Reif W., Trachtler A.",,"Proceedings of the FSE/SDP Workshop on the Future of Software Engineering Research, FoSER 2010",, ,0,0,0,0,0,0,0,0,0,0,0,0,0,0,0,0,0,0,0,0,0,0,0,0,0,0,0,0,0,0,0,0,0,0,0,0,0,0,0,0,0,0,0,1,0,2,0,0,0,0,0,0,0,3
2008,Synchronization and fault detection in autonomous robots,"Christensen A.L., O'Grady R., Dorigo M.",,"2008 IEEE/RSJ International Conference on Intelligent Robots and Systems, IROS",, ,0,0,0,0,0,0,0,0,0,0,0,0,0,0,0,0,0,0,0,0,0,0,0,0,0,0,0,0,0,0,0,0,0,0,0,0,0,0,0,0,0,0,0,0,1,0,0,0,1,0,1,0,0,3
2006,Evolved homogeneous neuro-controllers for robots with different sensory capabilities: Coordinated motion and cooperation,"Tuci E., Ampatzis C., Vicentini F., Dorigo M.",3029743,Lecture Notes in Computer Science (including subseries Lecture Notes in Artificial Intelligence and Lecture Notes in Bioinformatics),4095, ,0,0,0,0,0,0,0,0,0,0,0,0,0,0,0,0,0,0,0,0,0,0,0,0,0,0,0,0,0,0,0,0,0,0,0,0,0,0,0,0,1,0,1,0,1,0,0,0,0,0,0,0,0,3
2005,Evolving neural mechanisms for an iterated discrimination task: A robot based model,"Tuci E., Ampatzis C., Dorigo M.",3029743,Lecture Notes in Computer Science (including subseries Lecture Notes in Artificial Intelligence and Lecture Notes in Bioinformatics),3630, ,0,0,0,0,0,0,0,0,0,0,0,0,0,0,0,0,0,0,0,0,0,0,0,0,0,0,0,0,0,0,0,0,0,0,0,0,0,0,0,2,1,0,0,0,0,0,0,0,0,0,0,0,0,3
1994,Adaptive learning of a robot arm,"Patel M.J., Dorigo M.",3029743,Lecture Notes in Computer Science (including subseries Lecture Notes in Artificial Intelligence and Lecture Notes in Bioinformatics),865, ,0,0,0,0,0,0,0,0,0,0,0,0,0,0,0,0,0,0,0,0,0,0,0,0,0,0,2,0,0,0,0,0,0,0,0,0,0,0,0,1,0,0,0,0,0,0,0,0,0,0,0,0,0,3
2019,Supervised morphogenesis: Exploiting morphological flexibility of self-assembling multirobot systems through cooperation with aerial robots,"Mathews N., Christensen A.L., Stranieri A., Scheidler A., Dorigo M.",9218890,Robotics and Autonomous Systems,112, ,0,0,0,0,0,0,0,0,0,0,0,0,0,0,0,0,0,0,0,0,0,0,0,0,0,0,0,0,0,0,0,0,0,0,0,0,0,0,0,0,0,0,0,0,0,0,0,0,0,0,1,1,0,2
2017,Yield prediction in parallel homogeneous assembly,"Ipparthi D., Winslow A., Sitti M., Dorigo M., Mastrangeli M.",1744683X,Soft Matter,13,41,0,0,0,0,0,0,0,0,0,0,0,0,0,0,0,0,0,0,0,0,0,0,0,0,0,0,0,0,0,0,0,0,0,0,0,0,0,0,0,0,0,0,0,0,0,0,0,0,0,1,1,0,0,2
2016,Population coding: A new design paradigm for embodied distributed systems,"Hamann H., Valentini G., Dorigo M.",3029743,Lecture Notes in Computer Science (including subseries Lecture Notes in Artificial Intelligence and Lecture Notes in Bioinformatics),9882, ,0,0,0,0,0,0,0,0,0,0,0,0,0,0,0,0,0,0,0,0,0,0,0,0,0,0,0,0,0,0,0,0,0,0,0,0,0,0,0,0,0,0,0,0,0,0,0,0,1,0,1,0,0,2
2014,A geometrical approach to the incompatible substructure problem in parallel self-assembly,"Bhalla N., Ipparthi D., Klemp E., Dorigo M.",3029743,Lecture Notes in Computer Science (including subseries Lecture Notes in Artificial Intelligence and Lecture Notes in Bioinformatics),8672, ,0,0,0,0,0,0,0,0,0,0,0,0,0,0,0,0,0,0,0,0,0,0,0,0,0,0,0,0,0,0,0,0,0,0,0,0,0,0,0,0,0,0,0,0,0,0,0,0,1,1,0,0,0,2
2014,Collective decision making in distributed systems inspired by honeybees behaviour,"Reina A., Dorigo M., Trianni V.",,"13th International Conference on Autonomous Agents and Multiagent Systems, AAMAS 2014",2, ,0,0,0,0,0,0,0,0,0,0,0,0,0,0,0,0,0,0,0,0,0,0,0,0,0,0,0,0,0,0,0,0,0,0,0,0,0,0,0,0,0,0,0,0,0,0,0,0,1,1,0,0,0,2
2013,The swarm-bot experience: Strength and mobility through physical cooperation,"Gross R., O'Grady R., Christensen A.L., Dorigo M.",,Handbook of Collective Robotics - Fundamentals and Challenges,, ,0,0,0,0,0,0,0,0,0,0,0,0,0,0,0,0,0,0,0,0,0,0,0,0,0,0,0,0,0,0,0,0,0,0,0,0,0,0,0,0,0,0,0,0,0,1,0,1,0,0,0,0,0,2
2011,Costs and benefits of behavioral specialization,"Brutschy A., Tran N.-L., Baiboun N., Frison M., Pini G., Roli A., Dorigo M., Birattari M.",3029743,Lecture Notes in Computer Science (including subseries Lecture Notes in Artificial Intelligence and Lecture Notes in Bioinformatics),6856, ,0,0,0,0,0,0,0,0,0,0,0,0,0,0,0,0,0,0,0,0,0,0,0,0,0,0,0,0,0,0,0,0,0,0,0,0,0,0,0,0,0,0,0,1,0,1,0,0,0,0,0,0,0,2
2010,Incremental social learning applied to a decentralized decision-making mechanism: Collective learning made faster,"Montes De Oca M.A., Stutzle T., Birattari M., Dorigo M.",,"Proceedings - 2010 4th IEEE International Conference on Self-Adaptive and Self-Organizing Systems, SASO 2010",, ,0,0,0,0,0,0,0,0,0,0,0,0,0,0,0,0,0,0,0,0,0,0,0,0,0,0,0,0,0,0,0,0,0,0,0,0,0,0,0,0,0,0,0,0,1,0,0,0,0,0,1,0,0,2
2010,Coordinating heterogeneous swarms through minimal communication among homogeneous sub-swarms,"Pinciroli C., O'Grady R., Christensen A.L., Dorigo M.",3029743,Lecture Notes in Computer Science (including subseries Lecture Notes in Artificial Intelligence and Lecture Notes in Bioinformatics),6234, ,0,0,0,0,0,0,0,0,0,0,0,0,0,0,0,0,0,0,0,0,0,0,0,0,0,0,0,0,0,0,0,0,0,0,0,0,0,0,0,0,0,0,0,1,1,0,0,0,0,0,0,0,0,2
2010,Look out!: Socially-mediated obstacle avoidance in collective transport,"Ferrante E., Brambilla M., Birattari M., Dorigo M.",3029743,Lecture Notes in Computer Science (including subseries Lecture Notes in Artificial Intelligence and Lecture Notes in Bioinformatics),6234, ,0,0,0,0,0,0,0,0,0,0,0,0,0,0,0,0,0,0,0,0,0,0,0,0,0,0,0,0,0,0,0,0,0,0,0,0,0,0,0,0,0,1,0,1,0,0,0,0,0,0,0,0,0,2
2008,Swarms of self-assembling robots,Dorigo M.,3029743,Lecture Notes in Computer Science (including subseries Lecture Notes in Artificial Intelligence and Lecture Notes in Bioinformatics),5049, ,0,0,0,0,0,0,0,0,0,0,0,0,0,0,0,0,0,0,0,0,0,0,0,0,0,0,0,0,0,0,0,0,0,0,0,0,0,0,0,0,0,0,0,0,0,0,0,2,0,0,0,0,0,2
2007,Self-assembly and morphology control in a swarm-bot,"O'Grady R., Christensen A.L., Dorigo M.",,IEEE International Conference on Intelligent Robots and Systems,, ,0,0,0,0,0,0,0,0,0,0,0,0,0,0,0,0,0,0,0,0,0,0,0,0,0,0,0,0,0,0,0,0,0,0,0,0,0,0,0,1,0,0,0,1,0,0,0,0,0,0,0,0,0,2
2006,Swarm-bot: A novel type of self-assembling robot,Dorigo M.,,"Proceedings of the 3rd International Symposium on Autonomous Minirobots for Research and Edutainment, AMiRE 2005",, ,0,0,0,0,0,0,0,0,0,0,0,0,0,0,0,0,0,0,0,0,0,0,0,0,0,0,0,0,0,0,0,0,0,0,0,0,0,0,1,0,1,0,0,0,0,0,0,0,0,0,0,0,0,2
2006,On the invariance of ant system,"Birattari M., Pellegrini P., Dorigo M.",3029743,Lecture Notes in Computer Science (including subseries Lecture Notes in Artificial Intelligence and Lecture Notes in Bioinformatics),4150, ,0,0,0,0,0,0,0,0,0,0,0,0,0,0,0,0,0,0,0,0,0,0,0,0,0,0,0,0,0,0,0,0,0,0,0,0,0,0,0,0,1,0,1,0,0,0,0,0,0,0,0,0,0,2
2004,"Evolving the ""feeling"" of time through sensory-motor coordination: a robot based model","Tuci E., Trianni V., Dorigo M.",3029743,Lecture Notes in Computer Science (including subseries Lecture Notes in Artificial Intelligence and Lecture Notes in Bioinformatics),3242, ,0,0,0,0,0,0,0,0,0,0,0,0,0,0,0,0,0,0,0,0,0,0,0,0,0,0,0,0,0,0,0,0,0,0,0,0,0,0,1,0,1,0,0,0,0,0,0,0,0,0,0,0,0,2
1997,Reply to Dario Floreano's “Engineering Adaptive Behavior”,"Dorigo M., Colombetti M.",10597123,Adaptive Behavior,5,4,0,0,0,0,0,0,0,0,0,0,0,0,0,0,0,0,0,0,0,0,0,0,0,0,0,0,0,0,0,0,0,0,1,0,1,0,0,0,0,0,0,0,0,0,0,0,0,0,0,0,0,0,0,2
1996,An application of evolutionary algorithms to the scheduling of robotic operations,"Gorrini V., Dorigo M.",3029743,Lecture Notes in Computer Science (including subseries Lecture Notes in Artificial Intelligence and Lecture Notes in Bioinformatics),1063, ,0,0,0,0,0,0,0,0,0,0,0,0,0,0,0,0,0,0,0,0,0,0,0,0,0,0,0,0,0,0,1,0,0,0,0,0,0,0,0,0,0,0,0,0,0,0,0,0,0,0,0,1,0,2
2019,Urban swarms: A new approach for autonomous waste management,"Alfeo A.L., Ferrer E.C., Carrillo Y.L., Grignard A., Pastor L.A., Sleeper D.T., Cimino M.G.C.A., Lepri B., Vaglini G., Larson K., Dorigo M., Pentland A.S.",10504729,Proceedings - IEEE International Conference on Robotics and Automation,2019-, ,0,0,0,0,0,0,0,0,0,0,0,0,0,0,0,0,0,0,0,0,0,0,0,0,0,0,0,0,0,0,0,0,0,0,0,0,0,0,0,0,0,0,0,0,0,0,0,0,0,0,1,0,0,1
2019,An open-source multi-robot construction system,"Allwright M., Zhu W., Dorigo M.",24680672,HardwareX,5, ,0,0,0,0,0,0,0,0,0,0,0,0,0,0,0,0,0,0,0,0,0,0,0,0,0,0,0,0,0,0,0,0,0,0,0,0,0,0,0,0,0,0,0,0,0,0,0,0,0,0,1,0,0,1
2018,Balancing exploitation of renewable resources by a robot swarm,"Miletitch R., Dorigo M., Trianni V.",19353812,Swarm Intelligence,12,4,0,0,0,0,0,0,0,0,0,0,0,0,0,0,0,0,0,0,0,0,0,0,0,0,0,0,0,0,0,0,0,0,0,0,0,0,0,0,0,0,0,0,0,0,0,0,0,0,0,0,0,1,0,1
2018,Kinetics of orbitally shaken particles constrained to two dimensions,"Ipparthi D., Hageman T.A.G., Cambier N., Sitti M., Dorigo M., Abelmann L., Mastrangeli M.",24700045,Physical Review E,98,4,0,0,0,0,0,0,0,0,0,0,0,0,0,0,0,0,0,0,0,0,0,0,0,0,0,0,0,0,0,0,0,0,0,0,0,0,0,0,0,0,0,0,0,0,0,0,0,0,0,0,0,1,0,1
2018,Simulating multi-robot construction in argos,"Allwright M., Bhalla N., Pinciroli C., Dorigo M.",3029743,Lecture Notes in Computer Science (including subseries Lecture Notes in Artificial Intelligence and Lecture Notes in Bioinformatics),11172, ,0,0,0,0,0,0,0,0,0,0,0,0,0,0,0,0,0,0,0,0,0,0,0,0,0,0,0,0,0,0,0,0,0,0,0,0,0,0,0,0,0,0,0,0,0,0,0,0,0,0,1,0,0,1
2015,ANTS 2014 special issue: Editorial,"Dorigo M., Birattari M., Garnier S., Hamann H., de Oca M.A.M., Solnon C., Stutzle T.",19353812,Swarm Intelligence,9, 2-3,0,0,0,0,0,0,0,0,0,0,0,0,0,0,0,0,0,0,0,0,0,0,0,0,0,0,0,0,0,0,0,0,0,0,0,0,0,0,0,0,0,0,0,0,0,0,0,0,1,0,0,0,0,1
2014,ZePPeLIN: Distributed path planning using an overhead camera network,"Reina A., Gambardella L.M., Dorigo M., Di Caro G.A.",17298806,International Journal of Advanced Robotic Systems,11,1,0,0,0,0,0,0,0,0,0,0,0,0,0,0,0,0,0,0,0,0,0,0,0,0,0,0,0,0,0,0,0,0,0,0,0,0,0,0,0,0,0,0,0,0,0,0,0,0,0,1,0,0,0,1
2013,ANTS 2012 special issue: Editorial,"Dorigo M., Birattari M., Blum C., Christensen A.L., Engelbrecht A., Gross R., Stutzle T.",19353812,Swarm Intelligence,7, 2-3,0,0,0,0,0,0,0,0,0,0,0,0,0,0,0,0,0,0,0,0,0,0,0,0,0,0,0,0,0,0,0,0,0,0,0,0,0,0,0,0,0,0,0,0,0,0,1,0,0,0,0,0,0,1
2010,Evolution of signaling in a multi-robot system: Categorization and communication,"Ampatzis C., Tuci E., Trianni V., Dorigo M.",,Evolution of Communication and Language in Embodied Agents,, ,0,0,0,0,0,0,0,0,0,0,0,0,0,0,0,0,0,0,0,0,0,0,0,0,0,0,0,0,0,0,0,0,0,0,0,0,0,0,0,0,0,0,0,0,0,0,1,0,0,0,0,0,0,1
2008,Enhancing the cooperative transport of multiple objects,"Decugniere A., Poulain B., Campo A., Pinciroli C., Tartini B., Osee M., Dorigo M., Birattari M.",3029743,Lecture Notes in Computer Science (including subseries Lecture Notes in Artificial Intelligence and Lecture Notes in Bioinformatics),5217, ,0,0,0,0,0,0,0,0,0,0,0,0,0,0,0,0,0,0,0,0,0,0,0,0,0,0,0,0,0,0,0,0,0,0,0,0,0,0,0,0,0,0,0,1,0,0,0,0,0,0,0,0,0,1
2006,Enhancing cooperative transport using negotiation of goal direction,"Campo A., Nouyan S., Birattari M., Gross R., Dorigo M.",15687805,Belgian/Netherlands Artificial Intelligence Conference,, ,0,0,0,0,0,0,0,0,0,0,0,0,0,0,0,0,0,0,0,0,0,0,0,0,0,0,0,0,0,0,0,0,0,0,0,0,0,0,0,0,0,0,0,0,1,0,0,0,0,0,0,0,0,1
2006,Parallel multicolony aco algorithm with exchange of solutions,"Manfrin M., Birattari M., Stutzle T., Dorigo M.",15687805,Belgian/Netherlands Artificial Intelligence Conference,, ,0,0,0,0,0,0,0,0,0,0,0,0,0,0,0,0,0,0,0,0,0,0,0,0,0,0,0,0,0,0,0,0,0,0,0,0,0,0,0,0,0,0,0,0,0,0,0,1,0,0,0,0,0,1
2006,Operational aspects of the evolved signalling behaviour in a group of cooperating and communicating robots,"Tuci E., Ampatzis C., Vicentini F., Dorigo M.",3029743,Lecture Notes in Computer Science (including subseries Lecture Notes in Artificial Intelligence and Lecture Notes in Bioinformatics),4211, ,0,0,0,0,0,0,0,0,0,0,0,0,0,0,0,0,0,0,0,0,0,0,0,0,0,0,0,0,0,0,0,0,0,0,0,0,0,0,0,0,0,0,0,0,0,0,1,0,0,0,0,0,0,1
2004,"Ant colony optimization and swarm intelligence: 4th international workshop, ANTS 2004 Brussels, Belgium, september 5 - 8, 2004 proceedings","Dorigo M., Birattari M., Blum C., Gambardella L.M., Mondada F., Stutzle T.",3029743,Lecture Notes in Computer Science (including subseries Lecture Notes in Artificial Intelligence and Lecture Notes in Bioinformatics),3172, ,0,0,0,0,0,0,0,0,0,0,0,0,0,0,0,0,0,0,0,0,0,0,0,0,0,0,0,0,0,0,0,0,0,0,0,0,0,0,1,0,0,0,0,0,0,0,0,0,0,0,0,0,0,1
2019,SOCO 2018 Foreword: 2nd International Workshop on Self-Organised Construction,"Hamann H., Von Mammen S., Mauser I., Ayres P., Banzhaff W., Bentley P., Dittrich P., Dorigo M., Doursat R., Hensen J., Hohl W., Jacob C., Menges A., Michel O., Napp N., Petersen K., Sayama H., Schmickl T., Stoy K., Theraulaz G., Werfel J., Zamuda A.",,"Proceedings - 2018 IEEE 3rd International Workshops on Foundations and Applications of Self* Systems, FAS*W 2018",, ,0,0,0,0,0,0,0,0,0,0,0,0,0,0,0,0,0,0,0,0,0,0,0,0,0,0,0,0,0,0,0,0,0,0,0,0,0,0,0,0,0,0,0,0,0,0,0,0,0,0,0,0,0,0
2018,Hybrid control of swarms for resource selection,"Trabattoni M., Valentini G., Dorigo M.",3029743,Lecture Notes in Computer Science (including subseries Lecture Notes in Artificial Intelligence and Lecture Notes in Bioinformatics),11172, ,0,0,0,0,0,0,0,0,0,0,0,0,0,0,0,0,0,0,0,0,0,0,0,0,0,0,0,0,0,0,0,0,0,0,0,0,0,0,0,0,0,0,0,0,0,0,0,0,0,0,0,0,0,0
2018,Preface,"Dorigo M., Birattari M., Blum C., Christensen A.L., Reina A., Trianni V.",3029743,Lecture Notes in Computer Science (including subseries Lecture Notes in Artificial Intelligence and Lecture Notes in Bioinformatics),11172, ,0,0,0,0,0,0,0,0,0,0,0,0,0,0,0,0,0,0,0,0,0,0,0,0,0,0,0,0,0,0,0,0,0,0,0,0,0,0,0,0,0,0,0,0,0,0,0,0,0,0,0,0,0,0
2017,ANTS 2016 special issue: Editorial,"Dorigo M., Birattari M., Li X., Lopez-Ibanez M., Ohkura K., Pinciroli C., Stutzle T.",19353812,Swarm Intelligence,11, 3-4,0,0,0,0,0,0,0,0,0,0,0,0,0,0,0,0,0,0,0,0,0,0,0,0,0,0,0,0,0,0,0,0,0,0,0,0,0,0,0,0,0,0,0,0,0,0,0,0,0,0,0,0,0,0
2016,Investigating the effect of the reality gap on the human psychophysiological state in the context of human-swarm interaction,"Podevijn G., O'Grady R., Fantini-Hauwel C., Dorigo M.",23765992,PeerJ Computer Science,2016,9,0,0,0,0,0,0,0,0,0,0,0,0,0,0,0,0,0,0,0,0,0,0,0,0,0,0,0,0,0,0,0,0,0,0,0,0,0,0,0,0,0,0,0,0,0,0,0,0,0,0,0,0,0,0
2016,Preface,"Dorigo M., Birattari M., Li X., Lopez-Ibanez M., Ohkura K., Pinciroli C., Stutzle T.",3029743,Lecture Notes in Computer Science (including subseries Lecture Notes in Artificial Intelligence and Lecture Notes in Bioinformatics),9882, ,0,0,0,0,0,0,0,0,0,0,0,0,0,0,0,0,0,0,0,0,0,0,0,0,0,0,0,0,0,0,0,0,0,0,0,0,0,0,0,0,0,0,0,0,0,0,0,0,0,0,0,0,0,0
2014,Special issue for the 20th anniversary of the European conference on artificial life (ECAL 2011),"Lenaerts T., Giacobini M., Bersini H., Bourgine P., Dorigo M., Doursat R.",10645462,Artificial Life,20,1,0,0,0,0,0,0,0,0,0,0,0,0,0,0,0,0,0,0,0,0,0,0,0,0,0,0,0,0,0,0,0,0,0,0,0,0,0,0,0,0,0,0,0,0,0,0,0,0,0,0,0,0,0,0
2014,Preface,"Dorigo M., Birattari M., Garnier S., Hamann H., De Oca M.M., Solnon C., Stutzle T.",3029743,Lecture Notes in Computer Science (including subseries Lecture Notes in Artificial Intelligence and Lecture Notes in Bioinformatics),8667, ,0,0,0,0,0,0,0,0,0,0,0,0,0,0,0,0,0,0,0,0,0,0,0,0,0,0,0,0,0,0,0,0,0,0,0,0,0,0,0,0,0,0,0,0,0,0,0,0,0,0,0,0,0,0
2014,"[ARGoS: A modular and multi-engine simulator for multi-robot systems, Argos: Un simulatore modulare e multi-motore per sistemi multi-robot]","Pinciroli C., Birattari M., Dorigo M.",11209550,Sistemi Intelligenti,26,3,0,0,0,0,0,0,0,0,0,0,0,0,0,0,0,0,0,0,0,0,0,0,0,0,0,0,0,0,0,0,0,0,0,0,0,0,0,0,0,0,0,0,0,0,0,0,0,0,0,0,0,0,0,0
2014,"[Swarm robotics: A literature review, Robotica di sciame: Una rassegna bibliografica]","Brambilla M., Ferrante E., Prina A., Birattari M., Dorigo M.",11209550,Sistemi Intelligenti,26,3,0,0,0,0,0,0,0,0,0,0,0,0,0,0,0,0,0,0,0,0,0,0,0,0,0,0,0,0,0,0,0,0,0,0,0,0,0,0,0,0,0,0,0,0,0,0,0,0,0,0,0,0,0,0
2014,Self-assembly,"Bhalla N., Bentley P.J., Dorigo M.",,GECCO 2014 - Companion Publication of the 2014 Genetic and Evolutionary Computation Conference,, ,0,0,0,0,0,0,0,0,0,0,0,0,0,0,0,0,0,0,0,0,0,0,0,0,0,0,0,0,0,0,0,0,0,0,0,0,0,0,0,0,0,0,0,0,0,0,0,0,0,0,0,0,0,0
2012,Lecture Notes in Computer Science (including subseries Lecture Notes in Artificial Intelligence and Lecture Notes in Bioinformatics): Preface,"Dorigo M., Birattari M., Blum C., Christensen A.L., Engelbrecht A.P., Gross R., Stutzle T.",3029743,Lecture Notes in Computer Science (including subseries Lecture Notes in Artificial Intelligence and Lecture Notes in Bioinformatics),7461, ,0,0,0,0,0,0,0,0,0,0,0,0,0,0,0,0,0,0,0,0,0,0,0,0,0,0,0,0,0,0,0,0,0,0,0,0,0,0,0,0,0,0,0,0,0,0,0,0,0,0,0,0,0,0
2011,ANTS 2010 special issue,"Dorigo M., Birattari M., Di Caro G., Doursat R., Engelbrecht A., Gambardella L.M., Gross R., Sahin E., Stutzle T.",19353812,Swarm Intelligence,5, 3-4,0,0,0,0,0,0,0,0,0,0,0,0,0,0,0,0,0,0,0,0,0,0,0,0,0,0,0,0,0,0,0,0,0,0,0,0,0,0,0,0,0,0,0,0,0,0,0,0,0,0,0,0,0,0
2010,Lecture Notes in Computer Science (including subseries Lecture Notes in Artificial Intelligence and Lecture Notes in Bioinformatics): Preface,"Dorigo M., Birattari M., Di Caro G.A., Doursat R., Engelbrecht A.P., Floreano D., Gambardella L.M., Gross R., Sahin E., Sayama H., Stuzle T.",3029743,Lecture Notes in Computer Science (including subseries Lecture Notes in Artificial Intelligence and Lecture Notes in Bioinformatics),6234, ,0,0,0,0,0,0,0,0,0,0,0,0,0,0,0,0,0,0,0,0,0,0,0,0,0,0,0,0,0,0,0,0,0,0,0,0,0,0,0,0,0,0,0,0,0,0,0,0,0,0,0,0,0,0
2008,Lecture Notes in Computer Science: Preface,"Dorigo M., Birattari M., Blum C., Clerc M., Sttzle T., Winfield A.F.T.",3029743,Lecture Notes in Computer Science (including subseries Lecture Notes in Artificial Intelligence and Lecture Notes in Bioinformatics),5217, ,0,0,0,0,0,0,0,0,0,0,0,0,0,0,0,0,0,0,0,0,0,0,0,0,0,0,0,0,0,0,0,0,0,0,0,0,0,0,0,0,0,0,0,0,0,0,0,0,0,0,0,0,0,0
2008,Swarm robotics: The coordination of robots via swarm intelligence principles,Dorigo M.,15715736,IFIP International Federation for Information Processing,268, ,0,0,0,0,0,0,0,0,0,0,0,0,0,0,0,0,0,0,0,0,0,0,0,0,0,0,0,0,0,0,0,0,0,0,0,0,0,0,0,0,0,0,0,0,0,0,0,0,0,0,0,0,0,0
2007,Commentary,"Shi Y., Dorigo M.",,"Proceedings of the 2007 IEEE Swarm Intelligence Symposium, SIS 2007",, ,0,0,0,0,0,0,0,0,0,0,0,0,0,0,0,0,0,0,0,0,0,0,0,0,0,0,0,0,0,0,0,0,0,0,0,0,0,0,0,0,0,0,0,0,0,0,0,0,0,0,0,0,0,0
2006,Lecture Notes in Computer Science (including subseries Lecture Notes in Artificial Intelligence and Lecture Notes in Bioinformatics: Preface,"Dorigo M., Gambardella L.M., Birattari M., Martinoli A., Poli R., Stutzle T.",3029743,Lecture Notes in Computer Science (including subseries Lecture Notes in Artificial Intelligence and Lecture Notes in Bioinformatics),4150, ,0,0,0,0,0,0,0,0,0,0,0,0,0,0,0,0,0,0,0,0,0,0,0,0,0,0,0,0,0,0,0,0,0,0,0,0,0,0,0,0,0,0,0,0,0,0,0,0,0,0,0,0,0,0
2004,Preface,"Dorigo M., Birattari M., Blum C., Gambardella L.M., Mondada F., Stutzle T.",3029743,Lecture Notes in Computer Science (including subseries Lecture Notes in Artificial Intelligence and Lecture Notes in Bioinformatics),3172, ,0,0,0,0,0,0,0,0,0,0,0,0,0,0,0,0,0,0,0,0,0,0,0,0,0,0,0,0,0,0,0,0,0,0,0,0,0,0,0,0,0,0,0,0,0,0,0,0,0,0,0,0,0,0
2002,Preface,"Dorigo M., Di Caro G., Sampels M.",3029743,Lecture Notes in Computer Science (including subseries Lecture Notes in Artificial Intelligence and Lecture Notes in Bioinformatics),2463, ,0,0,0,0,0,0,0,0,0,0,0,0,0,0,0,0,0,0,0,0,0,0,0,0,0,0,0,0,0,0,0,0,0,0,0,0,0,0,0,0,0,0,0,0,0,0,0,0,0,0,0,0,0,0
1998,Robot Shaping: On Learning and Shaping in Real Robots,"Dorigo M., Colombetti M.",9633308,IEE Colloquium (Digest),,248,0,0,0,0,0,0,0,0,0,0,0,0,0,0,0,0,0,0,0,0,0,0,0,0,0,0,0,0,0,0,0,0,0,0,0,0,0,0,0,0,0,0,0,0,0,0,0,0,0,0,0,0,0,0
1996,Robot shaping approach to autonomous robotics,"Dorigo Marco, Colombetti Marco",9633308,IEE Colloquium (Digest),,26,0,0,0,0,0,0,0,0,0,0,0,0,0,0,0,0,0,0,0,0,0,0,0,0,0,0,0,0,0,0,0,0,0,0,0,0,0,0,0,0,0,0,0,0,0,0,0,0,0,0,0,0,0,0
