," 作者:Freeman, William T.",,,,,,,,,,,,,,,,,,,,,,,,,,,,,,,,,,,,,,,,,,,,,,,,,,,,,,,,,,,
,,,,,,,,,,,,,,,,,,,,,,,,,,,,,,,,,,,,,,,,,,,,,,,,,,,,,,,,,,,,
,h-index = 76 (在纳入 h-Index 的 243 文献中，有 76 篇已被至少引用 76 次。),,,,,,,,,,,,,,,,,,,,,,,,,,,,,,,,,,,,,,,,,,,,,,,,,,,,,,,,,,,
,,,,,,,,,,,,,,,,,,,,,,,,,,,,,,,,,,,,,,,,,,,,,,,,,,,,,,,,,,,,
,,,,,,,,,,,,,,,,,,,,,,,,,,,,,,,,,,,,,,,,,,,,,,,,,,,,,,,,,,,,
,,,,,,,<1970,1970,1971,1972,1973,1974,1975,1976,1977,1978,1979,1980,1981,1982,1983,1984,1985,1986,1987,1988,1989,1990,1991,1992,1993,1994,1995,1996,1997,1998,1999,2000,2001,2002,2003,2004,2005,2006,2007,2008,2009,2010,2011,2012,2013,2014,2015,2016,2017,2018,2019,2020,>2020,总计
出版年份,文献标题,作者,ISSN,期刊标题,卷,期,0,0,0,0,0,0,0,0,0,0,0,0,0,0,0,0,0,0,0,0,0,0,2,12,9,31,35,51,74,107,83,125,204,232,330,464,611,766,924,1063,1577,1778,2022,2122,2425,2264,2377,2393,2564,2914,3327,805,0,31691
1991,The Design and Use of Steerable Filters,"Freeman W.T., Adelson E.H.",1628828,IEEE Transactions on Pattern Analysis and Machine Intelligence,13,9,0,0,0,0,0,0,0,0,0,0,0,0,0,0,0,0,0,0,0,0,0,0,0,6,3,18,17,17,37,46,28,44,51,50,59,77,81,98,122,108,144,139,126,131,141,144,119,101,100,98,82,25,0,2212
2002,Example-based super-resolution,"Freeman W.T., Jones T.R., Pasztor E.C.",2721716,IEEE Computer Graphics and Applications,22,2,0,0,0,0,0,0,0,0,0,0,0,0,0,0,0,0,0,0,0,0,0,0,0,0,0,0,0,0,0,0,0,0,0,0,17,22,24,40,50,59,79,91,130,149,158,167,178,186,163,174,142,44,0,1873
2008,LabelMe: A database and web-based tool for image annotation,"Russell B.C., Torralba A., Murphy K.P., Freeman W.T.",9205691,International Journal of Computer Vision,77, 1-3,0,0,0,0,0,0,0,0,0,0,0,0,0,0,0,0,0,0,0,0,0,0,0,0,0,0,0,0,0,0,0,0,0,0,0,0,0,0,0,11,77,111,135,121,157,132,134,138,133,151,193,48,0,1541
2001,Image quilting for texture synthesis and transfer,"Efros A.A., Freeman W.T.",,Proceedings of the ACM SIGGRAPH Conference on Computer Graphics,, ,0,0,0,0,0,0,0,0,0,0,0,0,0,0,0,0,0,0,0,0,0,0,0,0,0,0,0,0,0,0,0,0,4,31,38,65,61,82,80,76,89,90,81,80,75,70,82,42,61,53,61,15,0,1236
2000,Learning low-level vision,"Freeman W.T., Pasztor E.C., Carmichael O.T.",9205691,International Journal of Computer Vision,40,1,0,0,0,0,0,0,0,0,0,0,0,0,0,0,0,0,0,0,0,0,0,0,0,0,0,0,0,0,0,0,0,0,6,5,26,28,43,55,56,66,78,64,89,94,79,57,75,90,59,74,66,19,0,1129
2008,80 million tiny images: A large data set for nonparametric object and scene recognition,"Torralba A., Fergus R., Freeman W.T.",1628828,IEEE Transactions on Pattern Analysis and Machine Intelligence,30,11,0,0,0,0,0,0,0,0,0,0,0,0,0,0,0,0,0,0,0,0,0,0,0,0,0,0,0,0,0,0,0,0,0,0,0,0,0,0,0,4,54,93,90,106,104,113,124,106,102,93,95,20,0,1104
1992,Shiftable Multiscale Transforms,"Simoncelli E.P., Freeman W.T., Adelson E.H., Heeger D.J.",189448,IEEE Transactions on Information Theory,38,2,0,0,0,0,0,0,0,0,0,0,0,0,0,0,0,0,0,0,0,0,0,0,0,1,5,7,10,15,21,35,28,32,34,34,48,52,59,58,67,61,64,50,44,46,51,33,54,30,38,27,30,7,0,1041
2006,Removing camera shake from a single photograph,"Fergus R., Singh B., Hertzmann A., Roweis S.T., Freeman W.T.",7300301,ACM Transactions on Graphics,25,3,0,0,0,0,0,0,0,0,0,0,0,0,0,0,0,0,0,0,0,0,0,0,0,0,0,0,0,0,0,0,0,0,0,0,0,0,0,0,3,10,12,16,20,92,110,106,95,80,107,131,119,34,0,935
2005,Constructing free-energy approximations and generalized belief propagation algorithms,"Yedidia J.S., Freeman W.T., Weiss Y.",189448,IEEE Transactions on Information Theory,51,7,0,0,0,0,0,0,0,0,0,0,0,0,0,0,0,0,0,0,0,0,0,0,0,0,0,0,0,0,0,0,0,0,0,0,0,3,7,31,49,51,69,59,49,70,87,58,69,53,55,54,50,3,0,817
2005,Discovering objects and their location in images,"Sivic J., Russell B.C., Efros A.A., Zisserman A., Freeman W.T.",,Proceedings of the IEEE International Conference on Computer Vision,I, ,0,0,0,0,0,0,0,0,0,0,0,0,0,0,0,0,0,0,0,0,0,0,0,0,0,0,0,0,0,0,0,0,0,0,0,0,1,26,48,58,81,77,78,70,71,53,54,31,34,18,23,5,0,728
2009,Understanding and evaluating blind deconvolution algorithms,"Levin A., Weiss Y., Durand F., Freeman W.T.",,"2009 IEEE Computer Society Conference on Computer Vision and Pattern Recognition Workshops, CVPR Workshops 2009",2009, ,0,0,0,0,0,0,0,0,0,0,0,0,0,0,0,0,0,0,0,0,0,0,0,0,0,0,0,0,0,0,0,0,0,0,0,0,0,0,0,0,4,29,44,55,87,68,73,81,79,83,83,26,0,712
1995,Steerable pyramid: a flexible architecture for multi-scale derivative computation,"Simoncelli Eero P., Freeman William T.",,IEEE International Conference on Image Processing,3, ,0,0,0,0,0,0,0,0,0,0,0,0,0,0,0,0,0,0,0,0,0,0,0,0,0,0,0,5,0,4,5,4,15,15,21,22,29,28,25,33,46,30,39,39,43,40,39,35,51,53,54,9,0,684
2007,Image and depth from a conventional camera with a coded aperture,"Levin A., Fergus R., Durand F., Freeman W.T.",7300301,ACM Transactions on Graphics,26,3,0,0,0,0,0,0,0,0,0,0,0,0,0,0,0,0,0,0,0,0,0,0,0,0,0,0,0,0,0,0,0,0,0,0,0,0,0,0,0,11,27,40,52,48,73,85,69,60,45,61,60,11,0,642
2003,Context-based vision system for place and object recognition,"Torralba A., Murphy K.P., Freeman W.T., Rubin M.A.",,Proceedings of the IEEE International Conference on Computer Vision,1, ,0,0,0,0,0,0,0,0,0,0,0,0,0,0,0,0,0,0,0,0,0,0,0,0,0,0,0,0,0,0,0,0,0,0,0,13,17,21,23,32,48,47,46,42,51,48,36,32,37,43,43,10,0,589
2012,Eulerian video magnification for revealing subtle changes in the world,"Wu H.-Y., Rubinstein M., Shih E., Guttag J., Durand F., Freeman W.",7300301,ACM Transactions on Graphics,31,4,0,0,0,0,0,0,0,0,0,0,0,0,0,0,0,0,0,0,0,0,0,0,0,0,0,0,0,0,0,0,0,0,0,0,0,0,0,0,0,0,0,0,0,0,24,44,77,80,88,108,90,31,0,542
2000,Separating style and content with bilinear models,"Tenenbaum J.B., Freeman W.T.",8997667,Neural Computation,12,6,0,0,0,0,0,0,0,0,0,0,0,0,0,0,0,0,0,0,0,0,0,0,0,0,0,0,0,0,0,0,0,1,0,6,13,11,16,22,25,22,30,29,24,25,31,25,33,45,39,34,58,8,0,497
2006,Using multiple segmentations to discover objects and their extent in image collections,"Russell B.C., Efros A.A., Sivic J., Freeman W.T., Zisserman A.",10636919,Proceedings of the IEEE Computer Society Conference on Computer Vision and Pattern Recognition,2, ,0,0,0,0,0,0,0,0,0,0,0,0,0,0,0,0,0,0,0,0,0,0,0,0,0,0,0,0,0,0,0,0,0,0,0,0,0,0,25,23,49,46,62,53,46,44,45,31,30,16,9,7,0,486
2007,Sharing visual features for multiclass and multiview object detection,"Torralba A., Murphy K.P., Freeman W.T.",1628828,IEEE Transactions on Pattern Analysis and Machine Intelligence,29,5,0,0,0,0,0,0,0,0,0,0,0,0,0,0,0,0,0,0,0,0,0,0,0,0,0,0,0,0,0,0,0,0,0,0,0,0,0,0,5,21,42,53,58,53,63,48,39,37,17,24,22,3,0,485
2004,Sharing features: Efficient boosting procedures for multiclass object detection,"Torralba A., Murphy K.P., Freeman W.T.",10636919,Proceedings of the IEEE Computer Society Conference on Computer Vision and Pattern Recognition,2, ,0,0,0,0,0,0,0,0,0,0,0,0,0,0,0,0,0,0,0,0,0,0,0,0,0,0,0,0,0,0,0,0,0,0,0,0,29,36,33,38,25,39,45,32,27,37,29,22,21,17,10,1,0,441
2016,Learning a probabilistic latent space of object shapes via 3D generative-adversarial modeling,"Wu J., Zhang C., Xue T., Freeman W.T., Tenenbaum J.B.",10495258,Advances in Neural Information Processing Systems,, ,0,0,0,0,0,0,0,0,0,0,0,0,0,0,0,0,0,0,0,0,0,0,0,0,0,0,0,0,0,0,0,0,0,0,0,0,0,0,0,0,0,0,0,0,0,0,0,0,40,128,214,37,0,419
2006,Removing camera shake from a single photograph,"Fergus R., Singh B., Hertzmann A., Roweis S.T., Freeman W.T.",,"ACM SIGGRAPH 2006 Papers, SIGGRAPH '06",, ,0,0,0,0,0,0,0,0,0,0,0,0,0,0,0,0,0,0,0,0,0,0,0,0,0,0,0,0,0,0,0,0,0,0,0,0,0,1,18,26,52,71,61,24,24,19,23,52,13,7,14,3,0,408
2011,Efficient marginal likelihood optimization in blind deconvolution,"Levin A., Weiss Y., Durand F., Freeman W.T.",10636919,Proceedings of the IEEE Computer Society Conference on Computer Vision and Pattern Recognition,, ,0,0,0,0,0,0,0,0,0,0,0,0,0,0,0,0,0,0,0,0,0,0,0,0,0,0,0,0,0,0,0,0,0,0,0,0,0,0,0,0,0,0,4,18,40,41,48,54,60,59,49,20,0,393
2001,On the optimality of solutions of the max-product belief-propagation algorithm in arbitrary graphs,"Weiss Y., Freeman W.T.",189448,IEEE Transactions on Information Theory,47,2,0,0,0,0,0,0,0,0,0,0,0,0,0,0,0,0,0,0,0,0,0,0,0,0,0,0,0,0,0,0,0,1,2,4,7,10,13,24,25,24,29,41,32,28,27,24,20,21,26,16,12,0,0,386
2007,Image and depth from a conventional camera with a coded aperture,"Levin A., Fergus R., Durand F., Freeman W.T.",,Proceedings of the ACM SIGGRAPH Conference on Computer Graphics,, ,0,0,0,0,0,0,0,0,0,0,0,0,0,0,0,0,0,0,0,0,0,0,0,0,0,0,0,0,0,0,0,0,0,0,0,0,0,0,0,11,22,35,25,25,31,25,25,60,54,29,20,8,0,370
2003,"Comparison of graph cuts with belief propagation for stereo, using identical MRF parameters","Tappen M.F., Freeman W.T.",,Proceedings of the IEEE International Conference on Computer Vision,2, ,0,0,0,0,0,0,0,0,0,0,0,0,0,0,0,0,0,0,0,0,0,0,0,0,0,0,0,0,0,0,0,0,0,0,0,3,15,27,17,18,32,38,31,35,30,21,16,18,18,21,14,5,0,359
1997,Design Galleries: A general approach to setting parameters for computer graphics and animation,"Marks J., Mirtich B., Andalman B., Pfister H., Beardsley P.A., Ruml W., Freeman W., Ryall K., Gibson S., Seims J., Hodgins J., Kang T., Shieber S.",,Proceedings of the ACM SIGGRAPH Conference on Computer Graphics,, ,0,0,0,0,0,0,0,0,0,0,0,0,0,0,0,0,0,0,0,0,0,0,0,0,0,0,0,0,1,2,1,11,15,16,11,18,23,19,20,18,25,19,21,14,23,19,24,16,13,9,7,1,0,346
2008,Automatic estimation and removal of noise from a single image,"Liu C., Szeliski R., Kang S.B., Zitnick C.L., Freeman W.T.",1628828,IEEE Transactions on Pattern Analysis and Machine Intelligence,30,2,0,0,0,0,0,0,0,0,0,0,0,0,0,0,0,0,0,0,0,0,0,0,0,0,0,0,0,0,0,0,0,0,0,0,0,0,0,0,0,1,15,23,29,31,42,37,33,27,20,29,27,10,0,324
2001,Correctness of Belief Propagation in Gaussian Graphical Models of Arbitrary Topology,"Weiss Y., Freeman W.T.",8997667,Neural Computation,13,10,0,0,0,0,0,0,0,0,0,0,0,0,0,0,0,0,0,0,0,0,0,0,0,0,0,0,0,0,0,0,0,0,0,3,9,12,14,14,18,23,22,22,23,29,20,21,19,18,20,13,9,2,0,311
2007,Face hallucination: Theory and practice,"Liu C., Shum H.-Y., Freeman W.T.",9205691,International Journal of Computer Vision,75,1,0,0,0,0,0,0,0,0,0,0,0,0,0,0,0,0,0,0,0,0,0,0,0,0,0,0,0,0,0,0,0,0,0,0,0,0,0,0,1,14,10,22,29,30,27,30,26,30,25,30,22,7,0,303
2008,SIFT flow: Dense correspondence across different scenes,"Liu C., Yuen J., Torralba A., Sivic J., Freeman W.T.",3029743,Lecture Notes in Computer Science (including subseries Lecture Notes in Artificial Intelligence and Lecture Notes in Bioinformatics),5304,3,0,0,0,0,0,0,0,0,0,0,0,0,0,0,0,0,0,0,0,0,0,0,0,0,0,0,0,0,0,0,0,0,0,0,0,0,0,0,0,0,4,19,20,23,28,32,30,37,27,43,32,3,0,298
2001,Image quilting for texture synthesis and transfer,"Efros A.A., Freeman W.T.",,"Proceedings of the 28th Annual Conference on Computer Graphics and Interactive Techniques, SIGGRAPH 2001",, ,0,0,0,0,0,0,0,0,0,0,0,0,0,0,0,0,0,0,0,0,0,0,0,0,0,0,0,0,0,0,0,0,0,1,1,3,2,4,4,8,6,10,8,13,7,7,13,37,44,55,62,10,0,295
2013,Phase-based video motion processing,"Wadhwa N., Rubinstein M., Durand F., Freeman W.T.",7300301,ACM Transactions on Graphics,32,4,0,0,0,0,0,0,0,0,0,0,0,0,0,0,0,0,0,0,0,0,0,0,0,0,0,0,0,0,0,0,0,0,0,0,0,0,0,0,0,0,0,0,0,0,1,11,21,30,62,65,65,20,0,275
2003,Nonparametric belief propagation,"Sudderth E.B., Ihler A.T., Freeman W.T., Willsky A.S.",10636919,Proceedings of the IEEE Computer Society Conference on Computer Vision and Pattern Recognition,1, ,0,0,0,0,0,0,0,0,0,0,0,0,0,0,0,0,0,0,0,0,0,0,0,0,0,0,0,0,0,0,0,0,0,0,2,13,22,33,28,19,29,20,25,17,16,10,5,7,4,3,5,1,0,259
2001,Generalized belief propagation,"Yedidia J.S., Freeman W.T., Weiss Y.",10495258,Advances in Neural Information Processing Systems,, ,0,0,0,0,0,0,0,0,0,0,0,0,0,0,0,0,0,0,0,0,0,0,0,0,0,0,0,0,0,0,0,0,1,12,17,14,26,13,9,13,22,24,15,12,15,14,7,9,6,7,9,1,0,246
2005,Recovering intrinsic images from a single image,"Tappen M.F., Freeman W.T., Adelson E.H.",1628828,IEEE Transactions on Pattern Analysis and Machine Intelligence,27,9,0,0,0,0,0,0,0,0,0,0,0,0,0,0,0,0,0,0,0,0,0,0,0,0,0,0,0,0,0,0,0,0,0,0,0,0,0,8,7,6,20,20,25,17,22,22,21,18,26,7,11,6,0,236
2006,Noise estimation from a single image,"Liu C., Freeman W.T., Szeliski R., Kang S.B.",10636919,Proceedings of the IEEE Computer Society Conference on Computer Vision and Pattern Recognition,1, ,0,0,0,0,0,0,0,0,0,0,0,0,0,0,0,0,0,0,0,0,0,0,0,0,0,0,0,0,0,0,0,0,0,0,0,0,0,0,13,17,12,19,19,23,19,12,15,16,24,22,17,6,0,234
2011,Understanding blind deconvolution algorithms,"Levin A., Weiss Y., Durand F., Freeman W.T.",1628828,IEEE Transactions on Pattern Analysis and Machine Intelligence,33,12,0,0,0,0,0,0,0,0,0,0,0,0,0,0,0,0,0,0,0,0,0,0,0,0,0,0,0,0,0,0,0,0,0,0,0,0,0,0,0,0,0,0,0,3,17,23,34,31,29,41,34,16,0,228
2010,Latent hierarchical structural learning for object detection,"Zhu L., Chen Y., Yuille A., Freeman W.",10636919,Proceedings of the IEEE Computer Society Conference on Computer Vision and Pattern Recognition,, ,0,0,0,0,0,0,0,0,0,0,0,0,0,0,0,0,0,0,0,0,0,0,0,0,0,0,0,0,0,0,0,0,0,0,0,0,0,0,0,0,0,2,13,24,39,33,34,25,22,17,11,3,0,223
2009,Ground truth dataset and baseline evaluations for intrinsic image algorithms,"Grosse R., Johnson M.K., Adelson E.H., Freeman W.T.",,Proceedings of the IEEE International Conference on Computer Vision,, ,0,0,0,0,0,0,0,0,0,0,0,0,0,0,0,0,0,0,0,0,0,0,0,0,0,0,0,0,0,0,0,0,0,0,0,0,0,0,0,0,0,1,13,14,20,22,33,19,31,30,29,6,0,218
2005,"Learning hierarchical models of scenes, objects, and parts","Sudderth E.B., Torralba A., Freeman W.T., Willsky A.S.",,Proceedings of the IEEE International Conference on Computer Vision,II, ,0,0,0,0,0,0,0,0,0,0,0,0,0,0,0,0,0,0,0,0,0,0,0,0,0,0,0,0,0,0,0,0,0,0,0,0,1,12,25,12,27,23,27,19,16,13,13,8,7,8,7,0,0,218
2007,What makes a good model of natural images?,"Weiss Y., Freeman W.T.",10636919,Proceedings of the IEEE Computer Society Conference on Computer Vision and Pattern Recognition,, ,0,0,0,0,0,0,0,0,0,0,0,0,0,0,0,0,0,0,0,0,0,0,0,0,0,0,0,0,0,0,0,0,0,0,0,0,0,0,0,12,22,15,24,24,17,13,13,16,11,11,19,8,0,205
2015,Modal identification of simple structures with high-speed video using motion magnification,"Chen J.G., Wadhwa N., Cha Y.-J., Durand F., Freeman W.T., Buyukozturk O.",0022460X,Journal of Sound and Vibration,345, ,0,0,0,0,0,0,0,0,0,0,0,0,0,0,0,0,0,0,0,0,0,0,0,0,0,0,0,0,0,0,0,0,0,0,0,0,0,0,0,0,0,0,0,0,0,0,5,15,46,52,45,17,0,180
2019,First M87 Event Horizon Telescope Results. I. the Shadow of the Supermassive Black Hole,"Event Horizon Telescope Collaboration T., Akiyama K., Alberdi A., Alef W., Asada K., Azulay R., Baczko A.-K., Ball D., Balokovic M., Barrett J., Bintley D., Blackburn L., Boland W., Bouman K.L., Bower G.C., Bremer M., Brinkerink C.D., Brissenden R., Britzen S., Broderick A.E., Broguiere D., Bronzwaer T., Byun D.-Y., Carlstrom J.E., Chael A., Chan C.-K., Chatterjee S., Chatterjee K., Chen M.-T., Chen Y., Cho I., Christian P., Conway J.E., Cordes J.M., Crew G.B., Cui Y., Davelaar J., Laurentis M.D., Deane R., Dempsey J., Desvignes G., Dexter J., Doeleman S.S., Eatough R.P., Falcke H., Fish V.L., Fomalont E., Fraga-Encinas R., Freeman W.T., Friberg P., Fromm C.M., Gomez J.L., Galison P., Gammie C.F., Garcia R., Gentaz O., Georgiev B., Goddi C., Gold R., Gu M., Gurwell M., Hada K., Hecht M.H., Hesper R., Ho L.C., Ho P., Honma M., Huang C.-W.L., Huang L., Hughes D.H., Ikeda S., Inoue M., Issaoun S., James D.J., Jannuzi B.T., Janssen M., Jeter B., Jiang W., Johnson M.D., Jorstad S., Jung T., Karami M., Karuppusamy R., Kawashima T., Keating G.K., Kettenis M., Kim J.-Y., Kim J., Kim J., Kino M., Koay J.Y., Koch P.M., Koyama S., Kramer M., Kramer C., Krichbaum T.P., Kuo C.-Y., Lauer T.R., Lee S.-S., Li Y.-R., Li Z., Lindqvist M., Liu K., Liuzzo E., Lo W.-P., Lobanov A.P., Loinard L., Lonsdale C., Lu R.-S., Macdonald N.R., Mao J., Markoff S., Marrone D.P., Marscher A.P., Marti-Vidal I., Matsushita S., Matthews L.D., Medeiros L., Menten K.M., Mizuno Y., Mizuno I., Moran J.M., Moriyama K., Moscibrodzka M., Muller C., Nagai H., Nagar N.M., Nakamura M., Narayan R., Narayanan G., Natarajan I., Neri R., Ni C., Noutsos A., Okino H., Olivares H., Ortiz-Leon G.N., Oyama T., Ozel F., Palumbo D.C.M., Patel N., Pen U.-L., Pesce D.W., Pietu V., Plambeck R., Popstefanija A., Porth O., Prather B., Preciado-Lopez J.A., Psaltis D., Pu H.-Y., Ramakrishnan V., Rao R., Rawlings M.G., Raymond A.W., Rezzolla L., Ripperda B., Roelofs F., Rogers A., Ros E., Rose M., Roshanineshat A., Rottmann H., Roy A.L., Ruszczyk C., Ryan B.R., Rygl K.L.J., Sanchez S., Sanchez-Arguelles D., Sasada M., Savolainen T., Schloerb F.P., Schuster K.-F., Shao L., Shen Z., Small D., Sohn B.W., Soohoo J., Tazaki F., Tiede P., Tilanus R.P.J., Titus M., Toma K., Torne P., Trent T., Trippe S., Tsuda S., Bemmel I.V., Van Langevelde H.J., Van Rossum D.R., Wagner J., Wardle J., Weintroub J., Wex N., Wharton R., Wielgus M., Wong G.N., Wu Q., Young K., Young A., Younsi Z., Yuan F., Yuan Y.-F., Zensus J.A., Zhao G., Zhao S.-S., Zhu Z., Algaba J.-C., Allardi A., Amestica R., Anczarski J., Bach U., Baganoff F.K., Beaudoin C., Benson B.A., Berthold R., Blanchard J.M., Blundell R., Bustamente S., Cappallo R., Castillo-Dominguez E., Chang C.-C., Chang S.-H., Chang S.-C., Chen C.-C., Chilson R., Chuter T.C., Rosado R.C., Coulson I.M., Crawford T.M., Crowley J., David J., Derome M., Dexter M., Dornbusch S., Dudevoir K.A., Dzib S.A., Eckart A., Eckert C., Erickson N.R., Everett W.B., Faber A., Farah J.R., Fath V., Folkers T.W., Forbes D.C., Freund R., Gomez-Ruiz A.I., Gale D.M., Gao F., Geertsema G., Graham D.A., Greer C.H., Grosslein R., Gueth F., Haggard D., Halverson N.W., Han C.-C., Han K.-C., Hao J., Hasegawa Y., Henning J.W., Hernandez-Gomez A., Herrero-Illana R., Heyminck S., Hirota A., Hoge J., Huang Y.-D., Impellizzeri C.M.V., Jiang H., Kamble A., Keisler R., Kimura K., Kono Y., Kubo D., Kuroda J., Lacasse R., Laing R.A., Leitch E.M., Li C.-T., Lin L.C.-C., Liu C.-T., Liu K.-Y., Lu L.-M., Marson R.G., Martin-Cocher P.L., Massingill K.D., Matulonis C., McColl M.P., McWhirter S.R., Messias H., Meyer-Zhao Z., Michalik D., Montana A., Montgomerie W., Mora-Klein M., Muders D., Nadolski A., Navarro S., Neilsen J., Nguyen C.H., Nishioka H., Norton T., Nowak M.A., Nystrom G., Ogawa H., Oshiro P., Parsons H., Paine S.N., Penalver J., Phillips N.M., Poirier M., Pradel N., Primiani R.A., Raffin P.A., Rahlin A.S., Reiland G., Risacher C., Ruiz I., Saez-Madain A.F., Sassella R., Schellart P., Shaw P., Silva K.M., Shiokawa H., Smith D.R., Snow W., Souccar K., Sousa D., Sridharan T.K., Srinivasan R., Stahm W., Stark A.A., Story K., Timmer S.T., Vertatschitsch L., Walther C., Wei T.-S., Whitehorn N., Whitney A.R., Woody D.P., Wouterloot J.G.A., Wright M., Yamaguchi P., Yu C.-Y., Zeballos M., Zhang S., Ziurys L.",20418205,Astrophysical Journal Letters,875,1,0,0,0,0,0,0,0,0,0,0,0,0,0,0,0,0,0,0,0,0,0,0,0,0,0,0,0,0,0,0,0,0,0,0,0,0,0,0,0,0,0,0,0,0,0,0,0,0,0,1,118,49,0,168
1999,Learning low-level vision,"Freeman William T., Pasztor Egon C.",,Proceedings of the IEEE International Conference on Computer Vision,2, ,0,0,0,0,0,0,0,0,0,0,0,0,0,0,0,0,0,0,0,0,0,0,0,0,0,0,0,0,0,0,0,3,9,5,6,11,19,11,11,5,9,4,10,18,10,11,7,3,3,5,3,1,0,164
1998,A factorization approach to grouping,"Perona P., Freeman W.",3029743,Lecture Notes in Computer Science (including subseries Lecture Notes in Artificial Intelligence and Lecture Notes in Bioinformatics),1406, ,0,0,0,0,0,0,0,0,0,0,0,0,0,0,0,0,0,0,0,0,0,0,0,0,0,0,0,0,0,0,2,0,15,6,8,14,19,12,9,9,5,11,9,3,6,6,6,5,5,4,6,3,0,163
2008,Unsupervised discovery of visual object class hierarchies,"Sivic J., Russell B.C., Zisserman A., Freeman W.T., Efros A.A.",,"26th IEEE Conference on Computer Vision and Pattern Recognition, CVPR",, ,0,0,0,0,0,0,0,0,0,0,0,0,0,0,0,0,0,0,0,0,0,0,0,0,0,0,0,0,0,0,0,0,0,0,0,0,0,0,0,2,11,16,17,27,19,14,18,8,7,7,7,0,0,153
2005,Motion magnification,"Liu C., Torralba A., Freeman W.T., Durand F., Adelson E.H.",7300301,ACM Transactions on Graphics,24,3,0,0,0,0,0,0,0,0,0,0,0,0,0,0,0,0,0,0,0,0,0,0,0,0,0,0,0,0,0,0,0,0,0,0,0,0,0,2,4,7,2,6,5,10,9,10,7,9,22,28,23,8,0,152
1994,The generic viewpoint assumption in a framework for visual perception,Freeman W.T.,280836,Nature,368,6471,0,0,0,0,0,0,0,0,0,0,0,0,0,0,0,0,0,0,0,0,0,0,0,0,0,1,1,4,3,9,10,5,16,5,8,3,3,9,5,4,7,7,8,5,5,3,5,2,2,5,2,3,0,140
2016,Visual dynamics: Probabilistic future frame synthesis via cross convolutional networks,"Xue T., Wu J., Bouman K.L., Freeman W.T.",10495258,Advances in Neural Information Processing Systems,, ,0,0,0,0,0,0,0,0,0,0,0,0,0,0,0,0,0,0,0,0,0,0,0,0,0,0,0,0,0,0,0,0,0,0,0,0,0,0,0,0,0,0,0,0,0,0,0,1,23,45,60,4,0,133
2008,Human-assisted motion annotation,"Liu C., Freeman W.T., Adelson E.H., Weiss Y.",,"26th IEEE Conference on Computer Vision and Pattern Recognition, CVPR",, ,0,0,0,0,0,0,0,0,0,0,0,0,0,0,0,0,0,0,0,0,0,0,0,0,0,0,0,0,0,0,0,0,0,0,0,0,0,0,0,0,2,8,8,22,23,18,9,12,9,9,7,1,0,128
2011,Blur kernel estimation using the radon transform,"Cho T.S., Paris S., Horn B.K.P., Freeman W.T.",10636919,Proceedings of the IEEE Computer Society Conference on Computer Vision and Pattern Recognition,, ,0,0,0,0,0,0,0,0,0,0,0,0,0,0,0,0,0,0,0,0,0,0,0,0,0,0,0,0,0,0,0,0,0,0,0,0,0,0,0,0,0,0,0,6,23,14,18,19,15,12,15,5,0,127
2010,Analyzing spatially-varying blur,"Chakrabarti A., Zickler T., Freeman W.T.",10636919,Proceedings of the IEEE Computer Society Conference on Computer Vision and Pattern Recognition,, ,0,0,0,0,0,0,0,0,0,0,0,0,0,0,0,0,0,0,0,0,0,0,0,0,0,0,0,0,0,0,0,0,0,0,0,0,0,0,0,0,0,0,1,8,14,11,13,16,24,16,20,4,0,127
1998,Computer vision for interactive computer graphics,"Freeman W.T., Anderson D.B., Beardsley P.A., Dodge C.N., Roth M., Weissman C., Yerazunis W.S., Kage H., Kyuma K., Miyake Y., Tanaka K.-I.",2721716,IEEE Computer Graphics and Applications,18,3,0,0,0,0,0,0,0,0,0,0,0,0,0,0,0,0,0,0,0,0,0,0,0,0,0,0,0,0,0,1,2,6,7,7,5,12,5,12,14,7,10,4,7,9,8,6,4,0,0,1,0,0,0,127
2010,Noise-optimal capture for high dynamic range photography,"Hasinoff S.W., Durand F., Freeman W.T.",10636919,Proceedings of the IEEE Computer Society Conference on Computer Vision and Pattern Recognition,, ,0,0,0,0,0,0,0,0,0,0,0,0,0,0,0,0,0,0,0,0,0,0,0,0,0,0,0,0,0,0,0,0,0,0,0,0,0,0,0,0,0,0,9,16,9,17,17,16,14,11,12,2,0,123
2014,The visual microphone: Passive recovery of sound from video,"Davis A., Rubinstein M., Wadhwa N., Mysore G.J., Durand F., Freeman W.T.",7342071,ACM Transactions on Graphics,33,4,0,0,0,0,0,0,0,0,0,0,0,0,0,0,0,0,0,0,0,0,0,0,0,0,0,0,0,0,0,0,0,0,0,0,0,0,0,0,0,0,0,0,0,0,0,3,20,17,24,31,18,8,0,121
2008,Describing visual scenes using transformed objects and parts,"Sudderth E.B., Torralba A., Freeman W.T., Willsky A.S.",9205691,International Journal of Computer Vision,77, 1-3,0,0,0,0,0,0,0,0,0,0,0,0,0,0,0,0,0,0,0,0,0,0,0,0,0,0,0,0,0,0,0,0,0,0,0,0,0,0,0,6,6,13,18,18,15,12,9,12,4,2,2,3,0,120
1996,Computer vision for computer games,"Freeman W.T., Tanaka K., Ohta J., Kyuma K.",,Proceedings of the International Conference on Automatic Face and Gesture Recognition,, ,0,0,0,0,0,0,0,0,0,0,0,0,0,0,0,0,0,0,0,0,0,0,0,0,0,0,0,0,1,2,2,1,6,5,7,10,12,7,5,8,2,4,5,6,10,7,5,4,2,4,3,0,0,118
2004,Visual hand tracking using nonparametric belief propagation,"Sudderth E.B., Mandel M.I., Freeman W.T., Willsky A.S.",21607508,IEEE Computer Society Conference on Computer Vision and Pattern Recognition Workshops,2004-, January,0,0,0,0,0,0,0,0,0,0,0,0,0,0,0,0,0,0,0,0,0,0,0,0,0,0,0,0,0,0,0,0,0,0,0,1,6,4,7,12,6,9,14,9,13,8,11,3,2,5,4,2,0,116
2010,Nonparametric belief propagation,"Sudderth E.B., Ihler A.T., Isard M., Freeman W.T., Willsky A.S.",10782,Communications of the ACM,53,10,0,0,0,0,0,0,0,0,0,0,0,0,0,0,0,0,0,0,0,0,0,0,0,0,0,0,0,0,0,0,0,0,0,0,0,0,0,0,0,0,0,0,6,6,17,15,14,19,7,12,12,3,0,111
2008,The patch transform and its applications to image editing,"Taeg S.C., Butman M., Avidan S., Freeman W.T.",,"26th IEEE Conference on Computer Vision and Pattern Recognition, CVPR",, ,0,0,0,0,0,0,0,0,0,0,0,0,0,0,0,0,0,0,0,0,0,0,0,0,0,0,0,0,0,0,0,0,0,0,0,0,0,0,0,1,10,20,15,10,10,15,5,8,7,1,4,3,0,109
2005,Contextual models for object detection using boosted random fields,"Torralba A., Murphy K.P., Freeman W.T.",10495258,Advances in Neural Information Processing Systems,, ,0,0,0,0,0,0,0,0,0,0,0,0,0,0,0,0,0,0,0,0,0,0,0,0,0,0,0,0,0,0,0,0,0,0,0,0,2,5,8,8,14,15,9,11,7,7,2,6,2,3,1,0,0,100
2013,Data-driven hallucination of different times of day from a single outdoor photo,"Shih Y., Paris S., Durand F., Freeman W.T.",7300301,ACM Transactions on Graphics,32,6,0,0,0,0,0,0,0,0,0,0,0,0,0,0,0,0,0,0,0,0,0,0,0,0,0,0,0,0,0,0,0,0,0,0,0,0,0,0,0,0,0,0,0,0,0,5,10,8,23,24,27,2,0,99
2007,Learning Gaussian conditional random fields for low-level vision,"Tappen M.F., Liu C., Adels E.H., Freeman W.T.",10636919,Proceedings of the IEEE Computer Society Conference on Computer Vision and Pattern Recognition,, ,0,0,0,0,0,0,0,0,0,0,0,0,0,0,0,0,0,0,0,0,0,0,0,0,0,0,0,0,0,0,0,0,0,0,0,0,0,0,1,5,10,2,7,10,14,7,6,12,6,10,7,1,0,98
2012,Image restoration by matching gradient distributions,"Cho T.S., Zitnick C.L., Joshi N., Kang S.B., Szeliski R., Freeman W.T.",1628828,IEEE Transactions on Pattern Analysis and Machine Intelligence,34,4,0,0,0,0,0,0,0,0,0,0,0,0,0,0,0,0,0,0,0,0,0,0,0,0,0,0,0,0,0,0,0,0,0,0,0,0,0,0,0,0,0,0,0,2,14,19,19,13,8,10,10,2,0,97
2010,A probabilistic image jigsaw puzzle solver,"Cho T.S., Avidan S., Freeman W.T.",10636919,Proceedings of the IEEE Computer Society Conference on Computer Vision and Pattern Recognition,, ,0,0,0,0,0,0,0,0,0,0,0,0,0,0,0,0,0,0,0,0,0,0,0,0,0,0,0,0,0,0,0,0,0,0,0,0,0,0,0,0,0,0,7,8,7,15,9,11,10,16,10,0,0,93
2016,Visually Indicated Sounds,"Owens A., Isola P., McDermott J., Torralba A., Adelson E.H., Freeman W.T.",10636919,Proceedings of the IEEE Computer Society Conference on Computer Vision and Pattern Recognition,2016-, ,0,0,0,0,0,0,0,0,0,0,0,0,0,0,0,0,0,0,0,0,0,0,0,0,0,0,0,0,0,0,0,0,0,0,0,0,0,0,0,0,0,0,0,0,0,0,0,5,12,28,41,5,0,91
2015,Galileo: Perceiving physical object properties by integrating a physics engine with deep learning,"Wu J., Yildirim I., Lim J.J., Freeman W.T., Tenenbaum J.B.",10495258,Advances in Neural Information Processing Systems,2015-, ,0,0,0,0,0,0,0,0,0,0,0,0,0,0,0,0,0,0,0,0,0,0,0,0,0,0,0,0,0,0,0,0,0,0,0,0,0,0,0,0,0,0,0,0,0,0,0,18,25,18,25,2,0,88
2015,A computational approach for obstruction-free photography,"Xue T., Rubinstein M., Liu C., Freeman W.T.",7300301,ACM Transactions on Graphics,34,4,0,0,0,0,0,0,0,0,0,0,0,0,0,0,0,0,0,0,0,0,0,0,0,0,0,0,0,0,0,0,0,0,0,0,0,0,0,0,0,0,0,0,0,0,0,0,0,14,17,30,22,3,0,86
2009,4D frequency analysis of computational cameras for depth of field extension,"Levin A., Hasinoff S.W., Green P., Durand F., Freeman W.T.",7300301,ACM Transactions on Graphics,28,3,0,0,0,0,0,0,0,0,0,0,0,0,0,0,0,0,0,0,0,0,0,0,0,0,0,0,0,0,0,0,0,0,0,0,0,0,0,0,0,0,1,8,15,10,11,12,8,4,5,4,5,3,0,86
2014,Style transfer for headshot portraits,"Shih Y.C., Paris S., Barnes C., Freeman W.T., Durand F.",7342071,ACM Transactions on Graphics,33,4,0,0,0,0,0,0,0,0,0,0,0,0,0,0,0,0,0,0,0,0,0,0,0,0,0,0,0,0,0,0,0,0,0,0,0,0,0,0,0,0,0,0,0,0,0,0,5,17,17,14,29,2,0,84
2014,Riesz pyramids for fast phase-based video magnification,"Wadhwa N., Rubinstein M., Durand F., Freeman W.T.",,"2014 IEEE International Conference on Computational Photography, ICCP 2014",, ,0,0,0,0,0,0,0,0,0,0,0,0,0,0,0,0,0,0,0,0,0,0,0,0,0,0,0,0,0,0,0,0,0,0,0,0,0,0,0,0,0,0,0,0,0,2,8,12,20,20,16,6,0,84
2005,Describing visual scenes using transformed Dirichlet processes,"Sudderth E.B., Torralba A., Freeman W.T., Willsky A.S.",10495258,Advances in Neural Information Processing Systems,, ,0,0,0,0,0,0,0,0,0,0,0,0,0,0,0,0,0,0,0,0,0,0,0,0,0,0,0,0,0,0,0,0,0,0,0,0,0,2,9,7,10,9,11,4,3,3,6,11,3,2,2,1,0,83
2008,Motion-invariant photography,"Levin A., Sand P., Cho T.S., Durand F., Freeman W.T.",7300301,ACM Transactions on Graphics,27,3,0,0,0,0,0,0,0,0,0,0,0,0,0,0,0,0,0,0,0,0,0,0,0,0,0,0,0,0,0,0,0,0,0,0,0,0,0,0,0,0,8,7,10,13,9,9,9,4,6,3,4,0,0,82
2010,A high-quality video denoising algorithm based on reliable motion estimation,"Liu C., Freeman W.T.",3029743,Lecture Notes in Computer Science (including subseries Lecture Notes in Artificial Intelligence and Lecture Notes in Bioinformatics),6313,3,0,0,0,0,0,0,0,0,0,0,0,0,0,0,0,0,0,0,0,0,0,0,0,0,0,0,0,0,0,0,0,0,0,0,0,0,0,0,0,0,0,0,0,5,14,12,5,11,11,13,9,1,0,81
2006,Estimating intrinsic component images using non-linear regression,"Tappen M.F., Adelson E.H., Freeman W.T.",10636919,Proceedings of the IEEE Computer Society Conference on Computer Vision and Pattern Recognition,2, ,0,0,0,0,0,0,0,0,0,0,0,0,0,0,0,0,0,0,0,0,0,0,0,0,0,0,0,0,0,0,0,0,0,0,0,0,0,1,1,8,6,2,15,4,13,7,7,3,4,5,3,2,0,81
2010,A content-aware image prior,"Cho T.S., Joshi N., Zitnick C.L., Kang S.B., Szeliski R., Freeman W.T.",10636919,Proceedings of the IEEE Computer Society Conference on Computer Vision and Pattern Recognition,, ,0,0,0,0,0,0,0,0,0,0,0,0,0,0,0,0,0,0,0,0,0,0,0,0,0,0,0,0,0,0,0,0,0,0,0,0,0,0,0,0,0,0,7,10,13,11,10,7,5,5,4,4,0,76
2015,Best-Buddies Similarity for robust template matching,"Dekel T., Oron S., Rubinstein M., Avidan S., Freeman W.T.",10636919,Proceedings of the IEEE Computer Society Conference on Computer Vision and Pattern Recognition,07-12-, ,0,0,0,0,0,0,0,0,0,0,0,0,0,0,0,0,0,0,0,0,0,0,0,0,0,0,0,0,0,0,0,0,0,0,0,0,0,0,0,0,0,0,0,0,0,0,0,8,15,24,20,8,0,75
2009,Object recognition by scene alignment,"Russell B.C., Torralba A., Liu C., Fergus R., Freeman W.T.",,Advances in Neural Information Processing Systems 20 - Proceedings of the 2007 Conference,, ,0,0,0,0,0,0,0,0,0,0,0,0,0,0,0,0,0,0,0,0,0,0,0,0,0,0,0,0,0,0,0,0,0,0,0,0,0,0,0,3,11,11,9,10,8,6,6,7,2,0,0,0,0,73
2017,MarrNet: 3D shape reconstruction via 2.5D sketches,"Wu J., Wang Y., Xue T., Sun X., Freeman W.T., Tenenbaum J.B.",10495258,Advances in Neural Information Processing Systems,2017-, ,0,0,0,0,0,0,0,0,0,0,0,0,0,0,0,0,0,0,0,0,0,0,0,0,0,0,0,0,0,0,0,0,0,0,0,0,0,0,0,0,0,0,0,0,0,0,0,0,1,27,40,4,0,72
2010,Using the forest to see the trees: Exploiting context for visual object detection and localization,"Torralba A., Murphy K.P., Freeman W.T.",10782,Communications of the ACM,53,3,0,0,0,0,0,0,0,0,0,0,0,0,0,0,0,0,0,0,0,0,0,0,0,0,0,0,0,0,0,0,0,0,0,0,0,0,0,0,0,0,0,1,8,14,12,6,10,6,5,4,6,0,0,72
1997,Separating style and content,"Tenenbaum J.B., Freeman W.T.",10495258,Advances in Neural Information Processing Systems,, ,0,0,0,0,0,0,0,0,0,0,0,0,0,0,0,0,0,0,0,0,0,0,0,0,0,0,0,0,0,0,1,3,3,7,3,2,3,2,2,3,3,3,2,1,0,0,0,0,4,18,10,2,0,72
2016,Single image 3D interpreter network,"Wu J., Xue T., Lim J.J., Tian Y., Tenenbaum J.B., Torralba A., Freeman W.T.",3029743,Lecture Notes in Computer Science (including subseries Lecture Notes in Artificial Intelligence and Lecture Notes in Bioinformatics),9910, ,0,0,0,0,0,0,0,0,0,0,0,0,0,0,0,0,0,0,0,0,0,0,0,0,0,0,0,0,0,0,0,0,0,0,0,0,0,0,0,0,0,0,0,0,0,0,0,1,10,23,33,3,0,70
2015,Reflection removal using ghosting cues,"Shih Y., Krishnan D., Durand F., Freeman W.T.",10636919,Proceedings of the IEEE Computer Society Conference on Computer Vision and Pattern Recognition,07-12-, ,0,0,0,0,0,0,0,0,0,0,0,0,0,0,0,0,0,0,0,0,0,0,0,0,0,0,0,0,0,0,0,0,0,0,0,0,0,0,0,0,0,0,0,0,0,0,0,5,18,22,23,2,0,70
1997,Learning bilinear models for two-factor problems in vision,"Freeman W.T., Tenenbaum J.B.",10636919,Proceedings of the IEEE Computer Society Conference on Computer Vision and Pattern Recognition,, ,0,0,0,0,0,0,0,0,0,0,0,0,0,0,0,0,0,0,0,0,0,0,0,0,0,0,0,0,0,3,1,4,2,2,3,3,10,5,2,5,6,0,4,0,0,4,1,3,3,2,5,1,0,69
2012,"Patch complexity, finite pixel correlations and optimal denoising","Levin A., Nadler B., Durand F., Freeman W.T.",3029743,Lecture Notes in Computer Science (including subseries Lecture Notes in Artificial Intelligence and Lecture Notes in Bioinformatics),7576,5,0,0,0,0,0,0,0,0,0,0,0,0,0,0,0,0,0,0,0,0,0,0,0,0,0,0,0,0,0,0,0,0,0,0,0,0,0,0,0,0,0,0,0,0,6,14,7,7,11,12,7,3,0,67
2010,Compressed History Matching: Exploiting Transform-Domain Sparsity for Regularization of Nonlinear Dynamic Data Integration Problems,"Jafarpour B., Goyal V.K., McLaughlin D.B., Freeman W.T.",18748961,Mathematical Geosciences,42,1,0,0,0,0,0,0,0,0,0,0,0,0,0,0,0,0,0,0,0,0,0,0,0,0,0,0,0,0,0,0,0,0,0,0,0,0,0,0,0,0,0,3,5,7,6,5,8,7,7,6,9,3,0,66
2015,Learning ordinal relationships for mid-level vision,"Zoran D., Isola P., Krishnan D., Freeman W.T.",15505499,Proceedings of the IEEE International Conference on Computer Vision,2015, ,0,0,0,0,0,0,0,0,0,0,0,0,0,0,0,0,0,0,0,0,0,0,0,0,0,0,0,0,0,0,0,0,0,0,0,0,0,0,0,0,0,0,0,0,0,0,1,5,15,19,21,4,0,65
2006,Bayesian model of human color constancy,"Brainard D.H., Longere P., Delahunt P.B., Freeman W.T., Kraft J.M., Xiao B.",15347362,Journal of Vision,6,11,0,0,0,0,0,0,0,0,0,0,0,0,0,0,0,0,0,0,0,0,0,0,0,0,0,0,0,0,0,0,0,0,0,0,0,0,0,0,6,8,1,3,8,10,8,3,2,3,4,5,4,0,0,65
1991,Motion Without Movement,"Freeman W.T., Adelson E.H., Heeger D.J.",,"Proceedings of the 18th Annual Conference on Computer Graphics and Interactive Techniques, SIGGRAPH 1991",, ,0,0,0,0,0,0,0,0,0,0,0,0,0,0,0,0,0,0,0,0,0,0,0,3,1,1,1,0,0,0,0,1,2,1,2,4,5,1,2,5,2,3,3,6,7,3,1,3,2,0,4,2,0,65
1996,Example-based head tracking,"Niyogi Sourabh, Freeman William T.",,Proceedings of the International Conference on Automatic Face and Gesture Recognition,, ,0,0,0,0,0,0,0,0,0,0,0,0,0,0,0,0,0,0,0,0,0,0,0,0,0,0,0,0,0,1,0,2,1,2,0,1,1,0,0,1,6,6,9,3,3,7,2,3,4,3,5,0,0,60
2014,Imaging an event horizon: Mitigation of scattering toward Sagittarius a,"Fish V.L., Johnson M.D., Lu R.-S., Doeleman S.S., Bouman K.L., Zoran D., Freeman W.T., Psaltis D., Narayan R., Pankratius V., Broderick A.E., Gwinn C.R., Vertatschitsch L.E.",0004637X,Astrophysical Journal,795,2,0,0,0,0,0,0,0,0,0,0,0,0,0,0,0,0,0,0,0,0,0,0,0,0,0,0,0,0,0,0,0,0,0,0,0,0,0,0,0,0,0,0,0,0,0,0,11,21,10,6,5,1,0,54
2011,Evaluation of image features using a photorealistic virtual world,"Kaneva B., Torralba A., Freeman W.T.",,Proceedings of the IEEE International Conference on Computer Vision,, ,0,0,0,0,0,0,0,0,0,0,0,0,0,0,0,0,0,0,0,0,0,0,0,0,0,0,0,0,0,0,0,0,0,0,0,0,0,0,0,0,0,0,0,6,5,7,6,7,7,8,8,0,0,54
2004,"Using the forest to see the trees: A graphical model relating features, objects, and scenes","Murphy K., Torralba A., Freeman W.T.",10495258,Advances in Neural Information Processing Systems,, ,0,0,0,0,0,0,0,0,0,0,0,0,0,0,0,0,0,0,0,0,0,0,0,0,0,0,0,0,0,0,0,0,0,0,0,3,5,6,1,3,8,4,2,4,1,2,0,3,1,7,3,1,0,54
2019,First M87 Event Horizon Telescope Results. IV. Imaging the Central Supermassive Black Hole,"Event Horizon Telescope Collaboration T., Akiyama K., Alberdi A., Alef W., Asada K., Azulay R., Baczko A.-K., Ball D., Balokovic M., Barrett J., Bintley D., Blackburn L., Boland W., Bouman K.L., Bower G.C., Bremer M., Brinkerink C.D., Brissenden R., Britzen S., Broderick A.E., Broguiere D., Bronzwaer T., Byun D.-Y., Carlstrom J.E., Chael A., Chan C.-K., Chatterjee S., Chatterjee K., Chen M.-T., Chen Y., Cho I., Christian P., Conway J.E., Cordes J.M., Crew G.B., Cui Y., Davelaar J., De Laurentis M., Deane R., Dempsey J., Desvignes G., Dexter J., Doeleman S.S., Eatough R.P., Falcke H., Fish V.L., Fomalont E., Fraga-Encinas R., Freeman W.T., Friberg P., Fromm C.M., Gomez J.L., Galison P., Gammie C.F., Garcia R., Gentaz O., Georgiev B., Goddi C., Gold R., Gu M., Gurwell M., Hada K., Hecht M.H., Hesper R., Ho L.C., Ho P., Honma M., Huang C.-W.L., Huang L., Hughes D.H., Ikeda S., Inoue M., Issaoun S., James D.J., Jannuzi B.T., Janssen M., Jeter B., Jiang W., Johnson M.D., Jorstad S., Jung T., Karami M., Karuppusamy R., Kawashima T., Keating G.K., Kettenis M., Kim J.-Y., Kim J., Kim J., Kino M., Koay J.Y., Koch P.M., Koyama S., Kramer M., Kramer C., Krichbaum T.P., Kuo C.-Y., Lauer T.R., Lee S.-S., Li Y.-R., Li Z., Lindqvist M., Liu K., Liuzzo E., Lo W.-P., Lobanov A.P., Loinard L., Lonsdale C., Lu R.-S., Macdonald N.R., Mao J., Markoff S., Marrone D.P., Marscher A.P., Marti-Vidal I., Matsushita S., Matthews L.D., Medeiros L., Menten K.M., Mizuno Y., Mizuno I., Moran J.M., Moriyama K., Moscibrodzka M., Muller C., Nagai H., Nagar N.M., Nakamura M., Narayan R., Narayanan G., Natarajan I., Neri R., Ni C., Noutsos A., Okino H., Olivares H., Oyama T., Ozel F., Palumbo D.C.M., Patel N., Pen U.-L., Pesce D.W., Pietu V., Plambeck R., Popstefanija A., Porth O., Prather B., Preciado-Lopez J.A., Psaltis D., Pu H.-Y., Ramakrishnan V., Rao R., Rawlings M.G., Raymond A.W., Rezzolla L., Ripperda B., Roelofs F., Rogers A., Ros E., Rose M., Roshanineshat A., Rottmann H., Roy A.L., Ruszczyk C., Ryan B.R., Rygl K.L.J., Sanchez S., Sanchez-Arguelles D., Sasada M., Savolainen T., Schloerb F.P., Schuster K.-F., Shao L., Shen Z., Small D., Sohn B.W., Soohoo J., Tazaki F., Tiede P., Tilanus R.P.J., Titus M., Toma K., Torne P., Trent T., Trippe S., Tsuda S., Van Bemmel I., Van Langevelde H.J., Van Rossum D.R., Wagner J., Wardle J., Weintroub J., Wex N., Wharton R., Wielgus M., Wong G.N., Wu Q., Young A., Young K., Younsi Z., Yuan F., Yuan Y.-F., Zensus J.A., Zhao G., Zhao S.-S., Zhu Z., Farah J.R., Meyer-Zhao Z., Michalik D., Nadolski A., Nishioka H., Pradel N., Primiani R.A., Souccar K., Vertatschitsch L., Yamaguchi P.",20418205,Astrophysical Journal Letters,875,1,0,0,0,0,0,0,0,0,0,0,0,0,0,0,0,0,0,0,0,0,0,0,0,0,0,0,0,0,0,0,0,0,0,0,0,0,0,0,0,0,0,0,0,0,0,0,0,0,0,1,33,19,0,53
2016,Ambient sound provides supervision for visual learning,"Owens A., Wu J., McDermott J.H., Freeman W.T., Torralba A.",3029743,Lecture Notes in Computer Science (including subseries Lecture Notes in Artificial Intelligence and Lecture Notes in Bioinformatics),9905, ,0,0,0,0,0,0,0,0,0,0,0,0,0,0,0,0,0,0,0,0,0,0,0,0,0,0,0,0,0,0,0,0,0,0,0,0,0,0,0,0,0,0,0,0,0,0,0,0,5,21,24,3,0,53
2015,Visual vibrometry: Estimating material properties from small motions in video,"Davis A., Bouman K.L., Chen J.G., Rubinstein M., Durand F., Freeman W.T.",10636919,Proceedings of the IEEE Computer Society Conference on Computer Vision and Pattern Recognition,07-12-, ,0,0,0,0,0,0,0,0,0,0,0,0,0,0,0,0,0,0,0,0,0,0,0,0,0,0,0,0,0,0,0,0,0,0,0,0,0,0,0,0,0,0,0,0,0,0,2,12,15,10,10,4,0,53
2009,Transform-domain sparsity regularization for inverse problems in geosciences,"Jafarpour B., Goyal V.K., McLaughlin D.B., Freeman W.T.",168033,Geophysics,74,5,0,0,0,0,0,0,0,0,0,0,0,0,0,0,0,0,0,0,0,0,0,0,0,0,0,0,0,0,0,0,0,0,0,0,0,0,0,0,0,0,0,3,1,4,9,3,8,11,3,4,6,1,0,53
2003,Recovering intrinsic images from a single image,"Tappen M.F., Freeman W.T., Adelson E.H.",10495258,Advances in Neural Information Processing Systems,, ,0,0,0,0,0,0,0,0,0,0,0,0,0,0,0,0,0,0,0,0,0,0,0,0,0,0,0,0,0,0,0,0,0,0,2,8,6,4,5,3,5,0,0,0,0,1,0,1,1,7,5,2,0,50
2001,Learning local evidence for shading and reflectance,"Bell M., Freeman W.T.",,Proceedings of the IEEE International Conference on Computer Vision,1, ,0,0,0,0,0,0,0,0,0,0,0,0,0,0,0,0,0,0,0,0,0,0,0,0,0,0,0,0,0,0,0,0,0,1,2,3,3,3,2,3,2,2,5,4,7,2,2,1,3,3,0,2,0,50
2011,CG2Real: Improving the realism of computer generated images using a large collection of photographs,"Johnson M.K., Dale K., Avidan S., Pfister H., Freeman W.T., Matusik W.",10772626,IEEE Transactions on Visualization and Computer Graphics,17,9,0,0,0,0,0,0,0,0,0,0,0,0,0,0,0,0,0,0,0,0,0,0,0,0,0,0,0,0,0,0,0,0,0,0,0,0,0,0,0,0,0,0,0,3,7,9,4,6,8,6,5,0,0,48
2006,Depth from familiar objects: A hierarchical model for 3D scenes,"Sudderth E.B., Torralba A., Freeman W.T., Willsky A.S.",10636919,Proceedings of the IEEE Computer Society Conference on Computer Vision and Pattern Recognition,2, ,0,0,0,0,0,0,0,0,0,0,0,0,0,0,0,0,0,0,0,0,0,0,0,0,0,0,0,0,0,0,0,0,0,0,0,0,0,0,4,4,8,8,7,5,1,3,1,1,2,0,3,1,0,48
2015,Video magnification in presence of large motions,"Elgharib M.A., Hefeeda M., Durand F., Freeman W.T.",10636919,Proceedings of the IEEE Computer Society Conference on Computer Vision and Pattern Recognition,07-12-, ,0,0,0,0,0,0,0,0,0,0,0,0,0,0,0,0,0,0,0,0,0,0,0,0,0,0,0,0,0,0,0,0,0,0,0,0,0,0,0,0,0,0,0,0,0,0,1,4,13,12,11,4,0,45
2010,Part and appearance sharing: Recursive compositional models for multi-view multi-object detection,"Zhu L., Chen Y., Torralba A., Freeman W., Yuille A.",10636919,Proceedings of the IEEE Computer Society Conference on Computer Vision and Pattern Recognition,, ,0,0,0,0,0,0,0,0,0,0,0,0,0,0,0,0,0,0,0,0,0,0,0,0,0,0,0,0,0,0,0,0,0,0,0,0,0,0,0,0,0,0,11,6,12,2,4,5,2,2,0,0,0,44
2010,The patch transform,"Cho T.S., Avidan S., Freeman W.T.",1628828,IEEE Transactions on Pattern Analysis and Machine Intelligence,32,8,0,0,0,0,0,0,0,0,0,0,0,0,0,0,0,0,0,0,0,0,0,0,0,0,0,0,0,0,0,0,0,0,0,0,0,0,0,0,0,0,0,1,3,4,6,6,6,3,7,2,6,0,0,44
2008,Motion-invariant photography,"Levin A., Sand P., Sang T., Durand C.F., Freeman W.T.",,"SIGGRAPH'08: International Conference on Computer Graphics and Interactive Techniques, ACM SIGGRAPH 2008 Papers 2008",, ,0,0,0,0,0,0,0,0,0,0,0,0,0,0,0,0,0,0,0,0,0,0,0,0,0,0,0,0,0,0,0,0,0,0,0,0,0,0,0,1,6,4,11,5,1,7,2,0,4,2,0,1,0,44
2010,Motion blur removal with orthogonal parabolic exposures,"Cho T.S., Levin A., Durand F., Freeman W.T.",,"2010 IEEE International Conference on Computational Photography, ICCP 2010",, ,0,0,0,0,0,0,0,0,0,0,0,0,0,0,0,0,0,0,0,0,0,0,0,0,0,0,0,0,0,0,0,0,0,0,0,0,0,0,0,0,0,0,7,4,7,7,5,6,4,1,1,0,0,42
2008,Understanding camera trade-offs through a Bayesian analysis of light field projections,"Levin A., Freeman W.T., Durand F.",3029743,Lecture Notes in Computer Science (including subseries Lecture Notes in Artificial Intelligence and Lecture Notes in Bioinformatics),5305,4,0,0,0,0,0,0,0,0,0,0,0,0,0,0,0,0,0,0,0,0,0,0,0,0,0,0,0,0,0,0,0,0,0,0,0,0,0,0,0,0,2,3,6,3,5,3,6,3,4,1,2,4,0,42
2018,Looking to listen at the cocktail party: A speaker-independent audio-visual model for speech separation,"Ephrat A., Mosseri I., Lang O., Dekel T., Wilson K., Hassidim A., Freeman W.T., Rubinstein M.",7300301,ACM Transactions on Graphics,37,4,0,0,0,0,0,0,0,0,0,0,0,0,0,0,0,0,0,0,0,0,0,0,0,0,0,0,0,0,0,0,0,0,0,0,0,0,0,0,0,0,0,0,0,0,0,0,0,0,0,0,35,6,0,41
2009,Segmenting scenes by matching image composites,"Russell B.C., Efros A.A., Sivic J., Freeman W.T., Zisserman A.",,Advances in Neural Information Processing Systems 22 - Proceedings of the 2009 Conference,, ,0,0,0,0,0,0,0,0,0,0,0,0,0,0,0,0,0,0,0,0,0,0,0,0,0,0,0,0,0,0,0,0,0,0,0,0,0,0,0,0,0,6,6,4,7,2,4,3,4,1,3,0,0,40
2008,Creating and exploring a large photorealistic virtual space,"Sivic J., Kaneva B., Torralba A., Avidan S., Freeman W.T.",,"2008 IEEE Computer Society Conference on Computer Vision and Pattern Recognition Workshops, CVPR Workshops",, ,0,0,0,0,0,0,0,0,0,0,0,0,0,0,0,0,0,0,0,0,0,0,0,0,0,0,0,0,0,0,0,0,0,0,0,0,0,0,0,0,5,10,6,1,3,3,2,0,1,5,3,0,0,39
2018,Pix3D: Dataset and Methods for Single-Image 3D Shape Modeling,"Sun X., Wu J., Zhang X., Zhang Z., Zhang C., Xue T., Tenenbaum J.B., Freeman W.T.",10636919,Proceedings of the IEEE Computer Society Conference on Computer Vision and Pattern Recognition,, ,0,0,0,0,0,0,0,0,0,0,0,0,0,0,0,0,0,0,0,0,0,0,0,0,0,0,0,0,0,0,0,0,0,0,0,0,0,0,0,0,0,0,0,0,0,0,0,0,0,4,32,2,0,38
2003,Learning style translation for the lines of a drawing,"Freeman W.T., Tenenbaum J.B., Pasztor E.C.",7300301,ACM Transactions on Graphics,22,1,0,0,0,0,0,0,0,0,0,0,0,0,0,0,0,0,0,0,0,0,0,0,0,0,0,0,0,0,0,0,0,0,0,0,0,2,2,3,2,2,4,4,0,4,4,2,1,3,4,0,1,0,0,38
2013,Estimating the material properties of fabric from video,"Bouman K.L., Xiao B., Battaglia P., Freeman W.T.",,Proceedings of the IEEE International Conference on Computer Vision,, ,0,0,0,0,0,0,0,0,0,0,0,0,0,0,0,0,0,0,0,0,0,0,0,0,0,0,0,0,0,0,0,0,0,0,0,0,0,0,0,0,0,0,0,0,0,0,8,5,8,6,7,3,0,37
2004,Efficient graphical models for processing images,"Tappen M.F., Russell B.C., Freeman W.T.",10636919,Proceedings of the IEEE Computer Society Conference on Computer Vision and Pattern Recognition,2, ,0,0,0,0,0,0,0,0,0,0,0,0,0,0,0,0,0,0,0,0,0,0,0,0,0,0,0,0,0,0,0,0,0,0,0,0,3,4,6,5,2,2,5,3,2,0,2,0,2,1,0,0,0,37
2013,Fabricating BRDFs at high spatial resolution using wave optics,"Levin A., Glasner D., Xiong Y., Durand F., Freeman W., Matusik W., Zickler T.",7300301,ACM Transactions on Graphics,32,4,0,0,0,0,0,0,0,0,0,0,0,0,0,0,0,0,0,0,0,0,0,0,0,0,0,0,0,0,0,0,0,0,0,0,0,0,0,0,0,0,0,0,0,0,0,3,7,3,8,11,3,1,0,36
2017,Video camera-based vibration measurement for civil infrastructure applications,"Chen J.G., Davis A., Wadhwa N., Durand F., Freeman W.T., Buyukozturk O.",10760342,Journal of Infrastructure Systems,23,3,0,0,0,0,0,0,0,0,0,0,0,0,0,0,0,0,0,0,0,0,0,0,0,0,0,0,0,0,0,0,0,0,0,0,0,0,0,0,0,0,0,0,0,0,0,0,0,0,8,10,12,5,0,35
1999,Learning to estimate scenes from images,"Freeman W.T., Pasztor E.C.",10495258,Advances in Neural Information Processing Systems,, ,0,0,0,0,0,0,0,0,0,0,0,0,0,0,0,0,0,0,0,0,0,0,0,0,0,0,0,0,0,0,0,2,2,2,3,3,0,1,3,1,1,2,0,2,1,2,1,1,1,1,6,0,0,35
1990,"Steerable filters for early vision, image analysis, and wavelet decomposition","Freeman William T., Adelson Edward H.",,,, ,0,0,0,0,0,0,0,0,0,0,0,0,0,0,0,0,0,0,0,0,0,0,2,2,0,1,2,1,0,1,0,1,1,2,0,0,0,2,0,0,0,0,2,1,0,0,0,3,1,6,4,2,0,34
2017,Learning to see physics via visual de-animation,"Wu J., Lu E., Kohli P., Freeman W.T., Tenenbaum J.B.",10495258,Advances in Neural Information Processing Systems,2017-, ,0,0,0,0,0,0,0,0,0,0,0,0,0,0,0,0,0,0,0,0,0,0,0,0,0,0,0,0,0,0,0,0,0,0,0,0,0,0,0,0,0,0,0,0,0,0,0,0,1,15,16,1,0,33
2017,Eulerian video magnification and analysis,"Wadhwa N., Wu H.-Y., Davis A., Rubinstein M., Shih E., Mysore G.J., Chen J.G., Buyukozturk O., Guttag J.V., Freeman W.T., Durand F.",10782,Communications of the ACM,60,1,0,0,0,0,0,0,0,0,0,0,0,0,0,0,0,0,0,0,0,0,0,0,0,0,0,0,0,0,0,0,0,0,0,0,0,0,0,0,0,0,0,0,0,0,0,0,0,0,4,12,13,4,0,33
2012,Annotation propagation in large image databases via dense image correspondence,"Rubinstein M., Liu C., Freeman W.T.",3029743,Lecture Notes in Computer Science (including subseries Lecture Notes in Artificial Intelligence and Lecture Notes in Bioinformatics),7574,3,0,0,0,0,0,0,0,0,0,0,0,0,0,0,0,0,0,0,0,0,0,0,0,0,0,0,0,0,0,0,0,0,0,0,0,0,0,0,0,0,0,0,0,0,2,8,7,4,8,4,0,0,0,33
2003,Properties and applications of shape recipes,"Torralba A., Freeman W.T.",10636919,Proceedings of the IEEE Computer Society Conference on Computer Vision and Pattern Recognition,2, ,0,0,0,0,0,0,0,0,0,0,0,0,0,0,0,0,0,0,0,0,0,0,0,0,0,0,0,0,0,0,0,0,0,0,0,5,2,0,0,1,0,2,2,1,2,2,6,5,2,0,2,1,0,33
2001,Learning joint statistical models for audio-visual fusion and segregation,"Fisher J.W., Darrell T., Freeman W.T., Viola P.",10495258,Advances in Neural Information Processing Systems,, ,0,0,0,0,0,0,0,0,0,0,0,0,0,0,0,0,0,0,0,0,0,0,0,0,0,0,0,0,0,0,0,0,1,2,3,0,2,0,3,0,1,2,3,3,0,2,0,0,3,2,5,1,0,33
2016,Observing-and imaging-active galactic nuclei with the Event Horizon Telescope,"Fish V.L., Akiyama K., Bouman K.L., Chael A.A., Johnson M.D., Doeleman S.S., Blackburn L., C. Wardle J.F., Freeman W.T.",20754434,Galaxies,4,4,0,0,0,0,0,0,0,0,0,0,0,0,0,0,0,0,0,0,0,0,0,0,0,0,0,0,0,0,0,0,0,0,0,0,0,0,0,0,0,0,0,0,0,0,0,0,0,0,7,8,13,3,0,31
2017,Turning Corners into Cameras: Principles and Methods,"Bouman K.L., Ye V., Yedidia A.B., Durand F., Wornell G.W., Torralba A., Freeman W.T.",15505499,Proceedings of the IEEE International Conference on Computer Vision,2017-, ,0,0,0,0,0,0,0,0,0,0,0,0,0,0,0,0,0,0,0,0,0,0,0,0,0,0,0,0,0,0,0,0,0,0,0,0,0,0,0,0,0,0,0,0,0,0,0,0,0,7,20,3,0,30
2017,Synthesizing normalized faces from facial identity features,"Cole F., Belanger D., Krishnan D., Sarna A., Mosseri I., Freeman W.T.",,"Proceedings - 30th IEEE Conference on Computer Vision and Pattern Recognition, CVPR 2017",2017-, ,0,0,0,0,0,0,0,0,0,0,0,0,0,0,0,0,0,0,0,0,0,0,0,0,0,0,0,0,0,0,0,0,0,0,0,0,0,0,0,0,0,0,0,0,0,0,0,0,1,15,12,1,0,29
2013,Joint view expansion and filtering for automultiscopic 3D displays,"Didyk P., Sitthi-Amorn P., Freeman W., Durand F., Matusik W.",7300301,ACM Transactions on Graphics,32,6,0,0,0,0,0,0,0,0,0,0,0,0,0,0,0,0,0,0,0,0,0,0,0,0,0,0,0,0,0,0,0,0,0,0,0,0,0,0,0,0,0,0,0,0,1,3,3,3,7,5,5,1,0,28
2004,Efficient multiscale sampling from products of Gaussian mixtures,"Ihler A.T., Sudderth E.B., Freeman W.T., Willsky A.S.",10495258,Advances in Neural Information Processing Systems,, ,0,0,0,0,0,0,0,0,0,0,0,0,0,0,0,0,0,0,0,0,0,0,0,0,0,0,0,0,0,0,0,0,0,0,0,1,2,4,2,1,1,1,1,0,3,4,1,2,0,2,1,1,0,27
2018,Unsupervised Training for 3D Morphable Model Regression,"Genova K., Cole F., Maschinot A., Sarna A., Vlasic D., Freeman W.T.",10636919,Proceedings of the IEEE Computer Society Conference on Computer Vision and Pattern Recognition,, ,0,0,0,0,0,0,0,0,0,0,0,0,0,0,0,0,0,0,0,0,0,0,0,0,0,0,0,0,0,0,0,0,0,0,0,0,0,0,0,0,0,0,0,0,0,0,0,0,0,3,22,1,0,26
2012,Exploiting compositionality to explore a large space of model structures,"Grosse R.B., Salakhutdinov R., Freeman W.T., Tenenbaum J.B.",,"Uncertainty in Artificial Intelligence - Proceedings of the 28th Conference, UAI 2012",, ,0,0,0,0,0,0,0,0,0,0,0,0,0,0,0,0,0,0,0,0,0,0,0,0,0,0,0,0,0,0,0,0,0,0,0,0,0,0,0,0,0,0,0,0,1,8,2,3,3,5,4,0,0,26
2016,Physics 101: Learning physical object properties from unlabeled videos,"Wu J., Lim J.J., Zhang H., Tenenbaum J.B., Freeman W.T.",,"British Machine Vision Conference 2016, BMVC 2016",2016-, ,0,0,0,0,0,0,0,0,0,0,0,0,0,0,0,0,0,0,0,0,0,0,0,0,0,0,0,0,0,0,0,0,0,0,0,0,0,0,0,0,0,0,0,0,0,0,0,0,5,7,12,1,0,25
2014,Structural modal identification through high speed camera video: Motion magnification,"Chen J.G., Wadhwa N., Cha Y.-J., Durand F., Freeman W.T., Buyukozturk O.",21915644,Conference Proceedings of the Society for Experimental Mechanics Series,7, ,0,0,0,0,0,0,0,0,0,0,0,0,0,0,0,0,0,0,0,0,0,0,0,0,0,0,0,0,0,0,0,0,0,0,0,0,0,0,0,0,0,0,0,0,0,1,5,4,4,4,4,3,0,25
2014,Seeing the arrow of time,"Pickup L.C., Pan Z., Wei D., Shih Y., Zhang C., Zisserman A., Scholkopf B., Freeman W.T.",10636919,Proceedings of the IEEE Computer Society Conference on Computer Vision and Pattern Recognition,, ,0,0,0,0,0,0,0,0,0,0,0,0,0,0,0,0,0,0,0,0,0,0,0,0,0,0,0,0,0,0,0,0,0,0,0,0,0,0,0,0,0,0,0,0,0,0,3,6,4,5,6,0,0,24
2004,Single-frame text super-resolution: A bayesian approach,"Dalley G., Freeman B., Marks J.",15224880,"Proceedings - International Conference on Image Processing, ICIP",2, ,0,0,0,0,0,0,0,0,0,0,0,0,0,0,0,0,0,0,0,0,0,0,0,0,0,0,0,0,0,0,0,0,0,0,0,0,0,0,2,2,1,1,0,2,2,5,4,2,1,1,1,0,0,24
2000,Correctness of belief propagation in Gaussian graphical models of arbitrary topology,"Weiss Y., Freeman W.T.",10495258,Advances in Neural Information Processing Systems,, ,0,0,0,0,0,0,0,0,0,0,0,0,0,0,0,0,0,0,0,0,0,0,0,0,0,0,0,0,0,0,0,0,3,3,1,1,0,0,4,1,0,0,1,0,0,0,0,0,0,2,5,2,0,23
1997,Design galleries: A general approach to setting parameters for computer graphics and animation,"Marks J., Andalman B., Beardsley P.A., Freeman W., Gibson S., Hodgins J., Kang T., Mirtich B., Pfister H., Ruml W., Ryall K., Seims J., Shieber S.",,"Proceedings of the 24th Annual Conference on Computer Graphics and Interactive Techniques, SIGGRAPH 1997",, ,0,0,0,0,0,0,0,0,0,0,0,0,0,0,0,0,0,0,0,0,0,0,0,0,0,0,0,0,0,0,0,0,1,0,0,1,1,0,0,1,1,3,1,0,0,1,0,0,4,6,2,1,0,23
2008,DSP applications: Signal and image processing with belief propagation,"Sudderth E.B., Freeman W.T.",10535888,IEEE Signal Processing Magazine,25,2,0,0,0,0,0,0,0,0,0,0,0,0,0,0,0,0,0,0,0,0,0,0,0,0,0,0,0,0,0,0,0,0,0,0,0,0,0,0,0,0,0,2,7,3,1,1,1,1,1,5,0,0,0,22
2007,Learning compressed sensing,"Weiss Y., Chang H.S., Freeman W.T.",,"45th Annual Allerton Conference on Communication, Control, and Computing 2007",1, ,0,0,0,0,0,0,0,0,0,0,0,0,0,0,0,0,0,0,0,0,0,0,0,0,0,0,0,0,0,0,0,0,0,0,0,0,0,0,0,2,5,2,2,4,3,0,0,1,2,1,0,0,0,22
1998,Bayesian model of surface perception,"Freeman W.T., Viola P.A.",10495258,Advances in Neural Information Processing Systems,, ,0,0,0,0,0,0,0,0,0,0,0,0,0,0,0,0,0,0,0,0,0,0,0,0,0,0,0,0,0,0,0,1,2,1,0,3,1,1,1,3,2,1,0,1,1,0,2,0,0,1,0,0,0,21
2015,Revealing and modifying non-local variations in a single image,"Dekel T., Michaeli T., Irani M., Freeman W.T.",7300301,ACM Transactions on Graphics,34,6,0,0,0,0,0,0,0,0,0,0,0,0,0,0,0,0,0,0,0,0,0,0,0,0,0,0,0,0,0,0,0,0,0,0,0,0,0,0,0,0,0,0,0,0,0,0,1,5,1,6,7,0,0,20
2014,Refraction wiggles for measuring fluid depth and velocity from video,"Xue T., Rubinstein M., Wadhwa N., Levin A., Durand F., Freeman W.T.",3029743,Lecture Notes in Computer Science (including subseries Lecture Notes in Artificial Intelligence and Lecture Notes in Bioinformatics),8691,3,0,0,0,0,0,0,0,0,0,0,0,0,0,0,0,0,0,0,0,0,0,0,0,0,0,0,0,0,0,0,0,0,0,0,0,0,0,0,0,0,0,0,0,0,0,0,2,3,5,5,3,1,0,19
1996,Exploiting the generic viewpoint assumption,Freeman W.T.,9205691,International Journal of Computer Vision,20,3,0,0,0,0,0,0,0,0,0,0,0,0,0,0,0,0,0,0,0,0,0,0,0,0,0,0,0,0,2,2,0,0,1,0,1,1,1,3,0,2,1,1,0,0,1,1,0,0,0,1,1,0,0,19
2017,Visual Vibrometry: Estimating Material Properties from Small Motions in Video,"Davis A., Bouman K.L., Chen J.G., Rubinstein M., Buyukozturk O., Durand F., Freeman W.T.",1628828,IEEE Transactions on Pattern Analysis and Machine Intelligence,39,4,0,0,0,0,0,0,0,0,0,0,0,0,0,0,0,0,0,0,0,0,0,0,0,0,0,0,0,0,0,0,0,0,0,0,0,0,0,0,0,0,0,0,0,0,0,0,0,0,3,9,4,2,0,18
2018,Learning and Using the Arrow of Time,"Wei D., Lim J., Zisserman A., Freeman W.T.",10636919,Proceedings of the IEEE Computer Society Conference on Computer Vision and Pattern Recognition,, ,0,0,0,0,0,0,0,0,0,0,0,0,0,0,0,0,0,0,0,0,0,0,0,0,0,0,0,0,0,0,0,0,0,0,0,0,0,0,0,0,0,0,0,0,0,0,0,0,0,1,16,0,0,17
2012,Towards longer long-range motion trajectories,"Rubinstein M., Liu C., Freeman W.T.",,BMVC 2012 - Electronic Proceedings of the British Machine Vision Conference 2012,, ,0,0,0,0,0,0,0,0,0,0,0,0,0,0,0,0,0,0,0,0,0,0,0,0,0,0,0,0,0,0,0,0,0,0,0,0,0,0,0,0,0,0,0,0,1,1,5,6,1,3,0,0,0,17
2010,Infinite images: Creating and exploring a large photorealistic virtual space,"Kaneva B., Sivic J., Torralba A., Avidan S., Freeman W.T.",189219,Proceedings of the IEEE,98,8,0,0,0,0,0,0,0,0,0,0,0,0,0,0,0,0,0,0,0,0,0,0,0,0,0,0,0,0,0,0,0,0,0,0,0,0,0,0,0,0,0,0,3,2,5,2,2,0,0,1,1,0,0,16
2003,Shape-time photography,"Freeman W.T., Zhang H.",10636919,Proceedings of the IEEE Computer Society Conference on Computer Vision and Pattern Recognition,2, ,0,0,0,0,0,0,0,0,0,0,0,0,0,0,0,0,0,0,0,0,0,0,0,0,0,0,0,0,0,0,0,0,0,0,0,2,4,3,2,1,1,0,0,1,1,0,0,0,0,1,0,0,0,16
1999,Computer Vision for Computer Interaction,"Freeman W.T., Beardsley P.A., Kage H., Tanaka K.-I., Kyuma K., Weissman C.D.",978930,Computer Graphics (ACM),33,4,0,0,0,0,0,0,0,0,0,0,0,0,0,0,0,0,0,0,0,0,0,0,0,0,0,0,0,0,0,0,0,1,0,0,2,2,2,2,1,0,2,1,0,0,0,1,0,1,1,0,0,0,0,16
1995,"Bayesian decision theory, the maximum local mass estimate, and color constancy","Freeman W.T., Brainard D.H.",,IEEE International Conference on Computer Vision,, ,0,0,0,0,0,0,0,0,0,0,0,0,0,0,0,0,0,0,0,0,0,0,0,0,0,0,1,4,4,0,0,1,1,1,0,0,1,0,0,0,0,0,2,0,0,0,0,0,0,0,1,0,0,16
2018,Best-Buddies Similarity - Robust Template Matching Using Mutual Nearest Neighbors,"Oron S., Dekel T., Xue T., Freeman W.T., Avidan S.",1628828,IEEE Transactions on Pattern Analysis and Machine Intelligence,40,8,0,0,0,0,0,0,0,0,0,0,0,0,0,0,0,0,0,0,0,0,0,0,0,0,0,0,0,0,0,0,0,0,0,0,0,0,0,0,0,0,0,0,0,0,0,0,0,0,0,2,8,5,0,15
2014,Rethinking color cameras,"Chakrabarti A., Freeman W.T., Zickler T.",,"2014 IEEE International Conference on Computational Photography, ICCP 2014",, ,0,0,0,0,0,0,0,0,0,0,0,0,0,0,0,0,0,0,0,0,0,0,0,0,0,0,0,0,0,0,0,0,0,0,0,0,0,0,0,0,0,0,0,0,0,0,2,3,3,3,4,0,0,15
2012,Accidental pinhole and pinspeck cameras: Revealing the scene outside the picture,"Torralba A., Freeman W.T.",10636919,Proceedings of the IEEE Computer Society Conference on Computer Vision and Pattern Recognition,, ,0,0,0,0,0,0,0,0,0,0,0,0,0,0,0,0,0,0,0,0,0,0,0,0,0,0,0,0,0,0,0,0,0,0,0,0,0,0,0,0,0,0,0,0,1,2,2,0,1,3,6,0,0,15
2011,Motion denoising with application to time-lapse photography,"Rubinstein M., Liu C., Sand P., Durand F., Freeman W.T.",10636919,Proceedings of the IEEE Computer Society Conference on Computer Vision and Pattern Recognition,, ,0,0,0,0,0,0,0,0,0,0,0,0,0,0,0,0,0,0,0,0,0,0,0,0,0,0,0,0,0,0,0,0,0,0,0,0,0,0,0,0,0,0,0,1,1,2,3,2,3,1,1,1,0,15
2005,Distributed occlusion reasoning for tracking with nonparametric belief propagation,"Sudderth E.B., Mandel M.I., Freeman W.T., Willsky A.S.",10495258,Advances in Neural Information Processing Systems,, ,0,0,0,0,0,0,0,0,0,0,0,0,0,0,0,0,0,0,0,0,0,0,0,0,0,0,0,0,0,0,0,0,0,0,0,0,2,3,2,2,0,4,0,2,0,0,0,0,0,0,0,0,0,15
1993,Exploiting the generic view assumption to estimate scene parameters,Freeman William T.,,1993 IEEE 4th International Conference on Computer Vision,, ,0,0,0,0,0,0,0,0,0,0,0,0,0,0,0,0,0,0,0,0,0,0,0,0,0,3,1,3,2,0,0,0,0,0,1,0,0,1,0,1,2,0,0,1,0,0,0,0,0,0,0,0,0,15
2017,Motion microscopy for visualizing and quantifying small motions,"Wadhwa N., Chen J.G., Sellon J.B., Wei D., Rubinstein M., Ghaffari R., Freeman D.M., Buyukozturk O., Wang P., Sun S., Kang S.H., Bertoldi K., Durand F., Freeman W.T.",278424,Proceedings of the National Academy of Sciences of the United States of America,114,44,0,0,0,0,0,0,0,0,0,0,0,0,0,0,0,0,0,0,0,0,0,0,0,0,0,0,0,0,0,0,0,0,0,0,0,0,0,0,0,0,0,0,0,0,0,0,0,0,0,2,8,4,0,14
2016,Computational imaging for VLBI image reconstruction,"Bouman K.L., Johnson M.D., Zoran D., Fish V.L., Doeleman S.S., Freeman W.T.",10636919,Proceedings of the IEEE Computer Society Conference on Computer Vision and Pattern Recognition,2016-, ,0,0,0,0,0,0,0,0,0,0,0,0,0,0,0,0,0,0,0,0,0,0,0,0,0,0,0,0,0,0,0,0,0,0,0,0,0,0,0,0,0,0,0,0,0,0,0,3,2,2,5,2,0,14
2001,Teaching applied computing without programming: A case-based introductory course for general education,"Marks J., Freeman W., Leitner H.",978418,"SIGCSE Bulletin (Association for Computing Machinery, Special Interest Group on Computer Science Education)",, ,0,0,0,0,0,0,0,0,0,0,0,0,0,0,0,0,0,0,0,0,0,0,0,0,0,0,0,0,0,0,0,0,0,1,3,1,2,0,1,0,0,2,1,0,0,0,1,0,0,2,0,0,0,14
2019,GaN dissection: Visualizing and understanding generative adversarial networks,"Bau D., Zhu J.-Y., Strobelt H., Zhou B., Tenenbaum J.B., Freeman W.T., Torralba A.",,"7th International Conference on Learning Representations, ICLR 2019",, ,0,0,0,0,0,0,0,0,0,0,0,0,0,0,0,0,0,0,0,0,0,0,0,0,0,0,0,0,0,0,0,0,0,0,0,0,0,0,0,0,0,0,0,0,0,0,0,0,0,0,12,1,0,13
2018,Inferring Light Fields from Shadows,"Baradad M., Ye V., Yedidia A.B., Durand F., Freeman W.T., Wornell G.W., Torralba A.",10636919,Proceedings of the IEEE Computer Society Conference on Computer Vision and Pattern Recognition,, ,0,0,0,0,0,0,0,0,0,0,0,0,0,0,0,0,0,0,0,0,0,0,0,0,0,0,0,0,0,0,0,0,0,0,0,0,0,0,0,0,0,0,0,0,0,0,0,0,0,0,12,1,0,13
2014,A compositional model for low-dimensional image set representation,"Mobahi H., Liu C., Freeman W.T.",10636919,Proceedings of the IEEE Computer Society Conference on Computer Vision and Pattern Recognition,, ,0,0,0,0,0,0,0,0,0,0,0,0,0,0,0,0,0,0,0,0,0,0,0,0,0,0,0,0,0,0,0,0,0,0,0,0,0,0,0,0,0,0,0,0,0,0,5,2,3,1,2,0,0,13
2018,Visual object networks: Image generation with disentangled 3D representation,"Zhu J.-Y., Zhang Z., Zhang C., Wu J., Torralba A., Tenenbaum J.B., Freeman W.T.",10495258,Advances in Neural Information Processing Systems,2018-, ,0,0,0,0,0,0,0,0,0,0,0,0,0,0,0,0,0,0,0,0,0,0,0,0,0,0,0,0,0,0,0,0,0,0,0,0,0,0,0,0,0,0,0,0,0,0,0,0,0,1,9,1,0,11
2015,Deviation magnification: Revealing departures from ideal geometries,"Wadhwa N., Dekel T., Wei D., Durand F., Freeman W.T.",7300301,ACM Transactions on Graphics,34,6,0,0,0,0,0,0,0,0,0,0,0,0,0,0,0,0,0,0,0,0,0,0,0,0,0,0,0,0,0,0,0,0,0,0,0,0,0,0,0,0,0,0,0,0,0,0,0,1,1,4,5,0,0,11
2018,"Sparse, Smart Contours to Represent and Edit Images","Dekel T., Gan C., Krishnan D., Liu C., Freeman W.T.",10636919,Proceedings of the IEEE Computer Society Conference on Computer Vision and Pattern Recognition,, ,0,0,0,0,0,0,0,0,0,0,0,0,0,0,0,0,0,0,0,0,0,0,0,0,0,0,0,0,0,0,0,0,0,0,0,0,0,0,0,0,0,0,0,0,0,0,0,0,0,0,9,1,0,10
2018,Learning to reconstruct shapes from unseen classes,"Zhang X., Tenenbaum J.B., Zhang Z., Freeman W.T., Zhang C., Wu J.",10495258,Advances in Neural Information Processing Systems,2018-, ,0,0,0,0,0,0,0,0,0,0,0,0,0,0,0,0,0,0,0,0,0,0,0,0,0,0,0,0,0,0,0,0,0,0,0,0,0,0,0,0,0,0,0,0,0,0,0,0,0,0,8,2,0,10
2017,Generative Modeling of Audible Shapes for Object Perception,"Zhang Z., Wu J., Li Q., Huang Z., Traer J., McDermott J.H., Tenenbaum J.B., Freeman W.T.",15505499,Proceedings of the IEEE International Conference on Computer Vision,2017-, ,0,0,0,0,0,0,0,0,0,0,0,0,0,0,0,0,0,0,0,0,0,0,0,0,0,0,0,0,0,0,0,0,0,0,0,0,0,0,0,0,0,0,0,0,0,0,0,0,1,4,5,0,0,10
2010,Search-and-replace editing for personal photo collections,"Hasinoff S.W., Jozwiak M., Durand F., Freeman W.T.",,"2010 IEEE International Conference on Computational Photography, ICCP 2010",, ,0,0,0,0,0,0,0,0,0,0,0,0,0,0,0,0,0,0,0,0,0,0,0,0,0,0,0,0,0,0,0,0,0,0,0,0,0,0,0,0,0,0,1,2,2,1,1,1,2,0,0,0,0,10
2018,Cognitive load estimation in the wild,"Fridman L., Reimer B., Mehler B., Freeman W.T.",,Conference on Human Factors in Computing Systems - Proceedings,2018-, ,0,0,0,0,0,0,0,0,0,0,0,0,0,0,0,0,0,0,0,0,0,0,0,0,0,0,0,0,0,0,0,0,0,0,0,0,0,0,0,0,0,0,0,0,0,0,0,0,0,1,7,1,0,9
2017,On the effectiveness of visible watermarks,"Dekel T., Rubinstein M., Liu C., Freeman W.T.",,"Proceedings - 30th IEEE Conference on Computer Vision and Pattern Recognition, CVPR 2017",2017-, ,0,0,0,0,0,0,0,0,0,0,0,0,0,0,0,0,0,0,0,0,0,0,0,0,0,0,0,0,0,0,0,0,0,0,0,0,0,0,0,0,0,0,0,0,0,0,0,0,0,1,4,4,0,9
2012,Laser speckle photography for surface tampering detection,"Shih Y.C., Davis A., Hasinoff S.W., Durand F., Freeman W.T.",10636919,Proceedings of the IEEE Computer Society Conference on Computer Vision and Pattern Recognition,, ,0,0,0,0,0,0,0,0,0,0,0,0,0,0,0,0,0,0,0,0,0,0,0,0,0,0,0,0,0,0,0,0,0,0,0,0,0,0,0,0,0,0,0,0,0,0,3,1,0,3,2,0,0,9
2009,Informative sensing of natural images,"Chang H.S., Weiss Y., Freeman W.T.",15224880,"Proceedings - International Conference on Image Processing, ICIP",, ,0,0,0,0,0,0,0,0,0,0,0,0,0,0,0,0,0,0,0,0,0,0,0,0,0,0,0,0,0,0,0,0,0,0,0,0,0,0,0,0,0,0,2,2,2,1,1,0,0,1,0,0,0,9
2019,Video Enhancement with Task-Oriented Flow,"Xue T., Chen B., Wu J., Wei D., Freeman W.T.",9205691,International Journal of Computer Vision,127,8,0,0,0,0,0,0,0,0,0,0,0,0,0,0,0,0,0,0,0,0,0,0,0,0,0,0,0,0,0,0,0,0,0,0,0,0,0,0,0,0,0,0,0,0,0,0,0,0,0,0,7,1,0,8
2014,Shape and illumination from shading using the generic viewpoint assumption,"Zoran D., Krishnan D., Bento J., Freeman W.T.",10495258,Advances in Neural Information Processing Systems,1, January,0,0,0,0,0,0,0,0,0,0,0,0,0,0,0,0,0,0,0,0,0,0,0,0,0,0,0,0,0,0,0,0,0,0,0,0,0,0,0,0,0,0,0,0,0,0,0,1,1,3,3,0,0,8
2014,Accidental Pinhole and Pinspeck Cameras: Revealing the Scene Outside the Picture,"Torralba A., Freeman W.T.",9205691,International Journal of Computer Vision,110,2,0,0,0,0,0,0,0,0,0,0,0,0,0,0,0,0,0,0,0,0,0,0,0,0,0,0,0,0,0,0,0,0,0,0,0,0,0,0,0,0,0,0,0,0,0,0,1,0,2,1,3,1,0,8
2014,Camouflaging an object from many viewpoints,"Owens A., Barnes C., Flint A., Singh H., Freeman W.",10636919,Proceedings of the IEEE Computer Society Conference on Computer Vision and Pattern Recognition,, ,0,0,0,0,0,0,0,0,0,0,0,0,0,0,0,0,0,0,0,0,0,0,0,0,0,0,0,0,0,0,0,0,0,0,0,0,0,0,0,0,0,0,0,0,0,1,0,4,3,0,0,0,0,8
2013,Shape anchors for data-driven multi-view reconstruction,"Owens A., Xiao J., Torralba A., Freeman W.",,Proceedings of the IEEE International Conference on Computer Vision,, ,0,0,0,0,0,0,0,0,0,0,0,0,0,0,0,0,0,0,0,0,0,0,0,0,0,0,0,0,0,0,0,0,0,0,0,0,0,0,0,0,0,0,0,0,1,0,1,3,2,0,1,0,0,8
2012,"Shapecollage: Occlusion-aware, example-based shape interpretation","Cole F., Isola P., Freeman W.T., Durand F., Adelson E.H.",3029743,Lecture Notes in Computer Science (including subseries Lecture Notes in Artificial Intelligence and Lecture Notes in Bioinformatics),7574,3,0,0,0,0,0,0,0,0,0,0,0,0,0,0,0,0,0,0,0,0,0,0,0,0,0,0,0,0,0,0,0,0,0,0,0,0,0,0,0,0,0,0,0,0,0,1,5,0,1,1,0,0,0,8
2011,Diffuse reflectance imaging with astronomical applications,"Hasinoff S.W., Levin A., Goode P.R., Freeman W.T.",,Proceedings of the IEEE International Conference on Computer Vision,, ,0,0,0,0,0,0,0,0,0,0,0,0,0,0,0,0,0,0,0,0,0,0,0,0,0,0,0,0,0,0,0,0,0,0,0,0,0,0,0,0,0,0,0,1,1,1,2,0,2,1,0,0,0,8
2007,A reliable skin mole localization scheme,"Taeg S.C., Freeman W.T., Tsao H.",,Proceedings of the IEEE International Conference on Computer Vision,, ,0,0,0,0,0,0,0,0,0,0,0,0,0,0,0,0,0,0,0,0,0,0,0,0,0,0,0,0,0,0,0,0,0,0,0,0,0,0,0,0,0,0,0,1,1,2,2,1,1,0,0,0,0,8
2007,"Exploring defocus matting: Nonparametric acceleration, super-resolution, and off-center matting","Joshi N., Matusik W., Avidan S., Pfister H., Freeman W.T.",2721716,IEEE Computer Graphics and Applications,27,2,0,0,0,0,0,0,0,0,0,0,0,0,0,0,0,0,0,0,0,0,0,0,0,0,0,0,0,0,0,0,0,0,0,0,0,0,0,0,0,0,1,3,0,1,1,0,0,0,0,1,1,0,0,8
2018,3D Interpreter Networks for Viewer-Centered Wireframe Modeling,"Wu J., Xue T., Lim J.J., Tian Y., Tenenbaum J.B., Torralba A., Freeman W.T.",9205691,International Journal of Computer Vision,126,9,0,0,0,0,0,0,0,0,0,0,0,0,0,0,0,0,0,0,0,0,0,0,0,0,0,0,0,0,0,0,0,0,0,0,0,0,0,0,0,0,0,0,0,0,0,0,0,0,0,3,4,0,0,7
2017,3DTV at home: Eulerian-lagrangian stereo-to-multiview conversion,"Kellnhofer P., Didyk P., Wang S.-P., Sitthi-Amorn P., Freeman W., Durand F., Matusik W.",7300301,ACM Transactions on Graphics,36,4,0,0,0,0,0,0,0,0,0,0,0,0,0,0,0,0,0,0,0,0,0,0,0,0,0,0,0,0,0,0,0,0,0,0,0,0,0,0,0,0,0,0,0,0,0,0,0,0,0,2,5,0,0,7
2016,Joint Inference in Weakly-Annotated Image Datasets via Dense Correspondence,"Rubinstein M., Liu C., Freeman W.T.",9205691,International Journal of Computer Vision,119,1,0,0,0,0,0,0,0,0,0,0,0,0,0,0,0,0,0,0,0,0,0,0,0,0,0,0,0,0,0,0,0,0,0,0,0,0,0,0,0,0,0,0,0,0,0,0,0,1,1,2,2,1,0,7
2015,A world-of-movement,"Durand F., Freeman W.T., Rubinstein M.",368733,Scientific American,312,1,0,0,0,0,0,0,0,0,0,0,0,0,0,0,0,0,0,0,0,0,0,0,0,0,0,0,0,0,0,0,0,0,0,0,0,0,0,0,0,0,0,0,0,0,0,0,1,1,1,3,1,0,0,7
2003,Shape recipes: Scene representations that refer to the image,"Freeman W.T., Torralba A.",10495258,Advances in Neural Information Processing Systems,, ,0,0,0,0,0,0,0,0,0,0,0,0,0,0,0,0,0,0,0,0,0,0,0,0,0,0,0,0,0,0,0,0,0,0,0,0,3,0,1,1,1,0,1,0,0,0,0,0,0,0,0,0,0,7
1999,Artificial retina chips as on-chip image processors and gesture-oriented interfaces,"Kage H., Freeman W.T., Miyake Y., Funatsu E., Tanaka K.-I., Kyuma K.",913286,Optical Engineering,38,12,0,0,0,0,0,0,0,0,0,0,0,0,0,0,0,0,0,0,0,0,0,0,0,0,0,0,0,0,0,0,0,0,3,2,0,0,0,0,0,0,0,0,0,0,1,0,0,0,0,1,0,0,0,7
1994,Demonstration of an Interactive Multimedia Environment,"Rich C., Waters R.C., Strohecker C., Schabes Y., Freeman W.T., Torrance M.C., Golding A.R., Roth M.",189162,Computer,27,12,0,0,0,0,0,0,0,0,0,0,0,0,0,0,0,0,0,0,0,0,0,0,0,0,0,0,1,2,1,0,0,0,0,0,0,0,1,1,0,0,0,0,0,0,0,0,0,0,0,1,0,0,0,7
2015,A data-driven regularization model for stereo and flow,"Wei D., Liu C., Freeman W.T.",,"Proceedings - 2014 International Conference on 3D Vision, 3DV 2014",, ,0,0,0,0,0,0,0,0,0,0,0,0,0,0,0,0,0,0,0,0,0,0,0,0,0,0,0,0,0,0,0,0,0,0,0,0,0,0,0,0,0,0,0,0,0,0,3,2,0,0,1,0,0,6
2013,Group norm for learning structured SVMs with unstructured latent variables,"Chen D., Batra D., Freeman W.T.",,Proceedings of the IEEE International Conference on Computer Vision,, ,0,0,0,0,0,0,0,0,0,0,0,0,0,0,0,0,0,0,0,0,0,0,0,0,0,0,0,0,0,0,0,0,0,0,0,0,0,0,0,0,0,0,0,0,0,0,2,1,3,0,0,0,0,6
1994,An Animated On-Line Community with Artificial Agents,"Rich C., Waters R.C., Schabes Y., Freeman W.T., Torrance M.C., Golding A.R., Roth M.",1070986X,IEEE Multimedia,1,4,0,0,0,0,0,0,0,0,0,0,0,0,0,0,0,0,0,0,0,0,0,0,0,0,0,0,1,0,1,0,1,1,0,0,0,0,0,0,0,0,0,0,0,0,1,0,1,0,0,0,0,0,0,6
2019,Learning the depths of moving people by watching frozen people,"Li Z., Dekel T., Cole F., Tucker R., Snavely N., Liu C., Freeman W.T.",10636919,Proceedings of the IEEE Computer Society Conference on Computer Vision and Pattern Recognition,2019-, ,0,0,0,0,0,0,0,0,0,0,0,0,0,0,0,0,0,0,0,0,0,0,0,0,0,0,0,0,0,0,0,0,0,0,0,0,0,0,0,0,0,0,0,0,0,0,0,0,0,0,5,0,0,5
2018,MosculP: Interactive visualization of shape and time,"Zhang X., Dekel T., Xue T., Owens A., He Q., Wu J., Mueller S., Freeman W.T.",,UIST 2018 - Proceedings of the 31st Annual ACM Symposium on User Interface Software and Technology,, ,0,0,0,0,0,0,0,0,0,0,0,0,0,0,0,0,0,0,0,0,0,0,0,0,0,0,0,0,0,0,0,0,0,0,0,0,0,0,0,0,0,0,0,0,0,0,0,0,0,0,3,2,0,5
2018,3D-aware scene manipulation via inverse graphics,"Yao S., Hsu T.-M.H., Zhu J.-Y., Wu J., Torralba A., Freeman W.T., Tenenbaum J.B.",10495258,Advances in Neural Information Processing Systems,2018-, ,0,0,0,0,0,0,0,0,0,0,0,0,0,0,0,0,0,0,0,0,0,0,0,0,0,0,0,0,0,0,0,0,0,0,0,0,0,0,0,0,0,0,0,0,0,0,0,0,0,1,4,0,0,5
2018,Co-regularized alignment for unsupervised domain adaptation,"Kumar A., Wadhawan K., Sattigeri P., Karlinsky L., Feris R., Freeman W.T., Wornell G.",10495258,Advances in Neural Information Processing Systems,2018-, ,0,0,0,0,0,0,0,0,0,0,0,0,0,0,0,0,0,0,0,0,0,0,0,0,0,0,0,0,0,0,0,0,0,0,0,0,0,0,0,0,0,0,0,0,0,0,0,0,0,0,3,2,0,5
2015,Developments with motion magnification for structural modal identification through camera video,"Chen J.G., Wadhwa N., Durand F., Freeman W.T., Buyukozturk O.",21915644,Conference Proceedings of the Society for Experimental Mechanics Series,2, ,0,0,0,0,0,0,0,0,0,0,0,0,0,0,0,0,0,0,0,0,0,0,0,0,0,0,0,0,0,0,0,0,0,0,0,0,0,0,0,0,0,0,0,0,0,0,0,1,1,2,0,1,0,5
2011,Where computer vision needs help from computer science,Freeman W.T.,,Proceedings of the Annual ACM-SIAM Symposium on Discrete Algorithms,, ,0,0,0,0,0,0,0,0,0,0,0,0,0,0,0,0,0,0,0,0,0,0,0,0,0,0,0,0,0,0,0,0,0,0,0,0,0,0,0,0,0,0,0,0,2,0,1,1,1,0,0,0,0,5
2007,Analysis of contour motions,"Liu C., Freeman W.T., Adelson E.H.",10495258,Advances in Neural Information Processing Systems,, ,0,0,0,0,0,0,0,0,0,0,0,0,0,0,0,0,0,0,0,0,0,0,0,0,0,0,0,0,0,0,0,0,0,0,0,0,0,0,0,0,0,0,0,1,1,1,0,0,1,1,0,0,0,5
1996,Gesture controlled human interface using an artificial retina chip,"Miyake Y., Freeman W.T., Ohta J., Tanaka K., Kyuma K.",10928081,Conference Proceedings - Lasers and Electro-Optics Society Annual Meeting-LEOS,1, ,0,0,0,0,0,0,0,0,0,0,0,0,0,0,0,0,0,0,0,0,0,0,0,0,0,0,0,0,1,1,2,0,0,0,1,0,0,0,0,0,0,0,0,0,0,0,0,0,0,0,0,0,0,5
2019,Learning to infer and execute 3D shape programs,"Tian Y., Luo A., Sun X., Ellis K., Freeman W.T., Tenenbaum J.B., Wu J.",,"7th International Conference on Learning Representations, ICLR 2019",, ,0,0,0,0,0,0,0,0,0,0,0,0,0,0,0,0,0,0,0,0,0,0,0,0,0,0,0,0,0,0,0,0,0,0,0,0,0,0,0,0,0,0,0,0,0,0,0,0,0,0,4,0,0,4
2018,Learning Sight from Sound: Ambient Sound Provides Supervision for Visual Learning,"Owens A., Wu J., McDermott J.H., Freeman W.T., Torralba A.",9205691,International Journal of Computer Vision,126,10,0,0,0,0,0,0,0,0,0,0,0,0,0,0,0,0,0,0,0,0,0,0,0,0,0,0,0,0,0,0,0,0,0,0,0,0,0,0,0,0,0,0,0,0,0,0,0,0,0,0,4,0,0,4
2018,Visual Dynamics: Stochastic Future Generation via Layered Cross Convolutional Networks,"Xue T., Wu J., Bouman K., Freeman W.",1628828,IEEE Transactions on Pattern Analysis and Machine Intelligence,, ,0,0,0,0,0,0,0,0,0,0,0,0,0,0,0,0,0,0,0,0,0,0,0,0,0,0,0,0,0,0,0,0,0,0,0,0,0,0,0,0,0,0,0,0,0,0,0,0,0,0,4,0,0,4
2018,Learning-Based Video Motion Magnification,"Oh T.-H., Jaroensri R., Kim C., Elgharib M., Durand F., Freeman W.T., Matusik W.",3029743,Lecture Notes in Computer Science (including subseries Lecture Notes in Artificial Intelligence and Lecture Notes in Bioinformatics),11208, ,0,0,0,0,0,0,0,0,0,0,0,0,0,0,0,0,0,0,0,0,0,0,0,0,0,0,0,0,0,0,0,0,0,0,0,0,0,0,0,0,0,0,0,0,0,0,0,0,0,0,3,1,0,4
2008,Reconstruction of channelized facies using sparsity constraints,"Jafarpour B., Goyal V.K., Freeman W.T.",10523812,SEG Technical Program Expanded Abstracts,27,1,0,0,0,0,0,0,0,0,0,0,0,0,0,0,0,0,0,0,0,0,0,0,0,0,0,0,0,0,0,0,0,0,0,0,0,0,0,0,0,0,0,0,0,0,0,0,0,3,1,0,0,0,0,4
2019,Learning to describe scenes with programs,"Liu Y., Wu Z., Freeman W.T., Tenenbaum J.B., Ritchie D., Wu J.",,"7th International Conference on Learning Representations, ICLR 2019",, ,0,0,0,0,0,0,0,0,0,0,0,0,0,0,0,0,0,0,0,0,0,0,0,0,0,0,0,0,0,0,0,0,0,0,0,0,0,0,0,0,0,0,0,0,0,0,0,0,0,0,3,0,0,3
2009,Nonparametric Bayesian texture learning and synthesis,"Zhu L., Chen Y., Freeman W., Torralba A.",,Advances in Neural Information Processing Systems 22 - Proceedings of the 2009 Conference,, ,0,0,0,0,0,0,0,0,0,0,0,0,0,0,0,0,0,0,0,0,0,0,0,0,0,0,0,0,0,0,0,0,0,0,0,0,0,0,0,0,0,0,3,0,0,0,0,0,0,0,0,0,0,3
2009,Exploiting transform-domain sparsity in reservoir history matching,"Jafarpour B., Goyal V.K., McLaughlin D.B., Freeman W.T.",,SPE Reservoir Simulation Symposium Proceedings,1, ,0,0,0,0,0,0,0,0,0,0,0,0,0,0,0,0,0,0,0,0,0,0,0,0,0,0,0,0,0,0,0,0,0,0,0,0,0,0,0,0,0,0,2,0,1,0,0,0,0,0,0,0,0,3
2003,Guest editors' introduction to the special section on graphical models in computer vision,"Rehg J.M., Pavlovic V., Huang T.S., Freeman W.T.",1628828,IEEE Transactions on Pattern Analysis and Machine Intelligence,25,7,0,0,0,0,0,0,0,0,0,0,0,0,0,0,0,0,0,0,0,0,0,0,0,0,0,0,0,0,0,0,0,0,0,0,0,0,0,0,0,1,0,1,0,0,1,0,0,0,0,0,0,0,0,3
2003,Bayesian and statistical approaches to vision,"Knill D., Freeman W.T., Geisler W.S.",10847529,"Journal of the Optical Society of America A: Optics and Image Science, and Vision",20,7,0,0,0,0,0,0,0,0,0,0,0,0,0,0,0,0,0,0,0,0,0,0,0,0,0,0,0,0,0,0,0,0,0,0,0,1,0,0,0,0,0,1,0,0,0,0,1,0,0,0,0,0,0,3
2019,Using unknown occluders to recover hidden scenes,"Yedidia A.B., Baradad M., Thrampoulidis C., Freeman W.T., Wornell G.W.",10636919,Proceedings of the IEEE Computer Society Conference on Computer Vision and Pattern Recognition,2019-, ,0,0,0,0,0,0,0,0,0,0,0,0,0,0,0,0,0,0,0,0,0,0,0,0,0,0,0,0,0,0,0,0,0,0,0,0,0,0,0,0,0,0,0,0,0,0,0,0,0,0,1,1,0,2
2019,Corner Occluder Computational Periscopy: Estimating a Hidden Scene from a Single Photograph,"Seidel S.W., Ma Y., Murray-Bruce J., Saunders C., Freeman W.T., Yu C.C., Goyal V.K.",,"2019 IEEE International Conference on Computational Photography, ICCP 2019",, ,0,0,0,0,0,0,0,0,0,0,0,0,0,0,0,0,0,0,0,0,0,0,0,0,0,0,0,0,0,0,0,0,0,0,0,0,0,0,0,0,0,0,0,0,0,0,0,0,0,0,2,0,0,2
2018,"3D Shape Perception from Monocular Vision, Touch, and Shape Priors","Wang S., Wu J., Sun X., Yuan W., Freeman W.T., Tenenbaum J.B., Adelson E.H.",21530858,IEEE International Conference on Intelligent Robots and Systems,, ,0,0,0,0,0,0,0,0,0,0,0,0,0,0,0,0,0,0,0,0,0,0,0,0,0,0,0,0,0,0,0,0,0,0,0,0,0,0,0,0,0,0,0,0,0,0,0,0,0,0,2,0,0,2
2018,Learning to exploit stability for 3D scene parsing,"Du Y., Liu Z., Freeman W.T., Basevi H., Tenenbaum J.B., Leonardis A., Wu J.",10495258,Advances in Neural Information Processing Systems,2018-, ,0,0,0,0,0,0,0,0,0,0,0,0,0,0,0,0,0,0,0,0,0,0,0,0,0,0,0,0,0,0,0,0,0,0,0,0,0,0,0,0,0,0,0,0,0,0,0,0,0,0,2,0,0,2
2018,Learning Shape Priors for Single-View 3D Completion And Reconstruction,"Wu J., Zhang C., Zhang X., Zhang Z., Freeman W.T., Tenenbaum J.B.",3029743,Lecture Notes in Computer Science (including subseries Lecture Notes in Artificial Intelligence and Lecture Notes in Bioinformatics),11215, ,0,0,0,0,0,0,0,0,0,0,0,0,0,0,0,0,0,0,0,0,0,0,0,0,0,0,0,0,0,0,0,0,0,0,0,0,0,0,0,0,0,0,0,0,0,0,0,0,0,0,1,1,0,2
2017,Shape and material from sound,"Zhang Z., Li Q., Huang Z., Wu J., Tenenbaum J.B., Freeman W.T.",10495258,Advances in Neural Information Processing Systems,2017-, ,0,0,0,0,0,0,0,0,0,0,0,0,0,0,0,0,0,0,0,0,0,0,0,0,0,0,0,0,0,0,0,0,0,0,0,0,0,0,0,0,0,0,0,0,0,0,0,0,0,0,2,0,0,2
2017,Population based image imputation,"Dalca A.V., Bouman K.L., Freeman W.T., Rost N.S., Sabuncu M.R., Golland P.",3029743,Lecture Notes in Computer Science (including subseries Lecture Notes in Artificial Intelligence and Lecture Notes in Bioinformatics),10265, ,0,0,0,0,0,0,0,0,0,0,0,0,0,0,0,0,0,0,0,0,0,0,0,0,0,0,0,0,0,0,0,0,0,0,0,0,0,0,0,0,0,0,0,0,0,0,0,0,0,1,0,1,0,2
2003,Object recognition by scene alignment,"Torralba A., Oliva A., Freeman W.T.",15347362,Journal of Vision,3,9,0,0,0,0,0,0,0,0,0,0,0,0,0,0,0,0,0,0,0,0,0,0,0,0,0,0,0,0,0,0,0,0,0,0,0,0,0,0,0,0,0,0,1,0,1,0,0,0,0,0,0,0,0,2
2019,Learning shape templates with structured implicit functions,"Genova K., Cole F., Vlasic D., Sarna A., Freeman W., Funkhouser T.",15505499,Proceedings of the IEEE International Conference on Computer Vision,2019-, ,0,0,0,0,0,0,0,0,0,0,0,0,0,0,0,0,0,0,0,0,0,0,0,0,0,0,0,0,0,0,0,0,0,0,0,0,0,0,0,0,0,0,0,0,0,0,0,0,0,0,1,0,0,1
2019,Reasoning about physical interactions with object-oriented prediction and planning,"Janner M., Levine S., Freeman W.T., Tenenbaum J.B., Finn C., Wu J.",,"7th International Conference on Learning Representations, ICLR 2019",, ,0,0,0,0,0,0,0,0,0,0,0,0,0,0,0,0,0,0,0,0,0,0,0,0,0,0,0,0,0,0,0,0,0,0,0,0,0,0,0,0,0,0,0,0,0,0,0,0,0,0,1,0,0,1
2018,ShadowCam: Real-Time Detection of Moving Obstacles behind A Corner for Autonomous Vehicles,"Naser F., Gilitschenski I., Rosman G., Amini A., Durand F., Torralba A., Wornell G.W., Freeman W.T., Karaman S., Rus D.",,"IEEE Conference on Intelligent Transportation Systems, Proceedings, ITSC",2018-, ,0,0,0,0,0,0,0,0,0,0,0,0,0,0,0,0,0,0,0,0,0,0,0,0,0,0,0,0,0,0,0,0,0,0,0,0,0,0,0,0,0,0,0,0,0,0,0,0,0,0,1,0,0,1
2018,Physical primitive decomposition,"Liu Z., Freeman W.T., Tenenbaum J.B., Wu J.",3029743,Lecture Notes in Computer Science (including subseries Lecture Notes in Artificial Intelligence and Lecture Notes in Bioinformatics),11216, ,0,0,0,0,0,0,0,0,0,0,0,0,0,0,0,0,0,0,0,0,0,0,0,0,0,0,0,0,0,0,0,0,0,0,0,0,0,0,0,0,0,0,0,0,0,0,0,0,0,1,0,0,0,1
2015,The aperture problem for refractive motion,"Xue T., Mobahi H., Durand F., Freeman W.T.",10636919,Proceedings of the IEEE Computer Society Conference on Computer Vision and Pattern Recognition,07-12-, ,0,0,0,0,0,0,0,0,0,0,0,0,0,0,0,0,0,0,0,0,0,0,0,0,0,0,0,0,0,0,0,0,0,0,0,0,0,0,0,0,0,0,0,0,0,0,0,1,0,0,0,0,0,1
2008,International Journal of Computer Vision: Guest Editorial,"Freeman W., Perona P., Scholkopf B.",9205691,International Journal of Computer Vision,77, 1-3,0,0,0,0,0,0,0,0,0,0,0,0,0,0,0,0,0,0,0,0,0,0,0,0,0,0,0,0,0,0,0,0,0,0,0,0,0,0,0,0,0,0,0,0,0,0,0,0,1,0,0,0,0,1
2005,An ensemble prior of image structure for cross-modal inference,"Ravela S., Torralba A., Freeman W.T.",,Proceedings of the IEEE International Conference on Computer Vision,I, ,0,0,0,0,0,0,0,0,0,0,0,0,0,0,0,0,0,0,0,0,0,0,0,0,0,0,0,0,0,0,0,0,0,0,0,0,0,0,0,1,0,0,0,0,0,0,0,0,0,0,0,0,0,1
2003,Quality Improvement for Intermediate Views Using Example-Based Super-Resolution,"Sato H., Freeman W.T., Onozawa A.",13483447,NTT Technical Review,1,6,0,0,0,0,0,0,0,0,0,0,0,0,0,0,0,0,0,0,0,0,0,0,0,0,0,0,0,0,0,0,0,0,0,0,0,0,0,0,0,1,0,0,0,0,0,0,0,0,0,0,0,0,0,1
2019,Boundless: Generative adversarial networks for image extension,"Teterwak P., Sarna A., Krishnan D., Maschinot A., Liu C., Belanger D., Freeman W.",15505499,Proceedings of the IEEE International Conference on Computer Vision,2019-, ,0,0,0,0,0,0,0,0,0,0,0,0,0,0,0,0,0,0,0,0,0,0,0,0,0,0,0,0,0,0,0,0,0,0,0,0,0,0,0,0,0,0,0,0,0,0,0,0,0,0,0,0,0,0
2019,Visual deprojection: Probabilistic recovery of collapsed dimensions,"Balakrishnan G., Dalca A., Zhao A., Guttag J., Durand F., Freeman W.",15505499,Proceedings of the IEEE International Conference on Computer Vision,2019-, ,0,0,0,0,0,0,0,0,0,0,0,0,0,0,0,0,0,0,0,0,0,0,0,0,0,0,0,0,0,0,0,0,0,0,0,0,0,0,0,0,0,0,0,0,0,0,0,0,0,0,0,0,0,0
2019,Program-guided image manipulators,"Zhang X., Mao J., Li Y., Freeman W., Tenenbaum J., Wu J.",15505499,Proceedings of the IEEE International Conference on Computer Vision,2019-, ,0,0,0,0,0,0,0,0,0,0,0,0,0,0,0,0,0,0,0,0,0,0,0,0,0,0,0,0,0,0,0,0,0,0,0,0,0,0,0,0,0,0,0,0,0,0,0,0,0,0,0,0,0,0
2019,Speech2Face: Learning the face behind a voice,"Oh T.-H., Dekel T., Kim C., Mosseri I., Freeman W.T., Rubinstein M., Matusik W.",10636919,Proceedings of the IEEE Computer Society Conference on Computer Vision and Pattern Recognition,2019-, ,0,0,0,0,0,0,0,0,0,0,0,0,0,0,0,0,0,0,0,0,0,0,0,0,0,0,0,0,0,0,0,0,0,0,0,0,0,0,0,0,0,0,0,0,0,0,0,0,0,0,0,0,0,0
2019,ChainQueen: A real-time differentiable physical simulator for soft robotics,"Hu Y., Liu J., Spielberg A., Tenenbaum J.B., Freeman W.T., Wu J., Rus D., Matusik W.",10504729,Proceedings - IEEE International Conference on Robotics and Automation,2019-, ,0,0,0,0,0,0,0,0,0,0,0,0,0,0,0,0,0,0,0,0,0,0,0,0,0,0,0,0,0,0,0,0,0,0,0,0,0,0,0,0,0,0,0,0,0,0,0,0,0,0,0,0,0,0
2019,Medical Image Imputation From Image Collections,"Dalca A.V., Bouman K.L., Freeman W.T., Rost N.S., Sabuncu M.R., Golland P.",2780062,IEEE Transactions on Medical Imaging,38,2,0,0,0,0,0,0,0,0,0,0,0,0,0,0,0,0,0,0,0,0,0,0,0,0,0,0,0,0,0,0,0,0,0,0,0,0,0,0,0,0,0,0,0,0,0,0,0,0,0,0,0,0,0,0
2019,"Unsupervised discovery of parts, structure, and dynamics","Xu Z., Liu Z., Sun C., Murphy K., Freeman W.T., Tenenbaum J.B., Wu J.",,"7th International Conference on Learning Representations, ICLR 2019",, ,0,0,0,0,0,0,0,0,0,0,0,0,0,0,0,0,0,0,0,0,0,0,0,0,0,0,0,0,0,0,0,0,0,0,0,0,0,0,0,0,0,0,0,0,0,0,0,0,0,0,0,0,0,0
2019,Visualizing and understanding gans,"Bau D., Zhu J.-Y., Strobelt H., Zhou B., Tenenbaum J.B., Freeman W.T., Torralba A.",,"Deep Generative Models for Highly Structured Data, DGS@ICLR 2019 Workshop",, ,0,0,0,0,0,0,0,0,0,0,0,0,0,0,0,0,0,0,0,0,0,0,0,0,0,0,0,0,0,0,0,0,0,0,0,0,0,0,0,0,0,0,0,0,0,0,0,0,0,0,0,0,0,0
2018,Reconstruction of channelized facies using sparsity constraints,"Jafarpour B., Goyal V.K., Freeman W.T.",,"78th Society of Exploration Geophysicists International Exposition and Annual Meeting, SEG 2008",, ,0,0,0,0,0,0,0,0,0,0,0,0,0,0,0,0,0,0,0,0,0,0,0,0,0,0,0,0,0,0,0,0,0,0,0,0,0,0,0,0,0,0,0,0,0,0,0,0,0,0,0,0,0,0
2018,Seeing tree structure from vibration,"Xue T., Wu J., Zhang Z., Zhang C., Tenenbaum J.B., Freeman W.T.",3029743,Lecture Notes in Computer Science (including subseries Lecture Notes in Artificial Intelligence and Lecture Notes in Bioinformatics),11213, ,0,0,0,0,0,0,0,0,0,0,0,0,0,0,0,0,0,0,0,0,0,0,0,0,0,0,0,0,0,0,0,0,0,0,0,0,0,0,0,0,0,0,0,0,0,0,0,0,0,0,0,0,0,0
2017,Interactive visualization of spatially amplified GNSS time-series position fields,"Meade B.J., Freeman W.T., Wilson J., Viegas F., Wattenberg M.",8950695,Seismological Research Letters,88,1,0,0,0,0,0,0,0,0,0,0,0,0,0,0,0,0,0,0,0,0,0,0,0,0,0,0,0,0,0,0,0,0,0,0,0,0,0,0,0,0,0,0,0,0,0,0,0,0,0,0,0,0,0,0
2016,Guest Editorial: Special Section on CVPR 2013,"Freeman W.T., Szeliski R., Hager G.D.",1628828,IEEE Transactions on Pattern Analysis and Machine Intelligence,38,4,0,0,0,0,0,0,0,0,0,0,0,0,0,0,0,0,0,0,0,0,0,0,0,0,0,0,0,0,0,0,0,0,0,0,0,0,0,0,0,0,0,0,0,0,0,0,0,0,0,0,0,0,0,0
2015,Joint inference in weakly-annotated image datasets via dense correspondence,"Rubinstein M., Liu C., Freeman W.T.",,Dense Image Correspondences for Computer Vision,, ,0,0,0,0,0,0,0,0,0,0,0,0,0,0,0,0,0,0,0,0,0,0,0,0,0,0,0,0,0,0,0,0,0,0,0,0,0,0,0,0,0,0,0,0,0,0,0,0,0,0,0,0,0,0
2012,Overview of computational photography,Freeman W.T.,0097966X,Digest of Technical Papers - SID International Symposium,43,1,0,0,0,0,0,0,0,0,0,0,0,0,0,0,0,0,0,0,0,0,0,0,0,0,0,0,0,0,0,0,0,0,0,0,0,0,0,0,0,0,0,0,0,0,0,0,0,0,0,0,0,0,0,0
2011,Technical perspective: A perfect 'match',Freeman W.T.,10782,Communications of the ACM,54,11,0,0,0,0,0,0,0,0,0,0,0,0,0,0,0,0,0,0,0,0,0,0,0,0,0,0,0,0,0,0,0,0,0,0,0,0,0,0,0,0,0,0,0,0,0,0,0,0,0,0,0,0,0,0
2003,Shape recipes: Scene representations that refer to the image,"Freeman W.T., Torralba A.",15347362,Journal of Vision,3,9,0,0,0,0,0,0,0,0,0,0,0,0,0,0,0,0,0,0,0,0,0,0,0,0,0,0,0,0,0,0,0,0,0,0,0,0,0,0,0,0,0,0,0,0,0,0,0,0,0,0,0,0,0,0
2001,Training-based method for low-level vision problems,"Freeman W., Pasztor E.",15347362,Journal of Vision,1,3,0,0,0,0,0,0,0,0,0,0,0,0,0,0,0,0,0,0,0,0,0,0,0,0,0,0,0,0,0,0,0,0,0,0,0,0,0,0,0,0,0,0,0,0,0,0,0,0,0,0,0,0,0,0
1999,"An inexpensive, all solid-state video and data recorder for accident reconstruction","Yerazunis W.S., Leigh D.L., Freeman W.T., Bardsley R.S.",1487191,SAE Technical Papers,, ,0,0,0,0,0,0,0,0,0,0,0,0,0,0,0,0,0,0,0,0,0,0,0,0,0,0,0,0,0,0,0,0,0,0,0,0,0,0,0,0,0,0,0,0,0,0,0,0,0,0,0,0,0,0
1997,Bayesian inference appliel to surface perception: How do you tell shading from paint?,"Freeman W.T., Viola P.A.",1460404,Investigative Ophthalmology and Visual Science,38,4,0,0,0,0,0,0,0,0,0,0,0,0,0,0,0,0,0,0,0,0,0,0,0,0,0,0,0,0,0,0,0,0,0,0,0,0,0,0,0,0,0,0,0,0,0,0,0,0,0,0,0,0,0,0
