," 作者:Ma, Weiying",,,,,,,,,,,,,,,,,,,,,,,,,,,,,,,,,,,,,,,,,,,,,,,,,,,,,,,,,,,
,,,,,,,,,,,,,,,,,,,,,,,,,,,,,,,,,,,,,,,,,,,,,,,,,,,,,,,,,,,,
,h-index = 68 (在纳入 h-Index 的 287 文献中，有 68 篇已被至少引用 68 次。),,,,,,,,,,,,,,,,,,,,,,,,,,,,,,,,,,,,,,,,,,,,,,,,,,,,,,,,,,,
,,,,,,,,,,,,,,,,,,,,,,,,,,,,,,,,,,,,,,,,,,,,,,,,,,,,,,,,,,,,
,,,,,,,,,,,,,,,,,,,,,,,,,,,,,,,,,,,,,,,,,,,,,,,,,,,,,,,,,,,,
,,,,,,,<1970,1970,1971,1972,1973,1974,1975,1976,1977,1978,1979,1980,1981,1982,1983,1984,1985,1986,1987,1988,1989,1990,1991,1992,1993,1994,1995,1996,1997,1998,1999,2000,2001,2002,2003,2004,2005,2006,2007,2008,2009,2010,2011,2012,2013,2014,2015,2016,2017,2018,2019,2020,>2020,总计
出版年份,文献标题,作者,ISSN,期刊标题,卷,期,0,0,0,0,0,0,0,0,0,0,0,0,0,0,0,0,0,0,0,0,0,0,0,0,0,0,0,3,11,45,44,61,96,106,167,325,463,610,758,991,1175,1277,1231,1313,1291,1194,1179,1067,1037,1170,1081,304,0,16999
2009,Mining interesting locations and travel sequences from GPS trajectories,"Zheng Y., Zhang L., Xie X., Ma W.-Y.",,WWW'09 - Proceedings of the 18th International World Wide Web Conference,, ,0,0,0,0,0,0,0,0,0,0,0,0,0,0,0,0,0,0,0,0,0,0,0,0,0,0,0,0,0,0,0,0,0,0,0,0,0,0,0,0,7,25,62,68,98,118,149,126,169,148,142,34,0,1146
2007,A survey of content-based image retrieval with high-level semantics,"Liu Y., Zhang D., Lu G., Ma W.-Y.",313203,Pattern Recognition,40,1,0,0,0,0,0,0,0,0,0,0,0,0,0,0,0,0,0,0,0,0,0,0,0,0,0,0,0,0,0,0,0,0,0,0,0,0,0,0,16,52,60,87,93,106,84,110,106,109,94,113,89,27,0,1146
2008,Understanding mobility based on GPS data,"Zheng Y., Li Q., Chen Y., Xie X., Ma W.-Y.",,UbiComp 2008 - Proceedings of the 10th International Conference on Ubiquitous Computing,, ,0,0,0,0,0,0,0,0,0,0,0,0,0,0,0,0,0,0,0,0,0,0,0,0,0,0,0,0,0,0,0,0,0,0,0,0,0,0,0,0,5,17,23,30,51,48,66,46,77,68,83,18,0,532
2004,Learning to cluster web search results,"Zeng H.-J., He Q.-C., Chen Z., Ma W.-Y., Ma J.",,Proceedings of Sheffield SIGIR - Twenty-Seventh Annual International ACM SIGIR Conference on Research and Development in Information Retrieval,, ,0,0,0,0,0,0,0,0,0,0,0,0,0,0,0,0,0,0,0,0,0,0,0,0,0,0,0,0,0,0,0,0,0,0,0,4,23,37,49,46,52,33,43,25,22,24,26,16,11,9,7,4,0,431
1997,NeTra: A toolbox for navigating large image databases,"Ma W.Y., Manjunath B.S.",,IEEE International Conference on Image Processing,1, ,0,0,0,0,0,0,0,0,0,0,0,0,0,0,0,0,0,0,0,0,0,0,0,0,0,0,0,0,0,14,14,23,33,25,24,42,31,22,24,16,19,11,6,24,16,8,8,11,7,3,3,2,0,386
2008,Mining user similarity based on location history,"Li Q., Zheng Y., Xie X., Chen Y., Liu W., Ma W.-Y.",,GIS: Proceedings of the ACM International Symposium on Advances in Geographic Information Systems,, ,0,0,0,0,0,0,0,0,0,0,0,0,0,0,0,0,0,0,0,0,0,0,0,0,0,0,0,0,0,0,0,0,0,0,0,0,0,0,0,0,5,14,15,31,33,41,31,38,34,52,41,7,0,342
2011,Recommending friends and locations based on individual location history,"Zheng Y., Zhang L., Ma Z., Xie X., Ma W.-Y.",15591131,ACM Transactions on the Web,5,1,0,0,0,0,0,0,0,0,0,0,0,0,0,0,0,0,0,0,0,0,0,0,0,0,0,0,0,0,0,0,0,0,0,0,0,0,0,0,0,0,0,2,9,26,38,35,37,45,42,53,40,10,0,337
2003,A visual attention model for adapting images on small displays,"Chen L.-Q., Xie X., Fan X., Ma W.-Y., Zhang H.-J., Zhou H.-Q.",9424962,Multimedia Systems,9,4,0,0,0,0,0,0,0,0,0,0,0,0,0,0,0,0,0,0,0,0,0,0,0,0,0,0,0,0,0,0,0,0,0,0,2,8,12,17,15,17,35,38,32,28,26,21,18,14,14,13,8,1,0,319
2000,EdgeFlow: a technique for boundary detection and image segmentation,"Ma W.-Y., Manjunath B.S.",10577149,IEEE Transactions on Image Processing,9,8,0,0,0,0,0,0,0,0,0,0,0,0,0,0,0,0,0,0,0,0,0,0,0,0,0,0,0,0,0,0,0,0,5,13,16,18,13,21,19,16,20,31,21,22,13,14,10,11,10,12,8,2,0,295
2002,Probabilistic query expansion using query logs,"Cui H., Wen J.-R., Nie J.-Y., Ma W.-Y.",,"Proceedings of the 11th International Conference on World Wide Web, WWW '02",, ,0,0,0,0,0,0,0,0,0,0,0,0,0,0,0,0,0,0,0,0,0,0,0,0,0,0,0,0,0,0,0,0,0,1,4,8,14,11,28,29,35,26,17,18,18,10,15,17,6,16,15,1,0,289
2010,Understanding transportation modes based on GPS data for web applications,"Zheng Y., Chen Y., Li Q., Xie X., Ma W.-Y.",15591131,ACM Transactions on the Web,4,1,0,0,0,0,0,0,0,0,0,0,0,0,0,0,0,0,0,0,0,0,0,0,0,0,0,0,0,0,0,0,0,0,0,0,0,0,0,0,0,0,0,7,8,15,25,26,41,31,29,32,37,11,0,262
1999,NeTra: A toolbox for navigating large image databases,"Ma W.-Y., Manjunath B.S.",9424962,Multimedia Systems,7,3,0,0,0,0,0,0,0,0,0,0,0,0,0,0,0,0,0,0,0,0,0,0,0,0,0,0,0,0,0,0,0,2,9,15,24,18,23,20,25,13,20,12,17,9,7,7,3,7,4,9,5,3,0,252
2004,"Hierarchical clustering of WWW image search results using visual, textual and link information","Cai D., He X., Li Z., Ma W.-Y., Wen J.-R.",,ACM Multimedia 2004 - proceedings of the 12th ACM International Conference on Multimedia,, ,0,0,0,0,0,0,0,0,0,0,0,0,0,0,0,0,0,0,0,0,0,0,0,0,0,0,0,0,0,0,0,0,0,0,0,0,9,11,11,23,22,27,22,23,17,23,16,15,9,12,6,1,0,247
2006,AnnoSearch: Image auto-annotation by search,"Wang X.-J., Zhang L., Jing F., Ma W.-Y.",10636919,Proceedings of the IEEE Computer Society Conference on Computer Vision and Pattern Recognition,2, ,0,0,0,0,0,0,0,0,0,0,0,0,0,0,0,0,0,0,0,0,0,0,0,0,0,0,0,0,0,0,0,0,0,0,0,0,0,1,9,25,20,27,24,17,27,15,22,10,11,16,5,4,0,233
2016,Collaborative knowledge base embedding for recommender systems,"Zhang F., Yuan N.J., Lian D., Xie X., Ma W.-Y.",,Proceedings of the ACM SIGKDD International Conference on Knowledge Discovery and Data Mining,13-17-, ,0,0,0,0,0,0,0,0,0,0,0,0,0,0,0,0,0,0,0,0,0,0,0,0,0,0,0,0,0,0,0,0,0,0,0,0,0,0,0,0,0,1,0,0,0,0,0,2,17,64,119,27,0,230
2003,Query expansion by mining user logs,"Cui H., Wen J.-R., Nie J.-Y., Ma W.-Y.",10414347,IEEE Transactions on Knowledge and Data Engineering,15,4,0,0,0,0,0,0,0,0,0,0,0,0,0,0,0,0,0,0,0,0,0,0,0,0,0,0,0,0,0,0,0,0,0,0,0,8,8,13,14,17,22,13,23,22,34,14,6,15,4,2,6,1,0,222
2003,Detecting web page structure for adaptive viewing on small form factor devices,"Chen Y., Ma W.-Y., Zhang H.-J.",,"Proceedings of the 12th International Conference on World Wide Web, WWW 2003",, ,0,0,0,0,0,0,0,0,0,0,0,0,0,0,0,0,0,0,0,0,0,0,0,0,0,0,0,0,0,0,0,0,0,0,3,19,17,27,28,19,13,13,18,10,13,6,7,6,4,0,2,0,0,205
2004,Learning block importance models for Web pages,"Song R., Liu H., Wen J.-R., Ma W.-Y.",,"Thirteenth International World Wide Web Conference Proceedings, WWW2004",, ,0,0,0,0,0,0,0,0,0,0,0,0,0,0,0,0,0,0,0,0,0,0,0,0,0,0,0,0,0,0,0,0,0,0,0,3,13,16,19,17,16,21,18,15,14,9,15,6,9,7,3,0,0,201
2005,Hybrid index structures for location-based Web search,"Zhou Y., Xie X., Wang C., Gong Y., Ma W.-Y.",,"International Conference on Information and Knowledge Management, Proceedings",, ,0,0,0,0,0,0,0,0,0,0,0,0,0,0,0,0,0,0,0,0,0,0,0,0,0,0,0,0,0,0,0,0,0,0,0,0,0,1,4,7,8,8,6,17,20,25,28,22,11,18,14,3,0,192
2003,Learning a semantic space from user's relevance feedback for image retrieval,"He X., King O., Ma W.-Y., Li M., Zhang H.-J.",10518215,IEEE Transactions on Circuits and Systems for Video Technology,13,1,0,0,0,0,0,0,0,0,0,0,0,0,0,0,0,0,0,0,0,0,0,0,0,0,0,0,0,0,0,0,0,0,0,0,0,14,21,21,18,32,16,10,17,9,8,11,4,2,2,3,0,2,0,190
2002,Learning similarity measure for natural image retrieval with relevance feedback,"Guo G.-D., Jain A.K., Ma W.-Y., Zhang H.-J.",10459227,IEEE Transactions on Neural Networks,13,4,0,0,0,0,0,0,0,0,0,0,0,0,0,0,0,0,0,0,0,0,0,0,0,0,0,0,0,0,0,0,0,0,0,0,5,22,22,14,16,11,21,12,11,7,9,7,4,3,7,10,5,1,0,187
2003,Extracting content structure for web pages based on visual representation,"Cai D., Yu S., Wen J.-R., Ma W.-Y.",3029743,Lecture Notes in Computer Science (including subseries Lecture Notes in Artificial Intelligence and Lecture Notes in Bioinformatics),2642, ,0,0,0,0,0,0,0,0,0,0,0,0,0,0,0,0,0,0,0,0,0,0,0,0,0,0,0,0,0,0,0,0,0,0,0,3,1,10,9,5,7,13,15,16,17,23,20,14,13,10,7,2,0,185
2003,Improving pseudo-relevance feedback in web information retrieval using web page segmentation,"Yu S., Cai D., Wen J.-R., Ma W.-Y.",,"Proceedings of the 12th International Conference on World Wide Web, WWW 2003",, ,0,0,0,0,0,0,0,0,0,0,0,0,0,0,0,0,0,0,0,0,0,0,0,0,0,0,0,0,0,0,0,0,0,0,4,10,9,18,14,24,17,11,10,10,16,4,7,7,7,4,6,0,0,178
2003,An Evaluation on Feature Selection for Text Clustering,"Liu T., Liu S., Chen Z., Ma W.-Y.",,"Proceedings, Twentieth International Conference on Machine Learning",2, ,0,0,0,0,0,0,0,0,0,0,0,0,0,0,0,0,0,0,0,0,0,0,0,0,0,0,0,0,0,0,0,0,0,0,0,3,5,6,6,10,14,13,11,12,16,14,22,16,12,6,8,3,0,177
1996,Texture features and learning similarity,"Ma W.Y., Manjunath B.S.",10636919,Proceedings of the IEEE Computer Society Conference on Computer Vision and Pattern Recognition,, ,0,0,0,0,0,0,0,0,0,0,0,0,0,0,0,0,0,0,0,0,0,0,0,0,0,0,0,1,4,6,8,10,14,6,8,8,7,4,6,10,12,13,6,5,5,7,10,8,4,3,6,5,0,176
2016,Dual learning for machine translation,"He D., Xia Y., Qin T., Wang L., Yu N., Liu T.-Y., Ma W.-Y.",10495258,Advances in Neural Information Processing Systems,, ,0,0,0,0,0,0,0,0,0,0,0,0,0,0,0,0,0,0,0,0,0,0,0,0,0,0,0,0,0,0,0,0,0,0,0,0,0,0,0,0,0,0,0,0,0,0,0,0,23,54,63,29,0,169
2004,Optimizing web search using web click-through data,"Xue G.-R., Zeng H.-J., Chen Z., Yu Y., Ma W.-Y., Xi W., Fan W.",,"International Conference on Information and Knowledge Management, Proceedings",, ,0,0,0,0,0,0,0,0,0,0,0,0,0,0,0,0,0,0,0,0,0,0,0,0,0,0,0,0,0,0,0,0,0,0,0,0,2,9,14,19,35,18,12,9,10,10,1,7,9,9,5,0,0,169
2005,Improving web search results using affinity graph,"Zhang B., Li H., Liu Y., Ji L., Xi W., Fan W., Chen Z., Ma W.-Y.",,SIGIR 2005 - Proceedings of the 28th Annual International ACM SIGIR Conference on Research and Development in Information Retrieval,, ,0,0,0,0,0,0,0,0,0,0,0,0,0,0,0,0,0,0,0,0,0,0,0,0,0,0,0,0,0,0,0,0,0,0,0,0,0,9,5,8,25,12,21,18,11,10,10,5,9,8,6,2,0,159
2008,Annotating images by mining image search results,"Wang X.-J., Zhang L., Li X., Ma W.-Y.",1628828,IEEE Transactions on Pattern Analysis and Machine Intelligence,30,11,0,0,0,0,0,0,0,0,0,0,0,0,0,0,0,0,0,0,0,0,0,0,0,0,0,0,0,0,0,0,0,0,0,0,0,0,0,0,0,1,15,21,19,20,17,13,14,12,8,4,6,4,0,154
2004,Learning an image manifold for retrieval,"He X., Ma W.-Y., Zhang H.-J.",,ACM Multimedia 2004 - proceedings of the 12th ACM International Conference on Multimedia,, ,0,0,0,0,0,0,0,0,0,0,0,0,0,0,0,0,0,0,0,0,0,0,0,0,0,0,0,0,0,0,0,0,0,0,0,2,7,16,15,16,14,18,10,12,13,14,8,5,2,1,1,0,0,154
1997,Edge flow: A framework of boundary detection and image segmentation,"Ma W.Y., Manjunath B.S.",10636919,Proceedings of the IEEE Computer Society Conference on Computer Vision and Pattern Recognition,, ,0,0,0,0,0,0,0,0,0,0,0,0,0,0,0,0,0,0,0,0,0,0,0,0,0,0,0,0,0,8,7,5,9,11,7,9,9,8,7,7,8,9,8,4,2,6,5,8,3,7,6,0,0,153
1999,Blur determination in the compressed domain using DCT information,"Marichal Xavier, Ma Wei-Ying, Zhang HongJiang",,IEEE International Conference on Image Processing,2, ,0,0,0,0,0,0,0,0,0,0,0,0,0,0,0,0,0,0,0,0,0,0,0,0,0,0,0,0,0,0,0,1,0,2,1,2,5,2,5,7,9,9,11,6,15,20,9,12,11,11,5,0,0,143
2003,Automatic browsing of large pictures on mobile devices,"Liu H., Xie X., Ma W.-Y., Zhang H.-J.",,Proceedings of the ACM International Multimedia Conference and Exhibition,, ,0,0,0,0,0,0,0,0,0,0,0,0,0,0,0,0,0,0,0,0,0,0,0,0,0,0,0,0,0,0,0,0,0,0,3,8,9,6,9,14,16,14,11,13,10,9,6,4,1,3,2,1,0,139
2009,GeoLife2.0: A location-based social networking service,"Zheng Y., Chen Y., Xie X., Ma W.-Y.",15516245,Proceedings - IEEE International Conference on Mobile Data Management,, ,0,0,0,0,0,0,0,0,0,0,0,0,0,0,0,0,0,0,0,0,0,0,0,0,0,0,0,0,0,0,0,0,0,0,0,0,0,0,0,0,1,7,11,19,12,19,17,17,16,10,7,2,0,138
2007,FRank: A ranking method with fidelity loss,"Tsai M.-F., Liu T.-Y., Qin T., Chen H.-H., Ma W.-Y.",,"Proceedings of the 30th Annual International ACM SIGIR Conference on Research and Development in Information Retrieval, SIGIR'07",, ,0,0,0,0,0,0,0,0,0,0,0,0,0,0,0,0,0,0,0,0,0,0,0,0,0,0,0,0,0,0,0,0,0,0,0,0,0,0,1,11,18,13,19,8,8,8,13,10,8,9,8,0,0,134
2005,A probabilistic model for retrospective news event detection,"Li Z., Wang B., Li M., Ma W.-Y.",,SIGIR 2005 - Proceedings of the 28th Annual International ACM SIGIR Conference on Research and Development in Information Retrieval,, ,0,0,0,0,0,0,0,0,0,0,0,0,0,0,0,0,0,0,0,0,0,0,0,0,0,0,0,0,0,0,0,0,0,0,0,0,1,9,3,12,11,16,14,11,11,6,8,13,3,7,4,1,0,130
2004,Web-page classification through summarization,"Shen D., Chen Z., Yang Q., Zeng H.-J., Zhang B., Lu Y., Ma W.-Y.",,Proceedings of Sheffield SIGIR - Twenty-Seventh Annual International ACM SIGIR Conference on Research and Development in Information Retrieval,, ,0,0,0,0,0,0,0,0,0,0,0,0,0,0,0,0,0,0,0,0,0,0,0,0,0,0,0,0,0,0,0,0,0,0,0,0,4,10,8,13,14,13,5,17,9,12,3,2,4,7,5,2,0,128
2005,Web image clustering by consistent utilization of visual features and surrounding texts,"Gao B., Liu T.-Y., Qin T., Zheng X., Cheng Q.-S., Ma W.-Y.",,"Proceedings of the 13th ACM International Conference on Multimedia, MM 2005",, ,0,0,0,0,0,0,0,0,0,0,0,0,0,0,0,0,0,0,0,0,0,0,0,0,0,0,0,0,0,0,0,0,0,0,0,0,0,2,3,8,8,13,10,18,9,15,8,7,2,7,5,2,0,117
2006,Simultaneous record detection and attribute labeling in web data extraction,"Zhu J., Nie Z., Wen J.-R., Zhang B., Ma W.-Y.",,Proceedings of the ACM SIGKDD International Conference on Knowledge Discovery and Data Mining,2006, ,0,0,0,0,0,0,0,0,0,0,0,0,0,0,0,0,0,0,0,0,0,0,0,0,0,0,0,0,0,0,0,0,0,0,0,0,0,0,9,8,15,19,10,9,13,4,8,4,7,4,2,0,0,112
2005,Adapting web pages for small-screen devices,"Chen Y., Xie X., Ma W.-Y., Zhang H.-J.",10897801,IEEE Internet Computing,9,1,0,0,0,0,0,0,0,0,0,0,0,0,0,0,0,0,0,0,0,0,0,0,0,0,0,0,0,0,0,0,0,0,0,0,0,0,5,5,9,15,11,11,8,13,9,7,2,6,2,2,2,3,0,110
2005,Consistent bipartite graph co-partitioning for star-structured high-order heterogeneous data co-clustering,"Gao B., Liu T.-Y., Zheng X., Cheng Q.-S., Ma W.-Y.",,Proceedings of the ACM SIGKDD International Conference on Knowledge Discovery and Data Mining,, ,0,0,0,0,0,0,0,0,0,0,0,0,0,0,0,0,0,0,0,0,0,0,0,0,0,0,0,0,0,0,0,0,0,0,0,0,1,7,7,11,3,5,10,11,5,8,16,7,4,4,8,1,0,108
2004,Block-based web search,"Cai D., Yu S., Wen J.-R., Ma W.-Y.",,Proceedings of Sheffield SIGIR - Twenty-Seventh Annual International ACM SIGIR Conference on Research and Development in Information Retrieval,, ,0,0,0,0,0,0,0,0,0,0,0,0,0,0,0,0,0,0,0,0,0,0,0,0,0,0,0,0,0,0,0,0,0,0,0,1,7,11,11,10,13,6,7,13,5,6,8,4,1,4,1,0,0,108
2004,Block-level link analysis,"Cai D., He X., Wen J.-R., Ma W.-Y.",,Proceedings of Sheffield SIGIR - Twenty-Seventh Annual International ACM SIGIR Conference on Research and Development in Information Retrieval,, ,0,0,0,0,0,0,0,0,0,0,0,0,0,0,0,0,0,0,0,0,0,0,0,0,0,0,0,0,0,0,0,0,0,0,0,1,6,8,6,14,14,17,11,7,8,2,1,4,1,2,3,0,0,105
2008,Flickr distance,"Wu L., Hua X.-S., Yu N., Ma W.-Y., Li S.",,"MM'08 - Proceedings of the 2008 ACM International Conference on Multimedia, with co-located Symposium and Workshops",, ,0,0,0,0,0,0,0,0,0,0,0,0,0,0,0,0,0,0,0,0,0,0,0,0,0,0,0,0,0,0,0,0,0,0,0,0,0,0,0,0,13,14,17,16,12,5,8,5,9,3,1,1,0,104
2007,Dual cross-media relevance model for image annotation,"Liu J., Wang B., Li M., Li Z., Ma W., Lu H., Ma S.",,Proceedings of the ACM International Multimedia Conference and Exhibition,, ,0,0,0,0,0,0,0,0,0,0,0,0,0,0,0,0,0,0,0,0,0,0,0,0,0,0,0,0,0,0,0,0,0,0,0,0,0,0,0,5,11,13,11,16,13,8,6,4,7,3,5,2,0,104
2017,Topic aware neural response generation,"Xing C., Wu W., Wu Y., Liu J., Huang Y., Zhou M., Ma W.-Y.",,"31st AAAI Conference on Artificial Intelligence, AAAI 2017",, ,0,0,0,0,0,0,0,0,0,0,0,0,0,0,0,0,0,0,0,0,0,0,0,0,0,0,0,0,0,0,0,0,0,0,0,0,0,0,0,0,0,0,0,0,0,0,0,0,3,37,44,14,0,98
2007,Object-level vertical search,"Nie Z., Wen J.-R., Ma W.-Y.",,CIDR 2007 - 3rd Biennial Conference on Innovative Data Systems Research,, ,0,0,0,0,0,0,0,0,0,0,0,0,0,0,0,0,0,0,0,0,0,0,0,0,0,0,0,0,0,0,0,0,0,0,0,0,0,0,10,14,16,17,9,8,6,6,2,2,1,2,1,0,0,94
2005,2D conditional random fields for Web information extraction,"Zhu J., Nie Z., Wen J.-R., Zhang B., Ma W.-Y.",,ICML 2005 - Proceedings of the 22nd International Conference on Machine Learning,, ,0,0,0,0,0,0,0,0,0,0,0,0,0,0,0,0,0,0,0,0,0,0,0,0,0,0,0,0,0,0,0,0,0,0,0,0,0,7,8,9,8,14,7,11,10,10,4,1,2,1,2,0,0,94
2006,Automated known problem diagnosis with event traces,"Yuan C., Lao N., Wen J.-R., Li J., Zhang Z., Wang Y.-M., Ma W.-Y.",,Proceedings of the 2006 EuroSys Conference,, ,0,0,0,0,0,0,0,0,0,0,0,0,0,0,0,0,0,0,0,0,0,0,0,0,0,0,0,0,0,0,0,0,0,0,0,0,0,1,8,10,9,6,8,4,6,6,6,12,2,4,7,4,0,93
2004,Locality preserving indexing for document representation,"He X., Cai D., Liu H., Ma W.-Y.",,Proceedings of Sheffield SIGIR - Twenty-Seventh Annual International ACM SIGIR Conference on Research and Development in Information Retrieval,, ,0,0,0,0,0,0,0,0,0,0,0,0,0,0,0,0,0,0,0,0,0,0,0,0,0,0,0,0,0,0,0,0,0,0,0,3,6,5,8,8,6,8,5,13,9,5,3,4,0,2,4,1,0,90
1998,A texture thesaurus for browsing large aerial photographs,"Ma W.-Y., Manjunath B.S.",28231,Journal of the American Society for Information Science,49,7,0,0,0,0,0,0,0,0,0,0,0,0,0,0,0,0,0,0,0,0,0,0,0,0,0,0,0,0,0,1,3,6,6,6,4,7,7,7,6,5,5,3,5,2,3,1,3,4,1,2,1,1,0,89
2003,ReCoM: Reinforcement Clustering of Multi-Type Interrelated Data Objects,"Wang J., Zeng H., Chen Z., Lu H., Tao L., Ma W.-Y.",1635840,SIGIR Forum (ACM Special Interest Group on Information Retrieval),, ,0,0,0,0,0,0,0,0,0,0,0,0,0,0,0,0,0,0,0,0,0,0,0,0,0,0,0,0,0,0,0,0,0,0,0,8,5,10,4,7,6,9,6,5,4,6,5,3,7,3,0,0,0,88
2006,Image annotation by large-scale content-based image retrieval,"Li X., Chen L., Zhang L., Lin F., Ma W.-Y.",,"Proceedings of the 14th Annual ACM International Conference on Multimedia, MM 2006",, ,0,0,0,0,0,0,0,0,0,0,0,0,0,0,0,0,0,0,0,0,0,0,0,0,0,0,0,0,0,0,0,0,0,0,0,0,0,0,5,6,13,12,8,2,9,8,4,5,9,4,2,0,0,87
2006,An adaptive graph model for automatic image annotation,"Liu J., Li M., Ma W.-Y., Liu Q., Lu H.",,Proceedings of the ACM International Multimedia Conference and Exhibition,, ,0,0,0,0,0,0,0,0,0,0,0,0,0,0,0,0,0,0,0,0,0,0,0,0,0,0,0,0,0,0,0,0,0,0,0,0,0,0,4,10,10,13,9,12,7,5,7,1,1,4,2,1,0,86
2015,LightLDA: Big topic models on modest computer clusters,"Yuan J., Gao F., Ho Q., Dai W., Wei J., Zheng X., Xing E.P., Liu T.-Y., Ma W.-Y.",,WWW 2015 - Proceedings of the 24th International Conference on World Wide Web,, ,0,0,0,0,0,0,0,0,0,0,0,0,0,0,0,0,0,0,0,0,0,0,0,0,0,0,0,0,0,0,0,0,0,0,0,0,0,0,0,0,0,0,0,0,0,0,6,14,20,19,20,6,0,85
2005,Graph based multi-modality learning,"Tong H., He J., Li M., Zhang C., Ma W.-Y.",,"Proceedings of the 13th ACM International Conference on Multimedia, MM 2005",, ,0,0,0,0,0,0,0,0,0,0,0,0,0,0,0,0,0,0,0,0,0,0,0,0,0,0,0,0,0,0,0,0,0,0,0,0,0,2,10,6,10,7,6,9,6,7,5,6,1,3,5,2,0,85
2006,Large-scale duplicate detection for web image search,"Wang B., Li Z., Li M., Ma W.-Y.",,"2006 IEEE International Conference on Multimedia and Expo, ICME 2006 - Proceedings",2006, ,0,0,0,0,0,0,0,0,0,0,0,0,0,0,0,0,0,0,0,0,0,0,0,0,0,0,0,0,0,0,0,0,0,0,0,0,0,3,3,9,6,7,8,10,11,7,3,5,2,5,3,1,0,83
1998,Benchmarking of image features for content-based retrieval,"Ma Wei-Ying, Zhang HongJiang",10586393,"Conference Record of the Asilomar Conference on Signals, Systems and Computers",1, ,0,0,0,0,0,0,0,0,0,0,0,0,0,0,0,0,0,0,0,0,0,0,0,0,0,0,0,0,0,0,2,3,4,4,7,8,5,6,7,5,6,4,3,4,2,2,2,1,3,0,1,2,0,81
2005,OCFS: Optimal orthogonal centroid feature selection for text categorization,"Yan J., Liu N., Zhang B., Yan S., Chen Z., Cheng Q., Fan W., Ma W.-Y.",,SIGIR 2005 - Proceedings of the 28th Annual International ACM SIGIR Conference on Research and Development in Information Retrieval,, ,0,0,0,0,0,0,0,0,0,0,0,0,0,0,0,0,0,0,0,0,0,0,0,0,0,0,0,0,0,0,0,0,0,0,0,0,0,1,10,5,13,2,8,5,4,3,4,8,2,9,6,0,0,80
1996,Comparison of wavelet transform features for texture image annotation,"Ma W.Y., Manjunath B.S.",,IEEE International Conference on Image Processing,2, ,0,0,0,0,0,0,0,0,0,0,0,0,0,0,0,0,0,0,0,0,0,0,0,0,0,0,0,1,0,0,0,0,2,3,7,7,5,2,0,2,5,5,4,2,1,7,5,7,4,3,7,1,0,80
2003,Looking into video frames on small displays,"Fan X., Xie X., Zhou H.-Q., Ma W.-Y.",,Proceedings of the ACM International Multimedia Conference and Exhibition,, ,0,0,0,0,0,0,0,0,0,0,0,0,0,0,0,0,0,0,0,0,0,0,0,0,0,0,0,0,0,0,0,0,0,0,1,3,2,7,6,7,6,13,7,7,7,5,4,2,0,1,1,0,0,79
2007,Web object retrieval,"Nie Z., Ma Y., Shi S., Wen J.-R., Ma W.-Y.",,"16th International World Wide Web Conference, WWW2007",, ,0,0,0,0,0,0,0,0,0,0,0,0,0,0,0,0,0,0,0,0,0,0,0,0,0,0,0,0,0,0,0,0,0,0,0,0,0,0,2,9,7,17,8,7,9,5,4,2,4,2,1,0,0,77
2009,Mining city landmarks from blogs by graph modeling,"Ji R., Xie X., Yao H., Ma W.-Y.",,"MM'09 - Proceedings of the 2009 ACM Multimedia Conference, with Co-located Workshops and Symposiums",, ,0,0,0,0,0,0,0,0,0,0,0,0,0,0,0,0,0,0,0,0,0,0,0,0,0,0,0,0,0,0,0,0,0,0,0,0,0,0,0,0,0,2,10,7,15,7,10,8,4,6,4,1,0,74
2008,Directly optimizing evaluation measures in learning to rank,"Xu J., Liu T.-Y., Lu M., Li H., Ma W.-Y.",,"ACM SIGIR 2008 - 31st Annual International ACM SIGIR Conference on Research and Development in Information Retrieval, Proceedings",, ,0,0,0,0,0,0,0,0,0,0,0,0,0,0,0,0,0,0,0,0,0,0,0,0,0,0,0,0,0,0,0,0,0,0,0,0,0,0,0,0,7,9,4,11,6,5,11,6,4,2,7,0,0,72
2004,Multi-model similarity propagation and its application for Web image retrieval,"Wang X.-J., Ma W.-Y., Xue G.-R., Li X.",,ACM Multimedia 2004 - proceedings of the 12th ACM International Conference on Multimedia,, ,0,0,0,0,0,0,0,0,0,0,0,0,0,0,0,0,0,0,0,0,0,0,0,0,0,0,0,0,0,0,0,0,0,0,0,0,6,3,5,10,13,6,2,6,5,4,6,2,0,3,0,0,0,71
2004,Salient region detection using weighted feature maps based on the human visual attention model,"Hu Y., Xie X., Ma W.-Y., Chia L.-T., Rajan D.",3029743,Lecture Notes in Computer Science (including subseries Lecture Notes in Artificial Intelligence and Lecture Notes in Bioinformatics),3332, ,0,0,0,0,0,0,0,0,0,0,0,0,0,0,0,0,0,0,0,0,0,0,0,0,0,0,0,0,0,0,0,0,0,0,0,0,1,2,1,0,4,11,7,7,5,9,5,6,3,6,3,0,0,70
2008,GeoLife: Managing and understanding your past life over maps,"Zheng Y., Wang L., Zhang R., Xie X., Ma W.-Y.",15516245,Proceedings - IEEE International Conference on Mobile Data Management,, ,0,0,0,0,0,0,0,0,0,0,0,0,0,0,0,0,0,0,0,0,0,0,0,0,0,0,0,0,0,0,0,0,0,0,0,0,0,0,0,1,2,3,4,3,6,9,9,7,10,7,7,1,0,69
2005,A probabilistic semantic model for image annotation and multi-modal image retrieval,"Zhang R., Zhang Z., Li M., Ma W.-Y., Zhang H.-J.",,Proceedings of the IEEE International Conference on Computer Vision,I, ,0,0,0,0,0,0,0,0,0,0,0,0,0,0,0,0,0,0,0,0,0,0,0,0,0,0,0,0,0,0,0,0,0,0,0,0,0,4,6,6,6,8,7,6,4,2,6,2,5,5,1,1,0,69
2010,ARISTA - Image search to annotation on billions of web photos,"Wang X.-J., Zhang L., Liu M., Li Y., Ma W.-Y.",10636919,Proceedings of the IEEE Computer Society Conference on Computer Vision and Pattern Recognition,, ,0,0,0,0,0,0,0,0,0,0,0,0,0,0,0,0,0,0,0,0,0,0,0,0,0,0,0,0,0,0,0,0,0,0,0,0,0,0,0,0,0,1,10,13,12,8,8,3,8,3,1,1,0,68
2007,MusicSense: Contextual music recommendation using emotional allocation modeling,"Cai R., Zhang C., Wang C., Zhang L., Ma W.-Y.",,Proceedings of the ACM International Multimedia Conference and Exhibition,, ,0,0,0,0,0,0,0,0,0,0,0,0,0,0,0,0,0,0,0,0,0,0,0,0,0,0,0,0,0,0,0,0,0,0,0,0,0,0,0,2,6,2,7,4,9,4,6,12,4,5,4,2,0,67
2004,Effective browsing of web image search results,"Liu H., Xie X., Tang X., Li Z.-W., Ma W.-Y.",,MIR'04 - Proceedings of the 6th ACM SIGMM International Workshop on Multimedia Information Retrieval,, ,0,0,0,0,0,0,0,0,0,0,0,0,0,0,0,0,0,0,0,0,0,0,0,0,0,0,0,0,0,0,0,0,0,0,0,1,3,5,3,9,6,8,4,7,7,4,7,1,2,0,0,0,0,67
2006,IGroup: Web image search results clustering,"Jing F., Wang C., Yao Y., Deng K., Zhang L., Ma W.-Y.",,"Proceedings of the 14th Annual ACM International Conference on Multimedia, MM 2006",, ,0,0,0,0,0,0,0,0,0,0,0,0,0,0,0,0,0,0,0,0,0,0,0,0,0,0,0,0,0,0,0,0,0,0,0,0,0,0,2,5,5,6,8,10,7,7,4,3,6,1,2,0,0,66
2007,Bipartite graph reinforcement model for web image annotation,"Rui X., Li M., Li Z., Ma W.-Y., Yu N.",,Proceedings of the ACM International Multimedia Conference and Exhibition,, ,0,0,0,0,0,0,0,0,0,0,0,0,0,0,0,0,0,0,0,0,0,0,0,0,0,0,0,0,0,0,0,0,0,0,0,0,0,0,0,8,10,9,11,3,8,6,1,1,3,3,1,1,0,65
2004,Collapse-to-zoom: Viewing web pages on small screen devices by interactively removing irrelevant content,"Baudisch P., Xie X., Wang C., Ma W.-Y.",,UIST: Proceedings of the Annual ACM Symposium on User Interface Softaware and Technology,, ,0,0,0,0,0,0,0,0,0,0,0,0,0,0,0,0,0,0,0,0,0,0,0,0,0,0,0,0,0,0,0,0,0,0,0,0,2,10,11,9,5,7,3,4,5,3,2,1,1,2,0,0,0,65
2004,Improving text classification using local Latent Semantic Indexing,"Liu T., Chen Z., Zhang B., Ma W.-Y., Wu G.",,"Proceedings - Fourth IEEE International Conference on Data Mining, ICDM 2004",, ,0,0,0,0,0,0,0,0,0,0,0,0,0,0,0,0,0,0,0,0,0,0,0,0,0,0,0,0,0,0,0,0,0,0,0,0,1,5,5,3,7,1,5,3,2,3,5,6,3,7,7,2,0,65
2009,Mining correlation between locations using human location history,"Zheng Y., Zhang L., Xie X., Ma W.-Y.",,GIS: Proceedings of the ACM International Symposium on Advances in Geographic Information Systems,, ,0,0,0,0,0,0,0,0,0,0,0,0,0,0,0,0,0,0,0,0,0,0,0,0,0,0,0,0,0,0,0,0,0,0,0,0,0,0,0,0,0,2,4,7,8,8,8,6,7,9,3,0,0,62
2005,Detecting dominant locations from search queries,"Wang L., Wang C., Xie X., Forman J., Lu Y., Ma W.-Y., Li Y.",,SIGIR 2005 - Proceedings of the 28th Annual International ACM SIGIR Conference on Research and Development in Information Retrieval,, ,0,0,0,0,0,0,0,0,0,0,0,0,0,0,0,0,0,0,0,0,0,0,0,0,0,0,0,0,0,0,0,0,0,0,0,0,1,1,6,8,8,5,10,8,2,5,1,4,1,0,0,2,0,62
2005,A study of relevance propagation for web search,"Qin T., Liu T.-Y., Zhang X.-D., Chen Z., Ma W.-Y.",,SIGIR 2005 - Proceedings of the 28th Annual International ACM SIGIR Conference on Research and Development in Information Retrieval,, ,0,0,0,0,0,0,0,0,0,0,0,0,0,0,0,0,0,0,0,0,0,0,0,0,0,0,0,0,0,0,0,0,0,0,0,0,1,5,9,8,11,7,2,4,3,5,1,1,2,2,1,0,0,62
2004,Locality preserving clustering for image database,"Zheng X., Cai D., He X., Ma W.-Y., Lin X.",,ACM Multimedia 2004 - proceedings of the 12th ACM International Conference on Multimedia,, ,0,0,0,0,0,0,0,0,0,0,0,0,0,0,0,0,0,0,0,0,0,0,0,0,0,0,0,0,0,0,0,0,0,0,0,0,3,3,3,8,2,3,1,7,6,4,4,3,2,6,5,1,0,61
2003,Video summarization based on user log enhanced link analysis,"Yu B., Ma W.-Y., Nahrstedt K., Zhang H.-J.",,Proceedings of the ACM International Multimedia Conference and Exhibition,, ,0,0,0,0,0,0,0,0,0,0,0,0,0,0,0,0,0,0,0,0,0,0,0,0,0,0,0,0,0,0,0,0,0,0,0,1,4,3,7,2,3,6,6,7,3,7,1,4,3,1,3,0,0,61
2007,Mining geographic knowledge using Location Aware Topic Model,"Wang C., Wang J., Xie X., Ma W.-Y.",,"International Conference on Information and Knowledge Management, Proceedings",, ,0,0,0,0,0,0,0,0,0,0,0,0,0,0,0,0,0,0,0,0,0,0,0,0,0,0,0,0,0,0,0,0,0,0,0,0,0,0,0,0,1,1,3,3,7,6,8,7,11,7,3,2,0,59
2005,Auto cropping for digital photographs,"Zhang M., Zhang L., Sun Y., Feng L., Ma W.",,"IEEE International Conference on Multimedia and Expo, ICME 2005",2005, ,0,0,0,0,0,0,0,0,0,0,0,0,0,0,0,0,0,0,0,0,0,0,0,0,0,0,0,0,0,0,0,0,0,0,0,0,0,0,1,0,0,6,2,5,12,7,6,3,7,3,6,0,0,58
2008,Density based co-location pattern discovery,"Xiao X., Xie X., Luo Q., Ma W.-Y.",,GIS: Proceedings of the ACM International Symposium on Advances in Geographic Information Systems,, ,0,0,0,0,0,0,0,0,0,0,0,0,0,0,0,0,0,0,0,0,0,0,0,0,0,0,0,0,0,0,0,0,0,0,0,0,0,0,0,0,4,4,4,6,6,8,3,7,3,5,5,2,0,57
2009,Efficient indexing for large scale visual search,"Zhang X., Li Z., Zhang L., Ma W.-Y., Shum H.-Y.",,Proceedings of the IEEE International Conference on Computer Vision,, ,0,0,0,0,0,0,0,0,0,0,0,0,0,0,0,0,0,0,0,0,0,0,0,0,0,0,0,0,0,0,0,0,0,0,0,0,0,0,0,0,1,7,9,7,12,4,5,4,1,5,0,0,0,55
2003,CBC: Clustering based text classification requiring minimal labeled data,"Zeng H.-J., Wang X.-H., Chen Z., Lu H., Ma W.-Y.",15504786,"Proceedings - IEEE International Conference on Data Mining, ICDM",, ,0,0,0,0,0,0,0,0,0,0,0,0,0,0,0,0,0,0,0,0,0,0,0,0,0,0,0,0,0,0,0,0,0,0,0,0,4,2,5,0,3,4,4,10,5,4,4,3,0,4,1,0,0,53
2008,Spatial pyramid mining for logo detection in natural scenes,"Kleban J., Xie X., Ma W.-Y.",,"2008 IEEE International Conference on Multimedia and Expo, ICME 2008 - Proceedings",, ,0,0,0,0,0,0,0,0,0,0,0,0,0,0,0,0,0,0,0,0,0,0,0,0,0,0,0,0,0,0,0,0,0,0,0,0,0,0,0,0,0,4,3,8,4,7,7,5,8,2,2,2,0,52
2008,The holy grail of multimedia information retrieval: So close or yet so far away?,"Hanjalic A., Lienhart R., Ma W.-Y., Smith J.R.",189219,Proceedings of the IEEE,96,4,0,0,0,0,0,0,0,0,0,0,0,0,0,0,0,0,0,0,0,0,0,0,0,0,0,0,0,0,0,0,0,0,0,0,0,0,0,0,0,1,9,11,9,3,7,3,4,4,1,0,0,0,0,52
2007,Visual language modeling for image classification,"Wu L., Li M., Li Z., Ma W.-Y., Yu N.",,Proceedings of the ACM International Multimedia Conference and Exhibition,, ,0,0,0,0,0,0,0,0,0,0,0,0,0,0,0,0,0,0,0,0,0,0,0,0,0,0,0,0,0,0,0,0,0,0,1,0,0,0,1,4,3,4,6,5,9,3,4,8,2,2,0,0,0,52
2004,Link fusion: A unified link analysis framework for multi-type interrelated data objects,"Xi W., Zhang B., Chen Z., Lu Y., Yan S., Ma W.-Y., Fox E.A.",,"Thirteenth International World Wide Web Conference Proceedings, WWW2004",, ,0,0,0,0,0,0,0,0,0,0,0,0,0,0,0,0,0,0,0,0,0,0,0,0,0,0,0,0,0,0,0,0,0,0,0,1,6,4,7,6,4,6,3,5,5,0,1,0,3,1,0,0,0,52
1997,Tools for texture/color-based search of images,"Ma W.Y., Deng Y., Manjunath B.S.",0277786X,Proceedings of SPIE - The International Society for Optical Engineering,3016, ,0,0,0,0,0,0,0,0,0,0,0,0,0,0,0,0,0,0,0,0,0,0,0,0,0,0,0,0,0,3,3,6,0,5,3,5,3,3,1,3,3,2,1,0,3,4,1,1,0,1,1,0,0,52
2009,Incorporating site-level knowledge to extract structured data from web forums,"Yang J.-M., Cai R., Wang Y., Zhu J., Zhang L., Ma W.-Y.",,WWW'09 - Proceedings of the 18th International World Wide Web Conference,, ,0,0,0,0,0,0,0,0,0,0,0,0,0,0,0,0,0,0,0,0,0,0,0,0,0,0,0,0,0,0,0,0,0,0,0,0,0,0,0,0,1,7,7,11,7,2,1,6,2,3,0,1,0,48
2004,IMMC: Incremental maximum margin criterion,"Yan J., Zhang B., Yan S., Yang Q., Li H., Chen Z., Xi W., Fan W., Ma W.-Y., Cheng Q.",,KDD-2004 - Proceedings of the Tenth ACM SIGKDD International Conference on Knowledge Discovery and Data Mining,, ,0,0,0,0,0,0,0,0,0,0,0,0,0,0,0,0,0,0,0,0,0,0,0,0,0,0,0,0,0,0,0,0,0,0,0,0,1,4,0,4,3,3,6,7,2,7,4,0,2,1,2,1,0,47
2003,Implicit Link Analysis for Small Web Search,"Xue G.-R., Zeng H.-J., Chen Z., Ma W.-Y., Zhang H.-J., Lu C.-J.",1635840,SIGIR Forum (ACM Special Interest Group on Information Retrieval),, ,0,0,0,0,0,0,0,0,0,0,0,0,0,0,0,0,0,0,0,0,0,0,0,0,0,0,0,0,0,0,0,0,0,0,0,5,10,3,6,1,6,5,3,3,1,1,0,0,0,2,1,0,0,47
2006,Building implicit links from content for forum search,"Xu G., Ma W.-Y.",,Proceedings of the Twenty-Ninth Annual International ACM SIGIR Conference on Research and Development in Information Retrieval,2006, ,0,0,0,0,0,0,0,0,0,0,0,0,0,0,0,0,0,0,0,0,0,0,0,0,0,0,0,0,0,0,0,0,0,0,0,0,0,0,4,4,2,8,3,10,1,6,0,3,1,3,1,0,0,46
2004,Efficient propagation for face annotation in family albums,"Zhang L., Hu Y., Li M., Ma W., Zhang H.",,ACM Multimedia 2004 - proceedings of the 12th ACM International Conference on Multimedia,, ,0,0,0,0,0,0,0,0,0,0,0,0,0,0,0,0,0,0,0,0,0,0,0,0,0,0,0,0,0,0,0,0,0,0,0,0,2,4,5,6,3,9,2,6,2,4,1,0,1,1,0,0,0,46
2008,What are the high-level concepts with small semantic gaps?,"Lu Y., Zhang L., Tian Q., Ma W.-Y.",,"26th IEEE Conference on Computer Vision and Pattern Recognition, CVPR",, ,0,0,0,0,0,0,0,0,0,0,0,0,0,0,0,0,0,0,0,0,0,0,0,0,0,0,0,0,0,0,0,0,0,0,0,0,0,0,0,0,10,9,5,8,5,2,2,0,1,2,0,0,0,44
2006,Event detection from evolution of click-through data,"Zhao Q., Liu T.-Y., Bhowmick S.S., Ma W.-Y.",,Proceedings of the ACM SIGKDD International Conference on Knowledge Discovery and Data Mining,2006, ,0,0,0,0,0,0,0,0,0,0,0,0,0,0,0,0,0,0,0,0,0,0,0,0,0,0,0,0,0,0,0,0,0,0,0,0,0,0,2,5,4,5,3,2,7,2,3,3,4,3,1,0,0,44
2002,Visual based content understanding towards web adaptation,"Gu X.-D., Chen J., Ma W.-Y., Chen G.-L.",3029743,Lecture Notes in Computer Science (including subseries Lecture Notes in Artificial Intelligence and Lecture Notes in Bioinformatics),2347, ,0,0,0,0,0,0,0,0,0,0,0,0,0,0,0,0,0,0,0,0,0,0,0,0,0,0,0,0,0,0,0,0,0,0,1,2,4,5,3,6,3,6,2,4,1,1,1,2,1,0,1,1,0,44
2002,Learning and inferring a semantic space from user's relevance feedback for image retrieval,"He X., Ma W.-Y., King O., Li M., Zhang H.",,Proceedings of the ACM International Multimedia Conference and Exhibition,, ,0,0,0,0,0,0,0,0,0,0,0,0,0,0,0,0,0,0,0,0,0,0,0,0,0,0,0,0,0,0,0,0,0,0,6,3,4,7,3,5,1,2,1,3,3,2,0,2,2,0,0,0,0,44
2000,Framework for adaptive content delivery in heterogeneous network environments,"Ma Wei-Ying, Bedner Ilia, Chang Grace, Kuchinsky Allan, Zhang HongJiang",0277786X,Proceedings of SPIE - The International Society for Optical Engineering,3969, ,0,0,0,0,0,0,0,0,0,0,0,0,0,0,0,0,0,0,0,0,0,0,0,0,0,0,0,0,0,0,0,0,2,1,11,5,3,4,3,2,2,2,5,2,0,1,0,1,0,0,0,0,0,44
2003,Visual attention based image browsing on mobile devices,"Fan X., Xie X., Ma W.-Y., Zhang H.-J., Zhou H.-Q.",19457871,Proceedings - IEEE International Conference on Multimedia and Expo,1, ,0,0,0,0,0,0,0,0,0,0,0,0,0,0,0,0,0,0,0,0,0,0,0,0,0,0,0,0,0,0,0,0,0,0,5,2,2,5,1,2,5,2,5,7,2,1,0,2,2,0,0,0,0,43
2005,Detecting geographic locations from web resources,"Wang C., Xie X., Wang L., Lu Y., Ma W.-Y.",,"International Conference on Information and Knowledge Management, Proceedings",, ,0,0,0,0,0,0,0,0,0,0,0,0,0,0,0,0,0,0,0,0,0,0,0,0,0,0,0,0,0,0,0,0,0,0,0,0,0,0,6,2,5,10,2,2,2,3,3,3,2,2,0,0,0,42
2003,Building a Web Thesaurus from Web Link Structure,"Chen Z., Liu S., Wenyin L., Pu G., Ma W.-Y.",1635840,SIGIR Forum (ACM Special Interest Group on Information Retrieval),, ,0,0,0,0,0,0,0,0,0,0,0,0,0,0,0,0,0,0,0,0,0,0,0,0,0,0,0,0,0,0,0,0,0,0,0,3,6,4,1,3,2,2,4,5,1,4,1,1,2,0,2,0,0,41
2006,Star-structured high-order heterogeneous data co-clustering based on consistent information theory,"Gao B., Liu T.-Y., Ma W.-Y.",15504786,"Proceedings - IEEE International Conference on Data Mining, ICDM",, ,0,0,0,0,0,0,0,0,0,0,0,0,0,0,0,0,0,0,0,0,0,0,0,0,0,0,0,0,0,0,0,0,0,0,0,0,0,0,1,1,3,3,1,4,3,4,11,2,3,3,1,0,0,40
2005,Efficient browsing of web search results on mobile devices based on block importance model,"Xie X., Miao G., Song R., Wen J.-R., Ma W.-Y.",,"Proceedings - Third IEEE International Conference on Pervasive Computing and Communications, PerCom 2005",2005, ,0,0,0,0,0,0,0,0,0,0,0,0,0,0,0,0,0,0,0,0,0,0,0,0,0,0,0,0,0,0,0,0,0,0,0,0,2,5,3,4,3,6,7,2,2,2,1,0,2,0,1,0,0,40
2008,Mobile search with multimodal queries,"Xie X., Lu L., Jia M., Li H., Seide F., Ma W.-Y.",189219,Proceedings of the IEEE,96,4,0,0,0,0,0,0,0,0,0,0,0,0,0,0,0,0,0,0,0,0,0,0,0,0,0,0,0,0,0,0,0,0,0,0,0,0,0,0,0,2,5,5,5,4,7,0,4,3,2,2,0,0,0,39
2005,Region-based image retrieval with high-level semantic color names,"Liu Y., Zhang D., Lu G., Ma W.-Y.",,"Proceedings of the 11th International Multimedia Modelling Conference, MMM 2005",, ,0,0,0,0,0,0,0,0,0,0,0,0,0,0,0,0,0,0,0,0,0,0,0,0,0,0,0,0,0,0,0,0,0,0,0,0,0,4,4,3,3,3,3,4,0,2,4,3,2,3,0,1,0,39
2006,Browsing large pictures under limited display sizes,"Xie X., Liu H., Ma W.-Y., Zhang H.-J.",15209210,IEEE Transactions on Multimedia,8,4,0,0,0,0,0,0,0,0,0,0,0,0,0,0,0,0,0,0,0,0,0,0,0,0,0,0,0,0,0,0,0,0,0,0,0,0,1,0,5,6,7,8,4,2,5,0,0,0,0,0,0,0,0,38
2007,Clustering and searching WWW images using link and page layout analysis,"He X., Cai D., Wen J.-R., Ma W.-Y., Zhang H.-J.",15516857,"ACM Transactions on Multimedia Computing, Communications and Applications",3,2,0,0,0,0,0,0,0,0,0,0,0,0,0,0,0,0,0,0,0,0,0,0,0,0,0,0,0,0,0,0,0,0,0,0,0,0,0,0,0,1,4,6,5,8,1,4,3,2,1,1,1,0,0,37
2006,Time-dependent semantic similarity measure of queries using historical click-through data,"Zhao Q., Hoi S.C.H., Liu T.-Y., Bhowmick S.S., Lyu M.R., Ma W.-Y.",,Proceedings of the 15th International Conference on World Wide Web,, ,0,0,0,0,0,0,0,0,0,0,0,0,0,0,0,0,0,0,0,0,0,0,0,0,0,0,0,0,0,0,0,0,0,0,0,0,0,1,1,6,4,5,5,2,6,3,1,0,1,1,0,0,0,36
2005,"Multimedia information retrieval: What is it, and why isn't anyone using it?","Jaimes A., Christel M., Gilles S., Sarukkai R., Ma W.-Y.",,"MIR 2005 - Proceedings of the 7th ACM SIGMM International Workshop on Multimedia Information Retrieval, Co-located with ACM Multimedia 2005",, ,0,0,0,0,0,0,0,0,0,0,0,0,0,0,0,0,0,0,0,0,0,0,0,0,0,0,0,0,0,0,0,0,0,0,0,0,0,1,8,8,4,5,1,3,1,0,0,1,2,1,1,0,0,36
2009,Browsing on small displays by transforming Web pages into hierarchically structured subpages,"Xiao X., Luo Q., Hong D., Fu H., Xie X., Ma W.-Y.",15591131,ACM Transactions on the Web,3,1,0,0,0,0,0,0,0,0,0,0,0,0,0,0,0,0,0,0,0,0,0,0,0,0,0,0,0,0,0,0,0,0,0,0,0,0,0,0,0,0,2,1,8,8,5,3,3,2,1,1,0,0,0,34
2008,A flexible spatio-temporal indexing scheme for large-scale GPS track retrieval,"Wang L., Zheng Y., Xie X., Ma W.-Y.",15516245,Proceedings - IEEE International Conference on Mobile Data Management,, ,0,0,0,0,0,0,0,0,0,0,0,0,0,0,0,0,0,0,0,0,0,0,0,0,0,0,0,0,0,0,0,0,0,0,0,0,0,0,0,1,1,1,1,0,6,2,4,4,3,5,5,1,0,34
2004,Supervised Latent Semantic Indexing for document categorization,"Sun J.-T., Chen Z., Zeng H.-J., Lu Y.-C., Shi C.-Y., Ma W.-Y.",,"Proceedings - Fourth IEEE International Conference on Data Mining, ICDM 2004",, ,0,0,0,0,0,0,0,0,0,0,0,0,0,0,0,0,0,0,0,0,0,0,0,0,0,0,0,0,0,0,0,0,0,0,0,0,0,1,2,5,6,3,4,2,1,4,2,1,2,1,0,0,0,34
2004,Data-driven approach for bridging the cognitive gap in image retrieval,"Wang X.-J., Ma W.-Y., Li X.",,2004 IEEE International Conference on Multimedia and Expo (ICME),3, ,0,0,0,0,0,0,0,0,0,0,0,0,0,0,0,0,0,0,0,0,0,0,0,0,0,0,0,0,0,0,0,0,0,0,0,2,3,3,0,5,3,2,1,1,2,1,1,2,5,2,0,1,0,34
2002,A unified framework for clustering heterogeneous Web objects,"Zeng H.-J., Chen Z., Ma W.-Y.",,WISE 2002 - Proceedings of the 3rd International Conference on Web Information Systems Engineering,, ,0,0,0,0,0,0,0,0,0,0,0,0,0,0,0,0,0,0,0,0,0,0,0,0,0,0,0,0,0,0,0,0,0,0,1,3,3,6,3,3,4,3,2,0,0,3,0,1,0,0,1,1,0,34
2005,Learning no-reference quality metric by examples,"Tong H., Li M., Zhang H.-J., Zhang C., He J., Ma W.-Y.",,"Proceedings of the 11th International Multimedia Modelling Conference, MMM 2005",, ,0,0,0,0,0,0,0,0,0,0,0,0,0,0,0,0,0,0,0,0,0,0,0,0,0,0,0,0,0,0,0,0,0,0,0,0,1,2,1,1,2,2,2,4,5,3,5,2,2,1,0,0,0,33
2005,Hierarchical taxonomy preparation for text categorization using consistent bipartite spectral graph copartitioning,"Gao B., Liu T.-Y., Feng G., Qin T., Cheng Q.-S., Ma W.-Y.",10414347,IEEE Transactions on Knowledge and Data Engineering,17,9,0,0,0,0,0,0,0,0,0,0,0,0,0,0,0,0,0,0,0,0,0,0,0,0,0,0,0,0,0,0,0,0,0,0,0,0,2,1,0,1,4,5,4,4,1,4,3,0,1,1,2,0,0,33
2004,Organizing WWW images based on the analysis of page layout and web link structure,"Cai D., He X., Ma W.-Y., Wen J.-R., Zhang H.",,2004 IEEE International Conference on Multimedia and Expo (ICME),1, ,0,0,0,0,0,0,0,0,0,0,0,0,0,0,0,0,0,0,0,0,0,0,0,0,0,0,0,0,0,0,0,0,0,0,0,2,3,3,3,3,1,2,3,3,2,3,2,1,0,0,2,0,0,33
2004,Probabilistic model for contextual retrieval,"Wen J.-R., Lao N., Ma W.-Y.",,Proceedings of Sheffield SIGIR - Twenty-Seventh Annual International ACM SIGIR Conference on Research and Development in Information Retrieval,, ,0,0,0,0,0,0,0,0,0,0,0,0,0,0,0,0,0,0,0,0,0,0,0,0,0,0,0,0,0,0,0,0,0,0,0,0,3,5,4,2,1,3,3,1,2,2,0,3,1,1,1,0,0,32
1999,Information embedding based on user's relevance feedback for image retrieval,"Lee Catherine S., Ma Wei-Ying, Zhang HongJiang",0277786X,Proceedings of SPIE - The International Society for Optical Engineering,3846, ,0,0,0,0,0,0,0,0,0,0,0,0,0,0,0,0,0,0,0,0,0,0,0,0,0,0,0,0,0,0,1,0,3,4,5,3,6,1,4,0,0,0,4,1,0,0,0,0,0,0,0,0,0,32
2007,Scalable music recommendation by search,"Cai R., Zhang C., Zhang L., Ma W.-Y.",,Proceedings of the ACM International Multimedia Conference and Exhibition,, ,0,0,0,0,0,0,0,0,0,0,0,0,0,0,0,0,0,0,0,0,0,0,0,0,0,0,0,0,0,0,0,0,0,0,0,0,0,0,0,0,5,4,3,2,6,5,0,3,1,1,1,0,0,31
2017,Beyond the words: Predicting user personality from heterogeneous information,"Wei H., Zhang F., Yuan N.J., Cao C., Fu H., Xie X., Rui Y., Ma W.-Y.",,WSDM 2017 - Proceedings of the 10th ACM International Conference on Web Search and Data Mining,, ,0,0,0,0,0,0,0,0,0,0,0,0,0,0,0,0,0,0,0,0,0,0,0,0,0,0,0,0,0,0,0,0,0,0,0,0,0,0,0,0,0,0,0,0,0,0,0,0,1,12,11,6,0,30
2007,Recent advances and challenges of semantic image/video search,"Chang S.-F., Ma W.-Y., Smeulders A.",15206149,"ICASSP, IEEE International Conference on Acoustics, Speech and Signal Processing - Proceedings",4, ,0,0,0,0,0,0,0,0,0,0,0,0,0,0,0,0,0,0,0,0,0,0,0,0,0,0,0,0,0,0,0,0,0,0,0,0,0,0,3,1,6,4,7,2,2,3,0,0,1,1,0,0,0,30
2002,Ranking User's Relevance to a Topic through Link Analysis on Web Logs,"Wang J., Chen Z., Tao L., Ma W.-Y., Wenyin L.",,Proceedings of the Interntational Workshop on Web Information and Data Management,, ,0,0,0,0,0,0,0,0,0,0,0,0,0,0,0,0,0,0,0,0,0,0,0,0,0,0,0,0,0,0,0,0,0,0,0,4,4,2,2,2,5,3,2,0,1,0,0,1,3,0,0,1,0,30
2006,VirtualTour: An online travel assistant based on high quality images,"Jing F., Zhang L., Ma W.-Y.",,"Proceedings of the 14th Annual ACM International Conference on Multimedia, MM 2006",, ,0,0,0,0,0,0,0,0,0,0,0,0,0,0,0,0,0,0,0,0,0,0,0,0,0,0,0,0,0,0,0,0,0,0,0,0,0,0,0,4,4,2,6,3,2,2,3,2,0,1,0,0,0,29
2008,Exploring traversal strategy for web forum crawling,"Wang Y., Yang J.-M., Lai W., Cai R., Zhang L., Ma W.-Y.",,"ACM SIGIR 2008 - 31st Annual International ACM SIGIR Conference on Research and Development in Information Retrieval, Proceedings",, ,0,0,0,0,0,0,0,0,0,0,0,0,0,0,0,0,0,0,0,0,0,0,0,0,0,0,0,0,0,0,0,0,0,0,0,0,0,0,0,0,2,3,5,4,6,2,0,0,3,1,2,0,0,28
2005,Learning user for interest for image browsing on small-form-factor devices,"Xie X., Lin H., Goumaz S., Ma W.-Y.",2749696,"CHI 2005: Technology, Safety, Community: Conference Proceedings - Conference on Human Factors in Computing Systems",, ,0,0,0,0,0,0,0,0,0,0,0,0,0,0,0,0,0,0,0,0,0,0,0,0,0,0,0,0,0,0,0,0,0,0,0,0,0,2,2,3,4,3,1,3,3,3,3,0,1,0,0,0,0,28
2012,Flickr distance: A relationship measure for visual concepts,"Wu L., Hua X.-S., Yu N., Ma W.-Y., Li S.",1628828,IEEE Transactions on Pattern Analysis and Machine Intelligence,34,5,0,0,0,0,0,0,0,0,0,0,0,0,0,0,0,0,0,0,0,0,0,0,0,0,0,0,0,0,0,0,0,0,0,0,0,0,0,0,0,0,0,0,0,0,2,8,3,3,5,3,1,2,0,27
2006,Photo-to-search: Using camera phones to inquire of the surrounding world,"Jia M., Fan X., Xie X., Li M., Ma W.-Y.",15516245,Proceedings - IEEE International Conference on Mobile Data Management,2006, ,0,0,0,0,0,0,0,0,0,0,0,0,0,0,0,0,0,0,0,0,0,0,0,0,0,0,0,0,0,0,0,0,0,0,0,0,0,1,1,6,6,3,3,1,5,0,1,0,0,0,0,0,0,27
2012,Duplicate-search-based image annotation using web-scale data,"Wang X.-J., Zhang L., Ma W.-Y.",189219,Proceedings of the IEEE,100,9,0,0,0,0,0,0,0,0,0,0,0,0,0,0,0,0,0,0,0,0,0,0,0,0,0,0,0,0,0,0,0,0,0,0,0,0,0,0,0,0,0,0,0,1,5,1,6,3,4,4,2,0,0,26
2006,Design and performance studies of an adaptive scheme for serving dynamic Web content in a mobile computing environment,"Hua Z., Xie X., Liu H., Lu H., Ma W.-Y.",15361233,IEEE Transactions on Mobile Computing,5,12,0,0,0,0,0,0,0,0,0,0,0,0,0,0,0,0,0,0,0,0,0,0,0,0,0,0,0,0,0,0,0,0,0,0,0,0,0,0,2,6,2,3,4,2,1,3,2,0,0,1,0,0,0,26
2006,Multitype features coselection for web document clustering,"Huang S., Chen Z., Yu Y., Ma W.-Y.",10414347,IEEE Transactions on Knowledge and Data Engineering,18,4,0,0,0,0,0,0,0,0,0,0,0,0,0,0,0,0,0,0,0,0,0,0,0,0,0,0,0,0,0,0,0,0,0,0,0,0,0,0,1,3,1,2,1,3,4,3,3,0,4,0,0,1,0,26
2008,Automatic video annotation through search and mining,"Moxley E., Mei T., Hua X.-S., Ma W.-Y., Manjunath B.S.",,"2008 IEEE International Conference on Multimedia and Expo, ICME 2008 - Proceedings",, ,0,0,0,0,0,0,0,0,0,0,0,0,0,0,0,0,0,0,0,0,0,0,0,0,0,0,0,0,0,0,0,0,0,0,0,0,0,0,0,2,6,3,0,1,1,0,1,4,3,0,1,3,0,25
2004,Learning similarity measures in non-orthogonal space,"Liu N., Zhang B., Yan J., Yang Q., Yan S., Chen Z., Bai F., Ma W.-Y.",,"International Conference on Information and Knowledge Management, Proceedings",, ,0,0,0,0,0,0,0,0,0,0,0,0,0,0,0,0,0,0,0,0,0,0,0,0,0,0,0,0,0,0,0,0,0,0,0,0,2,3,1,4,2,4,3,1,1,1,0,1,0,0,2,0,0,25
2002,An interactive video delivery and caching system using video summarization,"Lee S.-J., Ma W.-Y., Shen B.",1403664,Computer Communications,25,4,0,0,0,0,0,0,0,0,0,0,0,0,0,0,0,0,0,0,0,0,0,0,0,0,0,0,0,0,0,0,0,0,0,0,2,4,4,0,2,1,5,2,2,0,2,0,0,0,0,1,0,0,0,25
2001,A novel region-based image retrieval method using relevance feedback,"Jing F., Zhang B., Lin F., Ma W.-Y., Zhang H.-J.",,Proceedings of the ACM International Multimedia Conference and Exhibition,, III,0,0,0,0,0,0,0,0,0,0,0,0,0,0,0,0,0,0,0,0,0,0,0,0,0,0,0,0,0,0,0,0,0,2,1,5,4,2,1,0,1,1,0,0,2,2,2,0,1,1,0,0,0,25
2006,EnjoyPhoto: A vertical image search engine for enjoying high-quality photos,"Zhang L., Chen L., Jing F., Deng K., Ma W.-Y.",,"Proceedings of the 14th Annual ACM International Conference on Multimedia, MM 2006",, ,0,0,0,0,0,0,0,0,0,0,0,0,0,0,0,0,0,0,0,0,0,0,0,0,0,0,0,0,0,0,0,0,0,0,0,0,0,0,1,3,2,6,3,1,4,0,0,1,2,0,1,0,0,24
2006,A probabilistic semantic model for image annotation and multi-modal image retrieval,"Zhang R., Zhang Z., Li M., Ma W.-Y., Zhang H.-J.",9424962,Multimedia Systems,12,1,0,0,0,0,0,0,0,0,0,0,0,0,0,0,0,0,0,0,0,0,0,0,0,0,0,0,0,0,0,0,0,0,0,0,0,0,0,0,3,4,2,2,4,3,0,2,1,0,0,0,1,1,0,23
1996,Texture-based pattern retrieval from image databases,Ma W.Y.,13807501,Multimedia Tools and Applications,2,1,0,0,0,0,0,0,0,0,0,0,0,0,0,0,0,0,0,0,0,0,0,0,0,0,0,0,0,0,2,4,0,0,4,1,3,3,1,0,1,0,1,1,0,0,0,0,0,0,0,2,0,0,0,23
2015,Automatic image dataset construction from click-Through logs using deep neural network,"Bai Y., Yang K., Yu W., Xu C., Ma W.-Y., Zhao T.",,MM 2015 - Proceedings of the 2015 ACM Multimedia Conference,, ,0,0,0,0,0,0,0,0,0,0,0,0,0,0,0,0,0,0,0,0,0,0,0,0,0,0,0,0,0,0,0,0,0,0,0,0,0,0,0,0,0,0,0,0,0,0,1,7,3,7,2,2,0,22
2006,A scalable supervised algorithm for dimensionality reduction on streaming data,"Yan J., Zhang B., Yan S., Liu N., Yang Q., Cheng Q., Li H., Chen Z., Ma W.-Y.",200255,Information Sciences,176,14,0,0,0,0,0,0,0,0,0,0,0,0,0,0,0,0,0,0,0,0,0,0,0,0,0,0,0,0,0,0,0,0,0,0,0,0,0,0,2,1,2,0,0,2,2,2,6,2,1,1,1,0,0,22
2004,A content-based bit allocation model for video streaming,"Lai W., Gu X.-D., Wang R.-H., Ma W.-Y., Zhang H.-J.",,2004 IEEE International Conference on Multimedia and Expo (ICME),2, ,0,0,0,0,0,0,0,0,0,0,0,0,0,0,0,0,0,0,0,0,0,0,0,0,0,0,0,0,0,0,0,0,0,0,0,0,0,1,1,1,0,3,2,3,2,1,3,1,2,1,1,0,0,22
1996,Browsing large satellite and aerial photographs,"Manjunath B.S., Ma W.Y.",,IEEE International Conference on Image Processing,2, ,0,0,0,0,0,0,0,0,0,0,0,0,0,0,0,0,0,0,0,0,0,0,0,0,0,0,0,0,3,3,2,2,1,4,1,0,3,1,0,0,0,2,0,0,0,0,0,0,0,0,0,0,0,22
1995,Image indexing using a texture dictionary,"Ma Wei Y., Manjunath B.S.",0277786X,Proceedings of SPIE - The International Society for Optical Engineering,2606, ,0,0,0,0,0,0,0,0,0,0,0,0,0,0,0,0,0,0,0,0,0,0,0,0,0,0,0,0,1,5,2,3,3,0,2,0,1,0,0,0,1,0,0,0,0,0,0,2,0,2,0,0,0,22
2005,Web resource geographic location classification and detection,"Wang C., Xie X., Wang L., Lu Y., Ma W.-Y.",,"14th International World Wide Web Conference, WWW2005",, ,0,0,0,0,0,0,0,0,0,0,0,0,0,0,0,0,0,0,0,0,0,0,0,0,0,0,0,0,0,0,0,0,0,0,0,0,2,2,1,4,2,1,2,0,0,1,1,2,1,2,0,0,0,21
2004,A novel Gabor-LDA based face recognition method,"Pang Y., Zhang L., Li M., Liu Z., Ma W.",3029743,Lecture Notes in Computer Science (including subseries Lecture Notes in Artificial Intelligence and Lecture Notes in Bioinformatics),3331, ,0,0,0,0,0,0,0,0,0,0,0,0,0,0,0,0,0,0,0,0,0,0,0,0,0,0,0,0,0,0,0,0,0,0,0,0,0,0,2,0,1,2,1,4,2,1,3,1,2,2,0,0,0,21
2009,Argo: Intelligent advertising by mining a user's interest from his photo collections,"Wang X.-J., Yu M., Zhang L., Cai R., Ma W.-Y.",,"Proceedings of the 3rd International Workshop on Data Mining and Audience Intelligence for Advertising, ADKDD 2009 in Conjunction with SIGKDD'09",, ,0,0,0,0,0,0,0,0,0,0,0,0,0,0,0,0,0,0,0,0,0,0,0,0,0,0,0,0,0,0,0,0,0,0,0,0,0,0,0,0,0,2,0,2,3,2,3,1,2,4,1,0,0,20
2008,An active feedback framework for image retrieval,"Qin T., Zhang X.-D., Liu T.-Y., Wang D.-S., Ma W.-Y., Zhang H.-J.",1678655,Pattern Recognition Letters,29,5,0,0,0,0,0,0,0,0,0,0,0,0,0,0,0,0,0,0,0,0,0,0,0,0,0,0,0,0,0,0,0,0,0,0,0,0,0,0,0,1,4,2,3,1,2,3,2,1,0,1,0,0,0,20
2005,Iteratively clustering web images based on link and attribute reinforcements,"Wang X.-J., Ma W.-Y., Zhang L., Li X.",,"Proceedings of the 13th ACM International Conference on Multimedia, MM 2005",, ,0,0,0,0,0,0,0,0,0,0,0,0,0,0,0,0,0,0,0,0,0,0,0,0,0,0,0,0,0,0,0,0,0,0,0,0,0,1,1,2,0,4,3,5,1,2,0,0,1,0,0,0,0,20
2005,An experimental study on large-scale web categorization,"Liu T.-Y., Yang Y., Wan H., Zhou Q., Gao B., Zeng H.-J., Chen Z., Ma W.-Y.",,"14th International World Wide Web Conference, WWW2005",, ,0,0,0,0,0,0,0,0,0,0,0,0,0,0,0,0,0,0,0,0,0,0,0,0,0,0,0,0,0,0,0,0,0,0,0,0,1,2,1,3,1,2,2,3,0,3,1,1,0,0,0,0,0,20
2004,Region-based image retrieval with perceptual colors,"Liu Y., Zhang D., Lu G., Ma W.-Y.",3029743,Lecture Notes in Computer Science (including subseries Lecture Notes in Artificial Intelligence and Lecture Notes in Bioinformatics),3332, ,0,0,0,0,0,0,0,0,0,0,0,0,0,0,0,0,0,0,0,0,0,0,0,0,0,0,0,0,0,0,0,0,0,0,0,0,0,0,2,1,2,3,4,3,1,2,2,0,0,0,0,0,0,20
2004,Grouping web image search result,"Wang X.-J., Ma W.-Y., He Q.-C., Li X.",,ACM Multimedia 2004 - proceedings of the 12th ACM International Conference on Multimedia,, ,0,0,0,0,0,0,0,0,0,0,0,0,0,0,0,0,0,0,0,0,0,0,0,0,0,0,0,0,0,0,0,0,0,0,0,0,1,1,1,1,1,3,1,5,3,0,1,0,1,1,0,0,0,20
2016,Hashtag-based sub-event discovery using mutually generative lda in twitter,"Xing C., Wang Y., Liu J., Huang Y., Ma W.-Y.",,"30th AAAI Conference on Artificial Intelligence, AAAI 2016",, ,0,0,0,0,0,0,0,0,0,0,0,0,0,0,0,0,0,0,0,0,0,0,0,0,0,0,0,0,0,0,0,0,0,0,0,0,0,0,0,0,0,0,0,0,0,0,0,0,3,6,7,2,0,18
2014,Indoor air quality monitoring system for smart buildings,"Chen X., Zheng Y., Chen Y., Jin Q., Sun W., Chang E., Ma W.-Y.",,UbiComp 2014 - Proceedings of the 2014 ACM International Joint Conference on Pervasive and Ubiquitous Computing,, ,0,0,0,0,0,0,0,0,0,0,0,0,0,0,0,0,0,0,0,0,0,0,0,0,0,0,0,0,0,0,0,0,0,0,0,0,0,0,0,0,0,0,0,0,0,1,2,5,2,2,5,1,0,18
2009,Vocabulary hierarchy optimization for effective and transferable retrieval,"Ji R., Xie X., Yao H., Ma W.-Y.",,"2009 IEEE Computer Society Conference on Computer Vision and Pattern Recognition Workshops, CVPR Workshops 2009",2009, ,0,0,0,0,0,0,0,0,0,0,0,0,0,0,0,0,0,0,0,0,0,0,0,0,0,0,0,0,0,0,0,0,0,0,0,0,0,0,0,0,0,1,1,4,4,4,2,2,0,0,0,0,0,18
2006,AggregateRank: Bringing order to Web sites,"Feng G., Liu T.-Y., Wang Y., Bao Y., Ma Z., Zhang X.-D., Ma W.-Y.",,Proceedings of the Twenty-Ninth Annual International ACM SIGIR Conference on Research and Development in Information Retrieval,2006, ,0,0,0,0,0,0,0,0,0,0,0,0,0,0,0,0,0,0,0,0,0,0,0,0,0,0,0,0,0,0,0,0,0,0,0,0,0,1,2,1,2,3,3,0,0,0,2,0,2,1,1,0,0,18
2005,Gravitation-based model for information retrieval,"Shi S., Wen J.-R., Yu Q., Song R., Ma W.-Y.",,SIGIR 2005 - Proceedings of the 28th Annual International ACM SIGIR Conference on Research and Development in Information Retrieval,, ,0,0,0,0,0,0,0,0,0,0,0,0,0,0,0,0,0,0,0,0,0,0,0,0,0,0,0,0,0,0,0,0,0,0,0,0,1,0,0,2,2,0,5,3,0,0,1,0,0,0,3,1,0,18
2006,Study on texture feature extraction in region-based image retrieval system,"Liu Y., Zhang D., Lu G., Ma W.-Y.",,MMM2006: 12th International Multi-Media Modelling Conference - Proceedings,2006, ,0,0,0,0,0,0,0,0,0,0,0,0,0,0,0,0,0,0,0,0,0,0,0,0,0,0,0,0,0,0,0,0,0,0,0,0,0,0,2,0,2,3,3,1,1,1,1,2,1,0,0,0,0,17
2005,Effective feature extraction for play detection in American football video,"Liu T.-Y., Ma W.-Y., Zhang H.-J.",,"Proceedings of the 11th International Multimedia Modelling Conference, MMM 2005",, ,0,0,0,0,0,0,0,0,0,0,0,0,0,0,0,0,0,0,0,0,0,0,0,0,0,0,0,0,0,0,0,0,0,0,0,0,0,1,3,0,1,2,0,1,2,3,0,1,2,0,1,0,0,17
2003,A multi-paradigm querying approach for a generic multimedia database management system,"Wen J.-R., Li Q., Ma W.-Y., Zhang H.-J.",1635808,SIGMOD Record,32,1,0,0,0,0,0,0,0,0,0,0,0,0,0,0,0,0,0,0,0,0,0,0,0,0,0,0,0,0,0,0,0,0,0,0,0,3,1,4,3,5,0,0,0,0,1,0,0,0,0,0,0,0,0,17
2003,Imagerank: Spectral techniques for structural analysis of image database,"He X., Ma W.-Y., Zhang H.",19457871,Proceedings - IEEE International Conference on Multimedia and Expo,1, ,0,0,0,0,0,0,0,0,0,0,0,0,0,0,0,0,0,0,0,0,0,0,0,0,0,0,0,0,0,0,0,0,0,0,0,3,0,0,1,3,0,1,3,2,2,1,0,0,1,0,0,0,0,17
2002,Log mining to improve the performance of site search,"Xue G.-R., Zeng H.-J., Chen Z., Ma W.-Y., Lu C.-J.",,WISE 2002 - Proceedings of the 3rd International Conference on Web Information Systems Engineering Workshops,, ,0,0,0,0,0,0,0,0,0,0,0,0,0,0,0,0,0,0,0,0,0,0,0,0,0,0,0,0,0,0,0,0,0,0,0,2,3,3,3,2,3,0,0,0,0,1,0,0,0,0,0,0,0,17
2014,Bag-of-words based deep neural network for image retrieval,"Bai Y., Xu C., Yu W., Yang K., Ma W.-Y., Xiao T., Zhao T.",,MM 2014 - Proceedings of the 2014 ACM Conference on Multimedia,, ,0,0,0,0,0,0,0,0,0,0,0,0,0,0,0,0,0,0,0,0,0,0,0,0,0,0,0,0,0,0,0,0,0,0,0,0,0,0,0,0,0,0,0,0,0,0,1,5,3,4,2,1,0,16
2009,Incorporating site-level knowledge for incremental crawling of web forums: A list-wise strategy,"Yang J.M., Cai R., Wang C., Huang H., Zhang L., Ma W.Y.",,Proceedings of the ACM SIGKDD International Conference on Knowledge Discovery and Data Mining,, ,0,0,0,0,0,0,0,0,0,0,0,0,0,0,0,0,0,0,0,0,0,0,0,0,0,0,0,0,0,0,0,0,0,0,0,0,0,0,0,0,0,3,1,1,3,1,2,1,1,1,2,0,0,16
2005,Sports video mining with mosaic,"Mei T., Ma Y.-F., Zhou H.-Q., Ma W.-Y., Zhang H.-J.",,"Proceedings of the 11th International Multimedia Modelling Conference, MMM 2005",, ,0,0,0,0,0,0,0,0,0,0,0,0,0,0,0,0,0,0,0,0,0,0,0,0,0,0,0,0,0,0,0,0,0,0,0,0,2,0,2,1,2,2,2,2,0,0,2,0,1,0,0,0,0,16
2004,Extracting texture features from arbitrary-shaped regions for image retrieval,"Liu Y., Zhou X., Ma W.-Y.",,2004 IEEE International Conference on Multimedia and Expo (ICME),3, ,0,0,0,0,0,0,0,0,0,0,0,0,0,0,0,0,0,0,0,0,0,0,0,0,0,0,0,0,0,0,0,0,0,0,0,0,2,4,1,0,0,0,1,2,0,0,3,1,2,0,0,0,0,16
2016,How well do computers solve math word problems? Large-scale dataset construction and evaluation,"Huang D., Shi S., Lin C.-Y., Yin J., Ma W.-Y.",,"54th Annual Meeting of the Association for Computational Linguistics, ACL 2016 - Long Papers",2, ,0,0,0,0,0,0,0,0,0,0,0,0,0,0,0,0,0,0,0,0,0,0,0,0,0,0,0,0,0,0,0,0,0,0,0,0,0,0,0,0,0,0,0,0,0,0,0,1,3,4,7,0,0,15
2007,Automated music video generation using web image resource,"Cai R., Zhang L., Jing F., Lai W., Ma W.-Y.",15206149,"ICASSP, IEEE International Conference on Acoustics, Speech and Signal Processing - Proceedings",2, ,0,0,0,0,0,0,0,0,0,0,0,0,0,0,0,0,0,0,0,0,0,0,0,0,0,0,0,0,0,0,0,0,0,0,0,0,0,0,1,1,2,2,2,0,1,0,0,2,2,1,1,0,0,15
2006,Automatic classification of photographs and graphics,"Chen Y., Li Z., Li M., Ma W.-Y.",,"2006 IEEE International Conference on Multimedia and Expo, ICME 2006 - Proceedings",2006, ,0,0,0,0,0,0,0,0,0,0,0,0,0,0,0,0,0,0,0,0,0,0,0,0,0,0,0,0,0,0,0,0,0,0,0,0,0,0,1,0,0,2,0,0,1,0,2,4,0,1,3,1,0,15
1995,Adaptive filtering and indexing for image databases,"Alexandrov A., Ma W.Y., El Abbadi Amr, Manjunath B.S.",0277786X,Proceedings of SPIE - The International Society for Optical Engineering,2420, ,0,0,0,0,0,0,0,0,0,0,0,0,0,0,0,0,0,0,0,0,0,0,0,0,0,0,0,1,1,1,2,0,0,1,1,1,2,0,0,0,1,0,0,2,0,0,0,2,0,0,0,0,0,15
2010,Diversifying landmark image search results by learning interested views from community photos,"Ren Y., Yu M., Wang X.-J., Zhang L., Ma W.-Y.",,"Proceedings of the 19th International Conference on World Wide Web, WWW '10",, ,0,0,0,0,0,0,0,0,0,0,0,0,0,0,0,0,0,0,0,0,0,0,0,0,0,0,0,0,0,0,0,0,0,0,0,0,0,0,0,0,0,0,2,4,1,1,2,3,1,0,0,0,0,14
2004,TSSP: A reinforcement algorithm to find related papers,"Huang S., Xue G.-R., Zhang B.-Y., Chen Z., Yu Y., Ma W.-Y.",,"Proceedings - IEEE/WIC/ACM International Conference on Web Intelligence, WI 2004",, ,0,0,0,0,0,0,0,0,0,0,0,0,0,0,0,0,0,0,0,0,0,0,0,0,0,0,0,0,0,0,0,0,0,0,0,0,1,1,1,1,1,0,1,1,2,0,1,1,0,1,1,1,0,14
2004,Attention model based progressive image transmission,"Hu Y., Xie X., Chen Z., Ma W.-Y.",,2004 IEEE International Conference on Multimedia and Expo (ICME),2, ,0,0,0,0,0,0,0,0,0,0,0,0,0,0,0,0,0,0,0,0,0,0,0,0,0,0,0,0,0,0,0,0,0,0,0,0,2,1,1,0,1,2,0,0,1,0,1,1,2,0,0,1,0,13
2002,A unified framework for Web link analysis,"Chen Z., Tao L., Wang J., Liu W., Ma W.-Y.",,WISE 2002 - Proceedings of the 3rd International Conference on Web Information Systems Engineering,, ,0,0,0,0,0,0,0,0,0,0,0,0,0,0,0,0,0,0,0,0,0,0,0,0,0,0,0,0,0,0,0,0,0,0,2,3,2,2,0,1,0,0,1,2,0,0,0,0,0,0,0,0,0,13
2008,Vocabulary tree incremental indexing for scalable location recognition,"Ji R., Xie X., Yao H., Wu Y., Ma W.-Y.",,"2008 IEEE International Conference on Multimedia and Expo, ICME 2008 - Proceedings",, ,0,0,0,0,0,0,0,0,0,0,0,0,0,0,0,0,0,0,0,0,0,0,0,0,0,0,0,0,0,0,0,0,0,0,0,0,0,0,0,0,0,0,3,1,3,2,1,2,0,0,0,0,0,12
2006,Adaptive user profile model and collaborative filtering for personalized news,"Wang J., Li Z., Yao J., Sun Z., Li M., Ma W.-Y.",3029743,Lecture Notes in Computer Science (including subseries Lecture Notes in Artificial Intelligence and Lecture Notes in Bioinformatics),3841, ,0,0,0,0,0,0,0,0,0,0,0,0,0,0,0,0,0,0,0,0,0,0,0,0,0,0,0,0,0,0,0,0,0,0,0,0,0,0,0,1,0,0,1,1,3,3,2,1,0,0,0,0,0,12
2010,A large-scale study on map search logs,"Xiao X., Luo Q., Li Z., Xie X., Ma W.-Y.",15591131,ACM Transactions on the Web,4,3,0,0,0,0,0,0,0,0,0,0,0,0,0,0,0,0,0,0,0,0,0,0,0,0,0,0,0,0,0,0,0,0,0,0,0,0,0,0,0,0,0,0,0,2,1,1,1,2,1,2,1,0,0,11
2008,Delivering online advertisements inside images,"Li Z., Zhang L., Ma W.-Y.",,"MM'08 - Proceedings of the 2008 ACM International Conference on Multimedia, with co-located Symposium and Workshops",, ,0,0,0,0,0,0,0,0,0,0,0,0,0,0,0,0,0,0,0,0,0,0,0,0,0,0,0,0,0,0,0,0,0,0,0,0,0,0,0,0,2,2,0,1,1,0,0,1,2,1,1,0,0,11
2008,Webpage understanding: Beyond page-level search,"Nie Z., Wen J.-R., Ma W.-Y.",1635808,SIGMOD Record,37,4,0,0,0,0,0,0,0,0,0,0,0,0,0,0,0,0,0,0,0,0,0,0,0,0,0,0,0,0,0,0,0,0,0,0,0,0,0,0,0,0,0,1,4,2,1,2,0,0,0,0,1,0,0,11
2007,Fast large-scale spectral clustering by sequential shrinkage optimization,"Liu T.-Y., Yang H.-Y., Zheng X., Qin T., Ma W.-Y.",3029743,Lecture Notes in Computer Science (including subseries Lecture Notes in Artificial Intelligence and Lecture Notes in Bioinformatics),4425, ,0,0,0,0,0,0,0,0,0,0,0,0,0,0,0,0,0,0,0,0,0,0,0,0,0,0,0,0,0,0,0,0,0,0,0,0,0,0,0,2,0,0,0,0,2,0,2,4,0,1,0,0,0,11
2006,Ranking web objects from multiple communities,"Chen L., Zhang L., Jing F., Deng K.-F., Ma W.-Y.",,"International Conference on Information and Knowledge Management, Proceedings",, ,0,0,0,0,0,0,0,0,0,0,0,0,0,0,0,0,0,0,0,0,0,0,0,0,0,0,0,0,0,0,0,0,0,0,0,0,0,0,0,4,1,0,0,0,2,0,1,1,0,1,1,0,0,11
2006,Exploring statistical correlations for image retrieval,"Wang X.-J., Ma W.-Y., Li X.",9424962,Multimedia Systems,11,4,0,0,0,0,0,0,0,0,0,0,0,0,0,0,0,0,0,0,0,0,0,0,0,0,0,0,0,0,0,0,0,0,0,0,0,0,0,0,0,0,3,2,2,1,0,1,0,1,0,1,0,0,0,11
2000,An indexing and browsing system for home video,"Ma W.-Y., Zhang H.J.",22195491,European Signal Processing Conference,2015-, March,0,0,0,0,0,0,0,0,0,0,0,0,0,0,0,0,0,0,0,0,0,0,0,0,0,0,0,0,0,0,0,0,1,0,2,4,1,1,2,0,0,0,0,0,0,0,0,0,0,0,0,0,0,11
2008,A systematic study on parameter correlations in large-scale duplicate document detection,"Ye S., Wen J.-R., Ma W.-Y.",2191377,Knowledge and Information Systems,14,2,0,0,0,0,0,0,0,0,0,0,0,0,0,0,0,0,0,0,0,0,0,0,0,0,0,0,0,0,0,0,0,0,0,0,0,0,0,0,0,0,0,2,2,3,1,1,0,0,0,1,0,0,0,10
2006,Inquiring of the sights from the web via camera mobiles,"Zhou Y., Fan X., Xie X., Gong Y., Ma W.-Y.",,"2006 IEEE International Conference on Multimedia and Expo, ICME 2006 - Proceedings",2006, ,0,0,0,0,0,0,0,0,0,0,0,0,0,0,0,0,0,0,0,0,0,0,0,0,0,0,0,0,0,0,0,0,0,0,0,0,0,0,0,2,4,1,1,1,0,0,0,0,0,1,0,0,0,10
2005,Parallel image matrix compression for face recognition,"Xu D., Yan S., Zhang L., Li M., Ma W., Liu Z., Zhang H.",,"Proceedings of the 11th International Multimedia Modelling Conference, MMM 2005",, ,0,0,0,0,0,0,0,0,0,0,0,0,0,0,0,0,0,0,0,0,0,0,0,0,0,0,0,0,0,0,0,0,0,0,0,0,0,0,3,2,1,0,1,1,0,0,1,0,1,0,0,0,0,10
2005,Webpage importance analysis using conditional Markov random walk,"Liu T.-Y., Ma W.-Y.",,"Proceedings - 2005 IEEE/WIC/ACM InternationalConference on Web Intelligence, WI 2005",2005, ,0,0,0,0,0,0,0,0,0,0,0,0,0,0,0,0,0,0,0,0,0,0,0,0,0,0,0,0,0,0,0,0,0,0,0,0,0,3,0,2,1,0,0,0,1,0,1,1,1,0,0,0,0,10
2004,IRC: An iterative reinforcement categorization algorithm for interrelated web objects,"Xue G.-R., Shen D., Yang Q., Zeng H.-J., Chen Z., Yu Y., Xi W., Ma W.-Y.",,"Proceedings - Fourth IEEE International Conference on Data Mining, ICDM 2004",, ,0,0,0,0,0,0,0,0,0,0,0,0,0,0,0,0,0,0,0,0,0,0,0,0,0,0,0,0,0,0,0,0,0,0,0,0,1,3,0,1,0,1,1,1,0,2,0,0,0,0,0,0,0,10
2004,Mining Ratio Rules via principal sparse non-negative matrix factorization,"Hu C., Zhang B., Yan S., Yang Q., Yan J., Chen Z., Ma W.-Y.",,"Proceedings - Fourth IEEE International Conference on Data Mining, ICDM 2004",, ,0,0,0,0,0,0,0,0,0,0,0,0,0,0,0,0,0,0,0,0,0,0,0,0,0,0,0,0,0,0,0,0,0,0,0,0,0,2,2,2,1,0,0,1,1,0,0,1,0,0,0,0,0,10
2004,GE-CKO: A method to optimize composite kernels for Web page classification,"Sun J.-T., Zhang B.-Y., Chen Z., Lu Y.-C., Shi C.-Y., Ma W.-Y.",,"Proceedings - IEEE/WIC/ACM International Conference on Web Intelligence, WI 2004",, ,0,0,0,0,0,0,0,0,0,0,0,0,0,0,0,0,0,0,0,0,0,0,0,0,0,0,0,0,0,0,0,0,0,0,0,0,0,2,3,3,2,0,0,0,0,0,0,0,0,0,0,0,0,10
2003,MobiPicture - Browsing pictures on mobile devices,"Wang M.-Y., Xie X., Ma W.-Y., Zhang H.-J.",,Proceedings of the ACM International Multimedia Conference and Exhibition,, ,0,0,0,0,0,0,0,0,0,0,0,0,0,0,0,0,0,0,0,0,0,0,0,0,0,0,0,0,0,0,0,0,0,0,0,2,1,3,0,2,1,0,0,0,0,0,1,0,0,0,0,0,0,10
2003,Knowing a tree from the forest: Art image retrieval using a society of profiles,"Yu K., Ma W.-Y., Tresp V., Xu Z., He X., Zhang H., Kriegel H.-P.",,Proceedings of the ACM International Multimedia Conference and Exhibition,, ,0,0,0,0,0,0,0,0,0,0,0,0,0,0,0,0,0,0,0,0,0,0,0,0,0,0,0,0,0,0,0,0,0,0,0,1,3,3,0,1,0,0,0,0,0,0,0,0,1,0,1,0,0,10
2012,Statistical entity extraction from the web,"Nie Z., Wen J.-R., Ma W.-Y.",189219,Proceedings of the IEEE,100,9,0,0,0,0,0,0,0,0,0,0,0,0,0,0,0,0,0,0,0,0,0,0,0,0,0,0,0,0,0,0,0,0,0,0,0,0,0,0,0,0,0,0,0,0,1,3,2,0,1,0,2,0,0,9
2006,Fast spectral clustering of data using sequential matrix compression,"Chen B., Gao B., Liu T.-V., Chen Y.-F., Ma W.-Y.",3029743,Lecture Notes in Computer Science (including subseries Lecture Notes in Artificial Intelligence and Lecture Notes in Bioinformatics),4212, ,0,0,0,0,0,0,0,0,0,0,0,0,0,0,0,0,0,0,0,0,0,0,0,0,0,0,0,0,0,0,0,0,0,0,0,0,0,0,0,0,0,0,0,0,1,0,2,1,2,2,1,0,0,9
2006,Ranking Web news via homepage visual layout and cross-site voting,"Yao J., Wang J., Li Z., Li M., Ma W.-Y.",3029743,Lecture Notes in Computer Science (including subseries Lecture Notes in Artificial Intelligence and Lecture Notes in Bioinformatics),3936, ,0,0,0,0,0,0,0,0,0,0,0,0,0,0,0,0,0,0,0,0,0,0,0,0,0,0,0,0,0,0,0,0,0,0,0,0,0,1,0,3,1,2,0,0,0,0,0,1,0,1,0,0,0,9
2005,Grouping WWW image search results by novel inhomogeneous clustering method,"Li Z., Xu G., Li M., Ma W.-Y., Zhang H.-J.",,"Proceedings of the 11th International Multimedia Modelling Conference, MMM 2005",, ,0,0,0,0,0,0,0,0,0,0,0,0,0,0,0,0,0,0,0,0,0,0,0,0,0,0,0,0,0,0,0,0,0,0,0,0,1,1,2,2,0,1,0,0,0,2,0,0,0,0,0,0,0,9
2006,IGroup: A web image search engine with semantic clustering of search results,"Jing F., Wang C., Yao Y., Deng K., Zhang L., Ma W.-Y.",,"Proceedings of the 14th Annual ACM International Conference on Multimedia, MM 2006",, ,0,0,0,0,0,0,0,0,0,0,0,0,0,0,0,0,0,0,0,0,0,0,0,0,0,0,0,0,0,0,0,0,0,0,0,0,0,0,0,0,1,2,1,2,0,0,0,1,1,0,0,0,0,8
2006,Discovering authoritative news sources and top news stories,"Hu Y., Li M., Li Z., Ma W.-Y.",3029743,Lecture Notes in Computer Science (including subseries Lecture Notes in Artificial Intelligence and Lecture Notes in Bioinformatics),4182, ,0,0,0,0,0,0,0,0,0,0,0,0,0,0,0,0,0,0,0,0,0,0,0,0,0,0,0,0,0,0,0,0,0,0,0,0,0,0,0,1,0,2,0,1,2,0,0,1,0,0,1,0,0,8
2001,Alternating feature spaces in relevance feedback,"Qian F., Li M., Ma W.-Y., Lin F., Zhang B.",,Proceedings of the ACM International Multimedia Conference and Exhibition,, III,0,0,0,0,0,0,0,0,0,0,0,0,0,0,0,0,0,0,0,0,0,0,0,0,0,0,0,0,0,0,0,0,0,1,0,1,2,1,2,0,1,0,0,0,0,0,0,0,0,0,0,0,0,8
2007,WebStudio - Building infrastructure for web data management,"Wen J.-R., Ma W.-Y.",7308078,Proceedings of the ACM SIGMOD International Conference on Management of Data,, ,0,0,0,0,0,0,0,0,0,0,0,0,0,0,0,0,0,0,0,0,0,0,0,0,0,0,0,0,0,0,0,0,0,0,0,0,0,0,1,2,0,2,2,0,0,0,0,0,0,0,0,0,0,7
2006,Exploring URL hit priors for Web search,"Song R., Xin G., Shi S., Wen J.-R., Ma W.-Y.",3029743,Lecture Notes in Computer Science (including subseries Lecture Notes in Artificial Intelligence and Lecture Notes in Bioinformatics),3936, ,0,0,0,0,0,0,0,0,0,0,0,0,0,0,0,0,0,0,0,0,0,0,0,0,0,0,0,0,0,0,0,0,0,0,0,0,0,1,0,1,1,2,1,0,0,0,0,0,1,0,0,0,0,7
2002,Enabling personalization services on the edge,"Xie X., Zeng H.-J., Ma W.-Y.",,Proceedings of the ACM International Multimedia Conference and Exhibition,, ,0,0,0,0,0,0,0,0,0,0,0,0,0,0,0,0,0,0,0,0,0,0,0,0,0,0,0,0,0,0,0,0,0,0,0,0,2,0,0,0,0,0,0,0,0,0,2,0,0,2,0,1,0,7
2007,Medical image annotation and retrieval using visual features,"Liu J., Hu Y., Li M., Ma S., Ma W.-Y.",3029743,Lecture Notes in Computer Science (including subseries Lecture Notes in Artificial Intelligence and Lecture Notes in Bioinformatics),4730, ,0,0,0,0,0,0,0,0,0,0,0,0,0,0,0,0,0,0,0,0,0,0,0,0,0,0,0,0,0,0,0,0,0,0,0,0,0,0,0,1,0,1,1,1,1,0,0,0,0,1,0,0,0,6
2006,Towards content-based relevance ranking for video search,"Lai W., Hua X.-S., Ma W.-Y.",,"Proceedings of the 14th Annual ACM International Conference on Multimedia, MM 2006",, ,0,0,0,0,0,0,0,0,0,0,0,0,0,0,0,0,0,0,0,0,0,0,0,0,0,0,0,0,0,0,0,0,0,0,0,0,0,0,1,1,1,1,1,0,0,0,0,1,0,0,0,0,0,6
2003,Ubiquitous media agents: A framework for managing personally accumulated multimedia files,"Wenyin L., Chen Z., Lin F., Zhang H., Ma W.-Y.",9424962,Multimedia Systems,9,2,0,0,0,0,0,0,0,0,0,0,0,0,0,0,0,0,0,0,0,0,0,0,0,0,0,0,0,0,0,0,0,0,0,0,0,0,1,2,1,1,0,0,0,0,0,0,0,0,0,1,0,0,0,6
2008,Exploring LDA-based document model for geographic information retrieval,"Li Z., Wang C., Xie X., Wang X., Ma W.-Y.",3029743,Lecture Notes in Computer Science (including subseries Lecture Notes in Artificial Intelligence and Lecture Notes in Bioinformatics),5152, ,0,0,0,0,0,0,0,0,0,0,0,0,0,0,0,0,0,0,0,0,0,0,0,0,0,0,0,0,0,0,0,0,0,0,0,0,0,0,0,0,0,0,1,0,2,0,0,0,1,0,1,0,0,5
2007,Improve ranking by using image information,"Yu Q., Shi S., Li Z., Wen J.-R., Ma W.-Y.",3029743,Lecture Notes in Computer Science (including subseries Lecture Notes in Artificial Intelligence and Lecture Notes in Bioinformatics),4425, ,0,0,0,0,0,0,0,0,0,0,0,0,0,0,0,0,0,0,0,0,0,0,0,0,0,0,0,0,0,0,0,0,0,0,0,0,0,0,0,0,0,1,0,1,0,0,1,1,0,0,0,1,0,5
2007,Mutually beneficial learning with application to on-line news classification,"Wu L., Li Z., Li M., Ma W.-Y., Yu N.",,"International Conference on Information and Knowledge Management, Proceedings",, ,0,0,0,0,0,0,0,0,0,0,0,0,0,0,0,0,0,0,0,0,0,0,0,0,0,0,0,0,0,0,0,0,0,0,0,0,0,0,0,0,0,0,2,1,0,0,1,0,0,0,1,0,0,5
2007,Query parsing task for GeoCLEF2007 report,"Li Z., Wang C., Xie X., Ma W.-Y.",16130073,CEUR Workshop Proceedings,1173, ,0,0,0,0,0,0,0,0,0,0,0,0,0,0,0,0,0,0,0,0,0,0,0,0,0,0,0,0,0,0,0,0,0,0,0,0,0,0,0,4,1,0,0,0,0,0,0,0,0,0,0,0,0,5
2006,A systematic study of parameter correlations in large scale duplicate document detection,"Ye S., Wen J.-R., Ma W.-Y.",3029743,Lecture Notes in Computer Science (including subseries Lecture Notes in Artificial Intelligence and Lecture Notes in Bioinformatics),3918, ,0,0,0,0,0,0,0,0,0,0,0,0,0,0,0,0,0,0,0,0,0,0,0,0,0,0,0,0,0,0,0,0,0,0,0,0,0,0,0,1,1,0,2,1,0,0,0,0,0,0,0,0,0,5
2005,Realistic 3D face modeling by fusing multiple 2D images,"Wang C., Yan S., Zhang H., Ma W.",,"Proceedings of the 11th International Multimedia Modelling Conference, MMM 2005",, ,0,0,0,0,0,0,0,0,0,0,0,0,0,0,0,0,0,0,0,0,0,0,0,0,0,0,0,0,0,0,0,0,0,0,0,0,0,0,0,2,0,1,0,0,1,1,0,0,0,0,0,0,0,5
2005,Deriving high-level concepts using fuzzy-ID3 decision tree for image retrieval,"Liu Y., Zhang D., Lu G., Ma W.-Y.",15206149,"ICASSP, IEEE International Conference on Acoustics, Speech and Signal Processing - Proceedings",II, ,0,0,0,0,0,0,0,0,0,0,0,0,0,0,0,0,0,0,0,0,0,0,0,0,0,0,0,0,0,0,0,0,0,0,0,0,0,0,1,2,1,0,0,0,1,0,0,0,0,0,0,0,0,5
2005,Level-based link analysis,"Feng G., Liu T.-Y., Zhang X.-D., Qin T., Gao B., Ma W.-Y.",3029743,Lecture Notes in Computer Science,3399, ,0,0,0,0,0,0,0,0,0,0,0,0,0,0,0,0,0,0,0,0,0,0,0,0,0,0,0,0,0,0,0,0,0,0,0,0,1,1,0,0,0,0,1,2,0,0,0,0,0,0,0,0,0,5
2005,Multi-graph enabled active learning for multimodal web image retrieval,"Wang X.-J., Li X., Ma W.-Y., Zhang L.",,"MIR 2005 - Proceedings of the 7th ACM SIGMM International Workshop on Multimedia Information Retrieval, Co-located with ACM Multimedia 2005",, ,0,0,0,0,0,0,0,0,0,0,0,0,0,0,0,0,0,0,0,0,0,0,0,0,0,0,0,0,0,0,0,0,0,0,0,0,0,0,0,0,0,2,0,2,0,0,0,0,0,0,1,0,0,5
2016,Learning to extract conditional knowledge for question answering using dialogue,"Wang P., Ji L., Yan J., Jin L., Ma W.-Y.",,"International Conference on Information and Knowledge Management, Proceedings",24-28-, ,0,0,0,0,0,0,0,0,0,0,0,0,0,0,0,0,0,0,0,0,0,0,0,0,0,0,0,0,0,0,0,0,0,0,0,0,0,0,0,0,0,0,0,0,0,0,0,0,2,1,1,0,0,4
2007,Topic distillation via sub-site retrieval,"Qin T., Liu T.-Y., Zhang X.-D., Feng G., Wang D.-S., Ma W.-Y.",3064573,Information Processing and Management,43,2,0,0,0,0,0,0,0,0,0,0,0,0,0,0,0,0,0,0,0,0,0,0,0,0,0,0,0,0,0,0,0,0,0,0,0,0,0,0,0,1,2,0,0,0,1,0,0,0,0,0,0,0,0,4
2006,A comparative study on classifying the functions of web page blocks,"Xiao X., Luo Q., Xie X., Ma W.-Y.",,"International Conference on Information and Knowledge Management, Proceedings",, ,0,0,0,0,0,0,0,0,0,0,0,0,0,0,0,0,0,0,0,0,0,0,0,0,0,0,0,0,0,0,0,0,0,0,0,0,0,0,0,2,1,0,0,0,0,0,0,1,0,0,0,0,0,4
2006,Detecting the sufficient display resolution for image browsing,"Fan X., Xie X., Ma W.-Y.",15516245,Proceedings - IEEE International Conference on Mobile Data Management,2006, ,0,0,0,0,0,0,0,0,0,0,0,0,0,0,0,0,0,0,0,0,0,0,0,0,0,0,0,0,0,0,0,0,0,0,0,0,0,0,0,0,0,2,1,1,0,0,0,0,0,0,0,0,0,4
2004,A query-dependent duplicate detection approach for large scale search engines,"Ye S., Song R., Wen J.-R., Ma W.Y.",3029743,Lecture Notes in Computer Science (including subseries Lecture Notes in Artificial Intelligence and Lecture Notes in Bioinformatics),3007, ,0,0,0,0,0,0,0,0,0,0,0,0,0,0,0,0,0,0,0,0,0,0,0,0,0,0,0,0,0,0,0,0,0,0,0,0,0,1,0,1,2,0,0,0,0,0,0,0,0,0,0,0,0,4
2004,Spatio-temporal pattern mining in sports video,"Lan D.-J., Ma Y.-F., Ma W.-Y., Zhang H.-J.",3029743,Lecture Notes in Computer Science (including subseries Lecture Notes in Artificial Intelligence and Lecture Notes in Bioinformatics),3332, ,0,0,0,0,0,0,0,0,0,0,0,0,0,0,0,0,0,0,0,0,0,0,0,0,0,0,0,0,0,0,0,0,0,0,0,0,0,0,1,0,0,1,0,1,0,0,0,0,1,0,0,0,0,4
2004,Similarity spreading: A unified framework for similarity calculation of interrelated objects,"Xue G.-R., Zeng H.-J., Chen Z., Ma W.-Y., Yu Y.",,"Thirteenth International World Wide Web Conference Proceedings, WWW2004",, ,0,0,0,0,0,0,0,0,0,0,0,0,0,0,0,0,0,0,0,0,0,0,0,0,0,0,0,0,0,0,0,0,0,0,0,2,0,1,0,0,0,0,0,0,0,0,1,0,0,0,0,0,0,4
2004,The powerRank web link analysis algorithm,"Lu Y., Zhang B., Xi W., Chen Z., Liu Y., Lyu M.R., Ma W.-Y.",,"Thirteenth International World Wide Web Conference Proceedings, WWW2004",, ,0,0,0,0,0,0,0,0,0,0,0,0,0,0,0,0,0,0,0,0,0,0,0,0,0,0,0,0,0,0,0,0,0,0,0,0,2,0,0,0,1,0,1,0,0,0,0,0,0,0,0,0,0,4
2009,Advertising based on users' photos,"Wang X.-J., Yu M., Zhang L., Ma W.-Y.",,"Proceedings - 2009 IEEE International Conference on Multimedia and Expo, ICME 2009",, ,0,0,0,0,0,0,0,0,0,0,0,0,0,0,0,0,0,0,0,0,0,0,0,0,0,0,0,0,0,0,0,0,0,0,0,0,0,0,0,0,0,0,0,0,2,1,0,0,0,0,0,0,0,3
2007,Searching one billion web images by content: Challenges and opportunities,"Li Z., Xie X., Zhang L., Ma W.-Y.",3029743,Lecture Notes in Computer Science (including subseries Lecture Notes in Artificial Intelligence and Lecture Notes in Bioinformatics),4577, ,0,0,0,0,0,0,0,0,0,0,0,0,0,0,0,0,0,0,0,0,0,0,0,0,0,0,0,0,0,0,0,0,0,0,0,0,0,0,0,1,0,1,0,0,1,0,0,0,0,0,0,0,0,3
2007,Distributed architecture for large scale image-based search,"Zheng Y., Xie X., Ma W.-Y.",,"Proceedings of the 2007 IEEE International Conference on Multimedia and Expo, ICME 2007",, ,0,0,0,0,0,0,0,0,0,0,0,0,0,0,0,0,0,0,0,0,0,0,0,0,0,0,0,0,0,0,0,0,0,0,0,0,0,0,0,0,0,0,0,0,0,0,1,0,2,0,0,0,0,3
2006,TSSP: Multi-features based reinforcement algorithm to find related papers,"Huang S., Yu Y., Xue G.-R., Zhang B.-Y., Chen Z., Ma W.-Y.",15701263,Web Intelligence and Agent Systems,4,3,0,0,0,0,0,0,0,0,0,0,0,0,0,0,0,0,0,0,0,0,0,0,0,0,0,0,0,0,0,0,0,0,0,0,0,0,0,0,0,1,0,0,0,1,0,1,0,0,0,0,0,0,0,3
2006,Image annotation using search and mining technologies,"Wang X.-J., Zhang L., Jing F., Ma W.-Y.",,Proceedings of the 15th International Conference on World Wide Web,, ,0,0,0,0,0,0,0,0,0,0,0,0,0,0,0,0,0,0,0,0,0,0,0,0,0,0,0,0,0,0,0,0,0,0,0,0,0,0,1,0,1,0,0,0,0,0,0,0,0,1,0,0,0,3
2005,Salient feature selection for visual concept learning,"Xu F., Zhang L., Zhang Y.-J., Ma W.-Y.",3029743,Lecture Notes in Computer Science (including subseries Lecture Notes in Artificial Intelligence and Lecture Notes in Bioinformatics),3767, ,0,0,0,0,0,0,0,0,0,0,0,0,0,0,0,0,0,0,0,0,0,0,0,0,0,0,0,0,0,0,0,0,0,0,0,0,0,1,0,0,0,1,0,0,0,0,1,0,0,0,0,0,0,3
2005,Clustering-based navigation of image search results on mobile devices,"Liu H., Xie X., Tang X., Ma W.-Y.",3029743,Lecture Notes in Computer Science,3411, ,0,0,0,0,0,0,0,0,0,0,0,0,0,0,0,0,0,0,0,0,0,0,0,0,0,0,0,0,0,0,0,0,0,0,0,0,0,0,0,0,0,1,0,1,1,0,0,0,0,0,0,0,0,3
2004,MRSSA: An iterative algorithm for similarity spreading over interrelated objects,"Xue G.-R., Zeng H.-J., Chen Z., Yu Y., Ma W.-Y., Xi W., Fox E.",,"International Conference on Information and Knowledge Management, Proceedings",, ,0,0,0,0,0,0,0,0,0,0,0,0,0,0,0,0,0,0,0,0,0,0,0,0,0,0,0,0,0,0,0,0,0,0,0,0,1,1,0,0,0,0,0,1,0,0,0,0,0,0,0,0,0,3
2004,An efficient texture feature extraction algorithm for arbitrary-shaped regions,"Liu Y., Ma W.-Y., Zhang D., Lu G.",,"International Conference on Signal Processing Proceedings, ICSP",2, ,0,0,0,0,0,0,0,0,0,0,0,0,0,0,0,0,0,0,0,0,0,0,0,0,0,0,0,0,0,0,0,0,0,0,0,0,0,0,2,0,0,0,0,1,0,0,0,0,0,0,0,0,0,3
2004,The powerrank web link analysis algorithm,"Lu Y., Zhang B., Xi W., Chen Z., Liu Y., Lyu M.R., Ma W.-Y.",,"Proceedings of the 13th International World Wide Web Conference on Alternate Track, Papers and Posters, WWW Alt. 2004",, ,0,0,0,0,0,0,0,0,0,0,0,0,0,0,0,0,0,0,0,0,0,0,0,0,0,0,0,0,0,0,0,0,0,0,0,1,0,0,0,0,1,0,0,0,0,0,0,0,0,1,0,0,0,3
2003,Alternating feature spaces in relevance feedback,"Qian F., Li M., Zhang H.-J., Ma W.-Y., Zhang B.",13807501,Multimedia Tools and Applications,21,1,0,0,0,0,0,0,0,0,0,0,0,0,0,0,0,0,0,0,0,0,0,0,0,0,0,0,0,0,0,0,0,0,0,0,0,1,0,0,0,0,0,0,0,0,0,1,0,1,0,0,0,0,0,3
2009,Argo: Intelligent advertising made possible from users' photos,"Wang X.-J., Yu M., Zhang L., Ma W.-Y.",,"MM'09 - Proceedings of the 2009 ACM Multimedia Conference, with Co-located Workshops and Symposiums",, ,0,0,0,0,0,0,0,0,0,0,0,0,0,0,0,0,0,0,0,0,0,0,0,0,0,0,0,0,0,0,0,0,0,0,0,0,0,0,0,0,0,2,0,0,0,0,0,0,0,0,0,0,0,2
2007,MSRA columbus at GeoCLEF 2006,"Li Z., Wang C., Xie X., Wang X., Ma W.-Y.",3029743,Lecture Notes in Computer Science (including subseries Lecture Notes in Artificial Intelligence and Lecture Notes in Bioinformatics),4730, ,0,0,0,0,0,0,0,0,0,0,0,0,0,0,0,0,0,0,0,0,0,0,0,0,0,0,0,0,0,0,0,0,0,0,0,0,0,0,0,1,0,0,0,1,0,0,0,0,0,0,0,0,0,2
2005,ASAP: A synchronous approach for photo sharing across multiple devices,"Hua Z., Xie X., Lu H., Ma W.-Y.",,"Proceedings of the 11th International Multimedia Modelling Conference, MMM 2005",, ,0,0,0,0,0,0,0,0,0,0,0,0,0,0,0,0,0,0,0,0,0,0,0,0,0,0,0,0,0,0,0,0,0,0,0,0,2,0,0,0,0,0,0,0,0,0,0,0,0,0,0,0,0,2
2005,Subspace clustering and label propagation for active feedback in image retrieval,"Qin T., Liu T.-Y., Zhang X.-D., Ma W.-Y., Zhang H.-J.",,"Proceedings of the 11th International Multimedia Modelling Conference, MMM 2005",, ,0,0,0,0,0,0,0,0,0,0,0,0,0,0,0,0,0,0,0,0,0,0,0,0,0,0,0,0,0,0,0,0,0,0,0,0,0,0,2,0,0,0,0,0,0,0,0,0,0,0,0,0,0,2
2005,Site abstraction for rare category classification in large-scale web directory,"Liu T.-Y., Wan H., Qin T., Chen Z., Ren Y., Ma W.-Y.",,"14th International World Wide Web Conference, WWW2005",, ,0,0,0,0,0,0,0,0,0,0,0,0,0,0,0,0,0,0,0,0,0,0,0,0,0,0,0,0,0,0,0,0,0,0,0,0,0,0,0,0,0,0,0,0,0,0,0,0,0,1,1,0,0,2
2005,Subsite retrieval: A novel concept for topic distillation,"Qin T., Liu T.-Y., Zhang X.-D., Feng G., Ma W.-Y.",3029743,Lecture Notes in Computer Science (including subseries Lecture Notes in Artificial Intelligence and Lecture Notes in Bioinformatics),3689, ,0,0,0,0,0,0,0,0,0,0,0,0,0,0,0,0,0,0,0,0,0,0,0,0,0,0,0,0,0,0,0,0,0,0,0,0,0,1,1,0,0,0,0,0,0,0,0,0,0,0,0,0,0,2
2005,Calculating webpage importance with site structure constraints,"Yan H.-M., Qin T., Liu T.-Y., Zhang X.-D., Feng G., Ma W.-Y.",3029743,Lecture Notes in Computer Science (including subseries Lecture Notes in Artificial Intelligence and Lecture Notes in Bioinformatics),3689, ,0,0,0,0,0,0,0,0,0,0,0,0,0,0,0,0,0,0,0,0,0,0,0,0,0,0,0,0,0,0,0,0,0,0,0,0,0,0,0,0,1,1,0,0,0,0,0,0,0,0,0,0,0,2
2005,An adaptive web page layout structure for small devices,"Xie X., Wang C., Chen L.-Q., Ma W.-Y.",9424962,Multimedia Systems,11,1,0,0,0,0,0,0,0,0,0,0,0,0,0,0,0,0,0,0,0,0,0,0,0,0,0,0,0,0,0,0,0,0,0,0,0,0,0,0,0,1,0,0,0,1,0,0,0,0,0,0,0,0,0,2
2005,Supervised Semi-definite Embedding for Email Data Cleaning and Visualization,"Liu N., Bai F., Yan T., Zhang B., Chen Z., Ma W.-Y.",3029743,Lecture Notes in Computer Science,3399, ,0,0,0,0,0,0,0,0,0,0,0,0,0,0,0,0,0,0,0,0,0,0,0,0,0,0,0,0,0,0,0,0,0,0,0,0,0,0,0,0,1,1,0,0,0,0,0,0,0,0,0,0,0,2
2005,Similarity space projection for web image search and annotation,"Liu Y., Qin T., Liu T.-Y., Zhang L., Ma W.-Y.",,"MIR 2005 - Proceedings of the 7th ACM SIGMM International Workshop on Multimedia Information Retrieval, Co-located with ACM Multimedia 2005",, ,0,0,0,0,0,0,0,0,0,0,0,0,0,0,0,0,0,0,0,0,0,0,0,0,0,0,0,0,0,0,0,0,0,0,0,0,0,0,0,0,2,0,0,0,0,0,0,0,0,0,0,0,0,2
2005,A unified optimization based learning method for image retrieval,"Tong H., He J., Li M., Ma W.-Y., Zhang C., Zhang H.-J.",,"Proceedings - 2005 IEEE Computer Society Conference on Computer Vision and Pattern Recognition, CVPR 2005",II, ,0,0,0,0,0,0,0,0,0,0,0,0,0,0,0,0,0,0,0,0,0,0,0,0,0,0,0,0,0,0,0,0,0,0,0,0,0,0,0,1,1,0,0,0,0,0,0,0,0,0,0,0,0,2
2004,Improving web browsing on small devices based on table classification,"Wang C., Xie X., Wang W., Ma W.-Y.",3029743,Lecture Notes in Computer Science (including subseries Lecture Notes in Artificial Intelligence and Lecture Notes in Bioinformatics),3332, ,0,0,0,0,0,0,0,0,0,0,0,0,0,0,0,0,0,0,0,0,0,0,0,0,0,0,0,0,0,0,0,0,0,0,0,0,0,0,0,1,0,0,0,0,0,0,1,0,0,0,0,0,0,2
2004,Intuitive and effective interfaces for WWW image search engines,"Li Z.-W., Xie X., Liu H., Tang X., Li M., Ma W.-Y.",,ACM Multimedia 2004 - proceedings of the 12th ACM International Conference on Multimedia,, ,0,0,0,0,0,0,0,0,0,0,0,0,0,0,0,0,0,0,0,0,0,0,0,0,0,0,0,0,0,0,0,0,0,0,0,0,0,1,0,0,0,0,1,0,0,0,0,0,0,0,0,0,0,2
2004,Maximizing information throughput for multimedia browsing on small displays,"Xie X., Ma W.-Y., Zhang H.-J.",,2004 IEEE International Conference on Multimedia and Expo (ICME),3, ,0,0,0,0,0,0,0,0,0,0,0,0,0,0,0,0,0,0,0,0,0,0,0,0,0,0,0,0,0,0,0,0,0,0,0,0,0,0,1,1,0,0,0,0,0,0,0,0,0,0,0,0,0,2
2004,Similarity spreading: A unified framework for similarity calculation of interrelated objects,"Xue G.-R., Zeng H.-J., Chen Z., Ma W.-Y., Yu Y.",,"Proceedings of the 13th International World Wide Web Conference on Alternate Track, Papers and Posters, WWW Alt. 2004",, ,0,0,0,0,0,0,0,0,0,0,0,0,0,0,0,0,0,0,0,0,0,0,0,0,0,0,0,0,0,0,0,0,0,0,0,0,0,1,1,0,0,0,0,0,0,0,0,0,0,0,0,0,0,2
2004,Affinity rank: A new scheme for efficient web search,"Liu Y., Zhang B., Chen Z., Lyu M.R., Ma W.-Y.",,"Proceedings of the 13th International World Wide Web Conference on Alternate Track, Papers and Posters, WWW Alt. 2004",, ,0,0,0,0,0,0,0,0,0,0,0,0,0,0,0,0,0,0,0,0,0,0,0,0,0,0,0,0,0,0,0,0,0,0,0,0,0,0,0,0,0,0,1,0,0,0,0,0,1,0,0,0,0,2
1998,Structured and content-based video browsing,"Zhang HongJiang, Ma Wei-Ying",10586393,"Conference Record of the Asilomar Conference on Signals, Systems and Computers",1, ,0,0,0,0,0,0,0,0,0,0,0,0,0,0,0,0,0,0,0,0,0,0,0,0,0,0,0,0,0,0,0,0,0,1,0,0,0,1,0,0,0,0,0,0,0,0,0,0,0,0,0,0,0,2
2014,Learning high-level image representation for image retrieval via Multi-Task DNN using clickthrough data,"Bai Y., Yang K., Yu W., Ma W.-Y., Zhao T.",,"2nd International Conference on Learning Representations, ICLR 2014 - Workshop Track Proceedings",, ,0,0,0,0,0,0,0,0,0,0,0,0,0,0,0,0,0,0,0,0,0,0,0,0,0,0,0,0,0,0,0,0,0,0,0,0,0,0,0,0,0,0,0,0,0,1,0,0,0,0,0,0,0,1
2007,Computing geographical serving area based on search logs and website categorization*,"Zhang Q., Xie X., Wang L., Yue L., Ma W.-Y.",3029743,Lecture Notes in Computer Science (including subseries Lecture Notes in Artificial Intelligence and Lecture Notes in Bioinformatics),4653, ,0,0,0,0,0,0,0,0,0,0,0,0,0,0,0,0,0,0,0,0,0,0,0,0,0,0,0,0,0,0,0,0,0,0,0,0,0,0,0,0,0,1,0,0,0,0,0,0,0,0,0,0,0,1
2006,Medical image annotation and retrieval using visual features,"Liu J., Hu Y., Li M., Ma W.-Y.",16130073,CEUR Workshop Proceedings,1172, ,0,0,0,0,0,0,0,0,0,0,0,0,0,0,0,0,0,0,0,0,0,0,0,0,0,0,0,0,0,0,0,0,0,0,0,0,0,0,0,1,0,0,0,0,0,0,0,0,0,0,0,0,0,1
2006,MSRA Columbus at GeoCLEF 2006,"Li Z., Wang C., Xie X., Ma W.-Y.",16130073,CEUR Workshop Proceedings,1172, ,0,0,0,0,0,0,0,0,0,0,0,0,0,0,0,0,0,0,0,0,0,0,0,0,0,0,0,0,0,0,0,0,0,0,0,0,0,0,0,1,0,0,0,0,0,0,0,0,0,0,0,0,0,1
2005,Multiband Techniques for Texture Classification and Segmentation,"Manjunath B.S., Haley G.M., Ma W.-Y., Newsam S.D.",,Handbook of Image and Video Processing,, ,0,0,0,0,0,0,0,0,0,0,0,0,0,0,0,0,0,0,0,0,0,0,0,0,0,0,0,0,0,0,0,0,0,0,0,0,0,0,0,0,0,0,0,0,0,0,0,0,0,0,0,1,0,1
2005,An editor labeling model for training set expansion in web categorization,"Liu T.-Y., Wan H., Ma W.-Y.",,"Proceedings - 2005 IEEE/WIC/ACM InternationalConference on Web Intelligence, WI 2005",2005, ,0,0,0,0,0,0,0,0,0,0,0,0,0,0,0,0,0,0,0,0,0,0,0,0,0,0,0,0,0,0,0,0,0,0,0,0,0,0,0,0,0,0,0,1,0,0,0,0,0,0,0,0,0,1
2004,Automatic synchronized browsing of images across multiple devices,"Hua Z., Xie X., Lu H., Ma W.-Y.",3029743,Lecture Notes in Computer Science (including subseries Lecture Notes in Artificial Intelligence and Lecture Notes in Bioinformatics),3332, ,0,0,0,0,0,0,0,0,0,0,0,0,0,0,0,0,0,0,0,0,0,0,0,0,0,0,0,0,0,0,0,0,0,0,0,0,1,0,0,0,0,0,0,0,0,0,0,0,0,0,0,0,0,1
2004,Web page clustering enhanced by summarization,"Wang X., Shen D., Zeng H.-J., Chen Z., Ma W.-Y.",,"International Conference on Information and Knowledge Management, Proceedings",, ,0,0,0,0,0,0,0,0,0,0,0,0,0,0,0,0,0,0,0,0,0,0,0,0,0,0,0,0,0,0,0,0,0,0,0,0,0,0,0,0,0,1,0,0,0,0,0,0,0,0,0,0,0,1
2003,Adapting images on proxies for small form factor devices,"Xie X., Fan X., Ma W.-Y., Zhou H.-Q.",,"ICICS-PCM 2003 - Proceedings of the 2003 Joint Conference of the 4th International Conference on Information, Communications and Signal Processing and 4th Pacific-Rim Conference on Multimedia",1, ,0,0,0,0,0,0,0,0,0,0,0,0,0,0,0,0,0,0,0,0,0,0,0,0,0,0,0,0,0,0,0,0,0,0,0,0,0,1,0,0,0,0,0,0,0,0,0,0,0,0,0,0,0,1
2018,Automatic data augmentation from massiveweb images for deep visual recognition,"Bai Y., Yang K., Mei T., Ma W.-Y., Zhao T.",15516857,"ACM Transactions on Multimedia Computing, Communications and Applications",14,3,0,0,0,0,0,0,0,0,0,0,0,0,0,0,0,0,0,0,0,0,0,0,0,0,0,0,0,0,0,0,0,0,0,0,0,0,0,0,0,0,0,0,0,0,0,0,0,0,0,0,0,0,0,0
2010,Empower people with knowledge: The next frontier for web search,Ma W.-Y.,3029743,Lecture Notes in Computer Science (including subseries Lecture Notes in Artificial Intelligence and Lecture Notes in Bioinformatics),6118,1,0,0,0,0,0,0,0,0,0,0,0,0,0,0,0,0,0,0,0,0,0,0,0,0,0,0,0,0,0,0,0,0,0,0,0,0,0,0,0,0,0,0,0,0,0,0,0,0,0,0,0,0,0,0
2010,Mining adjacent markets from a large-scale ads video collection for image advertising,"Feng G., Wang X.-J., Zhang L., Ma W.-Y.",,SIGIR 2010 Proceedings - 33rd Annual International ACM SIGIR Conference on Research and Development in Information Retrieval,, ,0,0,0,0,0,0,0,0,0,0,0,0,0,0,0,0,0,0,0,0,0,0,0,0,0,0,0,0,0,0,0,0,0,0,0,0,0,0,0,0,0,0,0,0,0,0,0,0,0,0,0,0,0,0
2009,Annotating images by mining image search,"Wang X.-J., Zhang L., Li X., Ma W.-Y.",,Semantic Mining Technologies for Multimedia Databases,, ,0,0,0,0,0,0,0,0,0,0,0,0,0,0,0,0,0,0,0,0,0,0,0,0,0,0,0,0,0,0,0,0,0,0,0,0,0,0,0,0,0,0,0,0,0,0,0,0,0,0,0,0,0,0
2008,Visual pattern weighting for near-duplicate image retrieval,"Duan M., Xie X., Wu X., Ma W.-Y.",,"2008 IEEE International Conference on Multimedia and Expo, ICME 2008 - Proceedings",, ,0,0,0,0,0,0,0,0,0,0,0,0,0,0,0,0,0,0,0,0,0,0,0,0,0,0,0,0,0,0,0,0,0,0,0,0,0,0,0,0,0,0,0,0,0,0,0,0,0,0,0,0,0,0
2008,Building web-scale data mining infrastructure for search,Ma W.-Y.,3029743,Lecture Notes in Computer Science (including subseries Lecture Notes in Artificial Intelligence and Lecture Notes in Bioinformatics),4976, ,0,0,0,0,0,0,0,0,0,0,0,0,0,0,0,0,0,0,0,0,0,0,0,0,0,0,0,0,0,0,0,0,0,0,0,0,0,0,0,0,0,0,0,0,0,0,0,0,0,0,0,0,0,0
2007,Dual-space pyramid matching for medical image classification,"Hu Y., Li M., Li Z., Ma W.Y.",3029743,Lecture Notes in Computer Science (including subseries Lecture Notes in Artificial Intelligence and Lecture Notes in Bioinformatics),4351,1,0,0,0,0,0,0,0,0,0,0,0,0,0,0,0,0,0,0,0,0,0,0,0,0,0,0,0,0,0,0,0,0,0,0,0,0,0,0,0,0,0,0,0,0,0,0,0,0,0,0,0,0,0,0
2007,MSRA Columbus at GeoCLEF2007,"Li Z., Wang C., Xie X., Ma W.-Y.",16130073,CEUR Workshop Proceedings,1173, ,0,0,0,0,0,0,0,0,0,0,0,0,0,0,0,0,0,0,0,0,0,0,0,0,0,0,0,0,0,0,0,0,0,0,0,0,0,0,0,0,0,0,0,0,0,0,0,0,0,0,0,0,0,0
2006,Heterogeneous information integration in hierarchical text classification,"Yang H.-Y., Liu T.-Y., Gao L., Ma W.-Y.",3029743,Lecture Notes in Computer Science (including subseries Lecture Notes in Artificial Intelligence and Lecture Notes in Bioinformatics),3918, ,0,0,0,0,0,0,0,0,0,0,0,0,0,0,0,0,0,0,0,0,0,0,0,0,0,0,0,0,0,0,0,0,0,0,0,0,0,0,0,0,0,0,0,0,0,0,0,0,0,0,0,0,0,0
2006,Level-biased statistics in the hierarchical structure of the Web,"Feng G., Liu T.-Y., Zhang X.-D., Ma W.-Y.",3029743,Lecture Notes in Computer Science (including subseries Lecture Notes in Artificial Intelligence and Lecture Notes in Bioinformatics),3918, ,0,0,0,0,0,0,0,0,0,0,0,0,0,0,0,0,0,0,0,0,0,0,0,0,0,0,0,0,0,0,0,0,0,0,0,0,0,0,0,0,0,0,0,0,0,0,0,0,0,0,0,0,0,0
2005,A cooperative framework for information browsing in mobile environment,"Hua Z., Xie X., Lu H., Ma W.-Y.",,Encyclopedia of Human Computer Interaction,, ,0,0,0,0,0,0,0,0,0,0,0,0,0,0,0,0,0,0,0,0,0,0,0,0,0,0,0,0,0,0,0,0,0,0,0,0,0,0,0,0,0,0,0,0,0,0,0,0,0,0,0,0,0,0
2005,AIRE: An ambient interactive and responsive environment for mobile image management,"Hua Z., Wang X.-J., Xie X., Liu Q., Lu H., Ma W.-Y.",,ACM International Conference Proceeding Series,111, ,0,0,0,0,0,0,0,0,0,0,0,0,0,0,0,0,0,0,0,0,0,0,0,0,0,0,0,0,0,0,0,0,0,0,0,0,0,0,0,0,0,0,0,0,0,0,0,0,0,0,0,0,0,0
2005,Representing personal web information using a topic-oriented interface,"Hua Z., Liu H., Xie X., Lu H., Ma W.-Y.",,"14th International World Wide Web Conference, WWW2005",, ,0,0,0,0,0,0,0,0,0,0,0,0,0,0,0,0,0,0,0,0,0,0,0,0,0,0,0,0,0,0,0,0,0,0,0,0,0,0,0,0,0,0,0,0,0,0,0,0,0,0,0,0,0,0
2005,Supervised semi-definite embedding for image manifolds,"Zhang B., Yan J., Liu N., Cheng Q., Chen Z., Ma W.-Y.",,"IEEE International Conference on Multimedia and Expo, ICME 2005",2005, ,0,0,0,0,0,0,0,0,0,0,0,0,0,0,0,0,0,0,0,0,0,0,0,0,0,0,0,0,0,0,0,0,0,0,0,0,0,0,0,0,0,0,0,0,0,0,0,0,0,0,0,0,0,0
2005,KNM: A novel intelligent user interface for webpage navigation,"Liu S., Zeng H.-J., Chen Z., Xiao C., Ma W.-Y.",3029743,Lecture Notes in Computer Science (including subseries Lecture Notes in Artificial Intelligence and Lecture Notes in Bioinformatics),3689, ,0,0,0,0,0,0,0,0,0,0,0,0,0,0,0,0,0,0,0,0,0,0,0,0,0,0,0,0,0,0,0,0,0,0,0,0,0,0,0,0,0,0,0,0,0,0,0,0,0,0,0,0,0,0
2005,Web object indexing using domain knowledge,"Wang M., Li Z., Lu L., Ma W.-Y., Zhang N.",,Proceedings of the ACM SIGKDD International Conference on Knowledge Discovery and Data Mining,, ,0,0,0,0,0,0,0,0,0,0,0,0,0,0,0,0,0,0,0,0,0,0,0,0,0,0,0,0,0,0,0,0,0,0,0,0,0,0,0,0,0,0,0,0,0,0,0,0,0,0,0,0,0,0
2005,Efficient pagerank with same out-link groups,"Lu Y., Liu X., Li H., Zhang B., Xi W., Chen Z., Yan S., Ma W.-Y.",3029743,Lecture Notes in Computer Science,3411, ,0,0,0,0,0,0,0,0,0,0,0,0,0,0,0,0,0,0,0,0,0,0,0,0,0,0,0,0,0,0,0,0,0,0,0,0,0,0,0,0,0,0,0,0,0,0,0,0,0,0,0,0,0,0
2005,A similarity reinforcement algorithm for heterogeneous web pages,"Liu N., Yan J., Bai F., Zhang B., Xi W., Fan W., Chen Z., Ji L., Hu C., Ma W.-Y.",3029743,Lecture Notes in Computer Science,3399, ,0,0,0,0,0,0,0,0,0,0,0,0,0,0,0,0,0,0,0,0,0,0,0,0,0,0,0,0,0,0,0,0,0,0,0,0,0,0,0,0,0,0,0,0,0,0,0,0,0,0,0,0,0,0
2005,Online supervised learning for digital library,"Liu N., Zhang B., Yan J., Xi W., Yan S., Chen Z., Bai F., Ma W.-Y.",3029743,Lecture Notes in Computer Science (including subseries Lecture Notes in Artificial Intelligence and Lecture Notes in Bioinformatics),3334, ,0,0,0,0,0,0,0,0,0,0,0,0,0,0,0,0,0,0,0,0,0,0,0,0,0,0,0,0,0,0,0,0,0,0,0,0,0,0,0,0,0,0,0,0,0,0,0,0,0,0,0,0,0,0
2004,An efficient texture feature extraction algorithm for arbitrary-shaped regions,"Liu Y., Ma W.-Y., Zhang D., Lu G.",,"2004 7th International Conference on Signal Processing Proceedings, ICSP",, ,0,0,0,0,0,0,0,0,0,0,0,0,0,0,0,0,0,0,0,0,0,0,0,0,0,0,0,0,0,0,0,0,0,0,0,0,0,0,0,0,0,0,0,0,0,0,0,0,0,0,0,0,0,0
2004,Learning image manifold using Web data,"Wang X.-J., Ma W.-Y., Li X.",3029743,Lecture Notes in Computer Science (including subseries Lecture Notes in Artificial Intelligence and Lecture Notes in Bioinformatics),3332, ,0,0,0,0,0,0,0,0,0,0,0,0,0,0,0,0,0,0,0,0,0,0,0,0,0,0,0,0,0,0,0,0,0,0,0,0,0,0,0,0,0,0,0,0,0,0,0,0,0,0,0,0,0,0
2004,Affinity rank: A new scheme for efficient web search,"Liu Y., Zhang B., Chen Z., Lyu M.R., Ma W.-Y.",,"Thirteenth International World Wide Web Conference Proceedings, WWW2004",, ,0,0,0,0,0,0,0,0,0,0,0,0,0,0,0,0,0,0,0,0,0,0,0,0,0,0,0,0,0,0,0,0,0,0,0,0,0,0,0,0,0,0,0,0,0,0,0,0,0,0,0,0,0,0
2004,Towards next generation web information retrieval,"Ma W.-Y., Zhang H., Hon H.-W.",3029743,Lecture Notes in Computer Science (including subseries Lecture Notes in Artificial Intelligence and Lecture Notes in Bioinformatics),3306, ,0,0,0,0,0,0,0,0,0,0,0,0,0,0,0,0,0,0,0,0,0,0,0,0,0,0,0,0,0,0,0,0,0,0,0,0,0,0,0,0,0,0,0,0,0,0,0,0,0,0,0,0,0,0
2003,Personal assistant for automatically highlighting of web content,"Peng X., Chen Z., Ma S., Liu W., Ma W.",10000054,Qinghua Daxue Xuebao/Journal of Tsinghua University,43,7,0,0,0,0,0,0,0,0,0,0,0,0,0,0,0,0,0,0,0,0,0,0,0,0,0,0,0,0,0,0,0,0,0,0,0,0,0,0,0,0,0,0,0,0,0,0,0,0,0,0,0,0,0,0
2003,Effective image browsing on mobile devices: A region-based approach,"Hu Y.-S., Xie X., Chen Z.-H., Ma W.-Y.",,"ICICS-PCM 2003 - Proceedings of the 2003 Joint Conference of the 4th International Conference on Information, Communications and Signal Processing and 4th Pacific-Rim Conference on Multimedia",3, ,0,0,0,0,0,0,0,0,0,0,0,0,0,0,0,0,0,0,0,0,0,0,0,0,0,0,0,0,0,0,0,0,0,0,0,0,0,0,0,0,0,0,0,0,0,0,0,0,0,0,0,0,0,0
2002,Personal agent for highlighting interesting words,"Peng X., Chen Z., Ma S.-P., Liu W.-Y., Ma W.-Y.",,Proceedings of 2002 International Conference on Machine Learning and Cybernetics,2, ,0,0,0,0,0,0,0,0,0,0,0,0,0,0,0,0,0,0,0,0,0,0,0,0,0,0,0,0,0,0,0,0,0,0,0,0,0,0,0,0,0,0,0,0,0,0,0,0,0,0,0,0,0,0
1994,Pattern retrieval in image databases based on adaptive signal decomposition,"Ma W.Y., Manjunath B.S.",10586393,"Conference Record - Asilomar Conference on Signals, Systems and Computers",2, ,0,0,0,0,0,0,0,0,0,0,0,0,0,0,0,0,0,0,0,0,0,0,0,0,0,0,0,0,0,0,0,0,0,0,0,0,0,0,0,0,0,0,0,0,0,0,0,0,0,0,0,0,0,0
