," 作者:Matarić, Maja J.",,,,,,,,,,,,,,,,,,,,,,,,,,,,,,,,,,,,,,,,,,,,,,,,,,,,,,,,,,,
,,,,,,,,,,,,,,,,,,,,,,,,,,,,,,,,,,,,,,,,,,,,,,,,,,,,,,,,,,,,
,h-index = 59 (在纳入 h-Index 的 270 文献中，有 59 篇已被至少引用 59 次。),,,,,,,,,,,,,,,,,,,,,,,,,,,,,,,,,,,,,,,,,,,,,,,,,,,,,,,,,,,
,,,,,,,,,,,,,,,,,,,,,,,,,,,,,,,,,,,,,,,,,,,,,,,,,,,,,,,,,,,,
,,,,,,,,,,,,,,,,,,,,,,,,,,,,,,,,,,,,,,,,,,,,,,,,,,,,,,,,,,,,
,,,,,,,<1970,1970,1971,1972,1973,1974,1975,1976,1977,1978,1979,1980,1981,1982,1983,1984,1985,1986,1987,1988,1989,1990,1991,1992,1993,1994,1995,1996,1997,1998,1999,2000,2001,2002,2003,2004,2005,2006,2007,2008,2009,2010,2011,2012,2013,2014,2015,2016,2017,2018,2019,2020,>2020,总计
出版年份,文献标题,作者,ISSN,期刊标题,卷,期,0,0,0,0,0,0,0,0,0,0,0,0,0,0,0,0,0,0,0,0,0,1,0,5,7,11,9,27,63,105,83,97,171,226,294,443,497,644,643,669,745,740,686,774,827,847,802,883,869,842,922,311,0,13243
2004,A formal analysis and taxonomy of task allocation in multi-robot systems,"Gerkey B.P., Mataric M.J.",2783649,International Journal of Robotics Research,23,9,0,0,0,0,0,0,0,0,0,0,0,0,0,0,0,0,0,0,0,0,0,0,0,0,0,0,0,0,0,0,0,0,0,0,0,0,17,31,35,38,55,46,57,77,76,61,70,57,82,68,73,32,0,875
2002,Sold!: Auction methods for multirobot coordination,"Gerkey B.P., Mataric M.J.",1042296X,IEEE Transactions on Robotics and Automation,18,5,0,0,0,0,0,0,0,0,0,0,0,0,0,0,0,0,0,0,0,0,0,0,0,0,0,0,0,0,0,0,0,0,0,0,11,30,39,46,57,48,49,60,51,66,47,48,43,32,31,28,27,14,0,727
2002,An incremental self-deployment algorithm for mobile sensor networks,"Howard A., Mataric M.J., Sukhatme G.S.",9295593,Autonomous Robots,13,2,0,0,0,0,0,0,0,0,0,0,0,0,0,0,0,0,0,0,0,0,0,0,0,0,0,0,0,0,0,0,0,0,0,0,8,19,27,44,31,32,35,50,42,30,36,20,22,24,20,13,13,2,0,468
2005,Defining socially assistive robotics,"Feil-Seifer D., Mataric M.J.",,Proceedings of the 2005 IEEE 9th International Conference on Rehabilitation Robotics,2005, ,0,0,0,0,0,0,0,0,0,0,0,0,0,0,0,0,0,0,0,0,0,0,0,0,0,0,0,0,0,0,0,0,0,0,0,0,2,6,12,15,16,10,14,16,24,36,34,43,50,56,70,26,0,430
2012,Robots for use in autism research,"Scassellati B., Henny Admoni, Mataric M.",15239829,Annual Review of Biomedical Engineering,14, ,0,0,0,0,0,0,0,0,0,0,0,0,0,0,0,0,0,0,0,0,0,0,0,0,0,0,0,0,0,0,0,0,0,0,0,0,0,0,0,0,0,0,0,1,21,47,52,58,68,55,68,32,0,402
2002,A general algorithm for robot formations using local sensing: And minimal communication,"Fredslund J., Mataric M.J.",1042296X,IEEE Transactions on Robotics and Automation,18,5,0,0,0,0,0,0,0,0,0,0,0,0,0,0,0,0,0,0,0,0,0,0,0,0,0,0,0,0,0,0,0,0,0,0,6,21,25,27,22,23,38,30,20,23,20,16,19,14,10,13,5,6,0,338
1992,Integration of Representation Into Goal-Driven Behavior-Based Robots,Mataric M.J.,1042296X,IEEE Transactions on Robotics and Automation,8,3,0,0,0,0,0,0,0,0,0,0,0,0,0,0,0,0,0,0,0,0,0,0,0,0,3,8,5,11,18,22,22,19,19,19,19,16,13,12,9,13,15,12,11,9,3,2,5,8,4,4,3,1,0,305
1997,Reinforcement Learning in the Multi-Robot Domain,Mataric M.J.,9295593,Autonomous Robots,4,1,0,0,0,0,0,0,0,0,0,0,0,0,0,0,0,0,0,0,0,0,0,0,0,0,0,0,0,0,6,17,7,12,14,8,5,19,14,23,13,15,20,15,15,16,20,9,7,14,5,11,15,3,0,303
2007,Socially assistive robotics [Grand challenges of robotics],"Tapus A., Mataric M.J., Scassellati B.",10709932,IEEE Robotics and Automation Magazine,14,1,0,0,0,0,0,0,0,0,0,0,0,0,0,0,0,0,0,0,0,0,0,0,0,0,0,0,0,0,0,0,0,0,0,0,0,0,0,0,4,13,8,5,10,17,34,24,25,30,40,25,32,13,0,280
2001,Most valuable player: A robot device server for distributed control,"Gerkey B.P., Vaughan R.T., Stoy K., Howard A., Sukhatme G.S., Mataric M.J.",,IEEE International Conference on Intelligent Robots and Systems,3, ,0,0,0,0,0,0,0,0,0,0,0,0,0,0,0,0,0,0,0,0,0,0,0,0,0,0,0,0,0,0,0,0,2,22,22,24,23,24,24,23,26,13,17,10,8,12,4,6,3,5,4,0,0,272
1995,Cooperative multi-robot box-pushing,"Mataric Maja J., Nilsson Martin, Simsarian Kristian T.",,IEEE International Conference on Intelligent Robots and Systems,3, ,0,0,0,0,0,0,0,0,0,0,0,0,0,0,0,0,0,0,0,0,0,0,0,0,0,0,0,3,4,5,6,5,13,14,6,11,6,6,15,20,16,11,15,15,18,9,4,10,7,7,4,2,0,232
2003,"Natural Methods for Robot Task Learning: Instructive Demonstrations, Generalization and Practice","Nicolescu M.N., Mataric M.J.",,Proceedings of the International Conference on Autonomous Agents,2, ,0,0,0,0,0,0,0,0,0,0,0,0,0,0,0,0,0,0,0,0,0,0,0,0,0,0,0,0,0,0,0,0,0,0,0,8,9,16,16,18,14,19,8,16,13,14,14,24,11,7,14,3,0,224
2002,Automated derivation of primitives for movement classification,"Fod A., Mataric M.J., Jenkins O.C.",9295593,Autonomous Robots,12,1,0,0,0,0,0,0,0,0,0,0,0,0,0,0,0,0,0,0,0,0,0,0,0,0,0,0,0,0,0,0,0,0,0,2,2,11,11,18,12,23,23,13,7,10,10,15,15,12,13,10,15,2,0,224
2002,A laser-based people tracker,"Fod A., Howard A., Mataric M.J.",10504729,Proceedings - IEEE International Conference on Robotics and Automation,3, ,0,0,0,0,0,0,0,0,0,0,0,0,0,0,0,0,0,0,0,0,0,0,0,0,0,0,0,0,0,0,0,0,0,0,9,8,8,23,15,21,15,19,20,19,14,15,7,8,4,8,3,0,0,216
1997,"Behaviour-based control: Examples from navigation, learning, and group behaviour",Mataric M.J.,0952813X,Journal of Experimental and Theoretical Artificial Intelligence,9, 2-3,0,0,0,0,0,0,0,0,0,0,0,0,0,0,0,0,0,0,0,0,0,0,0,0,0,0,0,0,0,2,6,1,11,9,16,9,9,16,14,13,14,13,11,11,10,6,5,12,11,1,0,3,0,203
2008,User-robot personality matching and assistive robot behavior adaptation for post-stroke rehabilitation therapy,"Tapus A., Tapus C., Mataric M.J.",18612776,Intelligent Service Robotics,1,2,0,0,0,0,0,0,0,0,0,0,0,0,0,0,0,0,0,0,0,0,0,0,0,0,0,0,0,0,0,0,0,0,0,0,0,0,0,0,0,5,5,7,7,12,17,14,21,17,19,22,22,7,0,175
1995,Issues and approaches in the design of collective autonomous agents,Mataric M.J.,9218890,Robotics and Autonomous Systems,16, 2-4,0,0,0,0,0,0,0,0,0,0,0,0,0,0,0,0,0,0,0,0,0,0,0,0,0,0,1,0,4,8,5,5,12,11,13,8,11,12,12,16,6,9,4,1,4,9,2,5,5,2,7,1,0,173
2006,Analysis of dynamic task allocation in multi-robot systems,"Lerman K., Jones C., Galstyan A., Mataric M.J.",2783649,International Journal of Robotics Research,25,3,0,0,0,0,0,0,0,0,0,0,0,0,0,0,0,0,0,0,0,0,0,0,0,0,0,0,0,0,0,0,0,0,0,0,0,0,0,1,15,8,17,9,16,17,13,15,12,11,10,13,8,7,0,172
2002,Localization for mobile robot teams using maximum likelihood estimation,"Howard A., Mataric M.J., Sukhatme G.S.",,IEEE International Conference on Intelligent Robots and Systems,1, ,0,0,0,0,0,0,0,0,0,0,0,0,0,0,0,0,0,0,0,0,0,0,0,0,0,0,0,0,0,0,0,0,0,2,7,9,3,8,5,8,7,11,5,12,11,9,11,16,11,18,8,2,0,163
1996,Designing and understanding adaptive group behavior,Mataric M.J.,10597123,Adaptive Behavior,4,1,0,0,0,0,0,0,0,0,0,0,0,0,0,0,0,0,0,0,0,0,0,0,0,0,0,0,0,1,5,13,6,15,11,6,10,10,6,12,8,4,8,4,1,11,4,7,4,5,2,5,2,3,0,163
2012,Using socially assistive human-robot interaction to motivate physical exercise for older adults,"Fasola J., Mataric M.J.",189219,Proceedings of the IEEE,100,8,0,0,0,0,0,0,0,0,0,0,0,0,0,0,0,0,0,0,0,0,0,0,0,0,0,0,0,0,0,0,0,0,0,0,0,0,0,0,0,0,0,0,0,3,13,19,24,16,18,27,20,9,0,149
2003,Multi-robot task allocation: Analyzing the complexity and optimality of key architectures,"Gerkey B.P., Mataric M.J.",10504729,Proceedings - IEEE International Conference on Robotics and Automation,3, ,0,0,0,0,0,0,0,0,0,0,0,0,0,0,0,0,0,0,0,0,0,0,0,0,0,0,0,0,0,0,0,0,0,0,3,15,9,18,9,12,11,9,7,12,5,4,4,5,6,5,8,1,0,143
1998,Territorial multi-robot task division,"Schneider-Fontan M., Mataric M.J.",1042296X,IEEE Transactions on Robotics and Automation,14,5,0,0,0,0,0,0,0,0,0,0,0,0,0,0,0,0,0,0,0,0,0,0,0,0,0,0,0,0,0,0,1,3,3,11,12,11,11,6,8,13,14,5,4,6,13,6,2,1,3,4,4,0,0,141
2001,Learning and interacting in human—Robot domains,"Nicolescu M.N., Mataricc M.J.",10834427,"IEEE Transactions on Systems, Man, and Cybernetics Part A:Systems and Humans.",31,5,0,0,0,0,0,0,0,0,0,0,0,0,0,0,0,0,0,0,0,0,0,0,0,0,0,0,0,0,0,0,0,0,1,9,7,12,8,14,15,11,4,10,5,7,5,3,3,8,2,7,4,0,0,135
2007,Socially assistive robotics for post-stroke rehabilitation,"Mataric M.J., Eriksson J., Feil-Seifer D.J., Winstein C.J.",17430003,Journal of NeuroEngineering and Rehabilitation,4, ,0,0,0,0,0,0,0,0,0,0,0,0,0,0,0,0,0,0,0,0,0,0,0,0,0,0,0,0,0,0,0,0,0,0,0,0,0,0,2,9,7,8,12,10,13,6,7,9,10,11,22,4,0,130
1996,Challenges in evolving controllers for physical robots,"Mataric M., Cliff D.",9218890,Robotics and Autonomous Systems,19,1,0,0,0,0,0,0,0,0,0,0,0,0,0,0,0,0,0,0,0,0,0,0,0,0,0,0,0,0,8,14,8,5,7,5,8,5,5,5,5,5,7,8,4,2,5,3,6,5,3,4,1,0,0,128
2004,A spatio-temporal extension to isomap nonlinear dimension reduction,"Jenkins O.C., Mataric M.J.",,"Proceedings, Twenty-First International Conference on Machine Learning, ICML 2004",, ,0,0,0,0,0,0,0,0,0,0,0,0,0,0,0,0,0,0,0,0,0,0,0,0,0,0,0,0,0,0,0,0,0,0,0,0,3,11,11,14,18,8,12,9,11,5,8,2,5,1,6,1,0,125
2001,Relaxation on a mesh: A formalism for generalized localization,"Howard A., Mataric M.J., Sukhatme G.",,IEEE International Conference on Intelligent Robots and Systems,2, ,0,0,0,0,0,0,0,0,0,0,0,0,0,0,0,0,0,0,0,0,0,0,0,0,0,0,0,0,0,0,0,0,1,8,4,8,9,6,10,5,8,13,7,8,2,11,4,4,5,4,5,3,0,125
2011,A Framework for Automatic Human Emotion Classification Using Emotion Profiles,"Mower E., Narayanan S., Mataric M.J.",15587916,"IEEE Transactions on Audio, Speech and Language Processing",19,5,0,0,0,0,0,0,0,0,0,0,0,0,0,0,0,0,0,0,0,0,0,0,0,0,0,0,0,0,0,0,0,0,0,0,0,0,0,0,0,0,0,0,2,7,17,9,19,12,19,18,15,5,0,123
2003,Multi-robot task allocation in uncertain environments,"Mataric M.J., Sukhatme G.S., Ostergaard E.H.",9295593,Autonomous Robots,14, 2-3,0,0,0,0,0,0,0,0,0,0,0,0,0,0,0,0,0,0,0,0,0,0,0,0,0,0,0,0,0,0,0,0,0,0,1,5,7,3,12,1,7,8,7,12,14,12,6,2,8,7,7,2,0,121
2002,Deriving action and behavior primitives from human motion data,"Chadwicke Jenkins O., Mataric M.J.",,IEEE International Conference on Intelligent Robots and Systems,3, ,0,0,0,0,0,0,0,0,0,0,0,0,0,0,0,0,0,0,0,0,0,0,0,0,0,0,0,0,0,0,0,0,0,0,0,8,9,9,4,12,8,8,7,5,7,16,5,8,5,2,4,0,0,117
2011,Socially assistive robotics: Ethical issues related to technology,"Feil-Seifer D., Mataric M.J.",10709932,IEEE Robotics and Automation Magazine,18,1,0,0,0,0,0,0,0,0,0,0,0,0,0,0,0,0,0,0,0,0,0,0,0,0,0,0,0,0,0,0,0,0,0,0,0,0,0,0,0,0,0,0,1,4,6,13,8,21,21,13,23,6,0,116
2003,Putting the 'I' in 'Team': An ego-centric approach to cooperative localization,"Howard A., Mataric M.J., Sukhatme G.S.",10504729,Proceedings - IEEE International Conference on Robotics and Automation,1, ,0,0,0,0,0,0,0,0,0,0,0,0,0,0,0,0,0,0,0,0,0,0,0,0,0,0,0,0,0,0,0,0,0,0,3,4,7,9,7,2,3,6,4,9,11,7,7,8,3,8,6,0,0,104
2001,Learning human arm movements by imitation: Evaluation of a biologically inspired connectionist architecture,"Billard A., Mataric M.J.",9218890,Robotics and Autonomous Systems,37, 2-3,0,0,0,0,0,0,0,0,0,0,0,0,0,0,0,0,0,0,0,0,0,0,0,0,0,0,0,0,0,0,0,0,2,3,2,6,3,12,13,9,6,12,4,5,3,4,4,3,3,3,6,1,0,104
2002,A hierarchical architecture for behavior-based robots,"Nicolescu M.N., Mataric M.J.",,Proceedings of the International Conference on Autonomous Agents,,2,0,0,0,0,0,0,0,0,0,0,0,0,0,0,0,0,0,0,0,0,0,0,0,0,0,0,0,0,0,0,0,0,0,0,2,6,6,6,9,12,9,6,4,10,6,3,5,5,6,4,3,1,0,103
2000,Getting humanoids to move and imitate,Mataric M.J.,10947167,IEEE Intelligent Systems and Their Applications,15,4,0,0,0,0,0,0,0,0,0,0,0,0,0,0,0,0,0,0,0,0,0,0,0,0,0,0,0,0,0,0,0,1,4,6,6,4,6,8,8,12,4,4,4,6,3,4,4,3,6,3,4,1,0,101
1992,Minimizing complexity in controlling a mobile robot population,Mataric Maja J.,,Proceedings - IEEE International Conference on Robotics and Automation,1, ,0,0,0,0,0,0,0,0,0,0,0,0,0,0,0,0,0,0,0,0,0,0,0,0,2,2,1,6,7,6,2,2,7,6,5,4,7,5,5,4,1,4,6,1,3,2,2,3,1,4,1,0,0,99
2006,The role of physical embodiment in human-robot interaction,"Wainer J., Feil-Seifer D.J., Shell D.A., Mataric M.J.",,Proceedings - IEEE International Workshop on Robot and Human Interactive Communication,, ,0,0,0,0,0,0,0,0,0,0,0,0,0,0,0,0,0,0,0,0,0,0,0,0,0,0,0,0,0,0,0,0,0,0,0,0,0,0,3,3,2,1,4,8,8,8,8,8,10,14,14,6,0,97
2009,The use of socially assistive robots in the design of intelligent cognitive therapies for people with dementia,"Tapus A., Tapus C., Mataric M.J.",,"2009 IEEE International Conference on Rehabilitation Robotics, ICORR 2009",, ,0,0,0,0,0,0,0,0,0,0,0,0,0,0,0,0,0,0,0,0,0,0,0,0,0,0,0,0,0,0,0,0,0,0,0,0,0,0,0,0,4,5,9,3,9,5,7,8,11,14,14,5,0,94
2007,Embodiment and human-robot interaction: A task-based perspective,"Wainer J., Feil-Seifer D.J., Shell D.A., Mataric M.J.",,Proceedings - IEEE International Workshop on Robot and Human Interactive Communication,, ,0,0,0,0,0,0,0,0,0,0,0,0,0,0,0,0,0,0,0,0,0,0,0,0,0,0,0,0,0,0,0,0,0,0,0,0,0,0,0,2,3,5,4,8,9,8,8,12,8,15,9,2,0,93
2002,Pusher-watcher: An approach to fault-tolerant tightly-coupled robot coordination,"Gerkey B.P., Mataric M.J.",10504729,Proceedings - IEEE International Conference on Robotics and Automation,1, ,0,0,0,0,0,0,0,0,0,0,0,0,0,0,0,0,0,0,0,0,0,0,0,0,0,0,0,0,0,0,0,0,0,2,1,4,6,6,10,7,8,3,8,8,7,3,5,4,2,5,3,1,0,93
2006,Where am I? Scene recognition for mobile robots using audio features,"Chu S., Narayanan S., Jay Kuo C.-C., Mataric M.J.",,"2006 IEEE International Conference on Multimedia and Expo, ICME 2006 - Proceedings",2006, ,0,0,0,0,0,0,0,0,0,0,0,0,0,0,0,0,0,0,0,0,0,0,0,0,0,0,0,0,0,0,0,0,0,0,0,0,0,1,1,5,4,6,4,4,12,4,4,8,12,13,14,0,0,92
2009,Toward Socially Assistive Robotics for Augmenting Interventions for Children with Autism Spectrum Disorders,"Feil-Seifer D., Mataric M.J.",16107438,Springer Tracts in Advanced Robotics,54, ,0,0,0,0,0,0,0,0,0,0,0,0,0,0,0,0,0,0,0,0,0,0,0,0,0,0,0,0,0,0,0,0,0,0,0,0,0,0,0,0,2,1,4,4,10,14,11,9,11,8,9,8,0,91
1997,Interference as a tool for designing and evaluating multi-robot controllers,"Goldberg Dani, Mataric Maja J.",,Proceedings of the National Conference on Artificial Intelligence,, ,0,0,0,0,0,0,0,0,0,0,0,0,0,0,0,0,0,0,0,0,0,0,0,0,0,0,0,0,0,4,1,4,3,7,6,8,2,4,4,5,10,3,4,4,2,3,1,5,0,3,7,0,0,90
1998,Behavior-based robotics as a tool for synthesis of artificial behavior and analysis of natural behavior,Mataric M.J.,13646613,Trends in Cognitive Sciences,2,3,0,0,0,0,0,0,0,0,0,0,0,0,0,0,0,0,0,0,0,0,0,0,0,0,0,0,0,0,0,1,2,1,5,3,4,7,2,8,4,2,8,8,7,3,4,3,3,5,1,4,3,0,0,88
2004,Motion planning using dynamic roadmaps,"Kallmann M., Mataric M.",10504729,Proceedings - IEEE International Conference on Robotics and Automation,2004,5,0,0,0,0,0,0,0,0,0,0,0,0,0,0,0,0,0,0,0,0,0,0,0,0,0,0,0,0,0,0,0,0,0,0,0,0,5,4,7,7,9,8,5,7,3,9,5,6,5,5,1,1,0,87
2004,Motion capture from inertial sensing for untethered humanoid teleoperation,"Miller N., Jenkins O.C., Kallmann M., Mataric M.J.",,2004 4th IEEE-RAS International Conference on Humanoid Robots,2, ,0,0,0,0,0,0,0,0,0,0,0,0,0,0,0,0,0,0,0,0,0,0,0,0,0,0,0,0,0,0,0,0,0,0,0,0,0,1,8,5,5,6,9,7,5,10,3,7,4,7,5,0,0,82
2003,From local to global behavior in intelligent self-assembly,"Jones C., Mataric M.J.",10504729,Proceedings - IEEE International Conference on Robotics and Automation,1, ,0,0,0,0,0,0,0,0,0,0,0,0,0,0,0,0,0,0,0,0,0,0,0,0,0,0,0,0,0,0,0,0,0,0,0,7,4,11,5,7,6,6,2,5,6,6,5,3,1,4,2,0,0,80
2003,Automated Derivation of Behavior Vocabularies for Autonomous Humanoid Motion,"Jenkins O.C., Mataric M.J.",,Proceedings of the International Conference on Autonomous Agents,2, ,0,0,0,0,0,0,0,0,0,0,0,0,0,0,0,0,0,0,0,0,0,0,0,0,0,0,0,0,0,0,0,0,0,0,4,7,11,7,6,6,8,5,1,3,1,7,3,5,1,2,1,0,0,78
1998,Fixation behavior in observation and imitation of human movement,"Mataric M.J., Pomplun M.",9266410,Cognitive Brain Research,7,2,0,0,0,0,0,0,0,0,0,0,0,0,0,0,0,0,0,0,0,0,0,0,0,0,0,0,0,0,0,0,3,4,1,4,10,3,7,4,7,2,9,4,5,5,2,2,1,1,3,0,1,0,0,78
2002,An incremental deployment algorithm for mobile robot teams,"Howard A., Mataric M.J., Sukhatme G.S.",,IEEE International Conference on Intelligent Robots and Systems,3, ,0,0,0,0,0,0,0,0,0,0,0,0,0,0,0,0,0,0,0,0,0,0,0,0,0,0,0,0,0,0,0,0,0,1,1,2,6,3,10,11,5,11,5,7,1,5,0,2,4,0,0,0,0,74
2007,Benchmarks for evaluating socially assistive robotics,"Feil-Seifer D., Skinner K., Mataric M.J.",15720373,Interaction Studies,8,3,0,0,0,0,0,0,0,0,0,0,0,0,0,0,0,0,0,0,0,0,0,0,0,0,0,0,0,0,0,0,0,0,0,0,0,0,0,0,1,2,8,3,8,2,4,3,8,10,10,5,8,1,0,73
2007,Materials for enabling hands-on robotics and STEM education,"Mataric M.J., Koenig N., Feil-Seifer D.",,AAAI Spring Symposium - Technical Report,SS-07-09, ,0,0,0,0,0,0,0,0,0,0,0,0,0,0,0,0,0,0,0,0,0,0,0,0,0,0,0,0,0,0,0,0,0,0,0,0,0,0,0,2,2,7,4,4,8,6,5,11,10,5,6,2,0,72
2001,"Learning in behavior-based multi-robot systems: Policies, models, and other agents",Mataric M.J.,13890417,Cognitive Systems Research,2,1,0,0,0,0,0,0,0,0,0,0,0,0,0,0,0,0,0,0,0,0,0,0,0,0,0,0,0,0,0,0,0,0,0,4,4,6,9,8,3,5,7,2,3,1,3,2,4,4,1,1,2,0,0,69
2010,Medical and health-care robotics,"Okamura A.M., Mataric M.J., Christensen H.I.",10709932,IEEE Robotics and Automation Magazine,17,3,0,0,0,0,0,0,0,0,0,0,0,0,0,0,0,0,0,0,0,0,0,0,0,0,0,0,0,0,0,0,0,0,0,0,0,0,0,0,0,0,0,0,4,3,7,7,6,7,5,11,11,5,0,66
2003,Adaptive Division of Labor in Large-Scale Minimalist Multi-Robot Systems,"Jones C., Mataric M.J.",,IEEE International Conference on Intelligent Robots and Systems,2, ,0,0,0,0,0,0,0,0,0,0,0,0,0,0,0,0,0,0,0,0,0,0,0,0,0,0,0,0,0,0,0,0,0,0,0,5,3,7,3,2,2,4,3,3,7,5,2,4,3,3,9,1,0,66
2004,Robotics education for all ages,Mataric M.J.,,AAAI Spring Symposium - Technical Report,1, ,0,0,0,0,0,0,0,0,0,0,0,0,0,0,0,0,0,0,0,0,0,0,0,0,0,0,0,0,0,0,0,0,0,0,0,0,0,0,5,1,3,6,3,6,7,2,3,11,7,1,7,1,0,63
2009,Multi-robot task allocation through vacancy chain scheduling,"Dahl T.S., Mataric M., Sukhatme G.S.",9218890,Robotics and Autonomous Systems,57, 6-7,0,0,0,0,0,0,0,0,0,0,0,0,0,0,0,0,0,0,0,0,0,0,0,0,0,0,0,0,0,0,0,0,0,0,0,0,0,0,0,0,1,8,4,7,9,3,2,4,5,10,5,4,0,62
2005,Hands-off assistive robotics for post-stroke arm rehabilitation,"Eriksson J., Mataric M.J., Winstein C.J.",,Proceedings of the 2005 IEEE 9th International Conference on Rehabilitation Robotics,2005, ,0,0,0,0,0,0,0,0,0,0,0,0,0,0,0,0,0,0,0,0,0,0,0,0,0,0,0,0,0,0,0,0,0,0,0,0,3,3,7,2,5,2,4,1,4,4,2,4,4,6,7,2,0,60
1998,Using communication to reduce locality in distributed multiagent learning,Mataric M.J.,0952813X,Journal of Experimental and Theoretical Artificial Intelligence,10,3,0,0,0,0,0,0,0,0,0,0,0,0,0,0,0,0,0,0,0,0,0,0,0,0,0,0,0,0,0,0,4,3,5,2,2,5,5,6,3,2,3,4,1,3,3,3,1,1,1,1,1,0,0,59
2006,Multirobot simultaneous localization and mapping using manifold representations,"Howard A., Sukhatme G.S., Mataric M.J.",189219,Proceedings of the IEEE,94,7,0,0,0,0,0,0,0,0,0,0,0,0,0,0,0,0,0,0,0,0,0,0,0,0,0,0,0,0,0,0,0,0,0,0,0,0,0,1,2,1,4,12,6,5,2,6,3,6,2,5,2,1,0,58
2002,Collective construction with multiple robots,"Wawerla J., Sukhatme G.S., Mataric M.J.",,IEEE International Conference on Intelligent Robots and Systems,3, ,0,0,0,0,0,0,0,0,0,0,0,0,0,0,0,0,0,0,0,0,0,0,0,0,0,0,0,0,0,0,0,0,0,0,4,4,2,7,4,2,3,1,1,6,3,2,6,6,2,2,3,0,0,58
2008,"Socially assistive robots: The link between personality, empathy, physiological signals, and task performance","Tapus A., Mataric M.J.",,AAAI Spring Symposium - Technical Report,SS-08-04, ,0,0,0,0,0,0,0,0,0,0,0,0,0,0,0,0,0,0,0,0,0,0,0,0,0,0,0,0,0,0,0,0,0,0,0,0,0,0,0,0,1,2,3,3,7,5,6,3,4,15,6,2,0,57
2008,Robot-assisted therapy for children with Autism Spectrum Disorders,"Feil-Seifer D., Mataric M.",,"Proceedings of the 7th International Conference on Interaction Design and Children, IDC 2008",, ,0,0,0,0,0,0,0,0,0,0,0,0,0,0,0,0,0,0,0,0,0,0,0,0,0,0,0,0,0,0,0,0,0,0,0,0,0,0,0,1,4,6,3,2,1,5,11,8,8,3,3,1,0,56
2002,LOST: Localization-space trails for robot teams,"Vaughan R.T., Stoy K., Sukhatme G.S., Mataric M.J.",1042296X,IEEE Transactions on Robotics and Automation,18,5,0,0,0,0,0,0,0,0,0,0,0,0,0,0,0,0,0,0,0,0,0,0,0,0,0,0,0,0,0,0,0,0,0,0,1,5,2,6,3,3,2,7,7,3,3,4,4,1,0,1,2,0,0,54
2003,Markerless kinematic model and motion capture from volume sequences,"Chu C.-W., Jenkins O.C., Mataric M.J.",10636919,Proceedings of the IEEE Computer Society Conference on Computer Vision and Pattern Recognition,2, ,0,0,0,0,0,0,0,0,0,0,0,0,0,0,0,0,0,0,0,0,0,0,0,0,0,0,0,0,0,0,0,0,0,0,1,5,4,8,4,4,4,3,2,4,1,2,4,0,0,3,3,1,0,53
2011,Automated detection and classification of positive vs. negative robot interactions with children with autism using distance-based features,"Feil-Seifer D., Mataric M.J.",,HRI 2011 - Proceedings of the 6th ACM/IEEE International Conference on Human-Robot Interaction,, ,0,0,0,0,0,0,0,0,0,0,0,0,0,0,0,0,0,0,0,0,0,0,0,0,0,0,0,0,0,0,0,0,0,0,0,0,0,0,0,0,0,0,3,7,6,11,1,4,10,3,5,2,0,52
2001,Emergent bucket brigading: A simple mechanism for improving performance in multi-robot constrained-space foraging tasks,"Ostergaard E.H., Sukhatme G.S., Mataric M.J.",,Proceedings of the International Conference on Autonomous Agents,, ,0,0,0,0,0,0,0,0,0,0,0,0,0,0,0,0,0,0,0,0,0,0,0,0,0,0,0,0,0,0,0,0,0,2,1,1,1,4,2,3,5,2,4,4,4,3,0,5,3,3,3,0,0,50
2006,Encouraging physical therapy compliance with a hands-off mobile robot,"Gockley R., Mataric M.J.",,HRI 2006: Proceedings of the 2006 ACM Conference on Human-Robot Interaction,2006, ,0,0,0,0,0,0,0,0,0,0,0,0,0,0,0,0,0,0,0,0,0,0,0,0,0,0,0,0,0,0,0,0,0,0,0,0,0,4,9,6,2,4,3,1,3,2,0,5,2,2,5,1,0,49
2005,A hands-off physical therapy assistance robot for cardiac patients,"Kang K.I., Freedman S., Mataric M.J., Cunningham M.J., Lopez B.",,Proceedings of the 2005 IEEE 9th International Conference on Rehabilitation Robotics,2005, ,0,0,0,0,0,0,0,0,0,0,0,0,0,0,0,0,0,0,0,0,0,0,0,0,0,0,0,0,0,0,0,0,0,0,0,0,2,3,2,3,5,3,2,2,4,0,4,2,7,5,4,1,0,49
2008,B<sup>3</sup>IA: A control architecture for autonomous robot-assisted behavior intervention for children with autism spectrum disorders,"Feil-Seifer D., Mataric M.J.",,"Proceedings of the 17th IEEE International Symposium on Robot and Human Interactive Communication, RO-MAN",, ,0,0,0,0,0,0,0,0,0,0,0,0,0,0,0,0,0,0,0,0,0,0,0,0,0,0,0,0,0,0,0,0,0,0,0,0,0,0,0,0,2,2,1,1,0,11,6,8,8,5,3,1,0,48
1997,Learning social behavior,Mataric M.J.,9218890,Robotics and Autonomous Systems,20, 2-4,0,0,0,0,0,0,0,0,0,0,0,0,0,0,0,0,0,0,0,0,0,0,0,0,0,0,0,0,1,2,1,2,4,1,4,4,3,2,1,3,1,4,5,1,3,1,2,0,1,0,2,0,0,48
2000,Whistling in the dark: Cooperative trail following in uncertain localization space,"Vaughan Richard T., Stoy Kasper, Sukhatme Gaurav S., Mataric Maja J.",,Proceedings of the International Conference on Autonomous Agents,, ,0,0,0,0,0,0,0,0,0,0,0,0,0,0,0,0,0,0,0,0,0,0,0,0,0,0,0,0,0,0,0,1,4,9,3,2,1,0,3,1,3,7,3,1,1,3,2,1,1,1,0,0,0,47
2001,From insect to Internet: Situated control for networked robot teams,"Werger B.B., Mataric M.J.",10122443,Annals of Mathematics and Artificial Intelligence,31, 1-4,0,0,0,0,0,0,0,0,0,0,0,0,0,0,0,0,0,0,0,0,0,0,0,0,0,0,0,0,0,0,0,0,0,4,4,1,7,3,5,6,1,2,3,2,1,1,0,1,2,1,1,1,0,46
2000,Murdoch: Publish/subscribe task allocation for heterogeneous agents,"Gerkey Brian P., Mataric Maja J.",,Proceedings of the International Conference on Autonomous Agents,, ,0,0,0,0,0,0,0,0,0,0,0,0,0,0,0,0,0,0,0,0,0,0,0,0,0,0,0,0,0,0,0,0,1,1,1,1,2,3,6,1,5,6,3,2,5,2,1,3,3,0,0,0,0,46
2009,The role of physical embodiment of a therapist robot for individuals with cognitive impairments,"Tapus A., Tapus C., Mataric M.",,Proceedings - IEEE International Workshop on Robot and Human Interactive Communication,, ,0,0,0,0,0,0,0,0,0,0,0,0,0,0,0,0,0,0,0,0,0,0,0,0,0,0,0,0,0,0,0,0,0,0,0,0,0,0,0,0,0,0,2,2,3,9,4,7,2,5,9,1,0,44
2001,Robot formations using only local sensing and control,"Fredslund J., Mataric M.J.",,"Proceedings of IEEE International Symposium on Computational Intelligence in Robotics and Automation, CIRA",2001-, ,0,0,0,0,0,0,0,0,0,0,0,0,0,0,0,0,0,0,0,0,0,0,0,0,0,0,0,0,0,0,0,0,1,5,6,6,5,5,2,5,0,3,4,0,0,0,0,0,0,2,0,0,0,44
2000,Broadcast of Local Eligibility: Behavior-based control for strongly cooperative robot teams,"Werger Barry Brian, Mataric Maja J.",,Proceedings of the International Conference on Autonomous Agents,, ,0,0,0,0,0,0,0,0,0,0,0,0,0,0,0,0,0,0,0,0,0,0,0,0,0,0,0,0,0,0,0,0,1,0,1,0,3,3,3,1,3,6,2,3,2,1,5,2,2,2,2,2,0,44
2006,On foraging strategies for large-scale multi-robot systems,"Shell D.A., Mataric M.J.",,IEEE International Conference on Intelligent Robots and Systems,, ,0,0,0,0,0,0,0,0,0,0,0,0,0,0,0,0,0,0,0,0,0,0,0,0,0,0,0,0,0,0,0,0,0,0,0,0,0,0,0,1,4,5,5,1,5,5,3,7,2,2,3,0,0,43
2006,Human-inspired robots,"Coradeschi S., Ishiguro H., Asada M., Shapiro S.C., Thielscher M., Breazeal C., Mataric M.J., Ishida H.",15411672,IEEE Intelligent Systems,21,4,0,0,0,0,0,0,0,0,0,0,0,0,0,0,0,0,0,0,0,0,0,0,0,0,0,0,0,0,0,0,0,0,0,0,0,0,0,0,1,1,1,5,4,9,2,2,2,4,1,6,4,1,0,43
2000,Multi-robot target acquisition using multiple objective behavior coordination,"Pirjanian Paolo, Mataric Maja",10504729,Proceedings - IEEE International Conference on Robotics and Automation,3, ,0,0,0,0,0,0,0,0,0,0,0,0,0,0,0,0,0,0,0,0,0,0,0,0,0,0,0,0,0,0,0,0,4,4,6,2,2,5,1,5,3,1,1,0,2,0,2,1,1,1,1,1,0,43
2009,Human perception of audio-visual synthetic character emotion expression in the presence of ambiguous and conflicting information,"Mower E., Mataric M.J., Narayanan S.",15209210,IEEE Transactions on Multimedia,11,5,0,0,0,0,0,0,0,0,0,0,0,0,0,0,0,0,0,0,0,0,0,0,0,0,0,0,0,0,0,0,0,0,0,0,0,0,0,0,0,0,2,5,4,1,4,4,7,3,4,3,2,2,0,41
2002,Learning movement sequences from demonstration,"Amit R., Mataric M.",,"Proceedings - 2nd International Conference on Development and Learning, ICDL 2002",, ,0,0,0,0,0,0,0,0,0,0,0,0,0,0,0,0,0,0,0,0,0,0,0,0,0,0,0,0,0,0,0,0,0,0,0,5,2,7,2,2,8,4,3,3,0,1,2,0,2,0,0,0,0,41
2014,How to train your DragonBot: Socially assistive robots for teaching children about nutrition through play,"Short E., Swift-Spong K., Greczek J., Ramachandran A., Litoiu A., Grigore E.C., Feil-Seifer D., Shuster S., Lee J.J., Huang S., Levonisova S., Litz S., Li J., Ragusa G., Spruijt-Metz D., Mataric M., Scassellati B.",,Proceedings - IEEE International Workshop on Robot and Human Interactive Communication,2014-, October,0,0,0,0,0,0,0,0,0,0,0,0,0,0,0,0,0,0,0,0,0,0,0,0,0,0,0,0,0,0,0,0,0,0,0,0,0,0,0,0,0,0,0,0,0,1,1,6,5,7,12,8,0,40
2013,Automated Proxemic Feature Extraction and Behavior Recognition: Applications in Human-Robot Interaction,"Mead R., Atrash A., Mataric M.J.",18754791,International Journal of Social Robotics,5,3,0,0,0,0,0,0,0,0,0,0,0,0,0,0,0,0,0,0,0,0,0,0,0,0,0,0,0,0,0,0,0,0,0,0,0,0,0,0,0,0,0,0,0,0,0,6,11,7,10,1,5,0,0,40
2010,Motor function assessment using wearable inertial sensors,"Parnandi A., Wade E., Mataric M.",,"2010 Annual International Conference of the IEEE Engineering in Medicine and Biology Society, EMBC'10",, ,0,0,0,0,0,0,0,0,0,0,0,0,0,0,0,0,0,0,0,0,0,0,0,0,0,0,0,0,0,0,0,0,0,0,0,0,0,0,0,0,0,0,6,2,5,2,3,3,5,7,5,2,0,40
2001,Distributed multi-robot task allocation for emergency handling,"Ostergaard E.H., Mataric M.J., Sukhatme G.S.",21530858,IEEE International Conference on Intelligent Robots and Systems,2, ,0,0,0,0,0,0,0,0,0,0,0,0,0,0,0,0,0,0,0,0,0,0,0,0,0,0,0,0,0,0,0,0,1,2,4,3,1,2,3,7,4,2,2,2,1,2,0,2,0,0,1,0,0,39
2010,Robot exercise instructor: A socially assistive robot system to monitor and encourage physical exercise for the elderly,"Fasola J., Mataric M.J.",,Proceedings - IEEE International Workshop on Robot and Human Interactive Communication,, ,0,0,0,0,0,0,0,0,0,0,0,0,0,0,0,0,0,0,0,0,0,0,0,0,0,0,0,0,0,0,0,0,0,0,0,0,0,0,0,0,0,0,1,6,4,4,4,2,7,6,1,2,0,37
1998,Coordination and learning in multirobot systems,Mataric M.J.,10947167,IEEE Intelligent Systems and Their Applications,13,2,0,0,0,0,0,0,0,0,0,0,0,0,0,0,0,0,0,0,0,0,0,0,0,0,0,0,0,0,0,0,0,1,2,3,2,1,9,9,2,3,2,0,2,0,0,1,0,0,0,0,0,0,0,37
2013,Using semantic fields to model dynamic spatial relations in a robot architecture for natural language instruction of service robots,"Fasola J., Mataric M.J.",21530858,IEEE International Conference on Intelligent Robots and Systems,, ,0,0,0,0,0,0,0,0,0,0,0,0,0,0,0,0,0,0,0,0,0,0,0,0,0,0,0,0,0,0,0,0,0,0,0,0,0,0,0,0,0,0,0,0,1,6,9,9,2,5,3,0,0,35
2002,Temporal occupancy grids: A method for classifying the spatio-temporal properties of the environment,"Arbuckle D., Howard A., Mataric M.",,IEEE International Conference on Intelligent Robots and Systems,1, ,0,0,0,0,0,0,0,0,0,0,0,0,0,0,0,0,0,0,0,0,0,0,0,0,0,0,0,0,0,0,0,0,0,0,0,1,1,0,2,2,0,2,4,2,2,3,4,1,5,3,3,0,0,35
2004,Automatic synthesis of communication-based coordinated multi-robot systems,"Jones C., Mataric M.J.",,2004 IEEE/RSJ International Conference on Intelligent Robots and Systems (IROS),1, ,0,0,0,0,0,0,0,0,0,0,0,0,0,0,0,0,0,0,0,0,0,0,0,0,0,0,0,0,0,0,0,0,0,0,0,0,4,5,3,1,2,1,2,2,1,2,4,1,1,2,1,1,0,33
1999,"Making Complex Articulated Agents Dance: An analysis of control methods drawn from robotics, animation, and biology","Mataric M.J., Zordan V.B., Williamson M.M.",13872532,Autonomous Agents and Multi-Agent Systems,2,1,0,0,0,0,0,0,0,0,0,0,0,0,0,0,0,0,0,0,0,0,0,0,0,0,0,0,0,0,0,0,0,1,0,3,2,7,2,6,1,3,3,2,0,1,1,0,0,0,0,0,0,0,0,32
2011,People-aware navigation for goal-oriented behavior involving a human partner,"Feil-Seifer D., Mataric M.",,"2011 IEEE International Conference on Development and Learning, ICDL 2011",, ,0,0,0,0,0,0,0,0,0,0,0,0,0,0,0,0,0,0,0,0,0,0,0,0,0,0,0,0,0,0,0,0,0,0,0,0,0,0,0,0,0,0,0,3,1,11,2,4,5,1,3,1,0,31
2001,Evaluating control strategies for wireless-networked robots using an integrated robot and network simulation,"Ye W., Vaughan R.T., Sukhatme G.S., Heidemann J., Estrin D., Mataric M.J.",10504729,Proceedings - IEEE International Conference on Robotics and Automation,3, ,0,0,0,0,0,0,0,0,0,0,0,0,0,0,0,0,0,0,0,0,0,0,0,0,0,0,0,0,0,0,0,0,1,1,2,4,2,0,1,3,3,0,0,1,4,1,2,2,1,2,0,1,0,31
1999,Coordinating mobile robot group behavior using a model of interaction dynamics,"Goldberg Dani, Mataric Maja J.",,Proceedings of the International Conference on Autonomous Agents,, ,0,0,0,0,0,0,0,0,0,0,0,0,0,0,0,0,0,0,0,0,0,0,0,0,0,0,0,0,0,0,0,1,4,1,5,2,3,4,1,0,1,2,2,0,0,1,1,1,1,0,0,0,0,30
2014,Graded cueing feedback in robot-mediated imitation practice for children with autism spectrum disorders,"Greczek J., Kaszubski E., Atrash A., Mataric M.",,"IEEE RO-MAN 2014 - 23rd IEEE International Symposium on Robot and Human Interactive Communication: Human-Robot Co-Existence: Adaptive Interfaces and Systems for Daily Life, Therapy, Assistance and Socially Engaging Interactions",, ,0,0,0,0,0,0,0,0,0,0,0,0,0,0,0,0,0,0,0,0,0,0,0,0,0,0,0,0,0,0,0,0,0,0,0,0,0,0,0,0,0,0,0,0,0,0,3,2,6,5,11,2,0,29
2007,Emulating empathy in socially assistive robotics,"Tapus A., Mataric M.J.",,AAAI Spring Symposium - Technical Report,SS-07-07, ,0,0,0,0,0,0,0,0,0,0,0,0,0,0,0,0,0,0,0,0,0,0,0,0,0,0,0,0,0,0,0,0,0,0,0,0,0,0,0,0,1,1,1,2,4,2,3,3,1,5,4,2,0,29
2004,Exemplar-based primitives for humanoid movement classification and control,"Drumwright E., Jenkins O.C., Mataric M.J.",10504729,Proceedings - IEEE International Conference on Robotics and Automation,2004,1,0,0,0,0,0,0,0,0,0,0,0,0,0,0,0,0,0,0,0,0,0,0,0,0,0,0,0,0,0,0,0,0,0,0,0,1,7,0,1,1,4,2,0,4,1,3,1,2,1,0,1,0,0,29
2009,Socially assistive robotics for stroke and mild TBI rehabilitation,"Mataric M., Tapus A., Winstein C., Eriksson J.",9269630,Studies in Health Technology and Informatics,145, ,0,0,0,0,0,0,0,0,0,0,0,0,0,0,0,0,0,0,0,0,0,0,0,0,0,0,0,0,0,0,0,0,0,0,0,0,0,0,0,0,0,1,2,2,3,3,3,3,3,0,6,2,0,28
2001,Experience-based representation construction: Learning from human and robot teachers,"Nicolescu M.N., Mataric M.J.",21530858,IEEE International Conference on Intelligent Robots and Systems,2, ,0,0,0,0,0,0,0,0,0,0,0,0,0,0,0,0,0,0,0,0,0,0,0,0,0,0,0,0,0,0,0,0,0,3,2,0,1,1,2,2,1,4,1,2,0,1,1,1,1,1,4,0,0,28
2010,Automated administration of the wolf motor function test for post-stroke assessment,"Wade E., Parnandi A.R., Mataric M.J.",,"2010 4th International Conference on Pervasive Computing Technologies for Healthcare, Pervasive Health 2010",, ,0,0,0,0,0,0,0,0,0,0,0,0,0,0,0,0,0,0,0,0,0,0,0,0,0,0,0,0,0,0,0,0,0,0,0,0,0,0,0,0,0,2,3,1,7,0,2,2,4,3,2,1,0,27
2003,Multi-robot task-allocation through vacancy chains,"Dahl T.S., Mataric M.J., Sukhatme G.S.",10504729,Proceedings - IEEE International Conference on Robotics and Automation,2, ,0,0,0,0,0,0,0,0,0,0,0,0,0,0,0,0,0,0,0,0,0,0,0,0,0,0,0,0,0,0,0,0,0,0,1,0,1,2,3,0,3,6,1,1,1,2,3,1,0,0,1,1,0,27
1990,Environment learning using a distributed representation,Mataric Maja J.,,,, ,0,0,0,0,0,0,0,0,0,0,0,0,0,0,0,0,0,0,0,0,0,1,0,5,0,0,0,3,2,0,1,2,4,1,0,0,0,3,0,0,0,1,0,0,0,0,0,0,1,0,1,0,0,25
2007,Investigating implicit cues for user state estimation in human-robot interaction using physiological measurements,"Mower E., Feil-Seifer D.J., Mataric M.J., Narayanan S.",,Proceedings - IEEE International Workshop on Robot and Human Interactive Communication,, ,0,0,0,0,0,0,0,0,0,0,0,0,0,0,0,0,0,0,0,0,0,0,0,0,0,0,0,0,0,0,0,0,0,0,0,0,0,0,0,1,0,2,2,1,3,3,3,1,1,2,2,3,0,24
2004,A multi-robot approach to stealthy navigation in the presence of an observer,"Tews A.D., Sukhatme G.S., Mataric M.J.",10504729,Proceedings - IEEE International Conference on Robotics and Automation,2004,3,0,0,0,0,0,0,0,0,0,0,0,0,0,0,0,0,0,0,0,0,0,0,0,0,0,0,0,0,0,0,0,0,0,0,0,1,0,0,3,2,3,2,4,1,1,0,2,1,1,2,1,0,0,24
2010,An architecture for rehabilitation task practice in socially assistive human-robot interaction,"Mead R., Wade E., Johnson P., St. Clair A., Chen S., Mataric M.J.",,Proceedings - IEEE International Workshop on Robot and Human Interactive Communication,, ,0,0,0,0,0,0,0,0,0,0,0,0,0,0,0,0,0,0,0,0,0,0,0,0,0,0,0,0,0,0,0,0,0,0,0,0,0,0,0,0,0,0,3,2,1,2,3,5,6,0,0,1,0,23
2007,Hands-off therapist robot behavior adaptation to user personality for post-stroke rehabilitation therapy,"Tapus A., Taapus C., Mataric M.J.",10504729,Proceedings - IEEE International Conference on Robotics and Automation,, ,0,0,0,0,0,0,0,0,0,0,0,0,0,0,0,0,0,0,0,0,0,0,0,0,0,0,0,0,0,0,0,0,0,0,0,0,0,0,1,1,4,1,2,1,0,0,2,1,5,2,2,1,0,23
2005,Insights toward robot-assisted evacuation,"Shell D.A., Mataric M.J.",1691864,Advanced Robotics,19,8,0,0,0,0,0,0,0,0,0,0,0,0,0,0,0,0,0,0,0,0,0,0,0,0,0,0,0,0,0,0,0,0,0,0,0,0,0,0,1,1,0,0,0,4,1,3,4,4,2,1,2,0,0,23
2000,Embedding robots into the internet,"Sukhatme G.S., Mataric M.J.",10782,Communications of the ACM,43,5,0,0,0,0,0,0,0,0,0,0,0,0,0,0,0,0,0,0,0,0,0,0,0,0,0,0,0,0,0,0,0,0,2,4,1,2,3,1,1,3,2,1,0,0,0,1,0,0,1,0,1,0,0,23
2016,Socially assistive robotics,"Mataric M.J., Scassellati B.",,Springer Handbook of Robotics,, ,0,0,0,0,0,0,0,0,0,0,0,0,0,0,0,0,0,0,0,0,0,0,0,0,0,0,0,0,0,0,0,0,0,0,0,0,0,0,0,0,0,0,0,0,0,0,0,0,4,4,11,3,0,22
2010,Robot motivator: Increasing user enjoyment and performance on a physical/cognitive task,"Fasola J., Mataric M.J.",,"2010 IEEE 9th International Conference on Development and Learning, ICDL-2010 - Conference Program",, ,0,0,0,0,0,0,0,0,0,0,0,0,0,0,0,0,0,0,0,0,0,0,0,0,0,0,0,0,0,0,0,0,0,0,0,0,0,0,0,0,0,1,3,4,1,1,2,2,2,3,1,2,0,22
2008,User personality matching with a hands-off robot for post-stroke rehabilitation therapy,"Tapus A., Mataric M.J.",16107438,Springer Tracts in Advanced Robotics,39, ,0,0,0,0,0,0,0,0,0,0,0,0,0,0,0,0,0,0,0,0,0,0,0,0,0,0,0,0,0,0,0,0,0,0,0,0,0,0,0,0,1,2,1,3,1,1,5,2,3,0,3,0,0,22
2011,Using socially assistive robotics to augment motor task performance in individuals post-stroke,"Wade E., Parnandi A.R., Mataric M.J.",,IEEE International Conference on Intelligent Robots and Systems,, ,0,0,0,0,0,0,0,0,0,0,0,0,0,0,0,0,0,0,0,0,0,0,0,0,0,0,0,0,0,0,0,0,0,0,0,0,0,0,0,0,0,0,0,3,1,4,4,1,3,1,2,2,0,21
2000,Biologically inspired robotic model for learning by imitation,"Billard Aude, Mataric Maja J.",,Proceedings of the International Conference on Autonomous Agents,, ,0,0,0,0,0,0,0,0,0,0,0,0,0,0,0,0,0,0,0,0,0,0,0,0,0,0,0,0,0,0,0,1,1,2,1,1,1,3,4,0,0,3,1,1,0,0,1,0,0,0,1,0,0,21
1996,Learning in multi-robot systems,Mataric M.J.,3029743,Lecture Notes in Computer Science (including subseries Lecture Notes in Artificial Intelligence and Lecture Notes in Bioinformatics),1042, ,0,0,0,0,0,0,0,0,0,0,0,0,0,0,0,0,0,0,0,0,0,0,0,0,0,0,0,0,4,5,2,0,3,1,0,0,0,2,0,1,0,1,1,0,0,0,1,0,0,0,0,0,0,21
2016,Perceptual models of human-robot proxemics,"Mead R., Mataric M.J.",16107438,Springer Tracts in Advanced Robotics,109, ,0,0,0,0,0,0,0,0,0,0,0,0,0,0,0,0,0,0,0,0,0,0,0,0,0,0,0,0,0,0,0,0,0,0,0,0,0,0,0,0,0,0,0,0,0,0,0,1,9,3,6,1,0,20
2004,Building an autonomous humanoid tool user,"Bluethmann W., Ambrose R., Diftler M., Huber E., Fagg A., Rosenstein M., Platt R., Grupen R., Breazeal C., Brooks A., Lockerd A., Peters R.A., Jenkins O.C., Mataric M., Bugajska M.",,2004 4th IEEE-RAS International Conference on Humanoid Robots,1, ,0,0,0,0,0,0,0,0,0,0,0,0,0,0,0,0,0,0,0,0,0,0,0,0,0,0,0,0,0,0,0,0,0,0,0,0,1,3,3,2,2,3,2,0,1,2,0,1,0,0,0,0,0,20
1998,Learning from History for Behavior-Based Mobile Robots in Non-Stationary Conditions,"Michaud F., Mataric M.J.",8856125,Machine Learning,31, 1-3,0,0,0,0,0,0,0,0,0,0,0,0,0,0,0,0,0,0,0,0,0,0,0,0,0,0,0,0,0,0,1,0,4,1,2,3,1,0,2,0,0,1,0,0,1,0,0,2,1,1,0,0,0,20
2017,Autonomous human–robot proxemics: socially aware navigation based on interaction potential,"Mead R., Mataric M.J.",9295593,Autonomous Robots,41,5,0,0,0,0,0,0,0,0,0,0,0,0,0,0,0,0,0,0,0,0,0,0,0,0,0,0,0,0,0,0,0,0,0,0,0,0,0,0,0,0,0,0,0,0,0,0,0,0,1,6,10,2,0,19
2015,How Robot Verbal Feedback Can Improve Team Performance in Human-Robot Task Collaborations,"St. Clair A., Mataric M.",21672148,ACM/IEEE International Conference on Human-Robot Interaction,2015-, ,0,0,0,0,0,0,0,0,0,0,0,0,0,0,0,0,0,0,0,0,0,0,0,0,0,0,0,0,0,0,0,0,0,0,0,0,0,0,0,0,0,0,0,0,0,0,0,3,4,2,8,2,0,19
2008,Survey of domain-specific performance measures in assistive robotic technology,"Tsui K.M., Yanco H.A., Feil-Seifer D.J., Mataric M.J.",,Performance Metrics for Intelligent Systems (PerMIS) Workshop,, ,0,0,0,0,0,0,0,0,0,0,0,0,0,0,0,0,0,0,0,0,0,0,0,0,0,0,0,0,0,0,0,0,0,0,0,0,0,0,0,0,0,3,1,2,2,4,2,3,1,0,1,0,0,19
2003,A scalable approach to human-robot interaction,"Tews A.D., Mataric M.J., Sukhatme G.S.",10504729,Proceedings - IEEE International Conference on Robotics and Automation,2, ,0,0,0,0,0,0,0,0,0,0,0,0,0,0,0,0,0,0,0,0,0,0,0,0,0,0,0,0,0,0,0,0,0,0,0,2,2,4,5,2,0,0,0,0,1,1,1,0,0,0,1,0,0,19
2002,Multi-robot task allocation in the light of uncertainty,"Ostergaard E.H., Mataric M.J., Sukhatme G.S.",10504729,Proceedings - IEEE International Conference on Robotics and Automation,3, ,0,0,0,0,0,0,0,0,0,0,0,0,0,0,0,0,0,0,0,0,0,0,0,0,0,0,0,0,0,0,0,0,0,0,1,1,2,1,2,3,1,1,4,0,2,0,0,1,0,0,0,0,0,19
1999,"Incremental, on-line topological map building with a mobile robot","Dedeoglu Goksel, Mataric Maja J., Sukhatme Gaurav S.",0277786X,Proceedings of SPIE - The International Society for Optical Engineering,3838, ,0,0,0,0,0,0,0,0,0,0,0,0,0,0,0,0,0,0,0,0,0,0,0,0,0,0,0,0,0,0,0,1,3,1,5,1,1,2,2,1,0,0,0,1,0,0,1,0,0,0,0,0,0,19
2015,Designing a socially assistive robot for personalized number concepts learning in preschool children,"Clabaugh C., Ragusa G., Sha F., Mataric M.",,"5th Joint International Conference on Development and Learning and Epigenetic Robotics, ICDL-EpiRob 2015",, ,0,0,0,0,0,0,0,0,0,0,0,0,0,0,0,0,0,0,0,0,0,0,0,0,0,0,0,0,0,0,0,0,0,0,0,0,0,0,0,0,0,0,0,0,0,0,0,2,0,9,6,1,0,18
2010,Long Term Learning and Online Robot Behavior Adaptation for Individuals with Physical and Cognitive Impairments,"Tapus A., Tapus C., Mataric M.",16107438,Springer Tracts in Advanced Robotics,62, ,0,0,0,0,0,0,0,0,0,0,0,0,0,0,0,0,0,0,0,0,0,0,0,0,0,0,0,0,0,0,0,0,0,0,0,0,0,0,0,0,0,0,1,2,3,1,2,3,3,0,2,1,0,18
2002,Adaptive spatio-temporal organization in groups of robots,"Dahl T.S., Mataric M.J., Sukhatme G.S.",,IEEE International Conference on Intelligent Robots and Systems,1, ,0,0,0,0,0,0,0,0,0,0,0,0,0,0,0,0,0,0,0,0,0,0,0,0,0,0,0,0,0,0,0,0,0,0,0,2,3,2,3,2,2,1,0,0,1,1,0,0,0,1,0,0,0,18
1999,Design and implementation of a mechanically heterogeneous robot group,"Sukhatme Gaurav S., Montgomery James F., Mataric Maja J.",0277786X,Proceedings of SPIE - The International Society for Optical Engineering,3839, ,0,0,0,0,0,0,0,0,0,0,0,0,0,0,0,0,0,0,0,0,0,0,0,0,0,0,0,0,0,0,0,0,2,1,3,3,2,0,0,2,1,2,1,0,0,0,0,0,0,0,0,0,0,17
1998,Learning from History for Behavior-Based Mobile Robots in Non-Stationary Conditions,"Michaud F., Mataric M.J.",9295593,Autonomous Robots,5, 3-4,0,0,0,0,0,0,0,0,0,0,0,0,0,0,0,0,0,0,0,0,0,0,0,0,0,0,0,0,0,0,1,1,2,1,1,1,2,1,0,1,3,1,1,0,0,0,0,1,0,0,0,0,0,17
1998,"Movement control methods for complex, dynamically simulated agents: Adonis dances the Macarena","Mataric Maja J., Zordan Victor B., Mason Zachary",,Proceedings of the International Conference on Autonomous Agents,, ,0,0,0,0,0,0,0,0,0,0,0,0,0,0,0,0,0,0,0,0,0,0,0,0,0,0,0,0,0,0,1,0,0,2,1,2,3,1,0,2,2,0,0,1,1,0,0,0,1,0,0,0,0,17
1993,Distributed approaches to behavior control,Mataric Maja J.,0277786X,Proceedings of SPIE - The International Society for Optical Engineering,1828, ,0,0,0,0,0,0,0,0,0,0,0,0,0,0,0,0,0,0,0,0,0,0,0,0,0,1,1,1,4,3,2,0,0,0,0,2,0,0,0,0,2,0,1,0,0,0,0,0,0,0,0,0,0,17
2010,Using proxemics to evaluate human-robot interaction,"Feil-Seifer D., Mataric M.",,"5th ACM/IEEE International Conference on Human-Robot Interaction, HRI 2010",, ,0,0,0,0,0,0,0,0,0,0,0,0,0,0,0,0,0,0,0,0,0,0,0,0,0,0,0,0,0,0,0,0,0,0,0,0,0,0,0,0,0,0,1,2,0,3,3,3,1,2,1,0,0,16
2010,Tracking and modeling of human activity using laser rangefinders,"Panangadan A., Mataric M., Sukhatme G.S.",18754791,International Journal of Social Robotics,2,1,0,0,0,0,0,0,0,0,0,0,0,0,0,0,0,0,0,0,0,0,0,0,0,0,0,0,0,0,0,0,0,0,0,0,0,0,0,0,0,0,0,1,2,1,1,2,4,2,2,0,1,0,0,16
2004,Avoiding detection in a dynamic environment,"Tews A., Mataric M.J., Sukhatme G.S.",,2004 IEEE/RSJ International Conference on Intelligent Robots and Systems (IROS),4, ,0,0,0,0,0,0,0,0,0,0,0,0,0,0,0,0,0,0,0,0,0,0,0,0,0,0,0,0,0,0,0,0,0,0,0,1,0,2,0,1,3,1,1,2,0,0,1,2,1,1,0,0,0,16
2002,Parametric primitives for motor representation and control,"Amit R., Mataric M.J.",10504729,Proceedings - IEEE International Conference on Robotics and Automation,1, ,0,0,0,0,0,0,0,0,0,0,0,0,0,0,0,0,0,0,0,0,0,0,0,0,0,0,0,0,0,0,0,0,0,0,0,2,0,3,4,0,2,3,1,0,0,1,0,0,0,0,0,0,0,16
2012,A probabilistic framework for autonomous proxemic control in situated and mobile human-robot interaction,"Mead R., Mataric M.J.",,HRI'12 - Proceedings of the 7th Annual ACM/IEEE International Conference on Human-Robot Interaction,, ,0,0,0,0,0,0,0,0,0,0,0,0,0,0,0,0,0,0,0,0,0,0,0,0,0,0,0,0,0,0,0,0,0,0,0,0,0,0,0,0,0,0,0,1,2,1,3,2,2,2,2,0,0,15
2011,Investigating the effects of visual saliency on deictic gesture production by a humanoid robot,"St. Clair A., Mead R., Mataric M.J.",,Proceedings - IEEE International Workshop on Robot and Human Interactive Communication,, ,0,0,0,0,0,0,0,0,0,0,0,0,0,0,0,0,0,0,0,0,0,0,0,0,0,0,0,0,0,0,0,0,0,0,0,0,0,0,0,0,0,0,0,1,1,6,1,2,1,0,3,0,0,15
2003,Maximizing Reward in a Non-Stationary Mobile Robot Environment,"Goldberg D., Mataric M.J.",13872532,Autonomous Agents and Multi-Agent Systems,6,3,0,0,0,0,0,0,0,0,0,0,0,0,0,0,0,0,0,0,0,0,0,0,0,0,0,0,0,0,0,0,0,0,0,0,0,1,0,0,0,2,2,0,4,1,2,0,0,1,1,1,0,0,0,15
1997,Using communication to reduce locality in multi-robot learning,Mataric Maja J.,,Proceedings of the National Conference on Artificial Intelligence,, ,0,0,0,0,0,0,0,0,0,0,0,0,0,0,0,0,0,0,0,0,0,0,0,0,0,0,0,0,0,0,0,1,2,2,0,0,2,2,2,1,1,0,1,0,0,0,0,0,0,0,1,0,0,15
2011,Recognition of spatial dynamics for predicting social interaction,"Mead R., Atrash A., Mataric M.J.",,HRI 2011 - Proceedings of the 6th ACM/IEEE International Conference on Human-Robot Interaction,, ,0,0,0,0,0,0,0,0,0,0,0,0,0,0,0,0,0,0,0,0,0,0,0,0,0,0,0,0,0,0,0,0,0,0,0,0,0,0,0,0,0,0,1,3,2,2,2,1,2,1,0,0,0,14
2003,Motion generation for humanoid robots with automatically derived behaviors,"Erol D., Park J., Turkay E., Kawamura K., Jenkins O.C., Mataric M.J.",8843627,"Proceedings of the IEEE International Conference on Systems, Man and Cybernetics",2, ,0,0,0,0,0,0,0,0,0,0,0,0,0,0,0,0,0,0,0,0,0,0,0,0,0,0,0,0,0,0,0,0,0,0,1,2,5,1,0,1,0,0,0,1,0,1,1,1,0,0,0,0,0,14
2015,Effects of comparative feedback from a Socially Assistive Robot on self-efficacy in post-stroke rehabilitation,"Swift-Spong K., Short E., Wade E., Mataric M.J.",19457898,IEEE International Conference on Rehabilitation Robotics,2015-, ,0,0,0,0,0,0,0,0,0,0,0,0,0,0,0,0,0,0,0,0,0,0,0,0,0,0,0,0,0,0,0,0,0,0,0,0,0,0,0,0,0,0,0,0,0,0,0,2,4,2,4,1,0,13
2014,How to train your DragonBot: Socially assistive robots for teaching children about nutrition through play,"Short E., Swift-Spong K., Greczek J., Ramachandran A., Litoiu A., Grigore E.C., Feil-Seifer D., Shuster S., Lee J.J., Huang S., Levonisova S., Litz S., Li J., Ragusa G., Spruijt-Metz D., Mataric M., Scassellati B.",,"IEEE RO-MAN 2014 - 23rd IEEE International Symposium on Robot and Human Interactive Communication: Human-Robot Co-Existence: Adaptive Interfaces and Systems for Daily Life, Therapy, Assistance and Socially Engaging Interactions",, ,0,0,0,0,0,0,0,0,0,0,0,0,0,0,0,0,0,0,0,0,0,0,0,0,0,0,0,0,0,0,0,0,0,0,0,0,0,0,0,0,0,0,0,0,0,0,2,8,2,1,0,0,0,13
2009,Performance evaluation methods for assistive robotic technology,"Tsui K.M., Feil-Seifer D.J., Mataric M.J., Yanco H.A.",,Performance Evaluation and Benchmarking of Intelligent Systems,, ,0,0,0,0,0,0,0,0,0,0,0,0,0,0,0,0,0,0,0,0,0,0,0,0,0,0,0,0,0,0,0,0,0,0,0,0,0,0,0,0,0,0,2,3,0,3,0,1,1,2,1,0,0,13
2006,A machine learning method for improving task allocation in distributed multi-robot transportation,"Dahl T.S., Mataric M.J., Sukhatme G.S.",18600832,Understanding Complex Systems,2006, ,0,0,0,0,0,0,0,0,0,0,0,0,0,0,0,0,0,0,0,0,0,0,0,0,0,0,0,0,0,0,0,0,0,0,0,0,0,0,1,1,0,0,1,4,4,2,0,0,0,0,0,0,0,13
2003,Linking perception and action in a control architecture for human-robot domains,"Nicolescu M.N., Mataric M.J.",,"Proceedings of the 36th Annual Hawaii International Conference on System Sciences, HICSS 2003",, ,0,0,0,0,0,0,0,0,0,0,0,0,0,0,0,0,0,0,0,0,0,0,0,0,0,0,0,0,0,0,0,0,0,0,0,0,2,1,1,1,0,2,0,1,1,1,2,1,0,0,0,0,0,13
1997,Studying the role of embodiment in cognition,MatariC M.J.,1969722,Cybernetics and Systems,28,6,0,0,0,0,0,0,0,0,0,0,0,0,0,0,0,0,0,0,0,0,0,0,0,0,0,0,0,0,0,2,1,1,1,1,1,0,0,1,1,0,0,0,0,0,1,0,1,1,0,0,1,0,0,13
2011,Proxemic feature recognition for interactive robots: Automating metrics from the social sciences,"Mead R., Atrash A., Mataric M.J.",3029743,Lecture Notes in Computer Science (including subseries Lecture Notes in Artificial Intelligence and Lecture Notes in Bioinformatics),7072, ,0,0,0,0,0,0,0,0,0,0,0,0,0,0,0,0,0,0,0,0,0,0,0,0,0,0,0,0,0,0,0,0,0,0,0,0,0,0,0,0,0,0,0,2,0,1,4,4,1,0,0,0,0,12
2007,Task learning through imitation and human-robot interaction,"Nicolescu M.N., Mataric M.J.",,"Imitation and Social Learning in Robots, Humans and Animals: Behavioural, Social and Communicative Dimensions",, ,0,0,0,0,0,0,0,0,0,0,0,0,0,0,0,0,0,0,0,0,0,0,0,0,0,0,0,0,0,0,0,0,0,0,0,0,0,0,1,1,0,1,0,1,0,1,1,3,1,1,1,0,0,12
2003,Generating and Recognizing Free-space Movements in Humanoid Robots,"Drumwright E., Mataric M.J.",,IEEE International Conference on Intelligent Robots and Systems,2, ,0,0,0,0,0,0,0,0,0,0,0,0,0,0,0,0,0,0,0,0,0,0,0,0,0,0,0,0,0,0,0,0,0,0,0,3,2,0,0,0,0,2,0,3,2,0,0,0,0,0,0,0,0,12
2017,Robot life-long task learning from human demonstrations: a Bayesian approach,"Koenig N., Mataric M.J.",9295593,Autonomous Robots,41,5,0,0,0,0,0,0,0,0,0,0,0,0,0,0,0,0,0,0,0,0,0,0,0,0,0,0,0,0,0,0,0,0,0,0,0,0,0,0,0,0,0,0,0,0,0,0,0,0,0,3,7,1,0,11
2015,Proxemics and performance: Subjective human evaluations of autonomous sociable robot distance and social signal understanding,"Mead R., Mataric M.J.",21530858,IEEE International Conference on Intelligent Robots and Systems,2015-, ,0,0,0,0,0,0,0,0,0,0,0,0,0,0,0,0,0,0,0,0,0,0,0,0,0,0,0,0,0,0,0,0,0,0,0,0,0,0,0,0,0,0,0,0,0,0,0,1,2,2,6,0,0,11
2009,Design and testing of lightweight inexpensive motion-capture devices with application to clinical gait analysis,"Wade E., Mataric M.J.",,"2009 3rd International Conference on Pervasive Computing Technologies for Healthcare - Pervasive Health 2009, PCTHealth 2009",, ,0,0,0,0,0,0,0,0,0,0,0,0,0,0,0,0,0,0,0,0,0,0,0,0,0,0,0,0,0,0,0,0,0,0,0,0,0,0,0,0,0,3,2,1,0,4,0,0,1,0,0,0,0,11
2009,Preface,"Ge S.S., Mataric M.J.",18754791,International Journal of Social Robotics,1,1,0,0,0,0,0,0,0,0,0,0,0,0,0,0,0,0,0,0,0,0,0,0,0,0,0,0,0,0,0,0,0,0,0,0,0,0,0,0,0,0,1,1,0,4,2,0,0,0,1,0,2,0,0,11
2008,Human perception of synthetic character emotions in the presence of conflicting and congruent vocal and facial expressions,"Mower E., Lee S., Mataric M.J., Narayanan S.",15206149,"ICASSP, IEEE International Conference on Acoustics, Speech and Signal Processing - Proceedings",, ,0,0,0,0,0,0,0,0,0,0,0,0,0,0,0,0,0,0,0,0,0,0,0,0,0,0,0,0,0,0,0,0,0,0,0,0,0,0,0,2,1,0,2,1,0,0,3,0,0,1,1,0,0,11
2005,A multi-modal approach to selective interaction in assistive domains,"Feil-Seifer D., Mataric M.J.",,Proceedings - IEEE International Workshop on Robot and Human Interactive Communication,2005, ,0,0,0,0,0,0,0,0,0,0,0,0,0,0,0,0,0,0,0,0,0,0,0,0,0,0,0,0,0,0,0,0,0,0,0,0,0,3,0,1,1,0,1,0,2,1,1,1,0,0,0,0,0,11
2004,Directional audio beacon deployment: An assistive multi-robot application,"Shell D.A., Mataric M.J.",10504729,Proceedings - IEEE International Conference on Robotics and Automation,2004,3,0,0,0,0,0,0,0,0,0,0,0,0,0,0,0,0,0,0,0,0,0,0,0,0,0,0,0,0,0,0,0,0,0,0,0,0,2,0,1,1,2,0,1,1,2,0,0,0,1,0,0,0,0,11
2014,Interpreting instruction sequences in spatial language discourse with pragmatics towards natural human-robot interaction,"Fasola J., Mataric M.J.",10504729,Proceedings - IEEE International Conference on Robotics and Automation,, ,0,0,0,0,0,0,0,0,0,0,0,0,0,0,0,0,0,0,0,0,0,0,0,0,0,0,0,0,0,0,0,0,0,0,0,0,0,0,0,0,0,0,0,0,0,1,1,2,3,2,1,0,0,10
2010,Dry your eyes: Examining the roles of robots for childcare applications,"Feil-Seifer D., Mataric M.J.",15720373,Interaction Studies,11,2,0,0,0,0,0,0,0,0,0,0,0,0,0,0,0,0,0,0,0,0,0,0,0,0,0,0,0,0,0,0,0,0,0,0,0,0,0,0,0,0,0,0,0,1,1,2,1,2,2,0,1,0,0,10
2002,General spatial features for analysis of multi-robot and human activities from raw position data,"Yan H., Mataric M.J.",,IEEE International Conference on Intelligent Robots and Systems,3, ,0,0,0,0,0,0,0,0,0,0,0,0,0,0,0,0,0,0,0,0,0,0,0,0,0,0,0,0,0,0,0,0,0,0,1,3,2,0,2,0,1,1,0,0,0,0,0,0,0,0,0,0,0,10
1999,Representation of behavioral history for learning in nonstationary conditions,"Michaud F., Mataric M.J.",9218890,Robotics and Autonomous Systems,29,2,0,0,0,0,0,0,0,0,0,0,0,0,0,0,0,0,0,0,0,0,0,0,0,0,0,0,0,0,0,0,0,0,1,1,1,0,3,0,0,0,1,1,0,0,0,0,0,1,1,0,0,0,0,10
2017,Robot moderation of a collaborative game: Towards socially assistive robotics in group interactions,"Short E., Mataric M.J.",,RO-MAN 2017 - 26th IEEE International Symposium on Robot and Human Interactive Communication,2017-, ,0,0,0,0,0,0,0,0,0,0,0,0,0,0,0,0,0,0,0,0,0,0,0,0,0,0,0,0,0,0,0,0,0,0,0,0,0,0,0,0,0,0,0,0,0,0,0,0,0,0,5,4,0,9
2002,Exploiting physical dynamics for concurrent control of a mobile robot,"Gerkey B.P., Mataric M.J., Sukhatme G.S.",10504729,Proceedings - IEEE International Conference on Robotics and Automation,4, ,0,0,0,0,0,0,0,0,0,0,0,0,0,0,0,0,0,0,0,0,0,0,0,0,0,0,0,0,0,0,0,0,0,0,0,0,1,1,0,0,3,2,1,1,0,0,0,0,0,0,0,0,0,9
2016,Nonverbal signaling for non-humanoid robots during human-robot collaboration,"Cha E., Mataric M., Fong T.",21672148,ACM/IEEE International Conference on Human-Robot Interaction,2016-, ,0,0,0,0,0,0,0,0,0,0,0,0,0,0,0,0,0,0,0,0,0,0,0,0,0,0,0,0,0,0,0,0,0,0,0,0,0,0,0,0,0,0,0,0,0,0,0,0,1,3,3,1,0,8
2014,Graded cueing feedback in robot-mediated imitation practice for children with autism spectrum disorders,"Greczek J., Kaszubski E., Atrash A., Mataric M.",,Proceedings - IEEE International Workshop on Robot and Human Interactive Communication,2014-, October,0,0,0,0,0,0,0,0,0,0,0,0,0,0,0,0,0,0,0,0,0,0,0,0,0,0,0,0,0,0,0,0,0,0,0,0,0,0,0,0,0,0,0,0,0,2,3,3,0,0,0,0,0,8
2008,Socially assistive robotic music therapist for maintaining attention of older adults with cognitive impairments,"Tapus A., Mataric M.J.",,AAAI Fall Symposium - Technical Report,FS-08-02, ,0,0,0,0,0,0,0,0,0,0,0,0,0,0,0,0,0,0,0,0,0,0,0,0,0,0,0,0,0,0,0,0,0,0,0,0,0,0,0,0,3,0,1,0,1,1,0,0,0,2,0,0,0,8
2005,Ergodic dynamicsbydesign: Aroute to predictable multi-robot systems,"Shell D.A., Jones C.V., Mataric M.J.",,Multi-Robot Systems. From Swarms to Intelligent Automata - Proceedings from the 2005 International Workshop on Multi-Robot Systems,3, ,0,0,0,0,0,0,0,0,0,0,0,0,0,0,0,0,0,0,0,0,0,0,0,0,0,0,0,0,0,0,0,0,0,0,0,0,0,0,0,2,0,0,0,1,0,1,0,0,1,0,3,0,0,8
2004,On role allocation in RoboCup,"Gerkey B.P., Mataric M.J.",3029743,Lecture Notes in Artificial Intelligence (Subseries of Lecture Notes in Computer Science),3020, ,0,0,0,0,0,0,0,0,0,0,0,0,0,0,0,0,0,0,0,0,0,0,0,0,0,0,0,0,0,0,0,0,0,0,0,0,2,2,1,0,0,0,0,1,1,0,0,1,0,0,0,0,0,8
2016,Comparing backstories of a Socially Assistive Robot exercise buddy for adolescent youth,"Swift-Spong K., Wen C.K.F., Spruijt-Metz D., Mataric M.J.",,"25th IEEE International Symposium on Robot and Human Interactive Communication, RO-MAN 2016",, ,0,0,0,0,0,0,0,0,0,0,0,0,0,0,0,0,0,0,0,0,0,0,0,0,0,0,0,0,0,0,0,0,0,0,0,0,0,0,0,0,0,0,0,0,0,0,0,1,0,3,2,1,0,7
2009,Evaluating evaluators: A case study in understanding the benefits and pitfalls of multi-evaluator modeling,"Mower E., Mataric M.J., Narayanan S.",19909772,"Proceedings of the Annual Conference of the International Speech Communication Association, INTERSPEECH",, ,0,0,0,0,0,0,0,0,0,0,0,0,0,0,0,0,0,0,0,0,0,0,0,0,0,0,0,0,0,0,0,0,0,0,0,0,0,0,0,0,1,1,2,1,1,0,0,0,0,0,1,0,0,7
2008,"Robotics as a tool for immersive, hands-on freshmen engineering instruction","Mataric M., Fasola J., Feil-Seifer D.",21535965,"ASEE Annual Conference and Exposition, Conference Proceedings",, ,0,0,0,0,0,0,0,0,0,0,0,0,0,0,0,0,0,0,0,0,0,0,0,0,0,0,0,0,0,0,0,0,0,0,0,0,0,0,0,0,0,1,0,0,1,2,0,0,3,0,0,0,0,7
2003,Human Motion-Based Environment Complexity Measures for Robotics,"Shell D.A., Mataric M.J.",,IEEE International Conference on Intelligent Robots and Systems,3, ,0,0,0,0,0,0,0,0,0,0,0,0,0,0,0,0,0,0,0,0,0,0,0,0,0,0,0,0,0,0,0,0,0,0,0,0,3,1,1,0,0,0,1,0,0,0,1,0,0,0,0,0,0,7
2002,"Robots: Intelligence, Versatility, Adaptivity","Sukhatme G.S., Mataric M.J.",10782,Communications of the ACM,45,3,0,0,0,0,0,0,0,0,0,0,0,0,0,0,0,0,0,0,0,0,0,0,0,0,0,0,0,0,0,0,0,0,0,2,0,0,0,1,1,0,0,0,1,0,1,0,1,0,0,0,0,0,0,7
2001,"Proposed approach for combining distributed sensing, robotic sampling, and offline analysis for in situ marine monitoring","Sukhatme G.S., Estrin D., Caron D., Mataric M.J., Requicha A.",0277786X,Proceedings of SPIE - The International Society for Optical Engineering,4205, ,0,0,0,0,0,0,0,0,0,0,0,0,0,0,0,0,0,0,0,0,0,0,0,0,0,0,0,0,0,0,0,0,0,0,0,2,2,0,2,0,0,0,0,0,0,0,1,0,0,0,0,0,0,7
1999,Action selection within the context of a robotic colony,"Huntsberger Terry, Mataric Maja, Pirjanian Paolo",0277786X,Proceedings of SPIE - The International Society for Optical Engineering,3839, ,0,0,0,0,0,0,0,0,0,0,0,0,0,0,0,0,0,0,0,0,0,0,0,0,0,0,0,0,0,0,0,3,1,0,2,0,1,0,0,0,0,0,0,0,0,0,0,0,0,0,0,0,0,7
2017,Understanding social interactions with socially assistive robotics in intergenerational family groups,"Short E.S., Swift-Spong K., Shim H., Wisniewski K.M., Zak D.K., Wu S., Zelinski E., Mataric M.J.",,RO-MAN 2017 - 26th IEEE International Symposium on Robot and Human Interactive Communication,2017-, ,0,0,0,0,0,0,0,0,0,0,0,0,0,0,0,0,0,0,0,0,0,0,0,0,0,0,0,0,0,0,0,0,0,0,0,0,0,0,0,0,0,0,0,0,0,0,0,0,1,1,2,2,0,6
2013,A Computational Model of Graded Cueing: Robots Encouraging Behavior Change,"Greczek J., Atrash A., Mataric M.",18650929,Communications in Computer and Information Science,374, II,0,0,0,0,0,0,0,0,0,0,0,0,0,0,0,0,0,0,0,0,0,0,0,0,0,0,0,0,0,0,0,0,0,0,0,0,0,0,0,0,0,0,0,0,0,3,1,1,1,0,0,0,0,6
2005,The role of embodiment in assistive interactive robotics for the elderly,Mataric M.J.,,AAAI Fall Symposium - Technical Report,FS-05-02, ,0,0,0,0,0,0,0,0,0,0,0,0,0,0,0,0,0,0,0,0,0,0,0,0,0,0,0,0,0,0,0,0,0,0,0,0,0,0,0,0,2,0,0,0,1,1,0,1,0,1,0,0,0,6
2002,"Huey, Dewey, Louie, and GUI - Commanding robot formations","Fredslund J., Mataric M.J.",10504729,Proceedings - IEEE International Conference on Robotics and Automation,1, ,0,0,0,0,0,0,0,0,0,0,0,0,0,0,0,0,0,0,0,0,0,0,0,0,0,0,0,0,0,0,0,0,0,0,1,2,1,0,0,1,0,1,0,0,0,0,0,0,0,0,0,0,0,6
2016,Using nonverbal signals to request help during human-robot collaboration,"Cha E., Mataric M.",21530858,IEEE International Conference on Intelligent Robots and Systems,2016-, ,0,0,0,0,0,0,0,0,0,0,0,0,0,0,0,0,0,0,0,0,0,0,0,0,0,0,0,0,0,0,0,0,0,0,0,0,0,0,0,0,0,0,0,0,0,0,0,0,1,2,1,1,0,5
2016,Research experiences for teachers: Linking research to teacher practice and student achievement in engineering and computer science,"Ragusa G., Mataric M.J.",,"ASEE Annual Conference and Exposition, Conference Proceedings",2016-, ,0,0,0,0,0,0,0,0,0,0,0,0,0,0,0,0,0,0,0,0,0,0,0,0,0,0,0,0,0,0,0,0,0,0,0,0,0,0,0,0,0,0,0,0,0,0,0,0,2,2,1,0,0,5
2013,Modeling dynamic spatial relations with global properties for natural language-based human-robot interaction,"Fasola J., Mataric M.J.",,Proceedings - IEEE International Workshop on Robot and Human Interactive Communication,, ,0,0,0,0,0,0,0,0,0,0,0,0,0,0,0,0,0,0,0,0,0,0,0,0,0,0,0,0,0,0,0,0,0,0,0,0,0,0,0,0,0,0,0,0,2,1,0,1,0,1,0,0,0,5
2011,Assessing the quality and quantity of social interaction in a socially assistive robot-guided therapeutic setting,"Wade E., Dye J., Mead R., Mataric M.J.",19457898,IEEE International Conference on Rehabilitation Robotics,, ,0,0,0,0,0,0,0,0,0,0,0,0,0,0,0,0,0,0,0,0,0,0,0,0,0,0,0,0,0,0,0,0,0,0,0,0,0,0,0,0,0,0,0,0,0,3,1,0,0,1,0,0,0,5
2008,Music therapist robot for individuals with cognitive,"Tapus A., Tapus C., Mataric M.",,"Proceedings of the 4th ACM/IEEE International Conference on Human-Robot Interaction, HRI'09",, ,0,0,0,0,0,0,0,0,0,0,0,0,0,0,0,0,0,0,0,0,0,0,0,0,0,0,0,0,0,0,0,0,0,0,0,0,0,0,0,0,0,0,1,0,0,0,0,2,0,2,0,0,0,5
2008,The power of suggestion: Teaching sequences through assistive robot motions,"Mead R., Mataric M.J.",,"Proceedings of the 4th ACM/IEEE International Conference on Human-Robot Interaction, HRI'09",, ,0,0,0,0,0,0,0,0,0,0,0,0,0,0,0,0,0,0,0,0,0,0,0,0,0,0,0,0,0,0,0,0,0,0,0,0,0,0,0,0,0,0,0,0,1,1,0,2,0,1,0,0,0,5
2000,Experiments in imitation using perceptuo-motor primitives,"Weber Stefan, Mataric Maja J., Jenkins Odest Chadwicke",,Proceedings of the International Conference on Autonomous Agents,, ,0,0,0,0,0,0,0,0,0,0,0,0,0,0,0,0,0,0,0,0,0,0,0,0,0,0,0,0,0,0,0,1,0,1,0,0,2,0,0,0,0,1,0,0,0,0,0,0,0,0,0,0,0,5
2013,Using spatial semantic and pragmatic fields to interpret natural language pick-and-place instructions for a mobile service robot,"Fasola J., Mataric M.J.",3029743,Lecture Notes in Computer Science (including subseries Lecture Notes in Artificial Intelligence and Lecture Notes in Bioinformatics),8239, ,0,0,0,0,0,0,0,0,0,0,0,0,0,0,0,0,0,0,0,0,0,0,0,0,0,0,0,0,0,0,0,0,0,0,0,0,0,0,0,0,0,0,0,0,0,0,0,1,1,2,0,0,0,4
2008,Human-centered socially assistive robotics for rehabilitation: Is it time for a robot coach?,Mataric M.J.,,"2008 Virtual Rehabilitation, IWVR",, ,0,0,0,0,0,0,0,0,0,0,0,0,0,0,0,0,0,0,0,0,0,0,0,0,0,0,0,0,0,0,0,0,0,0,0,0,0,0,0,0,0,0,0,0,0,3,1,0,0,0,0,0,0,4
2006,Demonstration-based behavior and task learning,"Koenig N., Mataric M.",,AAAI Spring Symposium - Technical Report,SS-06-07, ,0,0,0,0,0,0,0,0,0,0,0,0,0,0,0,0,0,0,0,0,0,0,0,0,0,0,0,0,0,0,0,0,0,0,0,0,0,0,0,2,0,0,0,0,1,0,0,0,0,1,0,0,0,4
2006,Ergodic dynamics for large-scale distributed robot systems,"Shell D.A., Mataric M.J.",3029743,Lecture Notes in Computer Science (including subseries Lecture Notes in Artificial Intelligence and Lecture Notes in Bioinformatics),4135, ,0,0,0,0,0,0,0,0,0,0,0,0,0,0,0,0,0,0,0,0,0,0,0,0,0,0,0,0,0,0,0,0,0,0,0,0,0,0,0,0,0,1,0,0,0,0,0,0,0,2,1,0,0,4
2001,Experience-based learning of task representations from human-robot interaction,"Nicolescu M.N., Mataric M.J.",,"Proceedings of IEEE International Symposium on Computational Intelligence in Robotics and Automation, CIRA",2001-, ,0,0,0,0,0,0,0,0,0,0,0,0,0,0,0,0,0,0,0,0,0,0,0,0,0,0,0,0,0,0,0,0,1,0,0,1,1,0,0,0,0,0,0,0,0,0,1,0,0,0,0,0,0,4
2000,Reward maximization in a non-stationary mobile robot environment,"Goldberg Dani, Mataric Maja J.",,Proceedings of the International Conference on Autonomous Agents,, ,0,0,0,0,0,0,0,0,0,0,0,0,0,0,0,0,0,0,0,0,0,0,0,0,0,0,0,0,0,0,0,0,0,0,0,1,0,1,0,0,0,0,0,0,1,0,0,1,0,0,0,0,0,4
2000,Ant-inspired navigation in unknown environments,"Roumeliotis Stergios I., Pirjanian Paolo, Mataric Maja J.",,Proceedings of the International Conference on Autonomous Agents,, ,0,0,0,0,0,0,0,0,0,0,0,0,0,0,0,0,0,0,0,0,0,0,0,0,0,0,0,0,0,0,0,0,0,1,0,0,1,1,0,0,0,0,1,0,0,0,0,0,0,0,0,0,0,4
2016,Exploring elicitation frequency of learning-sensitive information by a robotic tutor for interactive personalization,"Clabaugh C., Mataric M.J.",,"25th IEEE International Symposium on Robot and Human Interactive Communication, RO-MAN 2016",, ,0,0,0,0,0,0,0,0,0,0,0,0,0,0,0,0,0,0,0,0,0,0,0,0,0,0,0,0,0,0,0,0,0,0,0,0,0,0,0,0,0,0,0,0,0,0,0,0,2,0,1,0,0,3
2016,Autonomous human-robot proxemics: A robot-centered approach,"Mead R., Mataric M.J.",21672148,ACM/IEEE International Conference on Human-Robot Interaction,2016-, ,0,0,0,0,0,0,0,0,0,0,0,0,0,0,0,0,0,0,0,0,0,0,0,0,0,0,0,0,0,0,0,0,0,0,0,0,0,0,0,0,0,0,0,0,0,0,0,0,0,0,1,2,0,3
2015,Using Socially Assistive Human-Robot Interaction to Motivate Physical Exercise for Older Adults,"Fasola J., Mataric M.J.",,Household Service Robotics,, ,0,0,0,0,0,0,0,0,0,0,0,0,0,0,0,0,0,0,0,0,0,0,0,0,0,0,0,0,0,0,0,0,0,0,0,0,0,0,0,0,0,0,0,0,0,0,0,0,0,1,2,0,0,3
2013,Role-based coordinating communication for effective human-robot task collaborations,"Clair A.S., Mataric M.",,"Proceedings of the 2013 International Conference on Collaboration Technologies and Systems, CTS 2013",, ,0,0,0,0,0,0,0,0,0,0,0,0,0,0,0,0,0,0,0,0,0,0,0,0,0,0,0,0,0,0,0,0,0,0,0,0,0,0,0,0,0,0,0,0,0,1,0,0,1,1,0,0,0,3
2011,A comparison of machine learning techniques for modeling human-robot interaction with children with autism,"Short E., Feil-Seifer D., Mataric M.",,HRI 2011 - Proceedings of the 6th ACM/IEEE International Conference on Human-Robot Interaction,, ,0,0,0,0,0,0,0,0,0,0,0,0,0,0,0,0,0,0,0,0,0,0,0,0,0,0,0,0,0,0,0,0,0,0,0,0,0,0,0,0,0,0,0,0,0,0,1,0,1,0,1,0,0,3
2010,Robust representations for out-of-domain emotions using emotion profiles,"Mower E., Mataric M.J., Narayanan S.",,"2010 IEEE Workshop on Spoken Language Technology, SLT 2010 - Proceedings",, ,0,0,0,0,0,0,0,0,0,0,0,0,0,0,0,0,0,0,0,0,0,0,0,0,0,0,0,0,0,0,0,0,0,0,0,0,0,0,0,0,0,0,1,0,0,0,1,0,1,0,0,0,0,3
2008,Robot motivator: Improving user performance on a physical/mental task,"Fasola J., Mataric M.J.",,"Proceedings of the 4th ACM/IEEE International Conference on Human-Robot Interaction, HRI'09",, ,0,0,0,0,0,0,0,0,0,0,0,0,0,0,0,0,0,0,0,0,0,0,0,0,0,0,0,0,0,0,0,0,0,0,0,0,0,0,0,0,0,0,2,0,0,0,1,0,0,0,0,0,0,3
2005,Behavior-based methods for modeling and structuring control of social robots,"Shell D.A., Mataric M.J.",,Cognition and Multi-Agent Interaction: From Cognitive Modeling to Social Simulation,, ,0,0,0,0,0,0,0,0,0,0,0,0,0,0,0,0,0,0,0,0,0,0,0,0,0,0,0,0,0,0,0,0,0,0,0,0,0,0,0,0,0,1,0,1,1,0,0,0,0,0,0,0,0,3
2004,Identifying human interactions in indoor environments,"Panangadan A., Mataric M., Sukhatme G.",,"Proceedings of the Third International Joint Conference on Autonomous Agents and Multiagent Systems, AAMAS 2004",3, ,0,0,0,0,0,0,0,0,0,0,0,0,0,0,0,0,0,0,0,0,0,0,0,0,0,0,0,0,0,0,0,0,0,0,0,1,1,0,0,0,0,1,0,0,0,0,0,0,0,0,0,0,0,3
2001,Detecting regime changes with a mobile robot using multiple models,"Goldberg D., Mataric M.J.",,IEEE International Conference on Intelligent Robots and Systems,2, ,0,0,0,0,0,0,0,0,0,0,0,0,0,0,0,0,0,0,0,0,0,0,0,0,0,0,0,0,0,0,0,0,0,0,1,0,0,1,0,0,0,0,0,0,0,1,0,0,0,0,0,0,0,3
1995,Evaluation of learning performance of situated embodied agents,Mataric M.J.,3029743,Lecture Notes in Computer Science (including subseries Lecture Notes in Artificial Intelligence and Lecture Notes in Bioinformatics),929, ,0,0,0,0,0,0,0,0,0,0,0,0,0,0,0,0,0,0,0,0,0,0,0,0,0,0,0,2,0,1,0,0,0,0,0,0,0,0,0,0,0,0,0,0,0,0,0,0,0,0,0,0,0,3
1991,"Parallel, decentralized spatial mapping for robot navigation and path planning",Mataric M.J.,3029743,Lecture Notes in Computer Science (including subseries Lecture Notes in Artificial Intelligence and Lecture Notes in Bioinformatics),496, ,0,0,0,0,0,0,0,0,0,0,0,0,0,0,0,0,0,0,0,0,0,0,0,0,0,0,0,0,0,0,0,0,0,0,0,0,0,0,1,0,2,0,0,0,0,0,0,0,0,0,0,0,0,3
1990,Qualitative sonar based environment learning for mobile robots,Mataric M.J.,0277786X,Proceedings of SPIE - The International Society for Optical Engineering,1195, ,0,0,0,0,0,0,0,0,0,0,0,0,0,0,0,0,0,0,0,0,0,0,0,0,2,0,0,0,0,0,0,0,0,1,0,0,0,0,0,0,0,0,0,0,0,0,0,0,0,0,0,0,0,3
2019,Socially Assistive Infant-Robot Interaction: Using Robots to Encourage Infant Leg-Motion Training,"Fitter N.T., Funke R., Pulido J.C., Eisenman L.E., Deng W., Rosales M.R., Bradley N.S., Sargent B., Smith B.A., Mataric M.J.",10709932,IEEE Robotics and Automation Magazine,26,2,0,0,0,0,0,0,0,0,0,0,0,0,0,0,0,0,0,0,0,0,0,0,0,0,0,0,0,0,0,0,0,0,0,0,0,0,0,0,0,0,0,0,0,0,0,0,0,0,0,0,1,1,0,2
2019,Socially assistive robots for helping pediatric distress and pain,"Trost M.J., Ford A.R., Kysh L., Gold J.I., Mataric M.",7498047,Clinical Journal of Pain,35,5,0,0,0,0,0,0,0,0,0,0,0,0,0,0,0,0,0,0,0,0,0,0,0,0,0,0,0,0,0,0,0,0,0,0,0,0,0,0,0,0,0,0,0,0,0,0,0,0,0,0,0,2,0,2
2018,Comparing models for gesture recognition of children's bullying behaviors,"Tsang M., Korolik V., Scherer S., Mataric M.",,"2017 7th International Conference on Affective Computing and Intelligent Interaction, ACII 2017",2018-, ,0,0,0,0,0,0,0,0,0,0,0,0,0,0,0,0,0,0,0,0,0,0,0,0,0,0,0,0,0,0,0,0,0,0,0,0,0,0,0,0,0,0,0,0,0,0,0,0,0,0,1,1,0,2
2017,Designing telepresence robots for K-12 education,"Cha E., Chen S., Mataric M.J.",,RO-MAN 2017 - 26th IEEE International Symposium on Robot and Human Interactive Communication,2017-, ,0,0,0,0,0,0,0,0,0,0,0,0,0,0,0,0,0,0,0,0,0,0,0,0,0,0,0,0,0,0,0,0,0,0,0,0,0,0,0,0,0,0,0,0,0,0,0,0,0,2,0,0,0,2
2017,My classroom robot: Exploring telepresence for K-12 education in a virtual environment,"Cha E., Greczek J., Song A., Mataric M.J.",,RO-MAN 2017 - 26th IEEE International Symposium on Robot and Human Interactive Communication,2017-, ,0,0,0,0,0,0,0,0,0,0,0,0,0,0,0,0,0,0,0,0,0,0,0,0,0,0,0,0,0,0,0,0,0,0,0,0,0,0,0,0,0,0,0,0,0,0,0,0,0,1,1,0,0,2
2017,ModLight: Designing a modular light signaling tool for human-robot interaction,"Cha E., Trehon T., Wathieu L., Wagner C., Shukla A., Mataric M.J.",10504729,Proceedings - IEEE International Conference on Robotics and Automation,, ,0,0,0,0,0,0,0,0,0,0,0,0,0,0,0,0,0,0,0,0,0,0,0,0,0,0,0,0,0,0,0,0,0,0,0,0,0,0,0,0,0,0,0,0,0,0,0,0,0,1,1,0,0,2
2015,Toward personalized pain anxiety reduction for children,"Greczek J., Mataric M.",,AAAI Fall Symposium - Technical Report,FS-15-01, ,0,0,0,0,0,0,0,0,0,0,0,0,0,0,0,0,0,0,0,0,0,0,0,0,0,0,0,0,0,0,0,0,0,0,0,0,0,0,0,0,0,0,0,0,0,0,0,0,0,1,0,1,0,2
2011,"Speech, gesture, and space: Investigating explicit and implicit communication in multi-human multi-robot collaborations","St Clair A., Atrash A., Mead R., Mataric M.J.",,AAAI Spring Symposium - Technical Report,SS-11-07, ,0,0,0,0,0,0,0,0,0,0,0,0,0,0,0,0,0,0,0,0,0,0,0,0,0,0,0,0,0,0,0,0,0,0,0,0,0,0,0,0,0,0,0,1,0,1,0,0,0,0,0,0,0,2
2009,Performance evaluation methods for assistive robotic technology,"Tsui K.M., Feil-Seifer D.J., Mataric M.J., Yanco H.A.",,Performance Evaluation and Benchmarking of Intelligent Systems,, ,0,0,0,0,0,0,0,0,0,0,0,0,0,0,0,0,0,0,0,0,0,0,0,0,0,0,0,0,0,0,0,0,0,0,0,0,0,0,0,0,0,0,0,0,0,0,0,1,0,1,0,0,0,2
2008,Selection of emotionally salient audio-visual features for modeling human evaluations of synthetic character emotion displays,"Mower E., Mataric M.J., Narayanan S.",,"Proceedings - 10th IEEE International Symposium on Multimedia, ISM 2008",, ,0,0,0,0,0,0,0,0,0,0,0,0,0,0,0,0,0,0,0,0,0,0,0,0,0,0,0,0,0,0,0,0,0,0,0,0,0,0,0,0,1,0,0,0,0,0,1,0,0,0,0,0,0,2
2006,Principled synthesis for large-scale systems: Task sequencing,"Shell D.A., Mataric M.J.",,Distributed Autonomous Robotic Systems 7,, ,0,0,0,0,0,0,0,0,0,0,0,0,0,0,0,0,0,0,0,0,0,0,0,0,0,0,0,0,0,0,0,0,0,0,0,0,0,0,1,1,0,0,0,0,0,0,0,0,0,0,0,0,0,2
2006,The task matrix framework for platform-independent humanoid programming,"Drumwright E., Ng-Thow-Hing V., Mataric M.",,"Proceedings of the 2006 6th IEEE-RAS International Conference on Humanoid Robots, HUMANOIDS",, ,0,0,0,0,0,0,0,0,0,0,0,0,0,0,0,0,0,0,0,0,0,0,0,0,0,0,0,0,0,0,0,0,0,0,0,0,0,0,1,0,0,0,0,0,1,0,0,0,0,0,0,0,0,2
2004,A correspondence metric for imitation,"Amit R., Mataric M.",,Proceedings of the National Conference on Artificial Intelligence,, ,0,0,0,0,0,0,0,0,0,0,0,0,0,0,0,0,0,0,0,0,0,0,0,0,0,0,0,0,0,0,0,0,0,0,0,0,0,0,1,0,0,1,0,0,0,0,0,0,0,0,0,0,0,2
2004,Autonomy and supervision for robot skills and tasks learned from demonstration,"Jenkins O.C., Nicolescu M.N., Mataric M.J.",,AAAI Workshop - Technical Report,WS-04-10, ,0,0,0,0,0,0,0,0,0,0,0,0,0,0,0,0,0,0,0,0,0,0,0,0,0,0,0,0,0,0,0,0,0,0,0,0,0,0,1,0,0,0,0,0,0,1,0,0,0,0,0,0,0,2
2002,Exploiting task regularities to transform between reference frames in robot teams,"Vaughan R.T., Stoy K., Sukhatme G.S., Mataric M.J.",10504729,Proceedings-IEEE International Conference on Robotics and Automation,3, ,0,0,0,0,0,0,0,0,0,0,0,0,0,0,0,0,0,0,0,0,0,0,0,0,0,0,0,0,0,0,0,0,0,0,2,0,0,0,0,0,0,0,0,0,0,0,0,0,0,0,0,0,0,2
1998,Learning from history for adaptive mobile robot control,"Michaud Francois, Mataric Maja J.",,IEEE International Conference on Intelligent Robots and Systems,3, ,0,0,0,0,0,0,0,0,0,0,0,0,0,0,0,0,0,0,0,0,0,0,0,0,0,0,0,0,0,0,0,0,0,0,0,2,0,0,0,0,0,0,0,0,0,0,0,0,0,0,0,0,0,2
1994,Group behavior and group learning,Mataric M.J.,,"Proceedings - From Perception to Action Conference, PerAc 1994",, ,0,0,0,0,0,0,0,0,0,0,0,0,0,0,0,0,0,0,0,0,0,0,0,0,0,0,1,0,0,0,0,0,0,0,0,0,0,0,0,0,0,0,0,1,0,0,0,0,0,0,0,0,0,2
2019,"A Data Collection of Infants' Visual, Physical, and Behavioral Reactions to a Small Humanoid Robot","Funke R., Fitter N.T., De Armendi J.T., Bradley N.S., Sargent B., Mataric M.J., Smith B.A.",21627568,"Proceedings of IEEE Workshop on Advanced Robotics and its Social Impacts, ARSO",2018-, ,0,0,0,0,0,0,0,0,0,0,0,0,0,0,0,0,0,0,0,0,0,0,0,0,0,0,0,0,0,0,0,0,0,0,0,0,0,0,0,0,0,0,0,0,0,0,0,0,0,0,1,0,0,1
2018,On Relevance,Mataric M.,25739522,ACM Transactions on Human-Robot Interaction,7,1,0,0,0,0,0,0,0,0,0,0,0,0,0,0,0,0,0,0,0,0,0,0,0,0,0,0,0,0,0,0,0,0,0,0,0,0,0,0,0,0,0,0,0,0,0,0,0,0,0,0,0,1,0,1
2015,Evaluation of a spatial language interpretation framework for natural human-robot interaction with older adults,"Fasola J., Mataric M.J.",,Proceedings - IEEE International Workshop on Robot and Human Interactive Communication,2015-, ,0,0,0,0,0,0,0,0,0,0,0,0,0,0,0,0,0,0,0,0,0,0,0,0,0,0,0,0,0,0,0,0,0,0,0,0,0,0,0,0,0,0,0,0,0,0,0,0,0,1,0,0,0,1
2015,Encouraging User Autonomy through Robot-Mediated Intervention,"Greczek J., Mataric M.",21672148,ACM/IEEE International Conference on Human-Robot Interaction,02-05-, ,0,0,0,0,0,0,0,0,0,0,0,0,0,0,0,0,0,0,0,0,0,0,0,0,0,0,0,0,0,0,0,0,0,0,0,0,0,0,0,0,0,0,0,0,0,0,0,0,0,0,1,0,0,1
2015,Towards robot moderators: Understanding goal-directed multi-party interactions,"Short E., Mataric M.J.",,AAAI Fall Symposium - Technical Report,FS-15-01, ,0,0,0,0,0,0,0,0,0,0,0,0,0,0,0,0,0,0,0,0,0,0,0,0,0,0,0,0,0,0,0,0,0,0,0,0,0,0,0,0,0,0,0,0,0,0,0,1,0,0,0,0,0,1
2014,Studying verbal feedback in human collaborations to inform robot speech production,"St. Clair A., Mataric M.",,"2014 International Conference on Collaboration Technologies and Systems, CTS 2014",, ,0,0,0,0,0,0,0,0,0,0,0,0,0,0,0,0,0,0,0,0,0,0,0,0,0,0,0,0,0,0,0,0,0,0,0,0,0,0,0,0,0,0,0,0,0,0,0,1,0,0,0,0,0,1
2014,Research experiences for teachers: Linking research to teacher practice and student achievement,"Ragusa G., Mataric M.J., Huang S., Levonisova S.",,"ASEE Annual Conference and Exposition, Conference Proceedings",, ,0,0,0,0,0,0,0,0,0,0,0,0,0,0,0,0,0,0,0,0,0,0,0,0,0,0,0,0,0,0,0,0,0,0,0,0,0,0,0,0,0,0,0,0,0,0,0,1,0,0,0,0,0,1
2013,Autonomous control of human-robot spacing: A socially situated approach,"Mead R., Mataric M.J.",,SUI 2013 - Proceedings of the ACM Symposium on Spatial User Interaction,, ,0,0,0,0,0,0,0,0,0,0,0,0,0,0,0,0,0,0,0,0,0,0,0,0,0,0,0,0,0,0,0,0,0,0,0,0,0,0,0,0,0,0,0,0,0,0,1,0,0,0,0,0,0,1
2012,Training wheels for the robot: Learning from demonstration using simulation,"Koenig N., Mataric M.",,AAAI Fall Symposium - Technical Report,FS-12-07, ,0,0,0,0,0,0,0,0,0,0,0,0,0,0,0,0,0,0,0,0,0,0,0,0,0,0,0,0,0,0,0,0,0,0,0,0,0,0,0,0,0,0,0,0,0,0,0,1,0,0,0,0,0,1
2011,Recognition of physiological data for a motivational agent,"Atrash A., Mower E., Shams K., Mataric M.",,AAAI Spring Symposium - Technical Report,SS-11-04, ,0,0,0,0,0,0,0,0,0,0,0,0,0,0,0,0,0,0,0,0,0,0,0,0,0,0,0,0,0,0,0,0,0,0,0,0,0,0,0,0,0,0,0,0,0,1,0,0,0,0,0,0,0,1
2008,Editorial ISR multidisciplinary collaboration for socially assistive robotics,"Tapus A., Mataric M.J.",18612776,Intelligent Service Robotics,1,2,0,0,0,0,0,0,0,0,0,0,0,0,0,0,0,0,0,0,0,0,0,0,0,0,0,0,0,0,0,0,0,0,0,0,0,0,0,0,0,0,0,0,0,0,0,0,0,0,0,0,1,0,0,1
2008,Guest editorial: Special issue on socially assistive robotics,"Tapus A., Mataric M.J.",9295593,Autonomous Robots,24,2,0,0,0,0,0,0,0,0,0,0,0,0,0,0,0,0,0,0,0,0,0,0,0,0,0,0,0,0,0,0,0,0,0,0,0,0,0,0,0,0,0,0,0,0,1,0,0,0,0,0,0,0,0,1
2008,Using a socially assistive robot in gait recovery and training for individuals with cognitive impairments,"Tapus A., Wade E., Mataric M.",,AAAI Fall Symposium - Technical Report,FS-08-02, ,0,0,0,0,0,0,0,0,0,0,0,0,0,0,0,0,0,0,0,0,0,0,0,0,0,0,0,0,0,0,0,0,0,0,0,0,0,0,0,0,0,0,0,1,0,0,0,0,0,0,0,0,0,1
2006,Synthesis and analysis of non-reactive controllers for multi-robot sequential task domains,"Jones C., Mataric M.J.",16107438,Springer Tracts in Advanced Robotics,21, ,0,0,0,0,0,0,0,0,0,0,0,0,0,0,0,0,0,0,0,0,0,0,0,0,0,0,0,0,0,0,0,0,0,0,0,0,0,0,0,0,0,0,0,1,0,0,0,0,0,0,0,0,0,1
2006,Shaping human behavior by observing mobility gestures,"Feil-Seifer D., Mataric M.J.",,HRI 2006: Proceedings of the 2006 ACM Conference on Human-Robot Interaction,2006, ,0,0,0,0,0,0,0,0,0,0,0,0,0,0,0,0,0,0,0,0,0,0,0,0,0,0,0,0,0,0,0,0,0,0,0,0,0,0,0,1,0,0,0,0,0,0,0,0,0,0,0,0,0,1
1999,Mobile robot group coordination using a model of interaction dynamics,"Goldberg Dani, Mataric Maja J.",0277786X,Proceedings of SPIE - The International Society for Optical Engineering,3839, ,0,0,0,0,0,0,0,0,0,0,0,0,0,0,0,0,0,0,0,0,0,0,0,0,0,0,0,0,0,0,0,0,0,0,0,1,0,0,0,0,0,0,0,0,0,0,0,0,0,0,0,0,0,1
2020,Are We There Yet? Comparing Remote Learning Technologies in the University Classroom,"Fitter N.T., Raghunath N., Cha E., Sanchez C.A., Takayama L., Mataric M.J.",23773766,IEEE Robotics and Automation Letters,5,2,0,0,0,0,0,0,0,0,0,0,0,0,0,0,0,0,0,0,0,0,0,0,0,0,0,0,0,0,0,0,0,0,0,0,0,0,0,0,0,0,0,0,0,0,0,0,0,0,0,0,0,0,0,0
2020,Estimating and influencing user mental models of a robot's perceptual capabilities: Initial development and pilot study,"Rueben M., Mataric M.J., Rothberg E., Tang M.",21672148,ACM/IEEE International Conference on Human-Robot Interaction,, ,0,0,0,0,0,0,0,0,0,0,0,0,0,0,0,0,0,0,0,0,0,0,0,0,0,0,0,0,0,0,0,0,0,0,0,0,0,0,0,0,0,0,0,0,0,0,0,0,0,0,0,0,0,0
2020,Increasing telepresence robot operator awareness of speaking volume appropriateness: Initial model development,"Rueben M., Groechel T., Zhang Y., Mataric M.J., Ragusa G.",21672148,ACM/IEEE International Conference on Human-Robot Interaction,, ,0,0,0,0,0,0,0,0,0,0,0,0,0,0,0,0,0,0,0,0,0,0,0,0,0,0,0,0,0,0,0,0,0,0,0,0,0,0,0,0,0,0,0,0,0,0,0,0,0,0,0,0,0,0
2020,Closeness is key over long distances: Effects of interpersonal closeness on telepresence experience,"Fitter N.T., Rush L., Cha E., Groechel T., Mataric M.J., Takayama L.",21672148,ACM/IEEE International Conference on Human-Robot Interaction,, ,0,0,0,0,0,0,0,0,0,0,0,0,0,0,0,0,0,0,0,0,0,0,0,0,0,0,0,0,0,0,0,0,0,0,0,0,0,0,0,0,0,0,0,0,0,0,0,0,0,0,0,0,0,0
2020,"Modeling engagement in long-term, in-home socially assistive robot interventions for children with autism spectrum disorders","Jain S., Thiagarajan B., Shi Z., Clabaugh C., Mataric M.J.",24709476,Science Robotics,5,39,0,0,0,0,0,0,0,0,0,0,0,0,0,0,0,0,0,0,0,0,0,0,0,0,0,0,0,0,0,0,0,0,0,0,0,0,0,0,0,0,0,0,0,0,0,0,0,0,0,0,0,0,0,0
2019,A Probabilistic Approach to Human-Robot Communication,"Cha E., Meschke E., Fong T., Mataric M.J.",21530858,IEEE International Conference on Intelligent Robots and Systems,, ,0,0,0,0,0,0,0,0,0,0,0,0,0,0,0,0,0,0,0,0,0,0,0,0,0,0,0,0,0,0,0,0,0,0,0,0,0,0,0,0,0,0,0,0,0,0,0,0,0,0,0,0,0,0
2019,Surprise! Predicting Infant Visual Attention in a Socially Assistive Robot Contingent Learning Paradigm,"Klein L., Itti L., Smith B.A., Rosales M., Nikolaidis S., Mataric M.J.",,"2019 28th IEEE International Conference on Robot and Human Interactive Communication, RO-MAN 2019",, ,0,0,0,0,0,0,0,0,0,0,0,0,0,0,0,0,0,0,0,0,0,0,0,0,0,0,0,0,0,0,0,0,0,0,0,0,0,0,0,0,0,0,0,0,0,0,0,0,0,0,0,0,0,0
2019,User Interface Tradeoffs for Remote Deictic Gesturing,"Fitter N.T., Joung Y., Hu Z., Demeter M., Mataric M.J.",,"2019 28th IEEE International Conference on Robot and Human Interactive Communication, RO-MAN 2019",, ,0,0,0,0,0,0,0,0,0,0,0,0,0,0,0,0,0,0,0,0,0,0,0,0,0,0,0,0,0,0,0,0,0,0,0,0,0,0,0,0,0,0,0,0,0,0,0,0,0,0,0,0,0,0
2019,Improving Robot Tutoring Interactions Through Help-Seeking Behaviors,"Jordan K.S., Pakkar R., Mataric M.J.",,"2019 28th IEEE International Conference on Robot and Human Interactive Communication, RO-MAN 2019",, ,0,0,0,0,0,0,0,0,0,0,0,0,0,0,0,0,0,0,0,0,0,0,0,0,0,0,0,0,0,0,0,0,0,0,0,0,0,0,0,0,0,0,0,0,0,0,0,0,0,0,0,0,0,0
2019,Using Socially Expressive Mixed Reality Arms for Enhancing Low-Expressivity Robots,"Groechel T., Shi Z., Pakkar R., Mataric M.J.",,"2019 28th IEEE International Conference on Robot and Human Interactive Communication, RO-MAN 2019",, ,0,0,0,0,0,0,0,0,0,0,0,0,0,0,0,0,0,0,0,0,0,0,0,0,0,0,0,0,0,0,0,0,0,0,0,0,0,0,0,0,0,0,0,0,0,0,0,0,0,0,0,0,0,0
2019,Design and Evaluation of Expressive Turn-Taking Hardware for a Telepresence Robot,"Fitter N.T., Joung Y., Demeter M., Hu Z., Mataric M.J.",,"2019 28th IEEE International Conference on Robot and Human Interactive Communication, RO-MAN 2019",, ,0,0,0,0,0,0,0,0,0,0,0,0,0,0,0,0,0,0,0,0,0,0,0,0,0,0,0,0,0,0,0,0,0,0,0,0,0,0,0,0,0,0,0,0,0,0,0,0,0,0,0,0,0,0
2019,Adaptation of the Difficulty Level in an Infant-Robot Movement Contingency Study,"Pulido J.C., Funke R., Garcia J., Smith B.A., Mataric M.",21945357,Advances in Intelligent Systems and Computing,855, ,0,0,0,0,0,0,0,0,0,0,0,0,0,0,0,0,0,0,0,0,0,0,0,0,0,0,0,0,0,0,0,0,0,0,0,0,0,0,0,0,0,0,0,0,0,0,0,0,0,0,0,0,0,0
2015,Robots have needs too: People adapt their proxemic preferences to improve autonomous robot recognition of human social signals,"Mead R., Mataric M.J.",,AISB Convention 2015,, ,0,0,0,0,0,0,0,0,0,0,0,0,0,0,0,0,0,0,0,0,0,0,0,0,0,0,0,0,0,0,0,0,0,0,0,0,0,0,0,0,0,0,0,0,0,0,0,0,0,0,0,0,0,0
2014,Preface,"Thomaz A.L., Jenkins C., Chernova S., Hauser K., Mataric M.J., Veloso M.",,AAAI Fall Symposium - Technical Report,FS-14-01, ,0,0,0,0,0,0,0,0,0,0,0,0,0,0,0,0,0,0,0,0,0,0,0,0,0,0,0,0,0,0,0,0,0,0,0,0,0,0,0,0,0,0,0,0,0,0,0,0,0,0,0,0,0,0
2014,Culture-aware robotics (CARs),"Rehm M., Mataric M.J., Nomura T., Mutlu B.",21672148,ACM/IEEE International Conference on Human-Robot Interaction,, ,0,0,0,0,0,0,0,0,0,0,0,0,0,0,0,0,0,0,0,0,0,0,0,0,0,0,0,0,0,0,0,0,0,0,0,0,0,0,0,0,0,0,0,0,0,0,0,0,0,0,0,0,0,0
2012,Using spatial language to guide and instruct robots in household environments,"Fasola J., Mataric M.J.",,AAAI Fall Symposium - Technical Report,FS-12-07, ,0,0,0,0,0,0,0,0,0,0,0,0,0,0,0,0,0,0,0,0,0,0,0,0,0,0,0,0,0,0,0,0,0,0,0,0,0,0,0,0,0,0,0,0,0,0,0,0,0,0,0,0,0,0
2012,Editorial,"Ge S.S., Mataric M.J.",18754791,International Journal of Social Robotics,4,1,0,0,0,0,0,0,0,0,0,0,0,0,0,0,0,0,0,0,0,0,0,0,0,0,0,0,0,0,0,0,0,0,0,0,0,0,0,0,0,0,0,0,0,0,0,0,0,0,0,0,0,0,0,0
2011,Task coordination and assistive opportunity detection via social interaction in collaborative human-robot tasks,"St. Clair A., Mataric M.J.",,"Proceedings of the 2011 International Conference on Collaboration Technologies and Systems, CTS 2011",, ,0,0,0,0,0,0,0,0,0,0,0,0,0,0,0,0,0,0,0,0,0,0,0,0,0,0,0,0,0,0,0,0,0,0,0,0,0,0,0,0,0,0,0,0,0,0,0,0,0,0,0,0,0,0
2011,Editorial,"Ge S.S., Mataric M.J., Braunl T.",18754791,International Journal of Social Robotics,3,3,0,0,0,0,0,0,0,0,0,0,0,0,0,0,0,0,0,0,0,0,0,0,0,0,0,0,0,0,0,0,0,0,0,0,0,0,0,0,0,0,0,0,0,0,0,0,0,0,0,0,0,0,0,0
2011,Editorial,"Ge S.S., Mataric M.J.",18754791,International Journal of Social Robotics,3,1,0,0,0,0,0,0,0,0,0,0,0,0,0,0,0,0,0,0,0,0,0,0,0,0,0,0,0,0,0,0,0,0,0,0,0,0,0,0,0,0,0,0,0,0,0,0,0,0,0,0,0,0,0,0
2010,Foreword,Mataric M.J.,,"Design and Use of Assistive Technology: Social, Technical, Ethical, and Economic Challenges",, ,0,0,0,0,0,0,0,0,0,0,0,0,0,0,0,0,0,0,0,0,0,0,0,0,0,0,0,0,0,0,0,0,0,0,0,0,0,0,0,0,0,0,0,0,0,0,0,0,0,0,0,0,0,0
2009,High-fidelity radio communications modeling for multi-robot simulation,"Shell D.A., Mataric M.J.",,"2009 IEEE/RSJ International Conference on Intelligent Robots and Systems, IROS 2009",, ,0,0,0,0,0,0,0,0,0,0,0,0,0,0,0,0,0,0,0,0,0,0,0,0,0,0,0,0,0,0,0,0,0,0,0,0,0,0,0,0,0,0,0,0,0,0,0,0,0,0,0,0,0,0
2008,Proceedings - IEEE International Conference on Robotics and Automation 2008: Foreword,"Mataric M.J., Schenker P., Schaal S., Sukhatme G.S.",10504729,Proceedings - IEEE International Conference on Robotics and Automation,, ,0,0,0,0,0,0,0,0,0,0,0,0,0,0,0,0,0,0,0,0,0,0,0,0,0,0,0,0,0,0,0,0,0,0,0,0,0,0,0,0,0,0,0,0,0,0,0,0,0,0,0,0,0,0
2004,Utilizing internal state in multi-robot coordination tasks,"Jones C., Mataric M.J.",,Proceedings of the National Conference on Artificial Intelligence,, ,0,0,0,0,0,0,0,0,0,0,0,0,0,0,0,0,0,0,0,0,0,0,0,0,0,0,0,0,0,0,0,0,0,0,0,0,0,0,0,0,0,0,0,0,0,0,0,0,0,0,0,0,0,0
2004,Action-embedded human-robot interaction for hands-off assistive domains,Mataric M.J.,,AAAI Workshop - Technical Report,WS-04-10, ,0,0,0,0,0,0,0,0,0,0,0,0,0,0,0,0,0,0,0,0,0,0,0,0,0,0,0,0,0,0,0,0,0,0,0,0,0,0,0,0,0,0,0,0,0,0,0,0,0,0,0,0,0,0
2004,Towards single-arm reaching for humanoids in dynamic environments,"Drumwright E., Kallmann M., Mataric M.",,2004 4th IEEE-RAS International Conference on Humanoid Robots,2, ,0,0,0,0,0,0,0,0,0,0,0,0,0,0,0,0,0,0,0,0,0,0,0,0,0,0,0,0,0,0,0,0,0,0,0,0,0,0,0,0,0,0,0,0,0,0,0,0,0,0,0,0,0,0
1998,Machine Learning: Foreword,"Hexmoor H., Mataric M.",8856125,Machine Learning,31, 1-3,0,0,0,0,0,0,0,0,0,0,0,0,0,0,0,0,0,0,0,0,0,0,0,0,0,0,0,0,0,0,0,0,0,0,0,0,0,0,0,0,0,0,0,0,0,0,0,0,0,0,0,0,0,0
1998,Multi-agent-based schedule calculator (MASC) system,"Sankaranarayanan Aruna, Mataric Maja",,Proceedings of the International Conference on Autonomous Agents,, ,0,0,0,0,0,0,0,0,0,0,0,0,0,0,0,0,0,0,0,0,0,0,0,0,0,0,0,0,0,0,0,0,0,0,0,0,0,0,0,0,0,0,0,0,0,0,0,0,0,0,0,0,0,0
1998,History-based approach for adaptive robot behavior in dynamic environments,"Michaud Francois, Mataric Maja J.",,Proceedings of the International Conference on Autonomous Agents,, ,0,0,0,0,0,0,0,0,0,0,0,0,0,0,0,0,0,0,0,0,0,0,0,0,0,0,0,0,0,0,0,0,0,0,0,0,0,0,0,0,0,0,0,0,0,0,0,0,0,0,0,0,0,0
1997,Introduction,Mataric M.,10597123,Adaptive Behavior,5, 3-4,0,0,0,0,0,0,0,0,0,0,0,0,0,0,0,0,0,0,0,0,0,0,0,0,0,0,0,0,0,0,0,0,0,0,0,0,0,0,0,0,0,0,0,0,0,0,0,0,0,0,0,0,0,0
