," 作者:Ng, Andrew Y.",,,,,,,,,,,,,,,,,,,,,,,,,,,,,,,,,,,,,,,,,,,,,,,,,,,,,,,,,,,
,,,,,,,,,,,,,,,,,,,,,,,,,,,,,,,,,,,,,,,,,,,,,,,,,,,,,,,,,,,,
,h-index = 83 (在纳入 h-Index 的 193 文献中，有 83 篇已被至少引用 83 次。),,,,,,,,,,,,,,,,,,,,,,,,,,,,,,,,,,,,,,,,,,,,,,,,,,,,,,,,,,,
,,,,,,,,,,,,,,,,,,,,,,,,,,,,,,,,,,,,,,,,,,,,,,,,,,,,,,,,,,,,
,,,,,,,,,,,,,,,,,,,,,,,,,,,,,,,,,,,,,,,,,,,,,,,,,,,,,,,,,,,,
,,,,,,,<1970,1970,1971,1972,1973,1974,1975,1976,1977,1978,1979,1980,1981,1982,1983,1984,1985,1986,1987,1988,1989,1990,1991,1992,1993,1994,1995,1996,1997,1998,1999,2000,2001,2002,2003,2004,2005,2006,2007,2008,2009,2010,2011,2012,2013,2014,2015,2016,2017,2018,2019,2020,>2020,总计
出版年份,文献标题,作者,ISSN,期刊标题,卷,期,0,0,0,0,0,0,0,0,0,0,0,0,0,0,0,1,0,0,0,0,0,0,0,0,0,0,0,1,3,1,9,9,11,29,84,166,305,411,608,807,1367,1871,2301,2934,3842,4668,5776,6797,6936,7755,8293,2307,0,57292
2003,Latent Dirichlet allocation,"Blei D.M., Ng A.Y., Jordan M.I.",15324435,Journal of Machine Learning Research,3, 4-5,0,0,0,0,0,0,0,0,0,0,0,0,0,0,0,1,0,0,0,0,0,0,0,0,0,0,0,0,0,0,0,0,0,0,5,22,60,88,129,199,417,597,807,1077,1335,1521,1700,2134,2062,2217,2391,686,0,17448
2002,On spectral clustering: Analysis and an algorithm,"Ng A.Y., Jordan M.I., Weiss Y.",10495258,Advances in Neural Information Processing Systems,, ,0,0,0,0,0,0,0,0,0,0,0,0,0,0,0,0,0,0,0,0,0,0,0,0,0,0,0,0,0,0,0,0,0,3,19,40,54,75,84,93,129,140,141,136,178,175,260,314,263,279,345,96,0,2824
2013,Recursive deep models for semantic compositionality over a sentiment treebank,"Socher R., Perelygin A., Wu J.Y., Chuang J., Manning C.D., Ng A.Y., Potts C.",,"EMNLP 2013 - 2013 Conference on Empirical Methods in Natural Language Processing, Proceedings of the Conference",, ,0,0,0,0,0,0,0,0,0,0,0,0,0,0,0,0,0,0,0,0,0,0,0,0,0,0,0,0,0,0,0,0,0,0,0,0,0,0,0,0,0,0,0,0,2,89,209,295,365,398,431,137,0,1926
2007,Efficient sparse coding algorithms,"Lee H., Battle A., Raina R., Ng A.Y.",10495258,Advances in Neural Information Processing Systems,, ,0,0,0,0,0,0,0,0,0,0,0,0,0,0,0,0,0,0,0,0,0,0,0,0,0,0,0,0,0,0,0,0,0,0,0,0,1,0,2,3,26,50,83,146,205,234,254,247,198,178,121,34,0,1782
2009,Convolutional deep belief networks for scalable unsupervised learning of hierarchical representations,"Lee H., Grosse R., Ranganath R., Ng A.Y.",,"Proceedings of the 26th International Conference On Machine Learning, ICML 2009",, ,0,0,0,0,0,0,0,0,0,0,0,0,0,0,0,0,0,0,0,0,0,0,0,0,0,0,0,0,0,0,0,0,0,0,0,0,0,0,0,0,9,34,54,54,93,124,170,216,184,222,170,61,0,1391
2012,Large scale distributed deep networks,"Dean J., Corrado G.S., Monga R., Chen K., Devin M., Le Q.V., Mao M.Z., Ranzato M.A., Senior A., Tucker P., Yang K., Ng A.Y.",10495258,Advances in Neural Information Processing Systems,2, ,0,0,0,0,0,0,0,0,0,0,0,0,0,0,0,0,0,0,0,0,0,0,0,0,0,0,0,0,0,0,0,0,0,0,0,0,0,0,0,0,0,0,0,0,38,67,111,158,228,264,333,66,0,1265
2011,Multimodal deep learning,"Ngiam J., Khosla A., Kim M., Nam J., Lee H., Ng A.Y.",,"Proceedings of the 28th International Conference on Machine Learning, ICML 2011",, ,0,0,0,0,0,0,0,0,0,0,0,0,0,0,0,0,0,0,0,0,0,0,0,0,0,0,0,0,0,0,0,0,0,0,0,0,0,0,0,0,0,0,1,11,31,58,108,162,218,269,323,83,0,1264
2008,Cheap and fast - But is it good? Evaluating non-expert annotations for natural language tasks,"Snow R., O'Connor B., Jurafsky D., Ng A.Y.",,"EMNLP 2008 - 2008 Conference on Empirical Methods in Natural Language Processing, Proceedings of the Conference: A Meeting of SIGDAT, a Special Interest Group of the ACL",, ,0,0,0,0,0,0,0,0,0,0,0,0,0,0,0,0,0,0,0,0,0,0,0,0,0,0,0,0,0,0,0,0,0,0,0,0,0,0,0,1,26,82,89,107,121,119,109,121,100,108,88,29,0,1100
2003,"Distance metric learning, with application to clustering with side-information","Xing E.P., Ng A.Y., Jordan M.I., Russell S.",10495258,Advances in Neural Information Processing Systems,, ,0,0,0,0,0,0,0,0,0,0,0,0,0,0,0,0,0,0,0,0,0,0,0,0,0,0,0,0,0,0,0,0,0,0,3,18,32,32,46,68,76,83,77,93,73,69,48,52,71,93,96,26,0,1056
2011,Learning word vectors for sentiment analysis,"Maas A.L., Daly R.E., Pham P.T., Huang D., Ng A.Y., Potts C.",,ACL-HLT 2011 - Proceedings of the 49th Annual Meeting of the Association for Computational Linguistics: Human Language Technologies,1, ,0,0,0,0,0,0,0,0,0,0,0,0,0,0,0,0,0,0,0,0,0,0,0,0,0,0,0,0,0,0,0,0,0,0,0,0,0,0,0,0,0,0,0,9,40,37,77,103,161,215,245,72,0,959
2004,Apprenticeship learning via inverse reinforcement learning,"Abbeel P., Ng A.Y.",,"Proceedings, Twenty-First International Conference on Machine Learning, ICML 2004",, ,0,0,0,0,0,0,0,0,0,0,0,0,0,0,0,0,0,0,0,0,0,0,0,0,0,0,0,0,0,0,0,0,0,0,0,0,4,7,13,13,21,40,46,57,58,68,68,84,75,138,168,35,0,895
2002,On discriminative vs. Generative classifiers: A comparison of logistic regression and naive bayes,"Ng A.Y., Jordan M.I.",10495258,Advances in Neural Information Processing Systems,, ,0,0,0,0,0,0,0,0,0,0,0,0,0,0,0,0,0,0,0,0,0,0,0,0,0,0,0,0,0,0,0,0,0,1,4,11,25,25,26,30,42,37,48,41,46,54,70,70,92,86,99,30,0,837
2009,Make3D: Learning 3D scene structure from a single still image,"Saxena A., Sun M., Ng A.Y.",1628828,IEEE Transactions on Pattern Analysis and Machine Intelligence,31,5,0,0,0,0,0,0,0,0,0,0,0,0,0,0,0,0,0,0,0,0,0,0,0,0,0,0,0,0,0,0,0,0,0,0,0,0,0,0,0,0,8,27,40,67,58,52,73,75,72,113,159,29,0,773
2007,Map-reduce for machine learning on multicore,"Chu C.-T., Kim S.K., Lin Y.-A., Yu Y.Y., Bradski G., Ng A.Y., Olukotun K.",10495258,Advances in Neural Information Processing Systems,, ,0,0,0,0,0,0,0,0,0,0,0,0,0,0,0,0,0,0,0,0,0,0,0,0,0,0,0,0,0,0,0,0,0,0,0,0,0,0,2,12,46,50,75,65,91,87,77,66,68,62,57,13,0,771
2011,An analysis of single-layer networks in unsupervised feature learning,"Coates A., Lee H., Ng A.Y.",15324435,Journal of Machine Learning Research,15, ,0,0,0,0,0,0,0,0,0,0,0,0,0,0,0,0,0,0,0,0,0,0,0,0,0,0,0,0,0,0,0,0,0,0,0,0,0,0,0,0,0,0,2,7,16,61,102,128,115,137,154,39,0,761
2007,Self-taught learning: Transfer learning from unlabeled data,"Raina R., Battle A., Lee H., Packer B., Ng A.Y.",,ACM International Conference Proceeding Series,227, ,0,0,0,0,0,0,0,0,0,0,0,0,0,0,0,0,0,0,0,0,0,0,0,0,0,0,0,0,0,0,0,0,0,0,0,0,0,0,2,14,45,36,51,53,73,60,74,69,87,78,82,15,0,739
2011,Semi-supervised recursive autoencoders for predicting sentiment distributions,"Socher R., Pennington J., Huang E.H., Ng A.Y., Manning C.D.",,"EMNLP 2011 - Conference on Empirical Methods in Natural Language Processing, Proceedings of the Conference",, ,0,0,0,0,0,0,0,0,0,0,0,0,0,0,0,0,0,0,0,0,0,0,0,0,0,0,0,0,0,0,0,0,0,0,0,0,0,0,0,0,0,0,1,13,32,65,102,112,118,134,109,30,0,716
2011,Learning hierarchical invariant spatio-temporal features for action recognition with independent subspace analysis,"Le Q.V., Zou W.Y., Yeung S.Y., Ng A.Y.",10636919,Proceedings of the IEEE Computer Society Conference on Computer Vision and Pattern Recognition,, ,0,0,0,0,0,0,0,0,0,0,0,0,0,0,0,0,0,0,0,0,0,0,0,0,0,0,0,0,0,0,0,0,0,0,0,0,0,0,0,0,0,0,5,47,93,88,119,98,98,83,59,12,0,702
2013,Reasoning with neural tensor networks for knowledge base completion,"Socher R., Chen D., Manning C.D., Ng A.Y.",10495258,Advances in Neural Information Processing Systems,, ,0,0,0,0,0,0,0,0,0,0,0,0,0,0,0,0,0,0,0,0,0,0,0,0,0,0,0,0,0,0,0,0,0,0,0,0,0,0,0,0,0,0,0,0,1,22,61,104,130,148,154,50,0,670
2011,Parsing natural scenes and natural language with recursive neural networks,"Socher R., Lin C.C.-Y., Ng A.Y., Manning C.D.",,"Proceedings of the 28th International Conference on Machine Learning, ICML 2011",, ,0,0,0,0,0,0,0,0,0,0,0,0,0,0,0,0,0,0,0,0,0,0,0,0,0,0,0,0,0,0,0,0,0,0,0,0,0,0,0,0,0,0,3,16,27,53,113,96,96,123,106,34,0,667
2012,Semantic compositionality through recursive matrix-vector spaces,"Socher R., Huval B., Manning C.D., Ng A.Y.",,"EMNLP-CoNLL 2012 - 2012 Joint Conference on Empirical Methods in Natural Language Processing and Computational Natural Language Learning, Proceedings of the Conference",, ,0,0,0,0,0,0,0,0,0,0,0,0,0,0,0,0,0,0,0,0,0,0,0,0,0,0,0,0,0,0,0,0,0,0,0,0,0,0,0,0,0,0,0,1,40,63,90,113,107,119,109,22,0,664
2012,Improving word representations via global context and multipleword prototypes,"Huang E.H., Socher R., Manning C.D., Ng A.Y.",,"50th Annual Meeting of the Association for Computational Linguistics, ACL 2012 - Proceedings of the Conference",1, ,0,0,0,0,0,0,0,0,0,0,0,0,0,0,0,0,0,0,0,0,0,0,0,0,0,0,0,0,0,0,0,0,0,0,0,0,0,0,0,0,0,0,0,2,23,59,107,131,102,91,91,23,0,629
2009,Unsupervised feature learning for audio classification using convolutional deep belief networks,"Lee H., Yan L., Pham P., Ng A.Y.",,Advances in Neural Information Processing Systems 22 - Proceedings of the 2009 Conference,, ,0,0,0,0,0,0,0,0,0,0,0,0,0,0,0,0,0,0,0,0,0,0,0,0,0,0,0,0,0,0,0,0,0,0,0,0,0,0,0,0,0,7,18,22,25,58,54,90,90,108,96,29,0,597
2004,"Feature selection, L<inf>1</inf> vs. L<inf>2</inf> regularization, and rotational invariance",Ng A.Y.,,"Proceedings, Twenty-First International Conference on Machine Learning, ICML 2004",, ,0,0,0,0,0,0,0,0,0,0,0,0,0,0,0,0,0,0,0,0,0,0,0,0,0,0,0,0,0,0,0,0,0,0,0,1,5,10,14,9,21,23,23,22,37,37,33,45,63,98,120,30,0,591
2008,Robotic grasping of novel objects using vision,"Saxena A., Driemeyer J., Ng A.Y.",2783649,International Journal of Robotics Research,27,2,0,0,0,0,0,0,0,0,0,0,0,0,0,0,0,0,0,0,0,0,0,0,0,0,0,0,0,0,0,0,0,0,0,0,0,0,0,0,0,8,19,51,40,37,31,40,47,46,39,61,65,18,0,502
2012,End-to-end text recognition with convolutional neural networks,"Wang T., Wu D.J., Coates A., Ng A.Y.",10514651,Proceedings - International Conference on Pattern Recognition,, ,0,0,0,0,0,0,0,0,0,0,0,0,0,0,0,0,0,0,0,0,0,0,0,0,0,0,0,0,0,0,0,0,0,0,0,0,0,0,0,0,0,0,0,0,10,32,43,67,96,93,116,34,0,491
2011,Dynamic pooling and unfolding recursive autoencoders for paraphrase detection,"Socher R., Huang E.H., Pennington J., Ng A.Y., Manning C.D.",,"Advances in Neural Information Processing Systems 24: 25th Annual Conference on Neural Information Processing Systems 2011, NIPS 2011",, ,0,0,0,0,0,0,0,0,0,0,0,0,0,0,0,0,0,0,0,0,0,0,0,0,0,0,0,0,0,0,0,0,0,0,0,0,0,0,0,0,0,0,0,13,34,45,68,102,70,79,64,13,0,488
2011,On optimization methods for deep learning,"Le Q.V., Ngiam J., Coates A., Lahiri A., Prochnow B., Ng A.Y.",,"Proceedings of the 28th International Conference on Machine Learning, ICML 2011",, ,0,0,0,0,0,0,0,0,0,0,0,0,0,0,0,0,0,0,0,0,0,0,0,0,0,0,0,0,0,0,0,0,0,0,0,0,0,0,0,0,0,0,2,12,20,29,49,73,83,80,92,28,0,468
2012,Building high-level features using large scale unsupervised learning,"Le Q.V., Ranzato M., Monga R., Devin M., Chen K., Corrado G.S., Dean J., Ng A.Y.",,"Proceedings of the 29th International Conference on Machine Learning, ICML 2012",1, ,0,0,0,0,0,0,0,0,0,0,0,0,0,0,0,0,0,0,0,0,0,0,0,0,0,0,0,0,0,0,0,0,0,0,0,0,0,0,0,0,0,0,0,7,74,91,97,73,52,40,25,7,0,466
2005,Learning depth from single monocular images,"Saxena A., Chung S.H., Ng A.Y.",10495258,Advances in Neural Information Processing Systems,, ,0,0,0,0,0,0,0,0,0,0,0,0,0,0,0,0,0,0,0,0,0,0,0,0,0,0,0,0,0,0,0,0,0,0,0,0,0,2,11,11,17,14,20,22,24,24,31,43,42,84,90,21,0,456
2004,Simultaneous localization and mapping with sparse extended information filters,"Thrun S., Liu Y., Koller D., Ng A.Y., Ghahramani Z., Durrant-Whyte H.",2783649,International Journal of Robotics Research,23, 7-8,0,0,0,0,0,0,0,0,0,0,0,0,0,0,0,0,0,0,0,0,0,0,0,0,0,0,0,0,0,0,0,0,0,0,0,0,17,43,47,41,28,35,37,29,28,33,29,23,22,22,14,7,0,455
2013,Zero-shot learning through cross-modal transfer,"Socher R., Ganjoo M., Manning C.D., Ng A.Y.",10495258,Advances in Neural Information Processing Systems,, ,0,0,0,0,0,0,0,0,0,0,0,0,0,0,0,0,0,0,0,0,0,0,0,0,0,0,0,0,0,0,0,0,0,0,0,0,0,0,0,0,0,0,0,0,1,14,32,58,74,109,127,32,0,447
2013,Parsing with compositional vector grammars,"Socher R., Bauer J., Manning C.D., Ng A.Y.",,"ACL 2013 - 51st Annual Meeting of the Association for Computational Linguistics, Proceedings of the Conference",1, ,0,0,0,0,0,0,0,0,0,0,0,0,0,0,0,0,0,0,0,0,0,0,0,0,0,0,0,0,0,0,0,0,0,0,0,0,0,0,0,0,0,0,0,0,6,65,97,85,72,57,50,13,0,445
2009,Sparse deep belief net model for visual area V2,"Lee H., Ekanadham C., Ng A.Y.",,Advances in Neural Information Processing Systems 20 - Proceedings of the 2007 Conference,, ,0,0,0,0,0,0,0,0,0,0,0,0,0,0,0,0,0,0,0,0,0,0,0,0,0,0,0,0,0,0,0,0,0,0,0,0,0,0,0,1,10,11,31,21,50,52,60,77,68,5,0,0,0,386
2008,3-D depth reconstruction from a single still image,"Saxena A., Chung S.H., Ng A.Y.",9205691,International Journal of Computer Vision,76,1,0,0,0,0,0,0,0,0,0,0,0,0,0,0,0,0,0,0,0,0,0,0,0,0,0,0,0,0,0,0,0,0,0,0,0,0,0,0,0,4,18,23,30,32,36,24,33,37,32,55,31,8,0,363
2012,Convolutional-recursive deep learning for 3D object classification,"Socher R., Huval B., Bhat B., Manning C.D., Ng A.Y.",10495258,Advances in Neural Information Processing Systems,1, ,0,0,0,0,0,0,0,0,0,0,0,0,0,0,0,0,0,0,0,0,0,0,0,0,0,0,0,0,0,0,0,0,0,0,0,0,0,0,0,0,0,0,0,0,9,11,45,56,69,74,84,14,0,362
2011,The importance of encoding versus training with sparse coding and vector quantization,"Coates A., Ng A.Y.",,"Proceedings of the 28th International Conference on Machine Learning, ICML 2011",, ,0,0,0,0,0,0,0,0,0,0,0,0,0,0,0,0,0,0,0,0,0,0,0,0,0,0,0,0,0,0,0,0,0,0,0,0,0,0,0,0,0,0,6,38,42,68,55,47,35,33,29,8,0,361
2007,An application of reinforcement learning to aerobatic helicopter flight,"Abbeel P., Coates A., Quigley M., Ng A.Y.",10495258,Advances in Neural Information Processing Systems,, ,0,0,0,0,0,0,0,0,0,0,0,0,0,0,0,0,0,0,0,0,0,0,0,0,0,0,0,0,0,0,0,0,0,0,0,0,0,0,3,9,20,18,26,21,17,19,21,20,30,36,40,6,0,286
2006,Semantic taxonomy induction from heterogenous evidence,"Snow R., Jurafsky D., Ng A.Y.",,"COLING/ACL 2006 - 21st International Conference on Computational Linguistics and 44th Annual Meeting of the Association for Computational Linguistics, Proceedings of the Conference",1, ,0,0,0,0,0,0,0,0,0,0,0,0,0,0,0,0,0,0,0,0,0,0,0,0,0,0,0,0,0,0,0,0,0,0,0,0,0,1,13,26,27,34,28,30,18,24,24,30,12,9,8,2,0,286
2005,Discriminative learning of Markov random fields for segmentation of 3D scan data,"Anguelov D., Taskar B., Chatalbashev V., Koller D., Gupta D., Heitz G., Ng A.",,"Proceedings - 2005 IEEE Computer Society Conference on Computer Vision and Pattern Recognition, CVPR 2005",II, ,0,0,0,0,0,0,0,0,0,0,0,0,0,0,0,0,0,0,0,0,0,0,0,0,0,0,0,0,0,0,0,0,0,0,0,0,2,5,11,10,26,21,32,29,29,21,23,23,21,8,11,4,0,276
2010,Autonomous helicopter aerobatics through apprenticeship learning,"Abbeel P., Coates A., Ng A.Y.",2783649,International Journal of Robotics Research,29,13,0,0,0,0,0,0,0,0,0,0,0,0,0,0,0,0,0,0,0,0,0,0,0,0,0,0,0,0,0,0,0,0,0,0,0,0,0,0,0,0,0,2,10,25,23,26,35,27,25,45,38,6,0,262
2011,Text detection and character recognition in scene images with unsupervised feature learning,"Coates A., Carpenter B., Case C., Satheesh S., Suresh B., Wang T., Wu D.J., Ng A.Y.",15205363,"Proceedings of the International Conference on Document Analysis and Recognition, ICDAR",, ,0,0,0,0,0,0,0,0,0,0,0,0,0,0,0,0,0,0,0,0,0,0,0,0,0,0,0,0,0,0,0,0,0,0,0,0,0,0,0,0,0,0,0,10,26,43,30,39,19,29,40,5,0,241
2012,Learning feature representations with K-means,"Coates A., Ng A.Y.",3029743,Lecture Notes in Computer Science (including subseries Lecture Notes in Artificial Intelligence and Lecture Notes in Bioinformatics),7700, ,0,0,0,0,0,0,0,0,0,0,0,0,0,0,0,0,0,0,0,0,0,0,0,0,0,0,0,0,0,0,0,0,0,0,0,0,0,0,0,0,0,0,0,2,4,19,23,33,43,55,40,17,0,236
2011,Unsupervised learning of hierarchical representations with convolutional deep belief networks,"Lee H., Grosse R., Ranganath R., Ng A.Y.",10782,Communications of the ACM,54,10,0,0,0,0,0,0,0,0,0,0,0,0,0,0,0,0,0,0,0,0,0,0,0,0,0,0,0,0,0,0,0,0,0,0,0,0,0,0,0,0,0,0,0,6,19,20,27,46,24,40,35,8,0,225
2009,Large-scale deep unsupervised learning using graphics processors,"Raina R., Madhavan A., Ng A.Y.",,"Proceedings of the 26th International Conference On Machine Learning, ICML 2009",, ,0,0,0,0,0,0,0,0,0,0,0,0,0,0,0,0,0,0,0,0,0,0,0,0,0,0,0,0,0,0,0,0,0,0,0,0,0,0,0,0,2,7,16,9,19,23,25,28,25,36,24,8,0,222
2005,Learning syntactic patterns for automatic hypernym discovery,"Snow R., Jurafsky D., Ng A.Y.",10495258,Advances in Neural Information Processing Systems,, ,0,0,0,0,0,0,0,0,0,0,0,0,0,0,0,0,0,0,0,0,0,0,0,0,0,0,0,0,0,0,0,0,0,0,0,0,1,3,8,17,17,18,14,28,20,13,15,12,11,16,13,7,0,213
2005,High speed obstacle avoidance using monocular vision and reinforcement learning,"Michels J., Saxena A., Ng A.Y.",,ICML 2005 - Proceedings of the 22nd International Conference on Machine Learning,, ,0,0,0,0,0,0,0,0,0,0,0,0,0,0,0,0,0,0,0,0,0,0,0,0,0,0,0,0,0,0,0,0,0,0,0,0,1,7,12,12,20,13,9,13,16,10,15,9,16,28,22,8,0,211
2013,Deep learning with COTS HPC systems,"Coates A., Huval B., Wang T., Wu D.J., Ng A.Y., Catanzaro B.",,"30th International Conference on Machine Learning, ICML 2013",,3,0,0,0,0,0,0,0,0,0,0,0,0,0,0,0,0,0,0,0,0,0,0,0,0,0,0,0,0,0,0,0,0,0,0,0,0,0,0,0,0,0,0,0,0,2,22,28,33,50,31,33,8,0,207
2009,Measuring invariances in deep networks,"Goodfellow I.J., Le Q.V., Saxe A.M., Lee H., Ng A.Y.",,Advances in Neural Information Processing Systems 22 - Proceedings of the 2009 Conference,, ,0,0,0,0,0,0,0,0,0,0,0,0,0,0,0,0,0,0,0,0,0,0,0,0,0,0,0,0,0,0,0,0,0,0,0,0,0,0,0,0,0,8,11,10,17,15,24,31,16,32,22,8,0,194
2010,Energy disaggregation via discriminative sparse coding,"Kolter J.Z., Batra S., Ng A.Y.",,"Advances in Neural Information Processing Systems 23: 24th Annual Conference on Neural Information Processing Systems 2010, NIPS 2010",, ,0,0,0,0,0,0,0,0,0,0,0,0,0,0,0,0,0,0,0,0,0,0,0,0,0,0,0,0,0,0,0,0,0,0,0,0,0,0,0,0,0,0,0,9,17,18,17,32,22,41,33,4,0,193
2012,Recurrent neural networks for noise reduction in robust ASR,"Maas A.L., Le Q.V., O'Neil T.M., Vinyals O., Nguyen P., Ng A.Y.",,"13th Annual Conference of the International Speech Communication Association 2012, INTERSPEECH 2012",1, ,0,0,0,0,0,0,0,0,0,0,0,0,0,0,0,0,0,0,0,0,0,0,0,0,0,0,0,0,0,0,0,0,0,0,0,0,0,0,0,0,0,0,0,0,14,24,24,29,36,28,31,2,0,188
2002,Web question answering: Is more always better?,"Dumais S., Banko M., Brill E., Lin J., Ng A.",1635840,SIGIR Forum (ACM Special Interest Group on Information Retrieval),, ,0,0,0,0,0,0,0,0,0,0,0,0,0,0,0,0,0,0,0,0,0,0,0,0,0,0,0,0,0,0,0,0,0,0,8,15,19,16,16,15,8,10,9,19,6,11,8,8,8,3,2,0,0,181
2002,A sparse sampling algorithm for near-optimal planning in large Markov decision processes,"Kearns M., Mansour Y., Ng A.Y.",8856125,Machine Learning,49, 2-3,0,0,0,0,0,0,0,0,0,0,0,0,0,0,0,0,0,0,0,0,0,0,0,0,0,0,0,0,0,0,0,0,0,0,0,4,7,5,10,5,11,9,10,10,11,20,17,14,20,17,8,2,0,180
2005,Exploration and apprenticeship learning in reinforcement learning,"Abbeel P., Ng A.Y.",,ICML 2005 - Proceedings of the 22nd International Conference on Machine Learning,, ,0,0,0,0,0,0,0,0,0,0,0,0,0,0,0,0,0,0,0,0,0,0,0,0,0,0,0,0,0,0,0,0,0,0,0,0,0,8,9,11,13,16,11,10,7,8,11,12,37,14,11,1,0,179
2011,ICA with reconstruction cost for efficient overcomplete feature learning,"Le Q.V., Karpenko A., Ngiam J., Ng A.Y.",,"Advances in Neural Information Processing Systems 24: 25th Annual Conference on Neural Information Processing Systems 2011, NIPS 2011",, ,0,0,0,0,0,0,0,0,0,0,0,0,0,0,0,0,0,0,0,0,0,0,0,0,0,0,0,0,0,0,0,0,0,0,0,0,0,0,0,0,0,0,0,8,12,27,34,16,22,26,19,7,0,171
2016,Unsupervised Deep Learning Applied to Breast Density Segmentation and Mammographic Risk Scoring,"Kallenberg M., Petersen K., Nielsen M., Ng A.Y., Diao P., Igel C., Vachon C.M., Holland K., Winkel R.R., Karssemeijer N., Lillholm M.",2780062,IEEE Transactions on Medical Imaging,35,5,0,0,0,0,0,0,0,0,0,0,0,0,0,0,0,0,0,0,0,0,0,0,0,0,0,0,0,0,0,0,0,0,0,0,0,0,0,0,0,0,0,0,0,0,0,0,0,5,32,46,64,18,0,165
2011,On random weights and unsupervised feature learning,"Saxe A.M., Koh P.W., Chen Z., Bhand M., Suresh B., Ng A.Y.",,"Proceedings of the 28th International Conference on Machine Learning, ICML 2011",, ,0,0,0,0,0,0,0,0,0,0,0,0,0,0,0,0,0,0,0,0,0,0,0,0,0,0,0,0,0,0,0,0,0,0,0,0,0,0,0,0,0,0,5,9,10,15,24,22,23,25,30,2,0,165
2010,Tiled convolutional neural networks,"Le Q.V., Ngiam J., Chen Z., Chia D., Koh P.W., Ng A.Y.",,"Advances in Neural Information Processing Systems 23: 24th Annual Conference on Neural Information Processing Systems 2010, NIPS 2010",, ,0,0,0,0,0,0,0,0,0,0,0,0,0,0,0,0,0,0,0,0,0,0,0,0,0,0,0,0,0,0,0,0,0,0,0,0,0,0,0,0,0,0,8,13,18,16,23,20,20,17,24,5,0,164
2001,Stable algorithms for link analysis,"Ng A.Y., Zheng A.X., Jordan M.I.",1635840,SIGIR Forum (ACM Special Interest Group on Information Retrieval),, ,0,0,0,0,0,0,0,0,0,0,0,0,0,0,0,0,0,0,0,0,0,0,0,0,0,0,0,0,0,0,0,0,1,7,10,19,15,10,8,5,4,13,9,9,11,5,5,7,7,4,6,1,0,156
2006,Efficient L <inf>1</inf> regularized logistic regression,"Lee S.-I., Lee H., Abbeel P., Ng A.Y.",,Proceedings of the National Conference on Artificial Intelligence,1, ,0,0,0,0,0,0,0,0,0,0,0,0,0,0,0,0,0,0,0,0,0,0,0,0,0,0,0,0,0,0,0,0,0,0,0,0,0,0,5,1,3,7,5,8,12,20,17,22,23,10,13,5,0,151
2019,Cardiologist-level arrhythmia detection and classification in ambulatory electrocardiograms using a deep neural network,"Hannun A.Y., Rajpurkar P., Haghpanahi M., Tison G.H., Bourn C., Turakhia M.P., Ng A.Y.",10788956,Nature Medicine,25,1,0,0,0,0,0,0,0,0,0,0,0,0,0,0,0,0,0,0,0,0,0,0,0,0,0,0,0,0,0,0,0,0,0,0,0,0,0,0,0,0,0,0,0,0,0,0,0,0,0,2,93,55,0,150
2004,Online and batch learning of pseudo-metrics,"Shalev-Shwartz S., Singer Y., Ng A.Y.",,"Proceedings, Twenty-First International Conference on Machine Learning, ICML 2004",, ,0,0,0,0,0,0,0,0,0,0,0,0,0,0,0,0,0,0,0,0,0,0,0,0,0,0,0,0,0,0,0,0,0,0,0,0,4,2,5,10,7,10,10,18,14,15,19,15,3,10,4,0,0,146
2006,A dynamic Bayesian network model for autonomous 3d reconstruction from a single indoor image,"Delage E., Lee H., Ng A.Y.",10636919,Proceedings of the IEEE Computer Society Conference on Computer Vision and Pattern Recognition,2, ,0,0,0,0,0,0,0,0,0,0,0,0,0,0,0,0,0,0,0,0,0,0,0,0,0,0,0,0,0,0,0,0,0,0,0,0,0,0,4,8,13,10,6,16,13,19,11,7,9,10,14,5,0,145
2008,Learning for control from multiple demonstrations,"Coates A., Abbeel P., Ng A.Y.",,Proceedings of the 25th International Conference on Machine Learning,, ,0,0,0,0,0,0,0,0,0,0,0,0,0,0,0,0,0,0,0,0,0,0,0,0,0,0,0,0,0,0,0,0,0,0,0,0,0,0,0,0,11,19,16,11,11,10,11,9,11,16,12,2,0,139
2011,Sparse filtering,"Ngiam J., Koh P.W., Chen Z., Bhaskar S., Ng A.Y.",,"Advances in Neural Information Processing Systems 24: 25th Annual Conference on Neural Information Processing Systems 2011, NIPS 2011",, ,0,0,0,0,0,0,0,0,0,0,0,0,0,0,0,0,0,0,0,0,0,0,0,0,0,0,0,0,0,0,0,0,0,0,0,0,0,0,0,0,0,0,0,5,5,15,18,16,21,27,16,10,0,133
2006,Autonomous inverted helicopter flight via reinforcement earning,"Ng A.Y., Coates A., Diel M., Ganapathi V., Schulte J., Tse B., Berger E., Liang E.",16107438,Springer Tracts in Advanced Robotics,21, ,0,0,0,0,0,0,0,0,0,0,0,0,0,0,0,0,0,0,0,0,0,0,0,0,0,0,0,0,0,0,0,0,0,0,0,0,0,0,3,2,2,2,2,1,7,10,4,5,18,27,41,5,0,129
2001,"Link analysis, eigenvectors and stability","Ng A.Y., Zheng A.X., Jordan M.I.",10450823,IJCAI International Joint Conference on Artificial Intelligence,, ,0,0,0,0,0,0,0,0,0,0,0,0,0,0,0,0,0,0,0,0,0,0,0,0,0,0,0,0,0,0,0,0,1,4,8,12,13,9,6,3,7,13,12,6,9,4,6,1,2,2,10,0,0,128
2008,A control architecture for quadruped locomotion over rough terrain,"Kolter J.Z., Rodgers M.P., Ng A.Y.",10504729,Proceedings - IEEE International Conference on Robotics and Automation,, ,0,0,0,0,0,0,0,0,0,0,0,0,0,0,0,0,0,0,0,0,0,0,0,0,0,0,0,0,0,0,0,0,0,0,0,0,0,0,0,2,9,8,19,11,12,8,9,7,12,10,17,2,0,126
2007,Learning 3-D scene structure from a single still image,"Saxena A., Sun M., Ng A.Y.",,Proceedings of the IEEE International Conference on Computer Vision,, ,0,0,0,0,0,0,0,0,0,0,0,0,0,0,0,0,0,0,0,0,0,0,0,0,0,0,0,0,0,0,0,0,0,0,0,0,0,0,1,10,15,8,10,12,6,6,10,9,7,10,15,3,0,122
2004,Autonomous helicopter flight via reinforcement learning,"Ng A.Y., Kim H.J., Jordan M.I., Sastry S.",10495258,Advances in Neural Information Processing Systems,, ,0,0,0,0,0,0,0,0,0,0,0,0,0,0,0,0,0,0,0,0,0,0,0,0,0,0,0,0,0,0,0,0,0,0,0,3,1,5,11,8,7,10,8,10,9,6,7,5,7,9,11,3,0,120
2007,Shift-invariant sparse coding for audio classification,"Grosse R., Raina R., Kwong H., Ng A.Y.",,"Proceedings of the 23rd Conference on Uncertainty in Artificial Intelligence, UAI 2007",, ,0,0,0,0,0,0,0,0,0,0,0,0,0,0,0,0,0,0,0,0,0,0,0,0,0,0,0,0,0,0,0,0,0,0,0,0,0,0,0,1,6,7,11,8,10,8,10,13,13,14,12,6,0,119
2016,Deep speech 2: End-to-end speech recognition in English and Mandarin,"Amodei D., Ananthanarayanan S., Anubhai R., Bai J., Battenberg E., Case C., Casper J., Catanzaro B., Cheng Q., Chen G., Chen J., Chen J., Chen Z., Chrzanowski M., Coates A., Diamos G., Ding K., Du N., Elsen E., Engel J., Fang W., Fan L., Fougner C., Gao L., Gong C., Hannun A.N., Han T., Johannes L.V., Jiang B., Ju C., Jun B., Legresley P., Lin L., Liu J., Liu Y., Li W., Li X., Ma D., Narang S., Ng A., Ozair S., Peng Y., Prenger R., Qian S., Quan Z., Raiman J., Rao V., Satheesh S., Seetapun D., Sengupta S., Srinet K., Sriram A., Tang H., Tang L., Wang C., Wang J., Wang K., Wang Y., Wang Z., Wang Z., Wu S., Wei L., Xiao B., Xie W., Xie Y., Yogatama D., Yuan B., Zhan J., Zhu Z.",,"33rd International Conference on Machine Learning, ICML 2016",1, ,0,0,0,0,0,0,0,0,0,0,0,0,0,0,0,0,0,0,0,0,0,0,0,0,0,0,0,0,0,0,0,0,0,0,0,0,0,0,0,0,0,0,0,0,0,0,0,2,11,28,57,18,0,116
2007,Depth estimation using monocular and stereo cues,"Saxena A., Jamie S., Ng A.Y.",10450823,IJCAI International Joint Conference on Artificial Intelligence,, ,0,0,0,0,0,0,0,0,0,0,0,0,0,0,0,0,0,0,0,0,0,0,0,0,0,0,0,0,0,0,0,0,0,0,0,0,0,0,4,10,7,8,5,9,10,5,11,9,9,8,15,5,0,115
2011,Selecting receptive fields in deep networks,"Coates A., Ng A.Y.",,"Advances in Neural Information Processing Systems 24: 25th Annual Conference on Neural Information Processing Systems 2011, NIPS 2011",, ,0,0,0,0,0,0,0,0,0,0,0,0,0,0,0,0,0,0,0,0,0,0,0,0,0,0,0,0,0,0,0,0,0,0,0,0,0,0,0,0,0,0,0,12,10,15,14,21,14,15,12,1,0,114
2016,End-to-End People Detection in Crowded Scenes,"Stewart R., Andriluka M., Ng A.Y.",10636919,Proceedings of the IEEE Computer Society Conference on Computer Vision and Pattern Recognition,2016-, ,0,0,0,0,0,0,0,0,0,0,0,0,0,0,0,0,0,0,0,0,0,0,0,0,0,0,0,0,0,0,0,0,0,0,0,0,0,0,0,0,0,0,0,0,0,0,0,1,22,35,40,11,0,109
2006,Contextual search and name disambiguation in email using graphs,"Minkov E., Cohen W.W., Ng A.Y.",,Proceedings of the Twenty-Ninth Annual International ACM SIGIR Conference on Research and Development in Information Retrieval,2006, ,0,0,0,0,0,0,0,0,0,0,0,0,0,0,0,0,0,0,0,0,0,0,0,0,0,0,0,0,0,0,0,0,0,0,0,0,0,3,8,10,15,16,9,6,10,12,6,2,6,4,1,1,0,109
1999,A sparse sampling algorithm for near-optimal planning in large Markov decision processes,"Kearns M., Mansour Y., Ng A.Y.",10450823,IJCAI International Joint Conference on Artificial Intelligence,2, ,0,0,0,0,0,0,0,0,0,0,0,0,0,0,0,0,0,0,0,0,0,0,0,0,0,0,0,0,0,0,2,2,3,2,6,2,5,5,10,5,6,2,9,8,13,3,6,5,1,6,1,1,0,103
2009,Regularization and feature selection in least-squares temporal difference learning,"Kolter J.Z., Ng A.Y.",,"Proceedings of the 26th International Conference On Machine Learning, ICML 2009",, ,0,0,0,0,0,0,0,0,0,0,0,0,0,0,0,0,0,0,0,0,0,0,0,0,0,0,0,0,0,0,0,0,0,0,0,0,0,0,0,0,0,9,13,12,12,11,5,15,7,10,6,0,0,100
2006,Constructing informative priors using transfer learning,"Raina R., Ng A.Y., Koller D.",,ICML 2006 - Proceedings of the 23rd International Conference on Machine Learning,2006, ,0,0,0,0,0,0,0,0,0,0,0,0,0,0,0,0,0,0,0,0,0,0,0,0,0,0,0,0,0,0,0,0,0,0,0,0,0,0,5,10,18,8,12,11,5,8,6,4,1,3,6,1,0,98
2002,Latent dirichlet allocation,"Blei D.M., Ng A.Y., Jordan M.T.",10495258,Advances in Neural Information Processing Systems,, ,0,0,0,0,0,0,0,0,0,0,0,0,0,0,0,0,0,0,0,0,0,0,0,0,0,0,0,0,0,0,0,0,0,3,6,2,5,4,0,2,6,4,7,8,3,4,9,5,8,6,11,4,0,97
2012,Deep learning of invariant features via simulated fixations in video,"Zou W.Y., Zhu S., Ng A.Y., Yu K.",10495258,Advances in Neural Information Processing Systems,4, ,0,0,0,0,0,0,0,0,0,0,0,0,0,0,0,0,0,0,0,0,0,0,0,0,0,0,0,0,0,0,0,0,0,0,0,0,0,0,0,0,0,0,0,0,3,13,23,17,13,14,11,1,0,95
2009,Near-Bayesian exploration in polynomial time,"Kolter J.Z., Ng A.Y.",,"Proceedings of the 26th International Conference On Machine Learning, ICML 2009",, ,0,0,0,0,0,0,0,0,0,0,0,0,0,0,0,0,0,0,0,0,0,0,0,0,0,0,0,0,0,0,0,0,0,0,0,0,0,0,0,0,0,12,5,12,15,5,9,8,12,7,10,0,0,95
2005,Transfer learning for text classification,"Do C.B., Ng A.Y.",10495258,Advances in Neural Information Processing Systems,, ,0,0,0,0,0,0,0,0,0,0,0,0,0,0,0,0,0,0,0,0,0,0,0,0,0,0,0,0,0,0,0,0,0,0,0,0,0,0,1,3,3,5,7,7,1,6,8,5,6,12,16,6,0,86
2006,Bayesian estimation for autonomous object manipulation based on tactile sensors,"Petrovskaya A., Khatib O., Thrun S., Ng A.Y.",10504729,Proceedings - IEEE International Conference on Robotics and Automation,2006, ,0,0,0,0,0,0,0,0,0,0,0,0,0,0,0,0,0,0,0,0,0,0,0,0,0,0,0,0,0,0,0,0,0,0,0,0,0,0,5,5,3,8,11,5,8,6,4,7,8,8,2,2,0,82
2010,Grasping novel objects with depth segmentation,"Rao D., Le Q.V., Phoka T., Quigley M., Sudsang A., Ng A.Y.",,"IEEE/RSJ 2010 International Conference on Intelligent Robots and Systems, IROS 2010 - Conference Proceedings",, ,0,0,0,0,0,0,0,0,0,0,0,0,0,0,0,0,0,0,0,0,0,0,0,0,0,0,0,0,0,0,0,0,0,0,0,0,0,0,0,0,0,0,8,10,4,12,7,8,6,10,12,3,0,80
2006,Learning factor graphs in polynomial time and sample complexity,"Abbeel P., Koller D., Ng A.Y.",15337928,Journal of Machine Learning Research,7, ,0,0,0,0,0,0,0,0,0,0,0,0,0,0,0,0,0,0,0,0,0,0,0,0,0,0,0,0,0,0,0,0,0,0,0,0,0,0,2,8,11,8,7,6,5,9,5,6,2,7,2,0,0,78
2004,Classification with hybrid generative/discriminative models,"Raina R., Shen Y., Ng A.Y., McCallum A.",10495258,Advances in Neural Information Processing Systems,, ,0,0,0,0,0,0,0,0,0,0,0,0,0,0,0,0,0,0,0,0,0,0,0,0,0,0,0,0,0,0,0,0,0,0,0,1,8,8,7,5,6,5,3,4,9,3,1,2,3,4,5,1,0,75
2018,Deep learning for chest radiograph diagnosis: A retrospective comparison of the CheXNeXt algorithm to practicing radiologists,"Rajpurkar P., Irvin J., Ball R.L., Zhu K., Yang B., Mehta H., Duan T., Ding D., Bagul A., Langlotz C.P., Patel B.N., Yeom K.W., Shpanskaya K., Blankenberg F.G., Seekins J., Amrhein T.J., Mong D.A., Halabi S.S., Zucker E.J., Ng A.Y., Lungren M.P.",15491277,PLoS Medicine,15,11,0,0,0,0,0,0,0,0,0,0,0,0,0,0,0,0,0,0,0,0,0,0,0,0,0,0,0,0,0,0,0,0,0,0,0,0,0,0,0,0,0,0,0,0,0,0,0,0,0,2,35,36,0,73
2008,Learning grasp strategies with partial shape information,"Saxena A., Wong L.L.S., Andrew Y.Ng.",,Proceedings of the National Conference on Artificial Intelligence,3, ,0,0,0,0,0,0,0,0,0,0,0,0,0,0,0,0,0,0,0,0,0,0,0,0,0,0,0,0,0,0,0,0,0,0,0,0,0,0,0,0,2,8,4,9,4,8,2,9,5,9,12,1,0,73
1997,An Experimental and Theoretical Comparison of Model Selection Methods,"Kearns M., Mansour Y., Ng A.Y., Ron D.",8856125,Machine Learning,27,1,0,0,0,0,0,0,0,0,0,0,0,0,0,0,0,0,0,0,0,0,0,0,0,0,0,0,0,0,0,0,2,5,4,3,7,6,3,1,2,7,4,7,4,1,2,3,3,3,4,0,1,0,0,72
2005,Robust textual inference via graph matching,"Haghighi A.D., Ng A.Y., Manning C.D.",,"HLT/EMNLP 2005 - Human Language Technology Conference and Conference on Empirical Methods in Natural Language Processing, Proceedings of the Conference",, ,0,0,0,0,0,0,0,0,0,0,0,0,0,0,0,0,0,0,0,0,0,0,0,0,0,0,0,0,0,0,0,0,0,0,0,0,0,4,5,7,10,9,6,7,3,4,5,1,4,2,2,2,0,71
2009,Large-scale deep unsupervised learning using graphics processors,"Raina R., Madhavan A., Ng A.Y.",,ACM International Conference Proceeding Series,382, ,0,0,0,0,0,0,0,0,0,0,0,0,0,0,0,0,0,0,0,0,0,0,0,0,0,0,0,0,0,0,0,0,0,0,0,0,0,0,0,0,0,0,0,0,1,1,2,2,15,13,27,7,0,68
2015,Lexicon-free conversational speech recognition with neural networks,"Maas A.L., Xie Z., Jurafsky D., Ng A.Y.",,"NAACL HLT 2015 - 2015 Conference of the North American Chapter of the Association for Computational Linguistics: Human Language Technologies, Proceedings of the Conference",, ,0,0,0,0,0,0,0,0,0,0,0,0,0,0,0,0,0,0,0,0,0,0,0,0,0,0,0,0,0,0,0,0,0,0,0,0,0,0,0,0,0,0,0,0,0,0,0,16,15,18,15,3,0,67
2006,Constructing informative priors using transfer learning,"Raina R., Ng A.Y., Koller D.",,ACM International Conference Proceeding Series,148, ,0,0,0,0,0,0,0,0,0,0,0,0,0,0,0,0,0,0,0,0,0,0,0,0,0,0,0,0,0,0,0,0,0,0,0,0,0,0,1,4,3,5,2,4,4,3,7,2,4,10,14,4,0,67
2006,Solving the problem of cascading errors: Approximate Bayesian inference for linguistic annotation pipelines,"Finkel J.R., Manning C.D., Ng A.Y.",,"COLING/ACL 2006 - EMNLP 2006: 2006 Conference on Empirical Methods in Natural Language Processing, Proceedings of the Conference",, ,0,0,0,0,0,0,0,0,0,0,0,0,0,0,0,0,0,0,0,0,0,0,0,0,0,0,0,0,0,0,0,0,0,0,0,0,0,0,4,6,8,11,6,2,6,5,2,1,3,6,3,1,0,64
2011,Learning deep energy models,"Ngiam J., Chen Z., Koh P.W., Ng A.Y.",,"Proceedings of the 28th International Conference on Machine Learning, ICML 2011",, ,0,0,0,0,0,0,0,0,0,0,0,0,0,0,0,0,0,0,0,0,0,0,0,0,0,0,0,0,0,0,0,0,0,0,0,0,0,0,0,0,0,0,2,4,2,3,5,7,9,15,10,5,0,62
2010,Learning to grasp objects with multiple contact points,"Le Q.V., Kamm D., Kara A.F., Ng A.Y.",10504729,Proceedings - IEEE International Conference on Robotics and Automation,, ,0,0,0,0,0,0,0,0,0,0,0,0,0,0,0,0,0,0,0,0,0,0,0,0,0,0,0,0,0,0,0,0,0,0,0,0,0,0,0,0,0,1,4,4,5,7,6,7,7,7,11,3,0,62
2007,Robotic grasping of novel objects,"Saxena A., Driemeyer J., Kearns J., Ng A.Y.",10495258,Advances in Neural Information Processing Systems,, ,0,0,0,0,0,0,0,0,0,0,0,0,0,0,0,0,0,0,0,0,0,0,0,0,0,0,0,0,0,0,0,0,0,0,0,0,0,0,3,3,7,8,6,6,4,6,1,3,2,3,9,1,0,62
2011,The stanford littledog: A learning and rapid replanning approach to quadruped locomotion,"Zico Kolter J., Ng A.Y.",2783649,International Journal of Robotics Research,30,2,0,0,0,0,0,0,0,0,0,0,0,0,0,0,0,0,0,0,0,0,0,0,0,0,0,0,0,0,0,0,0,0,0,0,0,0,0,0,0,0,0,0,2,5,3,8,13,5,8,4,12,1,0,61
2011,A low-cost compliant 7-DOF robotic manipulator,"Quigley M., Asbeck A., Ng A.",10504729,Proceedings - IEEE International Conference on Robotics and Automation,, ,0,0,0,0,0,0,0,0,0,0,0,0,0,0,0,0,0,0,0,0,0,0,0,0,0,0,0,0,0,0,0,0,0,0,0,0,0,0,0,0,0,0,0,2,5,9,7,8,6,11,8,2,0,58
2008,Apprenticeship learning for motion planning with application to parking lot navigation,"Abbeel P., Dolgov D., Ng A.Y., Thrun S.",,"2008 IEEE/RSJ International Conference on Intelligent Robots and Systems, IROS",, ,0,0,0,0,0,0,0,0,0,0,0,0,0,0,0,0,0,0,0,0,0,0,0,0,0,0,0,0,0,0,0,0,0,0,0,0,0,0,0,0,1,4,7,4,4,2,6,9,7,7,7,0,0,58
2007,Learning to merge word senses,"Snow R., Prakash S., Jurafsky D., Ng A.Y.",,EMNLP-CoNLL 2007 - Proceedings of the 2007 Joint Conference on Empirical Methods in Natural Language Processing and Computational Natural Language Learning,, ,0,0,0,0,0,0,0,0,0,0,0,0,0,0,0,0,0,0,0,0,0,0,0,0,0,0,0,0,0,0,0,0,0,0,1,0,0,0,0,4,5,8,4,2,2,6,4,5,4,5,4,4,0,58
2000,Apprximate planning in large POMDPs via reusable trajectories,"Kearns M., Mansour Y., Ng A.Y.",10495258,Advances in Neural Information Processing Systems,, ,0,0,0,0,0,0,0,0,0,0,0,0,0,0,0,0,0,0,0,0,0,0,0,0,0,0,0,0,0,0,0,1,1,0,2,3,8,6,5,2,4,5,1,4,2,1,2,2,4,2,1,0,0,56
2011,Grasping with application to an autonomous checkout robot,"Klingbeil E., Rao D., Carpenter B., Ganapathi V., Ng A.Y., Khatib O.",10504729,Proceedings - IEEE International Conference on Robotics and Automation,, ,0,0,0,0,0,0,0,0,0,0,0,0,0,0,0,0,0,0,0,0,0,0,0,0,0,0,0,0,0,0,0,0,0,0,0,0,0,0,0,0,0,0,2,8,12,7,8,4,4,4,5,1,0,55
2005,Discriminative training of kalman filters,"Abbeel P., Coates A., Montemerlo M., Ng A.Y., Thrun S.",23307668,Robotics: Science and Systems,1, ,0,0,0,0,0,0,0,0,0,0,0,0,0,0,0,0,0,0,0,0,0,0,0,0,0,0,0,0,0,0,0,0,0,0,0,0,0,1,5,1,4,2,4,5,5,4,7,4,9,2,1,1,0,55
2009,"Hierarchical apprenticeship learning, with application to quadruped locomotion","Kolter J.Z., Abbeel P., Ng A.Y.",,Advances in Neural Information Processing Systems 20 - Proceedings of the 2007 Conference,, ,0,0,0,0,0,0,0,0,0,0,0,0,0,0,0,0,0,0,0,0,0,0,0,0,0,0,0,0,0,0,0,0,0,0,0,0,0,0,0,2,7,8,8,10,6,1,4,2,5,1,0,0,0,54
2007,"Probabilistic mobile manipulation in dynamic environments, with application to opening doors","Petrovskaya A., Ng A.Y.",10450823,IJCAI International Joint Conference on Artificial Intelligence,, ,0,0,0,0,0,0,0,0,0,0,0,0,0,0,0,0,0,0,0,0,0,0,0,0,0,0,0,0,0,0,0,0,0,0,0,0,0,0,3,5,5,10,7,8,3,2,1,1,3,2,3,1,0,54
2009,Exponential family sparse coding with applications to self-taught learning,"Lee H., Raina R., Teichman A., Ng A.Y.",10450823,IJCAI International Joint Conference on Artificial Intelligence,, ,0,0,0,0,0,0,0,0,0,0,0,0,0,0,0,0,0,0,0,0,0,0,0,0,0,0,0,0,0,0,0,0,0,0,0,0,0,0,0,0,0,1,6,5,11,6,8,5,4,2,4,0,0,52
2007,Peripheral-foveal vision for real-time object recognition and tracking in video,"Gould S., Arfvidsson J., Kaehler A., Sapp B., Messner M., Bradski G., Baumstarck P., Sukwon C., Ng A.Y.",10450823,IJCAI International Joint Conference on Artificial Intelligence,, ,0,0,0,0,0,0,0,0,0,0,0,0,0,0,0,0,0,0,0,0,0,0,0,0,0,0,0,0,0,0,0,0,0,0,0,0,0,0,1,5,6,7,2,3,3,5,3,1,3,7,4,1,0,51
2006,Using inaccurate models in reinforcement learning,"Abbeel P., Quigley M., Ng A.Y.",,ACM International Conference Proceeding Series,148, ,0,0,0,0,0,0,0,0,0,0,0,0,0,0,0,0,0,0,0,0,0,0,0,0,0,0,0,0,0,0,0,0,0,0,0,0,0,0,1,0,2,7,1,0,1,3,4,4,9,10,6,1,0,49
2009,Apprenticeship learning for helicopter control,"Coates A., Abbeel P., Ng A.Y.",10782,Communications of the ACM,52,7,0,0,0,0,0,0,0,0,0,0,0,0,0,0,0,0,0,0,0,0,0,0,0,0,0,0,0,0,0,0,0,0,0,0,0,0,0,0,0,0,0,8,7,7,5,5,2,4,3,2,4,0,0,47
2005,Fast Gaussian process regression using kd-trees,"Shen Y., Ng A.Y., Seeger M.",10495258,Advances in Neural Information Processing Systems,, ,0,0,0,0,0,0,0,0,0,0,0,0,0,0,0,0,0,0,0,0,0,0,0,0,0,0,0,0,0,0,0,0,0,0,0,0,0,2,2,2,3,1,2,3,6,4,4,4,5,4,2,0,0,44
2006,Using inaccurate models in reinforcement learning,"Abbeel P., Quigley M., Ng A.Y.",,ICML 2006 - Proceedings of the 23rd International Conference on Machine Learning,2006, ,0,0,0,0,0,0,0,0,0,0,0,0,0,0,0,0,0,0,0,0,0,0,0,0,0,0,0,0,0,0,0,0,0,0,0,0,0,0,2,8,4,2,1,2,3,3,3,4,2,4,2,1,0,41
2004,Learning random walk models for inducing word dependency distributions,"Toutanova K., Manning C.D., Ng A.Y.",,"Proceedings, Twenty-First International Conference on Machine Learning, ICML 2004",, ,0,0,0,0,0,0,0,0,0,0,0,0,0,0,0,0,0,0,0,0,0,0,0,0,0,0,0,0,0,0,0,0,0,0,0,1,5,4,5,5,3,5,2,2,3,0,4,0,0,1,0,1,0,41
2018,Deep-learning-assisted diagnosis for knee magnetic resonance imaging: Development and retrospective validation of MRNet,"Bien N., Rajpurkar P., Ball R.L., Irvin J., Park A., Jones E., Bereket M., Patel B.N., Yeom K.W., Shpanskaya K., Halabi S., Zucker E., Fanton G., Amanatullah D.F., Beaulieu C.F., Riley G.M., Stewart R.J., Blankenberg F.G., Larson D.B., Jones R.H., Langlotz C.P., Ng A.Y., Lungren M.P.",15491277,PLoS Medicine,15,11,0,0,0,0,0,0,0,0,0,0,0,0,0,0,0,0,0,0,0,0,0,0,0,0,0,0,0,0,0,0,0,0,0,0,0,0,0,0,0,0,0,0,0,0,0,0,0,0,0,1,18,21,0,40
2017,Deep voice: Real-time neural text-to-speech,"Arik S.O., Chrzanowski M., Coates A., Diamos G., Gibiansky A., Kang Y., Li X., Miller J., Ng A., Raiman J., Sengupta S., Shoeybi M.",,"34th International Conference on Machine Learning, ICML 2017",1, ,0,0,0,0,0,0,0,0,0,0,0,0,0,0,0,0,0,0,0,0,0,0,0,0,0,0,0,0,0,0,0,0,0,0,0,0,0,0,0,0,0,0,0,0,0,0,0,0,5,13,18,4,0,40
2007,STAIR: Hardware and software architecture,"Quigley M., Berger E., Ng A.Y.",,AAAI Workshop - Technical Report,WS-07-15, ,0,0,0,0,0,0,0,0,0,0,0,0,0,0,0,0,0,0,0,0,0,0,0,0,0,0,0,0,0,0,0,0,0,0,0,0,0,0,0,2,5,3,5,3,2,3,4,2,1,5,4,0,0,39
2010,Learning to open new doors,"Klingbeil E., Saxena A., Ng A.Y.",,"IEEE/RSJ 2010 International Conference on Intelligent Robots and Systems, IROS 2010 - Conference Proceedings",, ,0,0,0,0,0,0,0,0,0,0,0,0,0,0,0,0,0,0,0,0,0,0,0,0,0,0,0,0,0,0,0,0,0,0,0,0,0,0,0,0,0,2,1,6,4,4,5,2,5,5,4,0,0,38
2005,"Learning vehicular dynamics, with application to modeling helicopters","Abbeel P., Ganapathi V., Ng A.Y.",10495258,Advances in Neural Information Processing Systems,, ,0,0,0,0,0,0,0,0,0,0,0,0,0,0,0,0,0,0,0,0,0,0,0,0,0,0,0,0,0,0,0,0,0,0,0,0,0,1,2,1,4,0,2,4,3,3,2,7,1,3,4,0,0,37
2017,Building DNN acoustic models for large vocabulary speech recognition,"Maas A.L., Qi P., Xie Z., Hannun A.Y., Lengerich C.T., Jurafsky D., Ng A.Y.",8852308,Computer Speech and Language,41, ,0,0,0,0,0,0,0,0,0,0,0,0,0,0,0,0,0,0,0,0,0,0,0,0,0,0,0,0,0,0,0,0,0,0,0,0,0,0,0,0,0,0,0,0,0,0,0,0,4,10,22,0,0,36
2008,Make3D: Depth perception from a single still image,"Saxena A., Sun M., Ng A.Y.",,Proceedings of the National Conference on Artificial Intelligence,3, ,0,0,0,0,0,0,0,0,0,0,0,0,0,0,0,0,0,0,0,0,0,0,0,0,0,0,0,0,0,0,0,0,0,0,0,0,0,0,0,0,2,6,5,1,2,1,4,2,1,5,4,2,0,35
2017,Improving palliative care with deep learning,"Avati A., Jung K., Harman S., Downing L., Ng A., Shah N.H.",,"Proceedings - 2017 IEEE International Conference on Bioinformatics and Biomedicine, BIBM 2017",2017-, ,0,0,0,0,0,0,0,0,0,0,0,0,0,0,0,0,0,0,0,0,0,0,0,0,0,0,0,0,0,0,0,0,0,0,0,0,0,0,0,0,0,0,0,0,0,0,0,0,0,13,18,3,0,34
2006,Quadruped robot obstacle negotiation via reinforcement learning,"Lee H., Shen Y., Yu C.-H., Singh G., Ng A.Y.",10504729,Proceedings - IEEE International Conference on Robotics and Automation,2006, ,0,0,0,0,0,0,0,0,0,0,0,0,0,0,0,0,0,0,0,0,0,0,0,0,0,0,0,0,0,0,0,0,0,0,0,0,0,0,3,4,2,2,2,7,4,2,1,1,2,3,1,0,0,34
2010,Low-cost accelerometers for robotic manipulator perception,"Quigley M., Brewer R., Soundararaj S.P., Pradeep V., Le Q., Ng A.Y.",,"IEEE/RSJ 2010 International Conference on Intelligent Robots and Systems, IROS 2010 - Conference Proceedings",, ,0,0,0,0,0,0,0,0,0,0,0,0,0,0,0,0,0,0,0,0,0,0,0,0,0,0,0,0,0,0,0,0,0,0,0,0,0,0,0,0,0,0,0,6,7,2,3,3,7,2,3,0,0,33
2009,Joint calibration of multiple sensors,"Le Q.V., Ng A.Y.",,"2009 IEEE/RSJ International Conference on Intelligent Robots and Systems, IROS 2009",, ,0,0,0,0,0,0,0,0,0,0,0,0,0,0,0,0,0,0,0,0,0,0,0,0,0,0,0,0,0,0,0,0,0,0,0,0,0,0,0,0,0,3,2,1,3,4,6,4,2,4,2,2,0,33
2007,Automatic single-image 3d reconstructions of indoor Manhattan world scenes,"Delage E., Lee H., Ng A.Y.",16107438,Springer Tracts in Advanced Robotics,28, ,0,0,0,0,0,0,0,0,0,0,0,0,0,0,0,0,0,0,0,0,0,0,0,0,0,0,0,0,0,0,0,0,0,0,0,0,0,0,0,0,0,0,2,0,3,5,4,5,5,2,6,1,0,33
2005,Robust textual inference via learning and abductive reasoning,"Raina R., Ng A.Y., Manning C.D.",,Proceedings of the National Conference on Artificial Intelligence,3, ,0,0,0,0,0,0,0,0,0,0,0,0,0,0,0,0,0,0,0,0,0,0,0,0,0,0,0,0,0,0,0,0,0,0,0,0,1,2,2,4,2,4,4,4,3,1,1,1,2,2,0,0,0,33
2004,Policy search by dynamic programming,"Andrew Bagnell J., Kakade S., Ng A.Y., Schneider J.",10495258,Advances in Neural Information Processing Systems,, ,0,0,0,0,0,0,0,0,0,0,0,0,0,0,0,0,0,0,0,0,0,0,0,0,0,0,0,0,0,0,0,0,0,0,0,1,3,2,0,3,2,2,2,2,2,0,1,2,1,6,4,0,0,33
2010,"A probabilistic approach to mixed open-loop and closed-loop control, with application to extreme autonomous driving","Kolter J.Z., Plagemann C., Jackson D.T., Ng A.Y., Thrun S.",10504729,Proceedings - IEEE International Conference on Robotics and Automation,, ,0,0,0,0,0,0,0,0,0,0,0,0,0,0,0,0,0,0,0,0,0,0,0,0,0,0,0,0,0,0,0,0,0,0,0,0,0,0,0,0,0,1,5,4,3,4,8,0,2,3,1,1,0,32
2009,Learning Sound Location from a single microphone,"Saxena A., Ng A.Y.",10504729,Proceedings - IEEE International Conference on Robotics and Automation,, ,0,0,0,0,0,0,0,0,0,0,0,0,0,0,0,0,0,0,0,0,0,0,0,0,0,0,0,0,0,0,0,0,0,0,0,0,0,0,0,0,0,4,3,2,2,1,3,1,5,5,3,2,0,31
2009,Autonomous Autorotation of an RC Helicopter,"Abbeel P., Coates A., Hunter T., Ng A.Y.",16107438,Springer Tracts in Advanced Robotics,54, ,0,0,0,0,0,0,0,0,0,0,0,0,0,0,0,0,0,0,0,0,0,0,0,0,0,0,0,0,0,0,0,0,0,0,0,0,0,0,0,0,0,4,1,4,9,0,4,2,1,2,2,0,0,29
2009,Learning 3-D object orientation from images,"Saxena A., Driemeyer J., Ng A.Y.",10504729,Proceedings - IEEE International Conference on Robotics and Automation,, ,0,0,0,0,0,0,0,0,0,0,0,0,0,0,0,0,0,0,0,0,0,0,0,0,0,0,0,0,0,0,0,0,0,0,0,0,0,0,0,0,0,1,3,5,1,0,0,4,1,4,8,2,0,29
2009,Scalable learning for object detection with GPU hardware,"Coates A., Baumstarck P., Le Q., Ng A.Y.",,"2009 IEEE/RSJ International Conference on Intelligent Robots and Systems, IROS 2009",, ,0,0,0,0,0,0,0,0,0,0,0,0,0,0,0,0,0,0,0,0,0,0,0,0,0,0,0,0,0,0,0,0,0,0,0,0,0,0,0,0,0,2,6,1,3,2,5,0,4,2,3,0,0,28
2009,Task-space trajectories via cubic spline optimization,"Kolter J.Z., Ng A.Y.",10504729,Proceedings - IEEE International Conference on Robotics and Automation,, ,0,0,0,0,0,0,0,0,0,0,0,0,0,0,0,0,0,0,0,0,0,0,0,0,0,0,0,0,0,0,0,0,0,0,0,0,0,0,0,0,0,2,5,3,2,4,1,2,5,4,0,0,0,28
2018,Improving palliative care with deep learning,"Avati A., Jung K., Harman S., Downing L., Ng A., Shah N.H.",14726947,BMC Medical Informatics and Decision Making,18, ,0,0,0,0,0,0,0,0,0,0,0,0,0,0,0,0,0,0,0,0,0,0,0,0,0,0,0,0,0,0,0,0,0,0,0,0,0,0,0,0,0,0,0,0,0,0,0,0,0,0,14,13,0,27
2014,Mechatronic design of an integrated robotic hand,"Quigley M., Salisbury C., Ng A.Y., Salisbury J.K.",2783649,International Journal of Robotics Research,33,5,0,0,0,0,0,0,0,0,0,0,0,0,0,0,0,0,0,0,0,0,0,0,0,0,0,0,0,0,0,0,0,0,0,0,0,0,0,0,0,0,0,0,0,0,0,3,7,4,4,3,3,3,0,27
2012,Emergence of object-selective features in unsupervised feature learning,"Coates A., Karpathy A., Ng A.Y.",10495258,Advances in Neural Information Processing Systems,4, ,0,0,0,0,0,0,0,0,0,0,0,0,0,0,0,0,0,0,0,0,0,0,0,0,0,0,0,0,0,0,0,0,0,0,0,0,0,0,0,0,0,0,0,0,10,3,4,4,3,2,1,0,0,27
2013,Learning new facts from knowledge bases with neural tensor networks and semantic word vectors,"Chen D., Socher R., Manning C.D., Ng A.Y.",,"1st International Conference on Learning Representations, ICLR 2013 - Workshop Track Proceedings",, ,0,0,0,0,0,0,0,0,0,0,0,0,0,0,0,0,0,0,0,0,0,0,0,0,0,0,0,0,0,0,0,0,0,0,0,0,0,0,0,0,0,0,0,0,0,6,3,5,6,4,1,1,0,26
2011,Unsupervised learning models of primary cortical receptive fields and receptive field plasticity,"Saxe A., Bhand M., Mudur R., Suresh B., Ng A.Y.",,"Advances in Neural Information Processing Systems 24: 25th Annual Conference on Neural Information Processing Systems 2011, NIPS 2011",, ,0,0,0,0,0,0,0,0,0,0,0,0,0,0,0,0,0,0,0,0,0,0,0,0,0,0,0,0,0,0,0,0,0,0,0,0,0,0,0,0,0,0,0,3,6,4,1,6,3,2,1,0,0,26
2005,Spam deobfuscation using a hidden markov model,"Lee H., Ng A.Y.",,2nd Conference on Email and Anti-Spam,, ,0,0,0,0,0,0,0,0,0,0,0,0,0,0,0,0,0,0,0,0,0,0,0,0,0,0,0,0,0,0,0,0,0,0,0,0,0,4,5,4,0,0,2,1,1,0,1,2,0,3,2,1,0,26
2010,Multi-camera object detection for robotics,"Coates A., Ng A.Y.",10504729,Proceedings - IEEE International Conference on Robotics and Automation,, ,0,0,0,0,0,0,0,0,0,0,0,0,0,0,0,0,0,0,0,0,0,0,0,0,0,0,0,0,0,0,0,0,0,0,0,0,0,0,0,0,0,0,5,2,1,1,0,2,5,4,5,0,0,25
1995,An experimental and theoretical comparison of model selection methods,"Kearns M., Mansour Y., Ng A.Y., Ron D.",,"Proceedings of the 8th Annual Conference on Computational Learning Theory, COLT 1995",1995-, ,0,0,0,0,0,0,0,0,0,0,0,0,0,0,0,0,0,0,0,0,0,0,0,0,0,0,0,1,3,1,3,1,0,2,2,2,1,2,0,0,2,0,1,0,3,0,0,0,0,0,0,1,0,25
2010,Autonomous operation of novel elevators for robot navigation,"Klingbeil E., Carpenter B., Russakovsky O., Ng A.Y.",10504729,Proceedings - IEEE International Conference on Robotics and Automation,, ,0,0,0,0,0,0,0,0,0,0,0,0,0,0,0,0,0,0,0,0,0,0,0,0,0,0,0,0,0,0,0,0,0,0,0,0,0,0,0,0,0,2,1,2,4,2,2,1,1,4,1,1,0,21
2011,Autonomous sign reading for semantic mapping,"Case C., Suresh B., Coates A., Ng A.Y.",10504729,Proceedings - IEEE International Conference on Robotics and Automation,, ,0,0,0,0,0,0,0,0,0,0,0,0,0,0,0,0,0,0,0,0,0,0,0,0,0,0,0,0,0,0,0,0,0,0,0,0,0,0,0,0,0,0,0,1,2,2,6,3,1,2,2,1,0,20
2007,3-D reconstruction from sparse views using monocular vision,"Saxena A., Sun M., Ng A.Y.",,Proceedings of the IEEE International Conference on Computer Vision,, ,0,0,0,0,0,0,0,0,0,0,0,0,0,0,0,0,0,0,0,0,0,0,0,0,0,0,0,0,0,0,0,0,0,0,0,0,0,0,0,1,2,2,3,5,1,1,1,0,1,1,0,0,0,18
2008,A fast data collection and augmentation procedure for object recognition,"Sapp B., Saxena A., Ng A.Y.",,Proceedings of the National Conference on Artificial Intelligence,3, ,0,0,0,0,0,0,0,0,0,0,0,0,0,0,0,0,0,0,0,0,0,0,0,0,0,0,0,0,0,0,0,0,0,0,0,0,0,0,0,0,0,2,2,2,1,0,1,2,3,2,1,1,0,17
2004,Simultaneous mapping and localization with sparse extended information filters: Theory and initial results,"Thrun S., Koller D., Ghahramani Z., Durrant-Whyte H., Ng A.Y.",16107438,Springer Tracts in Advanced Robotics,7, ,0,0,0,0,0,0,0,0,0,0,0,0,0,0,0,0,0,0,0,0,0,0,0,0,0,0,0,0,0,0,0,0,0,0,0,0,0,1,0,1,0,2,2,2,2,0,2,1,0,2,2,0,0,17
2000,Policy search via density estimation,"Ng A.Y., Parr R., Roller D.",10495258,Advances in Neural Information Processing Systems,, ,0,0,0,0,0,0,0,0,0,0,0,0,0,0,0,0,0,0,0,0,0,0,0,0,0,0,0,0,0,0,0,0,0,2,1,2,0,2,1,2,0,1,1,1,2,1,0,1,0,0,0,0,0,17
2009,A majorization-minimization algorithm for (multiple) hyperparameter learning,"Foo C.-S., Do C.B., Ng A.Y.",,"Proceedings of the 26th International Conference On Machine Learning, ICML 2009",, ,0,0,0,0,0,0,0,0,0,0,0,0,0,0,0,0,0,0,0,0,0,0,0,0,0,0,0,0,0,0,0,0,0,0,0,0,0,0,0,0,0,2,2,2,3,2,4,1,0,0,0,0,0,16
2007,A factor graph model for software bug finding,"Kremenek T., Ng A.Y., Engler D.",10450823,IJCAI International Joint Conference on Artificial Intelligence,, ,0,0,0,0,0,0,0,0,0,0,0,0,0,0,0,0,0,0,0,0,0,0,0,0,0,0,0,0,0,0,0,0,0,0,0,0,0,0,0,0,0,0,0,0,0,2,3,5,1,3,1,0,0,15
2010,A Steiner tree approach to efficient object detection,"Russakovsky O., Ng A.Y.",10636919,Proceedings of the IEEE Computer Society Conference on Computer Vision and Pattern Recognition,, ,0,0,0,0,0,0,0,0,0,0,0,0,0,0,0,0,0,0,0,0,0,0,0,0,0,0,0,0,0,0,0,0,0,0,0,0,0,0,0,0,0,0,5,1,2,2,2,0,2,0,0,0,0,14
2009,Efficient multiple hyperparameter learning for log-linear models,"Do C.B., Foo C.-S., Ng A.Y.",,Advances in Neural Information Processing Systems 20 - Proceedings of the 2007 Conference,, ,0,0,0,0,0,0,0,0,0,0,0,0,0,0,0,0,0,0,0,0,0,0,0,0,0,0,0,0,0,0,0,0,0,0,0,0,0,0,0,0,1,0,2,0,0,0,1,6,3,1,0,0,0,14
2008,Learning to grasp novel objects using vision,"Saxena A., Driemeyer J., Kearns J., Osondu C., Ng A.Y.",16107438,Springer Tracts in Advanced Robotics,39, ,0,0,0,0,0,0,0,0,0,0,0,0,0,0,0,0,0,0,0,0,0,0,0,0,0,0,0,0,0,0,0,0,0,0,0,0,0,0,0,0,1,2,2,1,1,1,0,1,0,2,2,0,0,13
2006,GroupTime: Preference-based group scheduling,"Brzozowski M., Carattini K., Klemmer S.R., Mihelich P., Hu J., Ng A.Y.",,Conference on Human Factors in Computing Systems - Proceedings,2, ,0,0,0,0,0,0,0,0,0,0,0,0,0,0,0,0,0,0,0,0,0,0,0,0,0,0,0,0,0,0,0,0,0,0,0,0,0,0,1,1,1,2,1,0,0,1,1,1,2,1,1,0,0,13
2005,Online bounds for bayesian algorithms,"Kakade S.M., Ng A.Y.",10495258,Advances in Neural Information Processing Systems,, ,0,0,0,0,0,0,0,0,0,0,0,0,0,0,0,0,0,0,0,0,0,0,0,0,0,0,0,0,0,0,0,0,0,0,0,0,1,4,3,0,0,2,0,0,0,0,0,0,1,0,1,0,0,12
2013,Zero-shot learning through cross-modal transfer,"Socher R., Ganjoo M., Sridhar H., Bastani O., Manning C.D., Ng A.Y.",,"1st International Conference on Learning Representations, ICLR 2013 - Workshop Track Proceedings",, ,0,0,0,0,0,0,0,0,0,0,0,0,0,0,0,0,0,0,0,0,0,0,0,0,0,0,0,0,0,0,0,0,0,0,0,0,0,0,0,0,0,0,0,0,2,1,1,3,1,2,1,0,0,11
2007,Autonomous helicopter tracking and localization using a self-surveying camera array,"Matsuoka M., Chen A., Singh S.P.N., Coates A., Ng A.Y., Thrun S.",2783649,International Journal of Robotics Research,26,2,0,0,0,0,0,0,0,0,0,0,0,0,0,0,0,0,0,0,0,0,0,0,0,0,0,0,0,0,0,0,0,0,0,0,0,0,0,0,1,1,0,2,1,1,1,2,1,0,0,1,0,0,0,11
2010,A vision-based system for grasping novel objects in cluttered environments,"Saxena A., Wong L., Quigley M., Ng A.Y.",16107438,Springer Tracts in Advanced Robotics,66, ,0,0,0,0,0,0,0,0,0,0,0,0,0,0,0,0,0,0,0,0,0,0,0,0,0,0,0,0,0,0,0,0,0,0,0,0,0,0,0,0,0,0,0,0,0,3,1,0,2,1,3,0,0,10
1998,Applying online search techniques to continuous-state reinforcement learning,"Davies Scott, Ng Andrew Y., Moore Andrew",,Proceedings of the National Conference on Artificial Intelligence,, ,0,0,0,0,0,0,0,0,0,0,0,0,0,0,0,0,0,0,0,0,0,0,0,0,0,0,0,0,0,0,2,0,1,2,1,0,0,0,2,0,0,0,0,0,2,0,0,0,0,0,0,0,0,10
2009,i23 - Rapid Interactive 3D reconstruction from a single image,"Srivastava S., Saxena A., Theobalt C., Thrun S., Ng A.Y.",,"VMV 2009 - Proceedings of the Vision, Modeling, and Visualization Workshop 2009",, ,0,0,0,0,0,0,0,0,0,0,0,0,0,0,0,0,0,0,0,0,0,0,0,0,0,0,0,0,0,0,0,0,0,0,0,0,0,0,0,0,0,1,2,1,0,2,1,1,0,0,1,0,0,9
2009,Regularization and feature selection in least-squares temporal difference learning,"Kolter J.Z., Ng A.Y.",,ACM International Conference Proceeding Series,382, ,0,0,0,0,0,0,0,0,0,0,0,0,0,0,0,0,0,0,0,0,0,0,0,0,0,0,0,0,0,0,0,0,0,0,0,0,0,0,0,0,0,1,2,2,1,1,0,0,1,0,1,0,0,9
2008,Space-indexed dynamic programming: Learning to follow trajectories,"Kolter J.Z., Coates A., Ng A.Y., Gu Y., DuHadway C.",,Proceedings of the 25th International Conference on Machine Learning,, ,0,0,0,0,0,0,0,0,0,0,0,0,0,0,0,0,0,0,0,0,0,0,0,0,0,0,0,0,0,0,0,0,0,0,0,0,0,0,0,0,2,0,0,1,3,2,0,0,1,0,0,0,0,9
2019,Deep Learning-Assisted Diagnosis of Cerebral Aneurysms Using the HeadXNet Model,"Park A., Chute C., Rajpurkar P., Lou J., Ball R.L., Shpanskaya K., Jabarkheel R., Kim L.H., McKenna E., Tseng J., Ni J., Wishah F., Wittber F., Hong D.S., Wilson T.J., Halabi S., Basu S., Patel B.N., Lungren M.P., Ng A.Y., Yeom K.W.",25743805,JAMA network open,2,6,0,0,0,0,0,0,0,0,0,0,0,0,0,0,0,0,0,0,0,0,0,0,0,0,0,0,0,0,0,0,0,0,0,0,0,0,0,0,0,0,0,0,0,0,0,0,0,0,0,0,3,5,0,8
2006,Have we met? MDP based speaker ID for robot dialogue,"Krsmanovic F., Spencer C., Jurafsky D., Ng A.Y.",19909772,"Proceedings of the Annual Conference of the International Speech Communication Association, INTERSPEECH",1, ,0,0,0,0,0,0,0,0,0,0,0,0,0,0,0,0,0,0,0,0,0,0,0,0,0,0,0,0,0,0,0,0,0,0,0,0,0,0,3,0,0,2,1,1,0,0,1,0,0,0,0,0,0,8
2005,Learning factor graphs in polynomial time &amp; sample complexity,"Abbeel P., Koller D., Ng A.Y.",,"Proceedings of the 21st Conference on Uncertainty in Artificial Intelligence, UAI 2005",, ,0,0,0,0,0,0,0,0,0,0,0,0,0,0,0,0,0,0,0,0,0,0,0,0,0,0,0,0,0,0,0,0,0,0,0,0,0,2,1,0,1,1,0,0,0,1,0,0,1,0,0,0,0,7
2005,Learning first-order Markov models for control,"Abbeel P., Ng A.Y.",10495258,Advances in Neural Information Processing Systems,, ,0,0,0,0,0,0,0,0,0,0,0,0,0,0,0,0,0,0,0,0,0,0,0,0,0,0,0,0,0,0,0,0,0,0,0,0,2,0,1,0,0,1,0,0,0,0,1,1,0,1,0,0,0,7
2005,Stable adaptive control with online learning,"Ng A.Y., Kim H.J.",10495258,Advances in Neural Information Processing Systems,, ,0,0,0,0,0,0,0,0,0,0,0,0,0,0,0,0,0,0,0,0,0,0,0,0,0,0,0,0,0,0,0,0,0,0,0,0,1,0,0,0,0,1,0,0,1,0,0,1,1,1,1,0,0,7
2010,Policy search via the signed derivative,"Kolter J.Z., Ng A.Y.",23307668,Robotics: Science and Systems,5, ,0,0,0,0,0,0,0,0,0,0,0,0,0,0,0,0,0,0,0,0,0,0,0,0,0,0,0,0,0,0,0,0,0,0,0,0,0,0,0,0,0,1,1,1,1,0,1,1,0,0,0,0,0,6
2005,On local rewards and scaling distributed reinforcement learning,"Bagnell J.A., Ng A.Y.",10495258,Advances in Neural Information Processing Systems,, ,0,0,0,0,0,0,0,0,0,0,0,0,0,0,0,0,0,0,0,0,0,0,0,0,0,0,0,0,0,0,0,0,0,0,0,0,0,0,1,0,0,0,1,0,0,0,0,0,2,1,1,0,0,6
2000,Approximate inference algorithms for two-layer Bayesian networks,"Ng A.Y., Jordan M.I.",10495258,Advances in Neural Information Processing Systems,, ,0,0,0,0,0,0,0,0,0,0,0,0,0,0,0,0,0,0,0,0,0,0,0,0,0,0,0,0,0,0,0,0,0,0,1,1,1,0,0,0,1,1,0,0,0,1,0,0,0,0,0,0,0,6
2009,"Guest editorial: Special issue on robot learning, Part A","Peters J., Ng A.Y.",9295593,Autonomous Robots,27,1,0,0,0,0,0,0,0,0,0,0,0,0,0,0,0,0,0,0,0,0,0,0,0,0,0,0,0,0,0,0,0,0,0,0,0,0,0,0,0,0,0,0,0,1,0,1,0,1,1,0,0,0,0,4
2007,Portable GPS baseband logging,"Quigley M., Abbeel P., De Lorenzo D., Gu Y., Sara Bolouki, Akos D., Ng A.Y.",,20th International Technical Meeting of the Satellite Division of The Institute of Navigation 2007 ION GNSS 2007,2, ,0,0,0,0,0,0,0,0,0,0,0,0,0,0,0,0,0,0,0,0,0,0,0,0,0,0,0,0,0,0,0,0,0,0,0,0,0,0,0,2,0,0,1,0,0,0,1,0,0,0,0,0,0,4
2008,Learning omnidirectional path following using dimensionality reduction,"Kolter J.Z., Ng A.Y.",23307668,Robotics: Science and Systems,3, ,0,0,0,0,0,0,0,0,0,0,0,0,0,0,0,0,0,0,0,0,0,0,0,0,0,0,0,0,0,0,0,0,0,0,0,0,0,0,0,0,0,2,0,0,0,0,0,0,0,0,0,1,0,3
2006,Reinforcement learning and apprenticeship learning for robotic control,Ng A.Y.,3029743,Lecture Notes in Computer Science (including subseries Lecture Notes in Artificial Intelligence and Lecture Notes in Bioinformatics),4264, ,0,0,0,0,0,0,0,0,0,0,0,0,0,0,0,0,0,0,0,0,0,0,0,0,0,0,0,0,0,0,0,0,0,0,0,0,0,0,0,0,0,0,2,0,1,0,0,0,0,0,0,0,0,3
2019,Data noising as smoothing in neural network language models,"Xie Z., Wang S.I., Li J., Levy D., Nie A., Jurafsky D., Ng A.Y.",,"5th International Conference on Learning Representations, ICLR 2017 - Conference Track Proceedings",, ,0,0,0,0,0,0,0,0,0,0,0,0,0,0,0,0,0,0,0,0,0,0,0,0,0,0,0,0,0,0,0,0,0,0,0,0,0,0,0,0,0,0,0,0,0,0,0,0,0,0,2,0,0,2
2018,Noising and denoising natural language: Diverse backtranslation for grammar correction,"Xie Z., Genthial G., Xie S., Ng A.Y., Jurafsky D.",,NAACL HLT 2018 - 2018 Conference of the North American Chapter of the Association for Computational Linguistics: Human Language Technologies - Proceedings of the Conference,1, ,0,0,0,0,0,0,0,0,0,0,0,0,0,0,0,0,0,0,0,0,0,0,0,0,0,0,0,0,0,0,0,0,0,0,0,0,0,0,0,0,0,0,0,0,0,0,0,0,0,0,2,0,0,2
2009,A majorization-minimization algorithm for (multiple) hyperparameter learning,"Foo C.-S., Do C.B., Ng A.Y.",,ACM International Conference Proceeding Series,382, ,0,0,0,0,0,0,0,0,0,0,0,0,0,0,0,0,0,0,0,0,0,0,0,0,0,0,0,0,0,0,0,0,0,0,0,0,0,0,0,0,0,0,0,0,0,0,0,1,1,0,0,0,0,2
2009,Near-bayesian exploration in polynomial time,"Kolter J.Z., Ng A.Y.",,ACM International Conference Proceeding Series,382, ,0,0,0,0,0,0,0,0,0,0,0,0,0,0,0,0,0,0,0,0,0,0,0,0,0,0,0,0,0,0,0,0,0,0,0,0,0,0,0,0,0,0,0,0,0,0,0,0,0,2,0,0,0,2
2019,"Publisher Correction: Cardiologist-level arrhythmia detection and classification in ambulatory electrocardiograms using a deep neural network (Nature Medicine, (2019), 25, 1, (65-69), 10.1038/s41591-018-0268-3)","Hannun A.Y., Rajpurkar P., Haghpanahi M., Tison G.H., Bourn C., Turakhia M.P., Ng A.Y.",10788956,Nature Medicine,25,3,0,0,0,0,0,0,0,0,0,0,0,0,0,0,0,0,0,0,0,0,0,0,0,0,0,0,0,0,0,0,0,0,0,0,0,0,0,0,0,0,0,0,0,0,0,0,0,0,0,0,1,0,0,1
2006,Autonomous helicopter tracking and localization using a self-surveying camera array,"Matsuoka M., Chen A., Singh S.P.N., Coates A., Ng A.Y., Thrun S.",16107438,Springer Tracts in Advanced Robotics,25, ,0,0,0,0,0,0,0,0,0,0,0,0,0,0,0,0,0,0,0,0,0,0,0,0,0,0,0,0,0,0,0,0,0,0,0,0,0,0,0,0,0,0,0,0,0,1,0,0,0,0,0,0,0,1
2020,AppendiXNet: Deep Learning for Diagnosis of Appendicitis from A Small Dataset of CT Exams Using Video Pretraining,"Rajpurkar P., Park A., Irvin J., Chute C., Bereket M., Mastrodicasa D., Langlotz C.P., Lungren M.P., Ng A.Y., Patel B.N.",20452322,Scientific Reports,10,1,0,0,0,0,0,0,0,0,0,0,0,0,0,0,0,0,0,0,0,0,0,0,0,0,0,0,0,0,0,0,0,0,0,0,0,0,0,0,0,0,0,0,0,0,0,0,0,0,0,0,0,0,0,0
2020,A graphical framework for contextual search and name disambiguation in email,"Minkov E., Cohen W.W., Ng A.Y.",,Proceedings of TextGraphs: The 1st Workshop on Graph-Based Methods for Natural Language Processing,, ,0,0,0,0,0,0,0,0,0,0,0,0,0,0,0,0,0,0,0,0,0,0,0,0,0,0,0,0,0,0,0,0,0,0,0,0,0,0,0,0,0,0,0,0,0,0,0,0,0,0,0,0,0,0
2019,Ambulatory atrial fibrillation monitoring using wearable photoplethysmography with deep learning,"Shen Y., Voisin M., Aliamiri A., Avati A., Hannun A., Ng A.",,Proceedings of the ACM SIGKDD International Conference on Knowledge Discovery and Data Mining,, ,0,0,0,0,0,0,0,0,0,0,0,0,0,0,0,0,0,0,0,0,0,0,0,0,0,0,0,0,0,0,0,0,0,0,0,0,0,0,0,0,0,0,0,0,0,0,0,0,0,0,0,0,0,0
2019,Clinical Value of Predicting Individual Treatment Effects for Intensive Blood Pressure Therapy: A Machine Learning Experiment to Estimate Treatment Effects from Randomized Trial Data,"Duan T., Rajpurkar P., Laird D., Ng A.Y., Basu S.",19417713,Circulation: Cardiovascular Quality and Outcomes,12,3,0,0,0,0,0,0,0,0,0,0,0,0,0,0,0,0,0,0,0,0,0,0,0,0,0,0,0,0,0,0,0,0,0,0,0,0,0,0,0,0,0,0,0,0,0,0,0,0,0,0,0,0,0,0
2019,Countdown regression: Sharp and calibrated survival predictions,"Avati A., Duan T., Zhou S., Jung K., Shah N.H., Ng A.Y.",,"35th Conference on Uncertainty in Artificial Intelligence, UAI 2019",, ,0,0,0,0,0,0,0,0,0,0,0,0,0,0,0,0,0,0,0,0,0,0,0,0,0,0,0,0,0,0,0,0,0,0,0,0,0,0,0,0,0,0,0,0,0,0,0,0,0,0,0,0,0,0
2014,Deep learning for class-generic object detection,"Huval B., Coates A., Ng A.",,"2nd International Conference on Learning Representations, ICLR 2014 - Workshop Track Proceedings",, ,0,0,0,0,0,0,0,0,0,0,0,0,0,0,0,0,0,0,0,0,0,0,0,0,0,0,0,0,0,0,0,0,0,0,0,0,0,0,0,0,0,0,0,0,0,0,0,0,0,0,0,0,0,0
2011,Large-scale learning for vision with GPUs,"Coates A., Raina R., Ng A.Y.",,Scaling up Machine Learning: Parallel and Distributed Approaches,9.78052E+12, ,0,0,0,0,0,0,0,0,0,0,0,0,0,0,0,0,0,0,0,0,0,0,0,0,0,0,0,0,0,0,0,0,0,0,0,0,0,0,0,0,0,0,0,0,0,0,0,0,0,0,0,0,0,0
2010,Low-cost manipulation powered by ROS,"Quigley M., Asbeck A., Ng A.Y.",,AAAI Workshop - Technical Report,WS-10-09, ,0,0,0,0,0,0,0,0,0,0,0,0,0,0,0,0,0,0,0,0,0,0,0,0,0,0,0,0,0,0,0,0,0,0,0,0,0,0,0,0,0,0,0,0,0,0,0,0,0,0,0,0,0,0
2009,OpenArms: Towards low-cost robotic manipulation,"Quigley M., Brewer R., Ng A.Y.",,AAAI Workshop - Technical Report,WS-09-02, ,0,0,0,0,0,0,0,0,0,0,0,0,0,0,0,0,0,0,0,0,0,0,0,0,0,0,0,0,0,0,0,0,0,0,0,0,0,0,0,0,0,0,0,0,0,0,0,0,0,0,0,0,0,0
2009,"Guest editorial: Special issue on robot learning, Part B","Peters J., Ng A.Y.",9295593,Autonomous Robots,27,2,0,0,0,0,0,0,0,0,0,0,0,0,0,0,0,0,0,0,0,0,0,0,0,0,0,0,0,0,0,0,0,0,0,0,0,0,0,0,0,0,0,0,0,0,0,0,0,0,0,0,0,0,0,0
2006,Autonomous helicopter tracking and localization using a self-surveying camera array,"Matsuoka M., Chen A., Singh S.P.N., Coates A., Ng A.Y., Thrun S.",16107438,Springer Tracts in Advanced Robotics,25, ,0,0,0,0,0,0,0,0,0,0,0,0,0,0,0,0,0,0,0,0,0,0,0,0,0,0,0,0,0,0,0,0,0,0,0,0,0,0,0,0,0,0,0,0,0,0,0,0,0,0,0,0,0,0
2006,Reinforcement learning and apprenticeship learning for robotic control,"Ng A., Abbeel P., Coates A., Saxena A., Kolter J., Lee H., Shen Y., Driemeyer J., Kearns J., Osondu C.",3029743,Lecture Notes in Computer Science (including subseries Lecture Notes in Artificial Intelligence and Lecture Notes in Bioinformatics),4265, ,0,0,0,0,0,0,0,0,0,0,0,0,0,0,0,0,0,0,0,0,0,0,0,0,0,0,0,0,0,0,0,0,0,0,0,0,0,0,0,0,0,0,0,0,0,0,0,0,0,0,0,0,0,0
2005,The First Conference on E-mail and Anti-spam,"Heckerman D., Berson T., Goodman J., Ng A.",7384602,AI Magazine,26,1,0,0,0,0,0,0,0,0,0,0,0,0,0,0,0,0,0,0,0,0,0,0,0,0,0,0,0,0,0,0,0,0,0,0,0,0,0,0,0,0,0,0,0,0,0,0,0,0,0,0,0,0,0,0
