," 作者:Perrig, Adrian",,,,,,,,,,,,,,,,,,,,,,,,,,,,,,,,,,,,,,,,,,,,,,,,,,,,,,,,,,,
,,,,,,,,,,,,,,,,,,,,,,,,,,,,,,,,,,,,,,,,,,,,,,,,,,,,,,,,,,,,
,h-index = 69 (在纳入 h-Index 的 258 文献中，有 69 篇已被至少引用 69 次。),,,,,,,,,,,,,,,,,,,,,,,,,,,,,,,,,,,,,,,,,,,,,,,,,,,,,,,,,,,
,,,,,,,,,,,,,,,,,,,,,,,,,,,,,,,,,,,,,,,,,,,,,,,,,,,,,,,,,,,,
,,,,,,,,,,,,,,,,,,,,,,,,,,,,,,,,,,,,,,,,,,,,,,,,,,,,,,,,,,,,
,,,,,,,<1970,1970,1971,1972,1973,1974,1975,1976,1977,1978,1979,1980,1981,1982,1983,1984,1985,1986,1987,1988,1989,1990,1991,1992,1993,1994,1995,1996,1997,1998,1999,2000,2001,2002,2003,2004,2005,2006,2007,2008,2009,2010,2011,2012,2013,2014,2015,2016,2017,2018,2019,2020,>2020,总计
出版年份,文献标题,作者,ISSN,期刊标题,卷,期,0,0,0,0,0,0,0,0,0,0,0,0,0,0,0,0,0,0,0,0,0,0,0,0,2,0,0,0,0,0,0,0,32,87,324,587,1078,1411,1623,1725,1793,2025,2004,1850,1978,1848,1823,1931,1727,1798,1719,410,0,27775
2000,Practical techniques for searches on encrypted data,"Song Dawn Xiaodong, Wagner David, Perrig Adrian",10637109,Proceedings of the IEEE Computer Society Symposium on Research in Security and Privacy,, ,0,0,0,0,0,0,0,0,0,0,0,0,0,0,0,0,0,0,0,0,0,0,0,0,0,0,0,0,0,0,0,0,0,3,8,16,21,24,37,28,27,39,60,77,103,159,164,205,215,257,286,77,0,1806
2002,SPINS: Security protocols for sensor networks,"Perrig A., Szewczyk R., Tygar J.D., Wen V., Culler D.E.",10220038,Wireless Networks,8,5,0,0,0,0,0,0,0,0,0,0,0,0,0,0,0,0,0,0,0,0,0,0,0,0,1,0,0,0,0,0,0,0,0,0,21,27,51,87,122,134,143,167,145,126,152,112,118,101,100,79,79,21,0,1786
2003,Random key predistribution schemes for sensor networks,"Chan H., Perrig A., Song D.",10637109,Proceedings of the IEEE Computer Society Symposium on Research in Security and Privacy,, ,0,0,0,0,0,0,0,0,0,0,0,0,0,0,0,0,0,0,0,0,0,0,0,0,0,0,0,0,0,0,0,0,0,0,6,32,87,135,158,155,158,172,106,119,115,76,74,55,55,43,40,15,0,1601
2001,SPINS: Security protocols for sensor networks,"Perrig A., Szewczyk R., Wen V., Culler D., Tygar J.D.",,"Proceedings of the Annual International Conference on Mobile Computing and Networking, MOBICOM",, ,0,0,0,0,0,0,0,0,0,0,0,0,0,0,0,0,0,0,0,0,0,0,0,0,0,0,0,0,0,0,0,0,1,13,42,65,106,132,110,134,97,100,86,56,60,30,31,35,15,15,18,2,0,1148
2003,Packet leashes: A defense against wormhole attacks in wireless networks,"Hu Y.-C., Perrig A., Johnson D.B.",0743166X,Proceedings - IEEE INFOCOM,3, ,0,0,0,0,0,0,0,0,0,0,0,0,0,0,0,0,0,0,0,0,0,0,0,0,0,0,0,0,0,0,0,0,0,0,14,31,61,82,84,72,84,91,81,77,58,52,51,54,48,43,30,13,0,1026
2002,Ariadne: A secure on-demand routing protocol for ad hoc networks,"Hu Y.-C., Perrig A., Johnson D.B.",,"Proceedings of the Annual International Conference on Mobile Computing and Networking, MOBICOM",, ,0,0,0,0,0,0,0,0,0,0,0,0,0,0,0,0,0,0,0,0,0,0,0,0,0,0,0,0,0,0,0,0,0,2,49,79,126,121,133,73,74,71,64,53,30,28,25,36,13,15,8,3,0,1003
2004,Security in wireless sensor networks,"Perrig A., Stankovic J., Wagner D.",10782,Communications of the ACM,47,6,0,0,0,0,0,0,0,0,0,0,0,0,0,0,0,0,0,0,0,0,0,0,0,0,0,0,0,0,0,0,0,0,0,0,0,4,34,59,75,71,71,86,69,61,67,60,70,66,54,47,53,11,0,958
2004,The Sybil attack in sensor networks: Analysis &amp; defenses,"Newsome J., Shi E., Song D., Perrig A.",,"Third International Symposium on Information Processing in Sensor Networks, IPSN 2004",, ,0,0,0,0,0,0,0,0,0,0,0,0,0,0,0,0,0,0,0,0,0,0,0,0,0,0,0,0,0,0,0,0,0,0,0,4,23,51,52,47,57,80,59,61,67,54,60,53,49,47,55,17,0,836
2000,Efficient authentication and signing of multicast streams over lossy channels,"Perrig A., Canetti R., Tygar J.D., Song D.",10637109,Proceedings of the IEEE Computer Society Symposium on Research in Security and Privacy,, ,0,0,0,0,0,0,0,0,0,0,0,0,0,0,0,0,0,0,0,0,0,0,0,0,0,0,0,0,0,0,0,0,6,14,38,28,61,55,52,41,52,43,34,38,28,41,27,25,30,25,27,4,0,669
2003,Random key predistribution schemes for sensor networks,"Chan H., Perrig A., Song D.",10816011,Proceedings - IEEE Symposium on Security and Privacy,2003-, ,0,0,0,0,0,0,0,0,0,0,0,0,0,0,0,0,0,0,0,0,0,0,0,0,0,0,0,0,0,0,0,0,0,0,7,21,41,43,50,74,46,36,41,37,44,39,25,39,41,27,28,13,0,652
2002,SEAD: Secure efficient distance vector routing for mobile wireless ad hoc networks,"Hu Y.-C., Johnson D.B., Perrig A.",,"Proceedings - 4th IEEE Workshop on Mobile Computing Systems and Applications, WMCSA 2002",, ,0,0,0,0,0,0,0,0,0,0,0,0,0,0,0,0,0,0,0,0,0,0,0,0,0,0,0,0,0,0,0,0,0,5,30,49,61,57,64,37,38,45,40,29,26,18,23,23,9,8,13,3,0,578
2001,Advanced and authenticated marking schemes for IP traceback,"Song D.X., Perrig A.",0743166X,Proceedings - IEEE INFOCOM,2, ,0,0,0,0,0,0,0,0,0,0,0,0,0,0,0,0,0,0,0,0,0,0,0,0,0,0,0,0,0,0,0,0,10,18,39,51,67,54,47,35,37,30,27,23,21,21,21,22,10,21,10,5,0,569
2012,Cyber-physical security of a smart grid infrastructure,"Mo Y., Kim T.H.-J., Brancik K., Dickinson D., Lee H., Perrig A., Sinopoli B.",189219,Proceedings of the IEEE,100,1,0,0,0,0,0,0,0,0,0,0,0,0,0,0,0,0,0,0,0,0,0,0,0,0,0,0,0,0,0,0,0,0,0,0,0,0,0,0,0,0,0,0,0,13,29,40,62,61,101,105,125,20,0,556
2005,Distributed detection of node replication attacks in sensor networks,"Parno B., Perrig A., Gligor V.",10816011,Proceedings - IEEE Symposium on Security and Privacy,, ,0,0,0,0,0,0,0,0,0,0,0,0,0,0,0,0,0,0,0,0,0,0,0,0,0,0,0,0,0,0,0,0,0,0,0,0,1,13,29,27,33,42,35,42,46,44,35,27,27,29,23,12,0,465
2003,SIA: Secure information aggregation in sensor networks,"Przydatek B., Song D., Perrig A.",,SenSys'03: Proceedings of the First International Conference on Embedded Networked Sensor Systems,, ,0,0,0,0,0,0,0,0,0,0,0,0,0,0,0,0,0,0,0,0,0,0,0,0,0,0,0,0,0,0,0,0,0,0,0,7,19,36,39,51,37,45,37,31,38,28,24,27,13,15,9,3,0,459
2000,Déjà Vu: A user study using images for authentication,"Dhamija R., Perrig A.",,Proceedings of the 9th USENIX Security Symposium,, ,0,0,0,0,0,0,0,0,0,0,0,0,0,0,0,0,0,0,0,0,0,0,0,0,0,0,0,0,0,0,0,0,2,6,1,14,18,12,15,31,32,31,34,29,28,41,23,22,32,29,26,9,0,435
2005,Ariadne: A secure on-demand routing protocol for ad hoc networks,"Hu Y.-C., Perrig A., Johnson D.B.",10220038,Wireless Networks,11, 1-2,0,0,0,0,0,0,0,0,0,0,0,0,0,0,0,0,0,0,0,0,0,0,0,0,0,0,0,0,0,0,0,0,0,0,0,0,0,3,17,25,35,46,40,32,41,37,37,34,28,27,23,4,0,429
2004,SWATT: SoftWare-based ATTestation for embedded devices,"Seshadri A., Perrig A., Van Doom L., Khosla P.",,Proceedings - IEEE Symposium on Security and Privacy,2004, ,0,0,0,0,0,0,0,0,0,0,0,0,0,0,0,0,0,0,0,0,0,0,0,0,0,0,0,0,0,0,0,0,0,0,0,3,12,13,18,16,26,43,35,30,28,18,22,35,21,27,30,5,0,382
2004,Designing secure sensor networks,"Shi E., Perrig A.",15361284,IEEE Wireless Communications,11,6,0,0,0,0,0,0,0,0,0,0,0,0,0,0,0,0,0,0,0,0,0,0,0,0,0,0,0,0,0,0,0,0,0,0,0,0,7,30,22,29,25,19,27,24,29,20,32,22,18,29,25,8,0,366
2004,Tree-based group key agreement,"Kim Y., Perrig A., Tsudik G.",10949224,ACM Transactions on Information and System Security,7,1,0,0,0,0,0,0,0,0,0,0,0,0,0,0,0,0,0,0,0,0,0,0,0,0,0,0,0,0,0,0,0,0,0,0,0,2,22,24,31,41,32,34,22,19,32,20,20,22,14,11,11,6,0,363
2007,Multi-Dimensional Range Query over Encrypted Data,"Shi E., Bethencourt J., Chan T.-H.H., Song D., Perrig A.",10816011,Proceedings - IEEE Symposium on Security and Privacy,, ,0,0,0,0,0,0,0,0,0,0,0,0,0,0,0,0,0,0,0,0,0,0,0,0,0,0,0,0,0,0,0,0,0,0,0,0,0,0,2,7,12,16,23,25,38,39,40,43,49,39,24,2,0,359
2006,Wormhole attacks in wireless networks,"Hu Y.-C., Perrig A.",7338716,IEEE Journal on Selected Areas in Communications,24,2,0,0,0,0,0,0,0,0,0,0,0,0,0,0,0,0,0,0,0,0,0,0,0,0,0,0,0,0,0,0,0,0,0,0,0,0,0,3,7,14,16,26,42,30,27,35,39,34,30,27,19,7,0,356
2004,A survey of secure wireless ad hoc routing,"Hu Y.-C., Perrig A.",15407993,IEEE Security and Privacy,2,3,0,0,0,0,0,0,0,0,0,0,0,0,0,0,0,0,0,0,0,0,0,0,0,0,0,0,0,0,0,0,0,0,0,0,0,2,12,25,35,28,31,38,37,29,14,25,15,24,12,15,10,3,0,355
2000,Simple and fault-tolerant key agreement for dynamic collaborative groups,"Kim Y., Perrig A., Tsudik G.",,Proceedings of the ACM Conference on Computer and Communications Security,, ,0,0,0,0,0,0,0,0,0,0,0,0,0,0,0,0,0,0,0,0,0,0,0,0,0,0,0,0,0,0,0,0,6,9,21,34,34,29,38,30,28,16,28,14,14,12,8,14,7,8,4,1,0,355
2003,Security and privacy in sensor networks,"Chan H., Perrig A.",189162,Computer,36,10,0,0,0,0,0,0,0,0,0,0,0,0,0,0,0,0,0,0,0,0,0,0,0,0,0,0,0,0,0,0,0,0,0,0,0,3,16,22,23,29,29,29,18,28,27,21,22,32,25,17,10,2,0,353
2010,Trust visor: Efficient TCB reduction and attestation,"McCune J.M., Li Y., Qu N., Zhou Z., Datta A., Gligor V., Perrig A.",10816011,Proceedings - IEEE Symposium on Security and Privacy,, ,0,0,0,0,0,0,0,0,0,0,0,0,0,0,0,0,0,0,0,0,0,0,0,0,0,0,0,0,0,0,0,0,0,0,0,0,0,0,0,0,0,7,34,37,44,40,38,37,42,32,38,3,0,352
2003,Rushing Attacks and Defense in Wireless Ad Hoc Network Routing Protocols,"Hu Y.-C., Perrig A., Johnson D.B.",,Proceedings of the Workshop on Wireless Security,, ,0,0,0,0,0,0,0,0,0,0,0,0,0,0,0,0,0,0,0,0,0,0,0,0,0,0,0,0,0,0,0,0,0,0,1,11,28,38,20,25,20,36,29,16,21,17,21,16,15,10,5,2,0,331
2003,SEAD: Secure efficient distance vector routing for mobile wireless ad hoc networks,"Hu Y.-C., Johnson D.B., Perrig A.",15708705,Ad Hoc Networks,1,1,0,0,0,0,0,0,0,0,0,0,0,0,0,0,0,0,0,0,0,0,0,0,0,0,0,0,0,0,0,0,0,0,0,0,0,4,8,13,19,22,22,19,20,23,30,25,24,22,17,14,15,2,0,299
2005,PIKE: Peer intermediaries for key establishment in sensor networks,"Chan H., Perrig A.",0743166X,Proceedings - IEEE INFOCOM,1, ,0,0,0,0,0,0,0,0,0,0,0,0,0,0,0,0,0,0,0,0,0,0,0,0,0,0,0,0,0,0,0,0,0,0,0,0,8,23,35,26,23,28,23,21,14,27,11,13,7,12,7,4,0,282
2005,Seeing-is-believing: Using camera phones for human-verifiable authentication,"McCune J.M., Perrig A., Reiter M.K.",10816011,Proceedings - IEEE Symposium on Security and Privacy,, ,0,0,0,0,0,0,0,0,0,0,0,0,0,0,0,0,0,0,0,0,0,0,0,0,0,0,0,0,0,0,0,0,0,0,0,0,4,10,24,25,35,20,26,17,20,23,16,28,7,7,11,4,0,277
2008,Flicker: An execution infrastructure for tcb minimization,"McCune J.M., Parno B.J., Perrig A., Reiter M.K., Isozaki H.",,EuroSys'08 - Proceedings of the EuroSys 2008 Conference,, ,0,0,0,0,0,0,0,0,0,0,0,0,0,0,0,0,0,0,0,0,0,0,0,0,0,0,0,0,0,0,0,0,0,0,0,0,0,0,0,7,14,22,37,35,36,21,31,28,19,8,15,2,0,275
2001,"ELK, a new protocol for efficient large-group key distribution","Perrig A., Song D., Tygar J.D.",10637109,Proceedings of the IEEE Computer Society Symposium on Research in Security and Privacy,, ,0,0,0,0,0,0,0,0,0,0,0,0,0,0,0,0,0,0,0,0,0,0,0,0,0,0,0,0,0,0,0,0,1,7,20,27,24,25,23,22,13,21,18,14,12,7,5,7,6,4,5,1,0,262
2007,MiniSec: A secure sensor network communication architecture,"Luk M., Mezzour G., Perrig A., Gligor V.",,IPSN 2007: Proceedings of the Sixth International Symposium on Information Processing in Sensor Networks,, ,0,0,0,0,0,0,0,0,0,0,0,0,0,0,0,0,0,0,0,0,0,0,0,0,0,0,0,0,0,0,0,0,0,0,0,0,0,0,7,20,26,25,29,20,27,24,19,17,15,10,8,4,0,251
2007,SecVisor: A tiny hypervisor to provide lifetime kernel code integrity for commodity OSes,"Seshadri A., Luk M., Qu N., Perrig A.",1635980,Operating Systems Review (ACM),, ,0,0,0,0,0,0,0,0,0,0,0,0,0,0,0,0,0,0,0,0,0,0,0,0,0,0,0,0,0,0,0,0,0,0,0,0,0,0,0,8,18,25,23,26,25,23,20,15,18,17,23,5,0,246
2006,Secure hierarchical in-network aggregation in sensor networks,"Chan H., Perrig A., Song D.",15437221,Proceedings of the ACM Conference on Computer and Communications Security,, ,0,0,0,0,0,0,0,0,0,0,0,0,0,0,0,0,0,0,0,0,0,0,0,0,0,0,0,0,0,0,0,0,0,0,0,0,0,0,12,23,25,27,32,26,20,16,21,13,6,10,5,2,0,238
2004,SIFF: A stateless internet flow filter to mitigate DDoS flooding attacks,"Yaar A., Perrig A., Song D.",,Proceedings - IEEE Symposium on Security and Privacy,2004, ,0,0,0,0,0,0,0,0,0,0,0,0,0,0,0,0,0,0,0,0,0,0,0,0,0,0,0,0,0,0,0,0,0,0,0,5,12,15,19,16,23,15,20,11,18,16,8,13,7,9,10,2,0,219
2001,The BiBa one-time signature and broadcast authentication protocol,Perrig A.,,Proceedings of the ACM Conference on Computer and Communications Security,, ,0,0,0,0,0,0,0,0,0,0,0,0,0,0,0,0,0,0,0,0,0,0,0,0,0,0,0,0,0,0,0,0,0,2,8,15,15,20,17,16,9,13,17,16,19,6,7,7,7,9,9,0,0,212
2004,ACE: An emergent algorithm for highly uniform cluster formation,"Chan H., Perrig A.",3029743,Lecture Notes in Computer Science (including subseries Lecture Notes in Artificial Intelligence and Lecture Notes in Bioinformatics),2920, ,0,0,0,0,0,0,0,0,0,0,0,0,0,0,0,0,0,0,0,0,0,0,0,0,0,0,0,0,0,0,0,0,0,0,0,2,6,11,8,9,19,19,24,21,17,7,16,17,7,6,6,4,0,199
2007,An inquiry into the nature and causes of the wealth of internet miscreants,"Franklin J., Paxson V., Perrig A., Savage S.",15437221,Proceedings of the ACM Conference on Computer and Communications Security,, ,0,0,0,0,0,0,0,0,0,0,0,0,0,0,0,0,0,0,0,0,0,0,0,0,0,0,0,0,0,0,0,0,0,0,0,0,0,0,0,14,21,23,25,23,22,15,11,13,11,8,11,0,0,197
2005,BIND: A fine-grained attestation service for secure distributed systems,"Shi E., Perrig A., Van Doom L.",10816011,Proceedings - IEEE Symposium on Security and Privacy,, ,0,0,0,0,0,0,0,0,0,0,0,0,0,0,0,0,0,0,0,0,0,0,0,0,0,0,0,0,0,0,0,0,0,0,0,0,3,15,12,21,16,26,35,9,15,11,6,6,2,12,5,1,0,195
2012,ACCessory: Password inference using accelerometers on smartphones,"Owusu E., Han J., Das S., Perrig A., Zhang J.",,HotMobile 2012 - 13th Workshop on Mobile Computing Systems and Applications,, ,0,0,0,0,0,0,0,0,0,0,0,0,0,0,0,0,0,0,0,0,0,0,0,0,0,0,0,0,0,0,0,0,0,0,0,0,0,0,0,0,0,0,0,6,14,12,26,26,29,45,29,5,0,192
2007,SecVisor: A tiny hypervisor to provide lifetime kernel code integrity for commodity OSes,"Seshadri A., Luk M., Qu N., Perrig A.",,SOSP'07 - Proceedings of 21st ACM SIGOPS Symposium on Operating Systems Principles,, ,0,0,0,0,0,0,0,0,0,0,0,0,0,0,0,0,0,0,0,0,0,0,0,0,0,0,0,0,0,0,0,0,0,0,0,0,0,0,0,9,10,20,21,25,17,17,20,21,9,9,12,0,0,190
2005,Pioneer: Verifying code integrity and enforcing untampered code execution on legacy systems,"Seshadri A., Luk M., Shi E., Perrig A., Van Doorn L., Khosla P.",,"Proceedings of the 20th ACM Symposium on Operating Systems Principles, SOSP 2005",, ,0,0,0,0,0,0,0,0,0,0,0,0,0,0,0,0,0,0,0,0,0,0,0,0,0,0,0,0,0,0,0,0,0,0,0,0,0,5,10,15,12,21,14,10,13,14,15,19,8,14,10,3,0,183
2004,Key infection: Smart trust for smart dust,"Anderson R., Chan H., Perrig A.",10921648,"Proceedings - International Conference on Network Protocols, ICNP",, ,0,0,0,0,0,0,0,0,0,0,0,0,0,0,0,0,0,0,0,0,0,0,0,0,0,0,0,0,0,0,0,0,0,0,0,0,5,26,18,12,15,16,13,12,9,11,8,10,6,8,8,1,0,178
2009,"TACKing together efficient authentication, revocation, and privacy in VANETs","Studer A., Shi E., Bai F., Perrig A.",,"2009 6th Annual IEEE Communications Society Conference on Sensor, Mesh and Ad Hoc Communications and Networks, SECON 2009",, ,0,0,0,0,0,0,0,0,0,0,0,0,0,0,0,0,0,0,0,0,0,0,0,0,0,0,0,0,0,0,0,0,0,0,0,0,0,0,0,0,1,8,18,20,23,11,16,18,10,18,16,6,0,165
2005,FIT: Fast Internet traceback,"Yaar A., Perrig A., Song D.",0743166X,Proceedings - IEEE INFOCOM,2, ,0,0,0,0,0,0,0,0,0,0,0,0,0,0,0,0,0,0,0,0,0,0,0,0,0,0,0,0,0,0,0,0,0,0,0,0,6,14,16,15,19,9,10,10,12,12,6,11,4,11,5,0,0,160
2008,Secure wireless communications: Secret keys through multipath,"Sayeed A., Perrig A.",15206149,"ICASSP, IEEE International Conference on Acoustics, Speech and Signal Processing - Proceedings",, ,0,0,0,0,0,0,0,0,0,0,0,0,0,0,0,0,0,0,0,0,0,0,0,0,0,0,0,0,0,0,0,0,0,0,0,0,0,0,0,0,10,11,9,13,10,15,22,19,17,11,16,4,0,157
2008,Flicker: An execution infrastructure for TCB minimization,"McCune J.M., Parno B.J., Perrig A., Reiter M.K., Isozaki H.",1635980,Operating Systems Review (ACM),42,4,0,0,0,0,0,0,0,0,0,0,0,0,0,0,0,0,0,0,0,0,0,0,0,0,0,0,0,0,0,0,0,0,0,0,0,0,0,0,0,0,3,7,4,4,10,24,10,15,31,25,23,1,0,157
2001,Athena: A novel approach to efficient automatic security protocol analysis,"Song D.X., Berezin S., Perrig A.",0926227X,Journal of Computer Security,9, 1-2,0,0,0,0,0,0,0,0,0,0,0,0,0,0,0,0,0,0,0,0,0,0,0,0,0,0,0,0,0,0,0,0,0,5,8,7,13,17,8,14,14,13,9,11,6,8,5,2,1,2,1,0,0,144
2006,SCUBA: Secure Code Update by Attestation in sensor networks,"Seshadri A., Luk M., Perrig A., Van Doorn L., Khosla P.",,WiSE 2006 - Proceedings of the 5th ACM Workshop on Wireless Security,2006, ,0,0,0,0,0,0,0,0,0,0,0,0,0,0,0,0,0,0,0,0,0,0,0,0,0,0,0,0,0,0,0,0,0,0,0,0,0,0,3,8,7,8,15,10,9,10,10,20,13,15,15,0,0,143
2003,Pi: A path identification mechanism to defend against DDoS attacks,"Yaar A., Perrig A., Song D.",10637109,Proceedings of the IEEE Computer Society Symposium on Research in Security and Privacy,, ,0,0,0,0,0,0,0,0,0,0,0,0,0,0,0,0,0,0,0,0,0,0,0,0,0,0,0,0,0,0,0,0,0,0,1,6,12,6,16,10,11,9,10,8,8,10,5,9,9,6,3,1,0,140
2005,On the distribution and revocation of cryptographic keys in sensor networks,"Chan H., Gligor V.D., Perrig A., Muralidharan G.",15455971,IEEE Transactions on Dependable and Secure Computing,2,3,0,0,0,0,0,0,0,0,0,0,0,0,0,0,0,0,0,0,0,0,0,0,0,0,0,0,0,0,0,0,0,0,0,0,0,0,0,6,11,19,10,22,14,6,8,8,5,9,10,2,3,2,0,135
2008,Perspectives: Improving SSH-style host authentication with multi-path probing,"Wendlandt D., Andersen D.G., Perrig A.",,"Proceedings of the 2008 USENIX Annual Technical Conference, USENIX 2008",, ,0,0,0,0,0,0,0,0,0,0,0,0,0,0,0,0,0,0,0,0,0,0,0,0,0,0,0,0,0,0,0,0,0,0,0,0,0,0,0,0,5,3,6,11,17,26,17,13,8,12,12,1,0,131
2002,Communication-efficient group key agreement,"Kim Y., Perrig A., Tsudik G.",18684238,IFIP Advances in Information and Communication Technology,65, ,0,0,0,0,0,0,0,0,0,0,0,0,0,0,0,0,0,0,0,0,0,0,0,0,0,0,0,0,0,0,0,0,1,1,4,12,18,11,7,11,8,8,12,7,3,5,3,6,0,4,4,0,0,125
2004,Group key agreement efficient in communication,"Kim Y., Perrig A., Tsudik G.",189340,IEEE Transactions on Computers,53,7,0,0,0,0,0,0,0,0,0,0,0,0,0,0,0,0,0,0,0,0,0,0,0,0,0,0,0,0,0,0,0,0,0,0,0,2,10,7,10,9,9,12,8,7,8,10,9,6,4,6,5,2,0,124
2006,StackPi: New packet marking and filtering mechanisms for DDoS and IP spoofing defense,"Yaar A., Perrig A., Song D.",7338716,IEEE Journal on Selected Areas in Communications,24,10,0,0,0,0,0,0,0,0,0,0,0,0,0,0,0,0,0,0,0,0,0,0,0,0,0,0,0,0,0,0,0,0,0,0,0,0,0,1,3,6,10,6,11,10,9,16,11,8,5,10,10,2,0,118
2009,"Flexible, extensible, and efficient VANET authentication","Studer A., Bai F., Bellur B., Perrig A.",12292370,Journal of Communications and Networks,11,6,0,0,0,0,0,0,0,0,0,0,0,0,0,0,0,0,0,0,0,0,0,0,0,0,0,0,0,0,0,0,0,0,0,0,0,0,0,0,0,0,0,3,10,7,7,9,12,21,17,15,13,3,0,117
2003,Pi: A path identification mechanism to defend against DDoS attacks,"Yaar A., Perrig A., Song D.",10816011,Proceedings - IEEE Symposium on Security and Privacy,2003-, ,0,0,0,0,0,0,0,0,0,0,0,0,0,0,0,0,0,0,0,0,0,0,0,0,0,0,0,0,0,0,0,0,0,0,1,17,15,13,16,13,3,6,6,4,5,1,1,5,3,3,3,1,0,116
2012,ACComplice: Location inference using accelerometers on smartphones,"Han J., Owusu E., Nguyen L.T., Perrig A., Zhang J.",,"2012 4th International Conference on Communication Systems and Networks, COMSNETS 2012",, ,0,0,0,0,0,0,0,0,0,0,0,0,0,0,0,0,0,0,0,0,0,0,0,0,0,0,0,0,0,0,0,0,0,0,0,0,0,0,0,0,0,0,0,2,10,12,13,12,15,18,16,1,0,99
2010,Bootstrapping trust in commodity computers,"Parno B., McCune J.M., Perrig A.",10816011,Proceedings - IEEE Symposium on Security and Privacy,, ,0,0,0,0,0,0,0,0,0,0,0,0,0,0,0,0,0,0,0,0,0,0,0,0,0,0,0,0,0,0,0,0,0,0,0,0,0,0,0,0,0,1,14,9,7,9,11,11,10,14,6,0,0,92
2007,Portcullis: Protecting connection setup from denial-of-capability attacks,"Parno B., Wendlandt D., Shi E., Perrig A., Maggs B., Hu Y.-C.",,ACM SIGCOMM 2007: Conference on Computer Communications,, ,0,0,0,0,0,0,0,0,0,0,0,0,0,0,0,0,0,0,0,0,0,0,0,0,0,0,0,0,0,0,0,0,0,0,0,0,0,0,0,6,15,14,13,9,13,2,3,7,2,3,5,0,0,92
2005,Detection of denial-of-message attacks on sensor network broadcasts,"McCune J.M., Shi E., Perrig A., Reiter M.K.",10816011,Proceedings - IEEE Symposium on Security and Privacy,, ,0,0,0,0,0,0,0,0,0,0,0,0,0,0,0,0,0,0,0,0,0,0,0,0,0,0,0,0,0,0,0,0,0,0,0,0,1,8,14,9,10,7,11,12,4,3,4,4,1,1,0,0,0,89
2011,VIPER: Verifying the integrity of peripherals' firmware,"Li Y., McCune J.M., Perrig A.",15437221,Proceedings of the ACM Conference on Computer and Communications Security,, ,0,0,0,0,0,0,0,0,0,0,0,0,0,0,0,0,0,0,0,0,0,0,0,0,0,0,0,0,0,0,0,0,0,0,0,0,0,0,0,0,0,0,0,4,8,10,9,9,12,17,16,2,0,87
2008,Use Your Illusion: Secure authentication usable anywhere,"Hayashi E., Dhamija R., Christin N., Perrig A.",,SOUPS 2008 - Proceedings of the 4th Symposium on Usable Privacy and Security,, ,0,0,0,0,0,0,0,0,0,0,0,0,0,0,0,0,0,0,0,0,0,0,0,0,0,0,0,0,0,0,0,0,0,0,0,0,0,0,0,0,6,7,12,7,9,8,4,3,5,10,7,3,0,81
2006,Seven cardinal properties of sensor network broadcast authentication,"Luk M., Perrig A., Whillock B.",,"Proceedings of the Fourth ACM Workshop on Security of ad hoc and Sensor Networks, SASN 2006. A workshop held in conjuction with the 13th ACM Conference on Computer and Communications Security, CCS'06",, ,0,0,0,0,0,0,0,0,0,0,0,0,0,0,0,0,0,0,0,0,0,0,0,0,0,0,0,0,0,0,0,0,0,0,0,0,0,0,3,10,7,10,7,7,5,3,8,4,2,8,1,2,0,77
2006,Phoolproof phishing prevention,"Parno B., Kuo C., Perrig A.",3029743,Lecture Notes in Computer Science (including subseries Lecture Notes in Artificial Intelligence and Lecture Notes in Bioinformatics),4107, ,0,0,0,0,0,0,0,0,0,0,0,0,0,0,0,0,0,0,0,0,0,0,0,0,0,0,0,0,0,0,0,0,0,0,0,0,0,0,1,3,6,6,7,10,5,7,4,7,8,7,3,2,0,76
2007,Pervasive personal computing in an Internet Suspend/Resume system,"Satyanarayanan M., Gilbert B., Toups M., Tolia N., Surie A., O'Hallaron D.R., Wolbach A., Harkes J., Perrig A., Farber D.J., Kozuch M.A., Helfrich C.J., Nath P., Lagar-Cavilla H.A.",10897801,IEEE Internet Computing,11,2,0,0,0,0,0,0,0,0,0,0,0,0,0,0,0,0,0,0,0,0,0,0,0,0,0,0,0,0,0,0,0,0,0,0,0,0,0,0,1,4,12,8,9,5,11,9,1,4,4,3,3,1,0,75
2004,SPV: Secure path vector routing for securing BGP,"Hu Y.-C., Perrig A., Sirbu M.",1464833,Computer Communication Review,34,4,0,0,0,0,0,0,0,0,0,0,0,0,0,0,0,0,0,0,0,0,0,0,0,0,0,0,0,0,0,0,0,0,0,0,0,0,3,3,2,5,3,5,6,11,4,5,5,5,3,4,6,2,0,72
2011,"SCION: Scalability, control, and isolation on next-generation networks","Zhang X., Hsiao H.-C., Hasker G., Chan H., Perrig A., Andersen D.G.",10816011,Proceedings - IEEE Symposium on Security and Privacy,, ,0,0,0,0,0,0,0,0,0,0,0,0,0,0,0,0,0,0,0,0,0,0,0,0,0,0,0,0,0,0,0,0,0,0,0,0,0,0,0,0,0,0,3,3,7,8,13,13,7,9,4,2,0,69
2011,Flooding-resilient broadcast authentication for VANETs,"Hsiao H.-C., Studer A., Chen C., Perrig A., Bai F., Bellur B., Iyer A.",,"Proceedings of the Annual International Conference on Mobile Computing and Networking, MOBICOM",, ,0,0,0,0,0,0,0,0,0,0,0,0,0,0,0,0,0,0,0,0,0,0,0,0,0,0,0,0,0,0,0,0,0,0,0,0,0,0,0,0,0,0,2,0,10,10,10,14,7,5,6,3,0,67
2007,Message-in-a-bottle: User-friendly and secure key deployment for sensor nodes,"Kuo C., Luk M., Negi R., Perrig A.",,SenSys'07 - Proceedings of the 5th ACM Conference on Embedded Networked Sensor Systems,, ,0,0,0,0,0,0,0,0,0,0,0,0,0,0,0,0,0,0,0,0,0,0,0,0,1,0,0,0,0,0,0,0,0,0,0,0,0,0,0,6,7,8,7,4,6,7,9,2,2,2,4,1,0,66
2007,SIA: Secure information aggregation in sensor networks,"Chan H., Perrig A., Przydatek B., Song D.",0926227X,Journal of Computer Security,15,1,0,0,0,0,0,0,0,0,0,0,0,0,0,0,0,0,0,0,0,0,0,0,0,0,0,0,0,0,0,0,0,0,0,0,0,0,0,0,0,4,7,7,10,8,6,3,7,5,1,2,3,0,0,63
2013,Accountable key infrastructure (AKI): A proposal for a public-key validation infrastructure,"Kim T.H.-J., Huang L.-S., Perrig A., Jackson C., Gligor V.",,WWW 2013 - Proceedings of the 22nd International Conference on World Wide Web,, ,0,0,0,0,0,0,0,0,0,0,0,0,0,0,0,0,0,0,0,0,0,0,0,0,0,0,0,0,0,0,0,0,0,0,0,0,0,0,0,0,0,0,0,0,2,10,12,6,9,10,8,2,0,59
2007,VANET-based approach for parking space availability,"Panayappan R., Trivedi J.M., Studer A., Perrig A.",,VANET'07: Proceedings of the Fourth ACM International Workshop on Vehicular Ad Hoc Networks,, ,0,0,0,0,0,0,0,0,0,0,0,0,0,0,0,0,0,0,0,0,0,0,0,0,0,0,0,0,0,0,0,0,0,0,0,0,0,0,0,1,5,5,3,10,4,7,5,3,7,3,3,3,0,59
2000,Looking for diamonds in the desert - extending automatic protocol generation to three-party authentication and key agreement protocols,"Perrig Adrian, Song Dawn",10636900,Proceedings of the Computer Security Foundations Workshop,, ,0,0,0,0,0,0,0,0,0,0,0,0,0,0,0,0,0,0,0,0,0,0,0,0,0,0,0,0,0,0,0,0,5,2,5,6,4,6,8,5,5,1,2,2,4,2,0,0,1,1,0,0,0,59
2009,Seeing-Is-Believing: Using camera phones for human-verifiable authentication,"McCune J.M., Perrig A., Reiter M.K.",17478405,International Journal of Security and Networks,4, 1-2,0,0,0,0,0,0,0,0,0,0,0,0,0,0,0,0,0,0,0,0,0,0,0,0,0,0,0,0,0,0,0,0,0,0,0,0,0,0,0,0,0,8,4,17,7,9,7,4,1,1,0,0,0,58
2009,CLAMP: Practical prevention of large-scale data leaks,"Parno B., McCune J.M., Wendlandt D., Andersen D.G., Perrig A.",10816011,Proceedings - IEEE Symposium on Security and Privacy,, ,0,0,0,0,0,0,0,0,0,0,0,0,0,0,0,0,0,0,0,0,0,0,0,0,0,0,0,0,0,0,0,0,0,0,0,0,0,0,0,0,2,0,9,6,8,7,2,5,6,2,2,0,0,49
2009,The coremelt attack,"Studer A., Perrig A.",3029743,Lecture Notes in Computer Science (including subseries Lecture Notes in Artificial Intelligence and Lecture Notes in Bioinformatics),5789, ,0,0,0,0,0,0,0,0,0,0,0,0,0,0,0,0,0,0,0,0,0,0,0,0,0,0,0,0,0,0,0,0,0,0,0,0,0,0,0,0,0,0,0,2,2,6,4,7,7,10,9,2,0,49
2005,Pioneer: Verifying code integrity and enforcing untampered code execution on legacy systems,"Seshadri A., Perrig A., Luk M., Van Doom L., Shi E., Khosla P.",1635980,Operating Systems Review (ACM),39,5,0,0,0,0,0,0,0,0,0,0,0,0,0,0,0,0,0,0,0,0,0,0,0,0,0,0,0,0,0,0,0,0,0,0,0,0,0,0,1,0,2,3,4,6,3,2,0,4,4,9,10,0,0,48
2007,Minimal TCB code execution,"McCune J.M., Parno B., Perrig A., Reiter M.K., Seshadri A.",10816011,Proceedings - IEEE Symposium on Security and Privacy,, ,0,0,0,0,0,0,0,0,0,0,0,0,0,0,0,0,0,0,0,0,0,0,0,0,0,0,0,0,0,0,0,0,0,0,0,0,0,0,2,8,5,5,11,4,3,1,2,1,2,3,0,0,0,47
2016,PsyBoG: A scalable botnet detection method for large-scale DNS traffic,"Kwon J., Lee J., Lee H., Perrig A.",13891286,Computer Networks,97, ,0,0,0,0,0,0,0,0,0,0,0,0,0,0,0,0,0,0,0,0,0,0,0,0,0,0,0,0,0,0,0,0,0,0,0,0,0,0,0,0,0,0,0,0,0,0,0,5,11,13,14,2,0,45
2014,ARPKI: Attack resilient public-key infrastructure,"Basin D., Cremers C., Kim T.H.-J., Perrig A., Sasse R., Szalachowski P.",15437221,Proceedings of the ACM Conference on Computer and Communications Security,, ,0,0,0,0,0,0,0,0,0,0,0,0,0,0,0,0,0,0,0,0,0,0,0,0,0,0,0,0,0,0,0,0,0,0,0,0,0,0,0,0,0,0,0,0,0,1,5,7,11,8,13,0,0,45
2008,"GAnGS: Gather, authenticate 'n group securely","Chen C.-H.O., Chen C.-W., Kuo C., Lai Y.-H., McCune J.M., Studer A., Perrig A., Yang B.-Y., Wu T.-C.",,"Proceedings of the Annual International Conference on Mobile Computing and Networking, MOBICOM",, ,0,0,0,0,0,0,0,0,0,0,0,0,0,0,0,0,0,0,0,0,0,0,0,0,0,0,0,0,0,0,0,0,0,0,0,0,0,0,0,0,2,5,8,5,10,7,3,0,1,2,1,0,0,44
2005,Efficient constructions for one-way hash chains,"Hu Y.-C., Jakobsson M., Perrig A.",3029743,Lecture Notes in Computer Science,3531, ,0,0,0,0,0,0,0,0,0,0,0,0,0,0,0,0,0,0,0,0,0,0,0,0,0,0,0,0,0,0,0,0,0,0,0,0,0,0,2,3,3,5,3,2,3,3,4,0,4,5,6,0,0,43
2013,OASIS: On achieving a sanctuary for integrity and secrecy on untrusted platforms,"Owusu E., Guajardo J., McCune J., Newsome J., Perrig A., Vasudevan A.",15437221,Proceedings of the ACM Conference on Computer and Communications Security,, ,0,0,0,0,0,0,0,0,0,0,0,0,0,0,0,0,0,0,0,0,0,0,0,0,0,0,0,0,0,0,0,0,0,0,0,0,0,0,1,0,0,0,0,0,0,3,13,10,4,6,5,0,0,42
2014,Fleet: Defending SDNs from malicious administrators,"Matsumoto S., Hitz S., Perrig A.",,HotSDN 2014 - Proceedings of the ACM SIGCOMM 2014 Workshop on Hot Topics in Software Defined Networking,, ,0,0,0,0,0,0,0,0,0,0,0,0,0,0,0,0,0,0,0,0,0,0,0,0,0,0,0,0,0,0,0,0,0,0,0,0,0,0,0,0,0,0,0,0,0,0,5,8,8,11,8,0,0,40
2009,SPATE: Small-group PKI-less authenticated trust establishment,"Lin Y.-H., Studer A., Hsiao H.-C., McCune J.M., Wang K.-H., Krohn M., Lin P.-L., Perrig A., Sun H.-M., Yang B.-Y.",,"MobiSys'09 - Proceedings of the 7th ACM International Conference on Mobile Systems, Applications, and Services",, ,0,0,0,0,0,0,0,0,0,0,0,0,0,0,0,0,0,0,0,0,0,0,0,0,0,0,0,0,0,0,0,0,0,0,0,0,0,0,0,0,2,6,6,4,10,8,0,2,1,1,0,0,0,40
2014,Lightweight source authentication and path validation,"Kim T.H.-J., Basescu C., Jia L., Lee S.B., Hu Y.-C., Perrig A.",,SIGCOMM 2014 - Proceedings of the 2014 ACM Conference on Special Interest Group on Data Communication,, ,0,0,0,0,0,0,0,0,0,0,0,0,0,0,0,0,0,0,0,0,0,0,0,0,0,0,0,0,0,0,0,0,0,0,0,0,0,0,0,0,0,0,0,0,0,2,4,10,6,9,3,2,0,36
2008,Packet-dropping adversary identification for data plane security,"Zhang X., Jain A., Perrig A.",,"Proceedings of 2008 ACM CoNEXT Conference - 4th International Conference on Emerging Networking EXperiments and Technologies, CoNEXT '08",, ,0,0,0,0,0,0,0,0,0,0,0,0,0,0,0,0,0,0,0,0,0,0,0,0,0,0,0,0,0,0,0,0,0,0,0,0,0,0,0,0,0,2,5,3,6,4,4,2,2,2,4,0,0,34
2008,SAKE: Software attestation for key establishment in sensor networks,"Seshadri A., Luk M., Perrig A.",3029743,Lecture Notes in Computer Science (including subseries Lecture Notes in Artificial Intelligence and Lecture Notes in Bioinformatics),5067, ,0,0,0,0,0,0,0,0,0,0,0,0,0,0,0,0,0,0,0,0,0,0,0,0,0,0,0,0,0,0,0,0,0,0,0,0,0,0,0,0,1,5,4,4,3,0,1,4,2,6,3,0,0,33
2006,Secure sensor network routing: A cleanslate approach,"Parno B., Luk M., Gaustad E., Perrig A.",,Proceedings of CoNEXT'06 - 2nd Conference on Future Networking Technologies,, ,0,0,0,0,0,0,0,0,0,0,0,0,0,0,0,0,0,0,0,0,0,0,0,0,0,0,0,0,0,0,0,0,0,0,0,0,0,0,1,2,3,5,1,3,3,3,1,2,1,4,1,3,0,33
2001,"AGVI — automatic generation, verification, and implementation of security protocols","Song D., Perrig A., Phan D.",3029743,Lecture Notes in Computer Science (including subseries Lecture Notes in Artificial Intelligence and Lecture Notes in Bioinformatics),2102, ,0,0,0,0,0,0,0,0,0,0,0,0,0,0,0,0,0,0,0,0,0,0,0,0,0,0,0,0,0,0,0,0,0,0,0,1,2,3,3,5,1,1,0,6,2,5,0,1,0,3,0,0,0,33
2007,Efficient mechanisms to provide convoy member and vehicle sequence authentication in VANETs,"Studer A., Luk M., Perrig A.",,"Proceedings of the 3rd International Conference on Security and Privacy in Communication Networks, SecureComm",, ,0,0,0,0,0,0,0,0,0,0,0,0,0,0,0,0,0,0,0,0,0,0,0,0,0,0,0,0,0,0,0,0,0,0,0,0,0,0,0,3,1,4,3,3,2,4,5,0,1,2,3,1,0,32
2006,Bump in the Ether: A framework for securing sensitive user input,"McCune J.M., Perrig A., Reiter M.K.",,USENIX 2006 Annual Technical Conference,, ,0,0,0,0,0,0,0,0,0,0,0,0,0,0,0,0,0,0,0,0,0,0,0,0,0,0,0,0,0,0,0,0,0,0,0,0,0,0,4,3,5,2,3,5,4,0,2,0,2,0,2,0,0,32
2014,PoliCert: Secure and flexible TLS certificate management,"Szalachowski P., Matsumoto S., Perrig A.",15437221,Proceedings of the ACM Conference on Computer and Communications Security,, ,0,0,0,0,0,0,0,0,0,0,0,0,0,0,0,0,0,0,0,0,0,0,0,0,0,0,0,0,0,0,0,0,0,0,0,0,0,0,0,0,0,0,0,0,0,1,5,5,4,11,5,0,0,31
2012,LAP: Lightweight anonymity and privacy,"Hsiao H.-C., Kim T.H.-J., Perrig A., Yamada A., Nelson S.C., Gruteser M., Meng W.",10816011,Proceedings - IEEE Symposium on Security and Privacy,, ,0,0,0,0,0,0,0,0,0,0,0,0,0,0,0,0,0,0,0,0,0,0,0,0,0,0,0,0,0,0,0,0,0,0,0,0,0,0,0,0,0,0,0,0,4,6,3,4,3,7,4,0,0,31
2007,BASE: An incrementally deployable mechanism for viable IP spoofing prevention,"Lee H., Kwon M., Hasker G., Perrig A.",,"Proceedings of the 2nd ACM Symposium on Information, Computer and Communications Security, ASIACCS '07",, ,0,0,0,0,0,0,0,0,0,0,0,0,0,0,0,0,0,0,0,0,0,0,0,0,0,0,0,0,0,0,0,0,0,0,0,0,0,0,0,0,5,2,4,2,4,2,3,3,3,3,0,0,0,31
2009,Privacy-preserving relationship path discovery in social networks,"Mezzour G., Perrig A., Gligor V., Papadimitratos P.",3029743,Lecture Notes in Computer Science (including subseries Lecture Notes in Artificial Intelligence and Lecture Notes in Bioinformatics),5888, ,0,0,0,0,0,0,0,0,0,0,0,0,0,0,0,0,0,0,0,0,0,0,0,0,0,0,0,0,0,0,0,0,0,0,0,0,0,0,0,0,0,2,3,2,2,3,6,0,4,3,3,2,0,30
2008,How low can you go?: Recommendations for hardware-supported minimal TCB code execution,"McCune J.M., Parno B., Perrig A., Reiter M.K., Seshadri A.",1635980,Operating Systems Review (ACM),42,2,0,0,0,0,0,0,0,0,0,0,0,0,0,0,0,0,0,0,0,0,0,0,0,0,0,0,0,0,0,0,0,0,0,0,0,0,0,0,0,3,1,6,2,3,5,2,1,0,4,2,1,0,0,30
2005,Using clustering information for sensor network localization,"Chan H., Luk M., Perrig A.",3029743,Lecture Notes in Computer Science,3560, ,0,0,0,0,0,0,0,0,0,0,0,0,0,0,0,0,0,0,0,0,0,0,0,0,0,0,0,0,0,0,0,0,0,0,0,0,0,1,1,4,5,4,5,0,4,1,0,0,3,2,0,0,0,30
2004,Taming IP packet flooding attacks,"Lakshminarayanan K., Adkins D., Perrig A., Stoica I.",1464833,Computer Communication Review,34,1,0,0,0,0,0,0,0,0,0,0,0,0,0,0,0,0,0,0,0,0,0,0,0,0,0,0,0,0,0,0,0,0,0,0,0,0,1,3,3,0,0,3,3,4,3,0,2,3,1,3,1,0,0,30
2015,HORNET: High-speed onion routing at the network layer,"Chen C., Asoni D.E., Barrera D., Danezis G., Perrig A.",15437221,Proceedings of the ACM Conference on Computer and Communications Security,2015-, ,0,0,0,0,0,0,0,0,0,0,0,0,0,0,0,0,0,0,0,0,0,0,0,0,0,0,0,0,0,0,0,0,0,0,0,0,0,0,0,0,0,0,0,0,0,0,0,6,5,7,7,4,0,29
2011,Secure and efficient capability-based power management in the smart grid,"Seo D., Lee H., Perrig A.",,"Proceedings - 9th IEEE International Symposium on Parallel and Distributed Processing with Applications Workshops, ISPAW 2011 - ICASE 2011, SGH 2011, GSDP 2011",, ,0,0,0,0,0,0,0,0,0,0,0,0,0,0,0,0,0,0,0,0,0,0,0,0,0,0,0,0,0,0,0,0,0,0,0,0,0,0,0,0,0,0,1,4,3,5,4,1,7,1,2,1,0,29
2010,VANET alert endorsement using multi-source filters,"Kim T.H.-J., Studer A., Dubey R., Zhang X., Perrig A., Bai F., Bellur B., Iyer A.",,"Proceedings of the Annual International Conference on Mobile Computing and Networking, MOBICOM",, ,0,0,0,0,0,0,0,0,0,0,0,0,0,0,0,0,0,0,0,0,0,0,0,0,0,0,0,0,0,0,0,0,0,0,0,0,0,0,0,0,0,0,3,3,3,4,1,1,3,5,6,0,0,29
2019,Minibox: A two-way sandbox for x86 native code,"Li Y., McCune J., Baker B., Newsome J., Drewry W., Perrig A.",,"Proceedings of the 2014 USENIX Annual Technical Conference, USENIX ATC 2014",, ,0,0,0,0,0,0,0,0,0,0,0,0,0,0,0,0,0,0,0,0,0,0,0,0,0,0,0,0,0,0,0,0,0,0,0,0,0,0,0,0,0,0,0,0,0,0,2,2,9,9,6,0,0,28
2011,Efficient and secure threshold-based event validation for VANETs,"Hsiao H.-C., Studer A., Dubey R., Shi E., Perrig A.",,WiSec'11 - Proceedings of the 4th ACM Conference on Wireless Network Security,, ,0,0,0,0,0,0,0,0,0,0,0,0,0,0,0,0,0,0,0,0,0,0,0,0,0,0,0,0,0,0,0,0,0,0,0,0,0,0,0,0,0,0,2,1,3,5,2,2,0,5,7,1,0,28
2012,Jamming-resilient multipath routing,"Mustafa H., Zhang X., Liu Z., Xu W., Perrig A.",15455971,IEEE Transactions on Dependable and Secure Computing,9,6,0,0,0,0,0,0,0,0,0,0,0,0,0,0,0,0,0,0,0,0,0,0,0,0,0,0,0,0,0,0,0,0,0,0,0,0,0,0,0,0,0,0,0,0,0,2,3,4,9,4,3,2,0,27
2013,SafeSlinger: Easy-to-use and secure public-key exchange,"Farb M., Lin Y.-H., Kim T.H.-J., Mccune J., Perrig A.",,"Proceedings of the Annual International Conference on Mobile Computing and Networking, MOBICOM",, ,0,0,0,0,0,0,0,0,0,0,0,0,0,0,0,0,0,0,0,0,0,0,0,0,0,0,0,0,0,0,0,0,0,0,0,0,0,0,0,0,0,0,0,0,0,2,2,6,5,5,6,0,0,26
2012,CARMA: A hardware tamper-resistant isolated execution environment on commodity x86 platforms,"Vasudevan A., McCune J., Newsome J., Perrig A., Van Doorn L.",,"ASIACCS 2012 - 7th ACM Symposium on Information, Computer and Communications Security",, ,0,0,0,0,0,0,0,0,0,0,0,0,0,0,0,0,0,0,0,0,0,0,0,0,0,0,0,0,0,0,0,0,0,0,0,0,0,0,0,0,0,0,0,1,5,3,7,4,1,1,2,1,0,25
2011,OMAP: One-way memory attestation protocol for smart meters,"Song K., Seo D., Park H., Lee H., Perrig A.",,"Proceedings - 9th IEEE International Symposium on Parallel and Distributed Processing with Applications Workshops, ISPAW 2011 - ICASE 2011, SGH 2011, GSDP 2011",, ,0,0,0,0,0,0,0,0,0,0,0,0,0,0,0,0,0,0,0,0,0,0,0,0,0,0,0,0,0,0,0,0,0,0,0,0,0,0,0,0,0,0,0,4,2,2,4,4,5,2,2,0,0,25
2009,A study of user-friendly hash comparison schemes,"Hsiao H.-C., Lin Y.-H., Studer A., Studer C., Wang K.-H., Kikuchi H., Perrig A., Sun H.-M., Yang B.-Y.",10639527,"Proceedings - Annual Computer Security Applications Conference, ACSAC",, ,0,0,0,0,0,0,0,0,0,0,0,0,0,0,0,0,0,0,0,0,0,0,0,0,0,0,0,0,0,0,0,0,0,0,0,0,0,0,0,0,0,0,2,3,3,3,1,4,4,2,2,1,0,25
2007,Portcullis: Protecting connection setup from denial-of-capability attacks,"Parno B., Wendlandt D., Shi E., Perrig A., Maggs B., Hu Y.-C.",1464833,Computer Communication Review,37,4,0,0,0,0,0,0,0,0,0,0,0,0,0,0,0,0,0,0,0,0,0,0,0,0,0,0,0,0,0,0,0,0,0,0,0,0,0,0,0,1,1,0,0,1,4,0,0,2,4,7,4,1,0,25
2008,Remote detection of virtual machine monitors with fuzzy benchmarking,"Franklin J., Luk M., McCune J.M., Seshadri A., Perrig A., Van Doorn L.",1635980,Operating Systems Review (ACM),42,3,0,0,0,0,0,0,0,0,0,0,0,0,0,0,0,0,0,0,0,0,0,0,0,0,0,0,0,0,0,0,0,0,0,0,0,0,0,0,0,1,3,0,2,2,2,1,2,3,3,0,3,0,0,22
2013,APFS: Adaptive Probabilistic Filter Scheduling against distributed denial-of-service attacks,"Seo D., Lee H., Perrig A.",1674048,Computers and Security,39, ,0,0,0,0,0,0,0,0,0,0,0,0,0,0,0,0,0,0,0,0,0,0,0,0,0,0,0,0,0,0,0,0,0,0,0,0,0,0,0,0,0,0,0,0,0,2,3,3,5,4,4,0,0,21
2010,SBAP: Software-based attestation for peripherals,"Li Y., McCune J.M., Perrig A.",3029743,Lecture Notes in Computer Science (including subseries Lecture Notes in Artificial Intelligence and Lecture Notes in Bioinformatics),6101, ,0,0,0,0,0,0,0,0,0,0,0,0,0,0,0,0,0,0,0,0,0,0,0,0,0,0,0,0,0,0,0,0,0,0,0,0,0,0,0,0,0,0,2,0,5,1,1,3,3,4,2,0,0,21
2006,Modeling adoptability of secure BGP protocols,"Chan H., Dash D., Perrig A., Zhang H.",1464833,Computer Communication Review,36,4,0,0,0,0,0,0,0,0,0,0,0,0,0,0,0,0,0,0,0,0,0,0,0,0,0,0,0,0,0,0,0,0,0,0,0,0,0,0,0,1,2,0,3,2,3,3,4,1,1,1,0,0,0,21
2015,Efficient gossip protocols for verifying the consistency of Certificate logs,"Chuat L., Szalachowski P., Perrig A., Laurie B., Messeri E.",,"2015 IEEE Conference on Communications and NetworkSecurity, CNS 2015",, ,0,0,0,0,0,0,0,0,0,0,0,0,0,0,0,0,0,0,0,0,0,0,0,0,0,0,0,0,0,0,0,0,0,0,0,0,0,0,0,0,0,0,0,0,0,0,0,1,7,7,5,0,0,20
2010,Mobile User Location-specific Encryption (MULE): Using your office as your password,"Studer A., Perrig A.",,WiSec'10 - Proceedings of the 3rd ACM Conference on Wireless Network Security,, ,0,0,0,0,0,0,0,0,0,0,0,0,0,0,0,0,0,0,0,0,0,0,0,0,0,0,0,0,0,0,0,0,0,0,0,0,0,0,0,0,0,0,1,5,1,4,3,3,1,2,0,0,0,20
2011,Network fault localization with small TCB,"Zhang X., Zhou Z., Hasker G., Perrig A., Gligor V.",10921648,"Proceedings - International Conference on Network Protocols, ICNP",, ,0,0,0,0,0,0,0,0,0,0,0,0,0,0,0,0,0,0,0,0,0,0,0,0,0,0,0,0,0,0,0,0,0,0,0,0,0,0,0,0,0,0,0,2,0,1,5,2,3,3,3,0,0,19
2006,Externally verifiable code execution,"Seshadri A., Luk M., Perrig A., Van Doorn L., Khosla P.",10782,Communications of the ACM,49,9,0,0,0,0,0,0,0,0,0,0,0,0,0,0,0,0,0,0,0,0,0,0,0,0,0,0,0,0,0,0,0,0,0,0,0,0,0,1,1,4,3,4,2,0,1,0,1,0,0,2,0,0,0,19
2015,Lightweight source authentication and path validation,"Kim T.H.-J., Basescu C., Jia L., Lee S.B., Hu Y.-C., Perrig A.",1464833,Computer Communication Review,44,4,0,0,0,0,0,0,0,0,0,0,0,0,0,0,0,0,0,0,0,0,0,0,0,0,0,0,0,0,0,0,0,0,0,0,0,0,0,0,0,0,0,0,0,0,0,0,0,1,6,4,6,1,0,18
2014,DFL: Secure and practical fault localization for datacenter networks,"Zhang X., Zhou F., Zhu X., Sun H., Perrig A., Vasilakos A.V., Guan H.",10636692,IEEE/ACM Transactions on Networking,22,4,0,0,0,0,0,0,0,0,0,0,0,0,0,0,0,0,0,0,0,0,0,0,0,0,0,0,0,0,0,0,0,0,0,0,0,0,0,0,0,0,0,0,0,0,0,1,2,6,5,2,2,0,0,18
2011,XTRec: Secure real-time execution trace recording on commodity platforms,"Vasudevan A., Qu N., Perrig A.",15301605,Proceedings of the Annual Hawaii International Conference on System Sciences,, ,0,0,0,0,0,0,0,0,0,0,0,0,0,0,0,0,0,0,0,0,0,0,0,0,0,0,0,0,0,0,0,0,0,0,0,0,0,0,0,0,0,0,0,1,5,0,1,3,3,2,2,1,0,18
2010,SPATE: Small-group PKI-less authenticated trust establishment,"Lin Y.-H., Studer A., Chen Y.-H., Hsiao H.-C., Kuo L.-H., McCune J.M., Wang K.-H., Krohn M., Perrig A., Yang B.-Y., Sun H.-M., Lin P.-L., Lee J.",15361233,IEEE Transactions on Mobile Computing,9,12,0,0,0,0,0,0,0,0,0,0,0,0,0,0,0,0,0,0,0,0,0,0,0,0,0,0,0,0,0,0,0,0,0,0,0,0,0,0,0,0,0,0,3,5,1,3,3,1,0,0,1,1,0,18
2007,Intrusion detection for encrypted web accesses,"Yamada A., Miyake Y., Takemori K., Studer A., Perrig A.",,"Proceedings - 21st International Conference on Advanced Information Networking and Applications Workshops/Symposia, AINAW'07",2, ,0,0,0,0,0,0,0,0,0,0,0,0,0,0,0,0,0,0,0,0,0,0,0,0,0,0,0,0,0,0,0,0,0,0,0,0,0,0,0,0,1,4,2,1,0,0,1,4,4,0,1,0,0,18
2012,Secure and scalable fault localization under dynamic traffic patterns,"Zhang X., Lan C., Perrig A.",10816011,Proceedings - IEEE Symposium on Security and Privacy,, ,0,0,0,0,0,0,0,0,0,0,0,0,0,0,0,0,0,0,0,0,0,0,0,0,0,0,0,0,0,0,0,0,0,0,0,0,0,0,0,0,0,0,0,0,0,1,3,1,3,6,3,0,0,17
2011,SAKE: Software attestation for key establishment in sensor networks,"Seshadri A., Luk M., Perrig A.",15708705,Ad Hoc Networks,9,6,0,0,0,0,0,0,0,0,0,0,0,0,0,0,0,0,0,0,0,0,0,0,0,0,0,0,0,0,0,0,0,0,0,0,0,0,0,0,0,0,0,0,1,2,0,3,1,3,3,1,2,0,0,16
2010,Requirements for an integrity-protected hypervisor on the x86 hardware virtualized architecture,"Vasudevan A., McCune J.M., Qu N., Van Doorn L., Perrig A.",3029743,Lecture Notes in Computer Science (including subseries Lecture Notes in Artificial Intelligence and Lecture Notes in Bioinformatics),6101, ,0,0,0,0,0,0,0,0,0,0,0,0,0,0,0,0,0,0,0,0,0,0,0,0,0,0,0,0,0,0,0,0,0,0,0,0,0,0,0,0,0,0,2,2,4,2,3,1,1,0,0,1,0,16
2008,Efficient security primitives derived from a secure aggregation algorithm,"Chan H., Perrig A.",15437221,Proceedings of the ACM Conference on Computer and Communications Security,, ,0,0,0,0,0,0,0,0,0,0,0,0,0,0,0,0,0,0,0,0,0,0,0,0,0,0,0,0,0,0,0,0,0,0,0,0,0,0,0,0,0,6,5,1,3,0,1,0,0,0,0,0,0,16
2016,SDNsec: Forwarding accountability for the SDN data plane,"Sasaki T., Pappas C., Lee T., Hoefler T., Perrig A.",,"2016 25th International Conference on Computer Communications and Networks, ICCCN 2016",, ,0,0,0,0,0,0,0,0,0,0,0,0,0,0,0,0,0,0,0,0,0,0,0,0,0,0,0,0,0,0,0,0,0,0,0,0,0,0,0,0,0,0,0,0,0,0,0,0,0,8,6,1,0,15
2015,An incrementally deployable anti-spoofing mechanism for software-defined networks,"Kwon J., Seo D., Kwon M., Lee H., Perrig A., Kim H.",1403664,Computer Communications,64, ,0,0,0,0,0,0,0,0,0,0,0,0,0,0,0,0,0,0,0,0,0,0,0,0,0,0,0,0,0,0,0,0,0,0,0,0,0,0,0,0,0,0,0,0,0,0,3,3,2,2,4,1,0,15
2011,Access right assignment mechanisms for secure home networks,"Kim T.H.-J., Bauer L., Newsome J., Perrig A., Walker J.",12292370,Journal of Communications and Networks,13,2,0,0,0,0,0,0,0,0,0,0,0,0,0,0,0,0,0,0,0,0,0,0,0,0,0,0,0,0,0,0,0,0,0,0,0,0,0,0,0,0,0,0,0,1,0,1,2,2,2,4,3,0,0,15
2007,Rapid trust establishment for pervasive personal computing,"Surie A., Perrig A., Satyanarayanan M., Farber D.J.",15361268,IEEE Pervasive Computing,6,4,0,0,0,0,0,0,0,0,0,0,0,0,0,0,0,0,0,0,0,0,0,0,0,0,0,0,0,0,0,0,0,0,0,0,0,0,0,0,0,4,2,1,1,1,3,1,0,1,0,0,1,0,0,15
2012,Lockdown: Towards a safe and practical architecture for security applications on commodity platforms,"Vasudevan A., Parno B., Qu N., Gligor V.D., Perrig A.",3029743,Lecture Notes in Computer Science (including subseries Lecture Notes in Artificial Intelligence and Lecture Notes in Bioinformatics),7344, ,0,0,0,0,0,0,0,0,0,0,0,0,0,0,0,0,0,0,0,0,0,0,0,0,0,0,0,0,0,0,0,0,0,0,0,0,0,0,0,0,0,0,0,1,4,1,2,1,0,2,3,0,0,14
2013,Towards verifiable resource accounting for outsourced computation,"Chen C., Maniatis P., Perrig A., Vasudevan A., Sekar V.",15232867,ACM SIGPLAN Notices,48,7,0,0,0,0,0,0,0,0,0,0,0,0,0,0,0,0,0,0,0,0,0,0,0,0,0,0,0,0,0,0,0,0,0,0,0,0,0,0,0,0,0,0,0,0,2,1,3,0,1,1,5,0,0,13
2011,PFS: Probabilistic filter scheduling against distributed denial-of-service attacks,"Seo D., Lee H., Perrig A.",,"Proceedings - Conference on Local Computer Networks, LCN",, ,0,0,0,0,0,0,0,0,0,0,0,0,0,0,0,0,0,0,0,0,0,0,0,0,0,0,0,0,0,0,0,0,0,0,0,0,0,0,0,0,0,0,0,0,1,3,2,1,3,0,3,0,0,13
2008,SEAR: A secure efficient ad hoc on demand routing protocol for wireless networks,"Li Q., Hu Y.-C., Zhao M., Perrig A., Walker J., Trappe W.",,"Proceedings of the 2008 ACM Symposium on Information, Computer and Communications Security, ASIACCS '08",, ,0,0,0,0,0,0,0,0,0,0,0,0,0,0,0,0,0,0,0,0,0,0,0,0,0,0,0,0,0,0,0,0,0,0,0,0,0,0,0,0,1,3,0,1,3,1,1,2,1,0,0,0,0,13
2009,SEAR: A secure efficient ad hoc on demand routing protocol for wireless networks,"Li Q., Zhao M., Walker J., Hu Y.-C., Perrig A., Trappe W.",19390114,Security and Communication Networks,2,4,0,0,0,0,0,0,0,0,0,0,0,0,0,0,0,0,0,0,0,0,0,0,0,0,0,0,0,0,0,0,0,0,0,0,0,0,0,0,0,0,0,0,0,0,3,3,1,2,1,1,1,0,0,12
2016,PKI safety net (PKISN): Addressing the too-big-to-be-revoked problem of the TLS ecosystem,"Szalachowski P., Chuat L., Perrig A.",,"Proceedings - 2016 IEEE European Symposium on Security and Privacy, EURO S and P 2016",, ,0,0,0,0,0,0,0,0,0,0,0,0,0,0,0,0,0,0,0,0,0,0,0,0,0,0,0,0,0,0,0,0,0,0,0,0,0,0,0,0,0,0,0,0,0,0,0,1,3,3,3,1,0,11
2010,Correlation-resilient path selection in multi-path routing,"Zhang X., Perrig A.",,GLOBECOM - IEEE Global Telecommunications Conference,, ,0,0,0,0,0,0,0,0,0,0,0,0,0,0,0,0,0,0,0,0,0,0,0,0,0,0,0,0,0,0,0,0,0,0,0,0,0,0,0,0,0,0,2,1,0,3,2,1,1,1,0,0,0,11
2009,Designing user studies for security applications: A case study with wireless network configuration,"Kuo C., Perrig A., Walker J.",17478405,International Journal of Security and Networks,4, 1-2,0,0,0,0,0,0,0,0,0,0,0,0,0,0,0,0,0,0,0,0,0,0,0,0,0,0,0,0,0,0,0,0,0,0,0,0,0,0,0,0,0,2,1,5,2,1,0,0,0,0,0,0,0,11
2007,"Low-cost manufacturing, usability, and security: An analysis of bluetooth simple pairing and Wi-Fi protected setup","Kuo C., Walker J., Perrig A.",3029743,Lecture Notes in Computer Science (including subseries Lecture Notes in Artificial Intelligence and Lecture Notes in Bioinformatics),4886, ,0,0,0,0,0,0,0,0,0,0,0,0,0,0,0,0,0,0,0,0,0,0,0,0,0,0,0,0,0,0,0,0,0,0,0,0,0,0,0,1,0,0,1,2,1,1,1,2,2,0,0,0,0,11
2014,Mechanized network origin and path authenticity proofs,"Zhang F., Jia L., Basescu C., Kim T.H.-J., Hu Y.-C., Perrig A.",15437221,Proceedings of the ACM Conference on Computer and Communications Security,, ,0,0,0,0,0,0,0,0,0,0,0,0,0,0,0,0,0,0,0,0,0,0,0,0,0,0,0,0,0,0,0,0,0,0,0,0,0,0,0,0,0,0,0,0,0,0,1,5,0,1,2,1,0,10
2012,SMATT: Smart meter ATTestation using multiple target selection and copy-proof memory,"Park H., Seo D., Lee H., Perrig A.",18761100,Lecture Notes in Electrical Engineering,203, ,0,0,0,0,0,0,0,0,0,0,0,0,0,0,0,0,0,0,0,0,0,0,0,0,0,0,0,0,0,0,0,0,0,0,0,0,0,0,0,0,0,0,0,0,0,0,1,2,2,4,1,0,0,10
2008,SNAPP: Stateless network-authenticated path pinning,"Parno B., Perrig A., Andersen D.",,"Proceedings of the 2008 ACM Symposium on Information, Computer and Communications Security, ASIACCS '08",, ,0,0,0,0,0,0,0,0,0,0,0,0,0,0,0,0,0,0,0,0,0,0,0,0,0,0,0,0,0,0,0,0,0,0,0,0,0,0,0,0,2,0,0,1,1,2,0,1,0,1,2,0,0,10
2017,Toward a taxonomy and attacker model for secure routing protocols,"Hollick M., Nita-Rotaru C., Papadimitratos P., Perrig A., Schmid S.",1464833,Computer Communication Review,47,1,0,0,0,0,0,0,0,0,0,0,0,0,0,0,0,0,0,0,0,0,0,0,0,0,0,0,0,0,0,0,0,0,0,0,0,0,0,0,0,0,0,0,0,0,0,0,0,0,1,4,4,0,0,9
2016,Tumbler: Adaptable link access in the bots-infested Internet,"Zhang Y., Wang X., Perrig A., Zheng Z.",13891286,Computer Networks,105, ,0,0,0,0,0,0,0,0,0,0,0,0,0,0,0,0,0,0,0,0,0,0,0,0,0,0,0,0,0,0,0,0,0,0,0,0,0,0,0,0,0,0,0,0,0,0,0,1,3,0,4,1,0,9
2014,PsyBoG: Power spectral density analysis for detecting botnet groups,"Kwon J., Kim J., Lee J., Lee H., Perrig A.",,"Proceedings of the 9th IEEE International Conference on Malicious and Unwanted Software, MALCON 2014",, ,0,0,0,0,0,0,0,0,0,0,0,0,0,0,0,0,0,0,0,0,0,0,0,0,0,0,0,0,0,0,0,0,0,0,0,0,0,0,0,0,0,0,0,0,0,0,0,2,0,2,4,1,0,9
2013,STRIDE: Sanctuary trail - Refuge from internet DDoS entrapment,"Hsiao H.-C., Kim T.H.-J., Yoo S., Zhang X., Lee S.B., Gligor V., Perrig A.",,"ASIA CCS 2013 - Proceedings of the 8th ACM SIGSAC Symposium on Information, Computer and Communications Security",, ,0,0,0,0,0,0,0,0,0,0,0,0,0,0,0,0,0,0,0,0,0,0,0,0,0,0,0,0,0,0,0,0,0,0,0,0,0,0,0,0,0,0,0,0,0,3,0,2,1,2,1,0,0,9
2013,Towards verifiable resource accounting for outsourced computation,"Chen C., Maniatis P., Perrig A., Vasudevan A., Sekar V.",,VEE 2013 - Proceedings of the ACM SIGPLAN/SIGOPS International Conference on Virtual Execution Environments,, ,0,0,0,0,0,0,0,0,0,0,0,0,0,0,0,0,0,0,0,0,0,0,0,0,0,0,0,0,0,0,0,0,0,0,0,0,0,0,0,0,0,0,0,0,2,0,1,0,3,1,2,0,0,9
2016,CICADAS: Congesting the internet with coordinated and decentralized pulsating attacks,"Ke Y.-M., Chen C.-W., Hsiao H.-C., Perrig A., Sekar V.",,ASIA CCS 2016 - Proceedings of the 11th ACM Asia Conference on Computer and Communications Security,, ,0,0,0,0,0,0,0,0,0,0,0,0,0,0,0,0,0,0,0,0,0,0,0,0,0,0,0,0,0,0,0,0,0,0,0,0,0,0,0,0,0,0,0,0,0,0,0,0,1,3,3,1,0,8
2015,Deployment challenges in log-based PKI enhancements,"Matsumoto S., Szalachowski P., Perrig A.",,"Proceedings of the 8th European Workshop on System Security, EuroSec 2015",, ,0,0,0,0,0,0,0,0,0,0,0,0,0,0,0,0,0,0,0,0,0,0,0,0,0,0,0,0,0,0,0,0,0,0,0,0,0,0,0,0,0,0,0,0,0,0,1,2,1,3,1,0,0,8
2015,Lightweight protection of group content distribution,"Szalachowski P., Perrig A.",,"IoTPTS 2015 - Proceedings of the 1st ACM Workshop on IoT Privacy, Trust, and Security, Part of ASIACCS 2015",, ,0,0,0,0,0,0,0,0,0,0,0,0,0,0,0,0,0,0,0,0,0,0,0,0,0,0,0,0,0,0,0,0,0,0,0,0,0,0,0,0,0,0,0,0,0,0,1,3,2,1,1,0,0,8
2013,"KISS: ""Key It Simple and Secure"" corporate key management","Zhou Z., Han J., Lin Y.-H., Perrig A., Gligor V.",3029743,Lecture Notes in Computer Science (including subseries Lecture Notes in Artificial Intelligence and Lecture Notes in Bioinformatics),7904, ,0,0,0,0,0,0,0,0,0,0,0,0,0,0,0,0,0,0,0,0,0,0,0,0,0,0,0,0,0,0,0,0,0,0,0,0,0,0,0,0,0,0,0,0,0,2,1,3,0,0,2,0,0,8
2010,LSM-based secure system monitoring using kernel protection schemes,"Isohara T., Takemori K., Miyake Y., Qu N., Perrig A.",,"ARES 2010 - 5th International Conference on Availability, Reliability, and Security",, ,0,0,0,0,0,0,0,0,0,0,0,0,0,0,0,0,0,0,0,0,0,0,0,0,0,0,0,0,0,0,0,0,0,0,0,0,0,0,0,0,0,0,1,1,0,1,1,3,0,1,0,0,0,8
2019,Cloud terminal: Secure access to sensitive applications from untrusted systems,"Martignoni L., Poosankam P., Zaharia M., Han J., McCamant S., Song D., Paxson V., Perrig A., Shenker S., Stoica I.",,"Proceedings of the 2012 USENIX Annual Technical Conference, USENIX ATC 2012",, ,0,0,0,0,0,0,0,0,0,0,0,0,0,0,0,0,0,0,0,0,0,0,0,0,0,0,0,0,0,0,0,0,0,0,0,0,0,0,0,0,0,0,0,1,2,0,2,0,0,0,2,0,0,7
2018,"Design, analysis, and implementation of ARPKI: An attack-resilient public-key infrastructure","Basin D., Cremers C., Kim T.H.-J., Perrig A., Sasse R., Szalachowski P.",15455971,IEEE Transactions on Dependable and Secure Computing,15,3,0,0,0,0,0,0,0,0,0,0,0,0,0,0,0,0,0,0,0,0,0,0,0,0,0,0,0,0,0,0,0,0,0,0,0,0,0,0,0,0,0,0,0,0,0,0,0,0,0,2,1,4,0,7
2017,The SCION internet architecture,"Barrera D., Chuat L., Perrig A., Reischuk R.M., Szalachowski P.",10782,Communications of the ACM,60,6,0,0,0,0,0,0,0,0,0,0,0,0,0,0,0,0,0,0,0,0,0,0,0,0,0,0,0,0,0,0,0,0,0,0,0,0,0,0,0,0,0,0,0,0,0,0,0,0,1,3,2,1,0,7
2013,RelationGram: Tie-strength visualization for user-controlled online identity authentication,"Kim T.H.-J., Yamada A., Gligor V., Hong J., Perrig A.",3029743,Lecture Notes in Computer Science (including subseries Lecture Notes in Artificial Intelligence and Lecture Notes in Bioinformatics),7859, ,0,0,0,0,0,0,0,0,0,0,0,0,0,0,0,0,0,0,0,0,0,0,0,0,0,0,0,0,0,0,0,0,0,0,0,0,0,0,0,0,0,0,0,0,0,1,2,2,1,1,0,0,0,7
2008,Towards sound detection of virtual machines,"Franklin J., Luk M., McCune J.M., Seshadri A., Perrig A., Doorn L.V.",15682633,Advances in Information Security,36, ,0,0,0,0,0,0,0,0,0,0,0,0,0,0,0,0,0,0,0,0,0,0,0,0,0,0,0,0,0,0,0,0,0,0,0,0,0,0,0,0,0,0,0,1,2,0,0,3,0,0,1,0,0,7
2008,Mind your manners: Socially appropriate wireless key establishment for groups,"Kuo C., Studer A., Perrig A.",,WiSec'08: Proceedings of the 1st ACM Conference on Wireless Network Security,, ,0,0,0,0,0,0,0,0,0,0,0,0,0,0,0,0,0,0,0,0,0,0,0,0,0,0,0,0,0,0,0,0,0,0,0,0,0,0,0,2,0,2,0,0,2,1,0,0,0,0,0,0,0,7
2006,Modeling adoptability of secure BGP protocols,"Chan H., Dash D., Perrig A., Zhang H.",1635999,Performance Evaluation Review,34,1,0,0,0,0,0,0,0,0,0,0,0,0,0,0,0,0,0,0,0,0,0,0,0,0,0,0,0,0,0,0,0,0,0,0,0,0,0,0,0,0,1,0,2,2,0,0,2,0,0,0,0,0,0,7
2006,Designing on evaluation method for security user interfaces: Lessons rom studying secure wireless network configuration,"Kuo C., Perrig A., Walker J.",10725520,Interactions,13,3,0,0,0,0,0,0,0,0,0,0,0,0,0,0,0,0,0,0,0,0,0,0,0,0,0,0,0,0,0,0,0,0,0,0,0,0,0,0,1,2,1,0,0,0,0,0,2,1,0,0,0,0,0,7
2016,Source accountability with domain-brokered privacy,"Lee T., Pappas C., Barrera D., Szalachowski P., Perrig A.",,CoNEXT 2016 - Proceedings of the 12th International Conference on Emerging Networking EXperiments and Technologies,, ,0,0,0,0,0,0,0,0,0,0,0,0,0,0,0,0,0,0,0,0,0,0,0,0,0,0,0,0,0,0,0,0,0,0,0,0,0,0,0,0,0,0,0,0,0,0,0,0,1,1,4,0,0,6
2016,High-Speed Inter-Domain Fault Localization,"Basescu C., Lin Y.-H., Zhang H., Perrig A.",,"Proceedings - 2016 IEEE Symposium on Security and Privacy, SP 2016",, ,0,0,0,0,0,0,0,0,0,0,0,0,0,0,0,0,0,0,0,0,0,0,0,0,0,0,0,0,0,0,0,0,0,0,0,0,0,0,0,0,0,0,0,0,0,0,0,0,0,3,3,0,0,6
2016,Control-plane isolation and recovery for a secure SDN architecture,"Sasaki T., Perrig A., Asoni D.E.",,"IEEE NETSOFT 2016 - 2016 IEEE NetSoft Conference and Workshops: Software-Defined Infrastructure for Networks, Clouds, IoT and Services",, ,0,0,0,0,0,0,0,0,0,0,0,0,0,0,0,0,0,0,0,0,0,0,0,0,0,0,0,0,0,0,0,0,0,0,0,0,0,0,0,0,0,0,0,0,0,0,0,0,0,4,2,0,0,6
2015,Establishing software-only root of trust on embedded systems: Facts and fiction,"Li Y., Cheng Y., Gligor V., Perrig A.",3029743,Lecture Notes in Computer Science (including subseries Lecture Notes in Artificial Intelligence and Lecture Notes in Bioinformatics),9379, ,0,0,0,0,0,0,0,0,0,0,0,0,0,0,0,0,0,0,0,0,0,0,0,0,0,0,0,0,0,0,0,0,0,0,0,0,0,0,0,0,0,0,0,0,0,0,0,0,2,2,2,0,0,6
2014,Law and technology accountability in future internet architectures,"Bechtold S., Perrig A.",10782,Communications of the ACM,57,9,0,0,0,0,0,0,0,0,0,0,0,0,0,0,0,0,0,0,0,0,0,0,0,0,0,0,0,0,0,0,0,0,0,0,0,0,0,0,0,0,0,0,0,0,0,0,2,2,0,0,1,1,0,6
2013,Brief encounters with a random key graph,"Gligor V.D., Perrig A., Zhao J.",3029743,Lecture Notes in Computer Science (including subseries Lecture Notes in Artificial Intelligence and Lecture Notes in Bioinformatics),7028, ,0,0,0,0,0,0,0,0,0,0,0,0,0,0,0,0,0,0,0,0,0,0,0,0,0,0,0,0,0,0,0,0,0,0,0,0,0,0,0,0,0,0,0,0,0,3,1,1,0,1,0,0,0,6
2010,Secure distributed data aggregation,"Chan H., Hsiao H.-C., Perrig A., Song D.",19317883,Foundations and Trends in Databases,3,3,0,0,0,0,0,0,0,0,0,0,0,0,0,0,0,0,0,0,0,0,0,0,0,0,0,0,0,0,0,0,0,0,0,0,0,0,0,0,0,0,0,0,0,1,1,1,2,0,0,0,0,1,0,6
2010,Dependable connection setup for network capabilities,"Lee S.B., Gligor V.D., Perrig A.",,Proceedings of the International Conference on Dependable Systems and Networks,, ,0,0,0,0,0,0,0,0,0,0,0,0,0,0,0,0,0,0,0,0,0,0,0,0,0,0,0,0,0,0,0,0,0,0,0,0,0,0,0,0,0,0,0,0,1,0,0,3,1,0,0,1,0,6
2018,Networking in heaven as on earth,"Klenze T., Giuliari G., Pappas C., Perrig A., Basin D.",,HotNets 2018 - Proceedings of the 2018 ACM Workshop on Hot Topics in Networks,, ,0,0,0,0,0,0,0,0,0,0,0,0,0,0,0,0,0,0,0,0,0,0,0,0,0,0,0,0,0,0,0,0,0,0,0,0,0,0,0,0,0,0,0,0,0,0,0,0,0,1,3,1,0,5
2016,Communication based on per-packet One-Time Addresses,"Lee T., Pappas C., Szalachowski P., Perrig A.",10921648,"Proceedings - International Conference on Network Protocols, ICNP",2016-, ,0,0,0,0,0,0,0,0,0,0,0,0,0,0,0,0,0,0,0,0,0,0,0,0,0,0,0,0,0,0,0,0,0,0,0,0,0,0,0,0,0,0,0,0,0,0,0,1,1,0,3,0,0,5
2016,FAIR: Forwarding accountability for internet reputability,"Pappas C., Reischuk R.M., Perrig A.",10921648,"Proceedings - International Conference on Network Protocols, ICNP",2016-, ,0,0,0,0,0,0,0,0,0,0,0,0,0,0,0,0,0,0,0,0,0,0,0,0,0,0,0,0,0,0,0,0,0,0,0,0,0,0,0,0,0,0,0,0,0,0,0,0,0,2,2,1,0,5
2011,Short paper: Jamming-resilient multipath routing leveraging availability-based correlation,"Mustafa H., Zhang X., Liu Z., Xu W., Perrig A.",,WiSec'11 - Proceedings of the 4th ACM Conference on Wireless Network Security,, ,0,0,0,0,0,0,0,0,0,0,0,0,0,0,0,0,0,0,0,0,0,0,0,0,0,0,0,0,0,0,0,0,0,0,0,0,0,0,0,0,0,0,0,2,1,1,0,0,1,0,0,0,0,5
2010,CRAFT: A new secure congestion control architecture,"Kim D., Chiang J.T., Hu Y.-C., Perrig A., Kumar P.R.",15437221,Proceedings of the ACM Conference on Computer and Communications Security,, ,0,0,0,0,0,0,0,0,0,0,0,0,0,0,0,0,0,0,0,0,0,0,0,0,0,0,0,0,0,0,0,0,0,0,0,0,0,0,0,0,0,0,0,0,0,0,0,1,0,2,2,0,0,5
2009,A trustable reputation scheme based on private relationships,"Chiou S.-Y., Chang S.-Y., Mezzour G., Perrig A., Sun H.-M.",,"Proceedings of the 2009 International Conference on Advances in Social Network Analysis and Mining, ASONAM 2009",, ,0,0,0,0,0,0,0,0,0,0,0,0,0,0,0,0,0,0,0,0,0,0,0,0,0,0,0,0,0,0,0,0,0,0,0,0,0,0,0,0,0,0,3,1,0,0,0,0,0,0,1,0,0,5
2001,SAM: A flexible and secure auction architecture using trusted hardware,"Perrig A., Smith S., Song D., Tygar J.D.",,"Proceedings - 15th International Parallel and Distributed Processing Symposium, IPDPS 2001",, ,0,0,0,0,0,0,0,0,0,0,0,0,0,0,0,0,0,0,0,0,0,0,0,0,0,0,0,0,0,0,0,0,0,0,0,0,0,0,0,1,0,0,1,1,1,0,0,0,0,0,1,0,0,5
2017,Deadline-Aware Multipath Communication: An Optimization Problem,"Chuat L., Perrig A., Hu Y.-C.",,"Proceedings - 47th Annual IEEE/IFIP International Conference on Dependable Systems and Networks, DSN 2017",, ,0,0,0,0,0,0,0,0,0,0,0,0,0,0,0,0,0,0,0,0,0,0,0,0,0,0,0,0,0,0,0,0,0,0,0,0,0,0,0,0,0,0,0,0,0,0,0,0,0,2,1,1,0,4
2016,RITM: Revocation in the Middle,"Szalachowski P., Chuat L., Lee T., Perrig A.",,Proceedings - International Conference on Distributed Computing Systems,2016-, ,0,0,0,0,0,0,0,0,0,0,0,0,0,0,0,0,0,0,0,0,0,0,0,0,0,0,0,0,0,0,0,0,0,0,0,0,0,0,0,0,0,0,0,0,0,0,0,0,1,0,3,0,0,4
2015,Transparency instead of neutrality,"Pappas C., Argyraki K., Bechtold S., Perrig A.",,"Proceedings of the 14th ACM Workshop on Hot Topics in Networks, HotNets-XIV 2015",, ,0,0,0,0,0,0,0,0,0,0,0,0,0,0,0,0,0,0,0,0,0,0,0,0,0,0,0,0,0,0,0,0,0,0,0,0,0,0,0,0,0,0,0,0,0,0,0,1,0,0,2,1,0,4
2013,ReDABLS: Revisiting device attestation with bounded leakage of secrets,"Zhao J., Gligor V., Perrig A., Newsome J.",3029743,Lecture Notes in Computer Science (including subseries Lecture Notes in Artificial Intelligence and Lecture Notes in Bioinformatics),8263, ,0,0,0,0,0,0,0,0,0,0,0,0,0,0,0,0,0,0,0,0,0,0,0,0,0,0,0,0,0,0,0,0,0,0,0,0,0,0,0,0,0,0,0,0,0,1,2,0,0,1,0,0,0,4
2008,Combining TLS and TPMs to achieve device and user authentication for Wi-Fi and WiMAX citywide networks,"Chen Y.-T., Studer A., Perrig A.",15253511,"IEEE Wireless Communications and Networking Conference, WCNC",, ,0,0,0,0,0,0,0,0,0,0,0,0,0,0,0,0,0,0,0,0,0,0,0,0,0,0,0,0,0,0,0,0,0,0,0,0,0,0,0,0,1,1,0,0,1,0,0,0,0,1,0,0,0,4
2008,Multi-layer encryption for multi-level access control in wireless sensor networks,"Teng P.-Y., Huang S.-I., Perrig A.",15715736,IFIP International Federation for Information Processing,278, ,0,0,0,0,0,0,0,0,0,0,0,0,0,0,0,0,0,0,0,0,0,0,0,0,0,0,0,0,0,0,0,0,0,0,0,0,0,0,0,0,0,1,0,2,0,0,0,0,0,1,0,0,0,4
2007,Pioneer: Verifying Code Integrity and Enforcing Untampered Code Execution on Legacy Systems,"Seshadri A., Luk M., Perrig A., van Doom L., Khosla P.",15682633,Advances in Information Security,27, ,0,0,0,0,0,0,0,0,0,0,0,0,0,0,0,0,0,0,0,0,0,0,0,0,0,0,0,0,0,0,0,0,0,0,0,0,0,0,0,0,1,0,0,0,1,0,0,0,0,0,1,1,0,4
2019,"BlockPKI: An automated, resilient, and transparent public-key infrastructure","Dykcik L., Chuat L., Szalachowski P., Perrig A.",23759232,"IEEE International Conference on Data Mining Workshops, ICDMW",2018-, ,0,0,0,0,0,0,0,0,0,0,0,0,0,0,0,0,0,0,0,0,0,0,0,0,0,0,0,0,0,0,0,0,0,0,0,0,0,0,0,0,0,0,0,0,0,0,0,0,0,0,1,2,0,3
2015,ECO-DNS: Expected Consistency Optimization for DNS,"Chen C., Matsumoto S., Perrig A.",,Proceedings - International Conference on Distributed Computing Systems,2015-, ,0,0,0,0,0,0,0,0,0,0,0,0,0,0,0,0,0,0,0,0,0,0,0,0,0,0,0,0,0,0,0,0,0,0,0,0,0,0,0,0,0,0,0,0,0,0,0,1,0,1,1,0,0,3
2014,Short paper: MVSec: secure and easy-to-use pairing of mobile devices with vehicles,"Han J., Lin Y.-H., Perrig A., Bai F.",,WiSec 2014 - Proceedings of the 7th ACM Conference on Security and Privacy in Wireless and Mobile Networks,, ,0,0,0,0,0,0,0,0,0,0,0,0,0,0,0,0,0,0,0,0,0,0,0,0,0,0,0,0,0,0,0,0,0,0,0,0,0,0,0,0,0,0,0,0,0,0,0,1,2,0,0,0,0,3
2013,GeoPKI: Converting spatial trust into certificate trust,"Kim T.H.-J., Gligor V., Perrig A.",3029743,Lecture Notes in Computer Science (including subseries Lecture Notes in Artificial Intelligence and Lecture Notes in Bioinformatics),7868, ,0,0,0,0,0,0,0,0,0,0,0,0,0,0,0,0,0,0,0,0,0,0,0,0,0,0,0,0,0,0,0,0,0,0,0,0,0,0,0,0,0,0,0,0,0,1,0,0,1,0,1,0,0,3
2012,Street-level trust semantics for attribute authentication,"Kim T.H.-J., Gligor V., Perrig A.",3029743,Lecture Notes in Computer Science (including subseries Lecture Notes in Artificial Intelligence and Lecture Notes in Bioinformatics),7622, ,0,0,0,0,0,0,0,0,0,0,0,0,0,0,0,0,0,0,0,0,0,0,0,0,0,0,0,0,0,0,0,0,0,0,0,0,0,0,0,0,0,0,0,0,1,1,0,0,1,0,0,0,0,3
2012,Mobile encryption for laptop data protection (MELP),"Kao Y.-W., Zhang X., Studer A., Perrig A.",17518709,IET Information Security,6,4,0,0,0,0,0,0,0,0,0,0,0,0,0,0,0,0,0,0,0,0,0,0,0,0,0,0,0,0,0,0,0,0,0,0,0,0,0,0,0,0,0,0,0,0,0,0,1,1,0,1,0,0,0,3
2012,Using trustworthy host-based information in the network,"Parno B., Zhou Z., Perrig A.",15437221,Proceedings of the ACM Conference on Computer and Communications Security,, ,0,0,0,0,0,0,0,0,0,0,0,0,0,0,0,0,0,0,0,0,0,0,0,0,0,0,0,0,0,0,0,0,0,0,0,0,0,0,0,0,0,0,0,0,0,0,0,1,1,1,0,0,0,3
2010,Round-efficient broadcast authentication protocols for fixed topology classes,"Chan H., Perrig A.",10816011,Proceedings - IEEE Symposium on Security and Privacy,, ,0,0,0,0,0,0,0,0,0,0,0,0,0,0,0,0,0,0,0,0,0,0,0,0,0,0,0,0,0,0,0,0,0,0,0,0,0,0,0,0,0,0,1,0,1,0,0,1,0,0,0,0,0,3
2009,Centaur: A hybrid approach for reliable policy-based routing,"Zhang X., Perrig A., Zhang H.",,Proceedings - International Conference on Distributed Computing Systems,, ,0,0,0,0,0,0,0,0,0,0,0,0,0,0,0,0,0,0,0,0,0,0,0,0,0,0,0,0,0,0,0,0,0,0,0,0,0,0,0,0,0,0,0,1,0,0,0,1,1,0,0,0,0,3
2008,Security configuration for non-experts: A case study in wireless network configuration,"Kuo C., Perrig A., Walker J.",,Social and Human Elements of Information Security: Emerging Trends and Countermeasures,, ,0,0,0,0,0,0,0,0,0,0,0,0,0,0,0,0,0,0,0,0,0,0,0,0,0,0,0,0,0,0,0,0,0,0,0,0,0,0,0,0,1,0,1,0,0,0,0,0,1,0,0,0,0,3
2018,Adding path awareness to the internet architecture,"Trammell B., Smith J.-P., Perrig A.",10897801,IEEE Internet Computing,22,2,0,0,0,0,0,0,0,0,0,0,0,0,0,0,0,0,0,0,0,0,0,0,0,0,0,0,0,0,0,0,0,0,0,0,0,0,0,0,0,0,0,0,0,0,0,0,0,0,0,0,1,1,0,2
2017,The case for in-network replay suppression,"Lee T., Pappas C., Perrig A., Gligor V., Hu Y.-C.",,ASIA CCS 2017 - Proceedings of the 2017 ACM Asia Conference on Computer and Communications Security,, ,0,0,0,0,0,0,0,0,0,0,0,0,0,0,0,0,0,0,0,0,0,0,0,0,0,0,0,0,0,0,0,0,0,0,0,0,0,0,0,0,0,0,0,0,0,0,0,0,0,1,0,1,0,2
2017,Modeling data-plane power consumption of future internet architectures,"Chen C., Barrera D., Perrig A.",,"Proceedings - 2016 IEEE 2nd International Conference on Collaboration and Internet Computing, IEEE CIC 2016",, ,0,0,0,0,0,0,0,0,0,0,0,0,0,0,0,0,0,0,0,0,0,0,0,0,0,0,0,0,0,0,0,0,0,0,0,0,0,0,0,0,0,0,0,0,0,0,0,0,1,1,0,0,0,2
2017,Short paper: On deployment of dns-based security enhancements,"Szalachowski P., Perrig A.",3029743,Lecture Notes in Computer Science (including subseries Lecture Notes in Artificial Intelligence and Lecture Notes in Bioinformatics),10322, ,0,0,0,0,0,0,0,0,0,0,0,0,0,0,0,0,0,0,0,0,0,0,0,0,0,0,0,0,0,0,0,0,0,0,0,0,0,0,0,0,0,0,0,0,0,0,0,0,0,1,1,0,0,2
2012,OTO: Online trust oracle for user-centric trust establishment,"Kim T.H.-J., Gupta P., Han J., Owusu E., Hong J., Perrig A., Gao D.",15437221,Proceedings of the ACM Conference on Computer and Communications Security,, ,0,0,0,0,0,0,0,0,0,0,0,0,0,0,0,0,0,0,0,0,0,0,0,0,0,0,0,0,0,0,0,0,0,0,0,0,0,0,0,0,0,0,0,0,0,2,0,0,0,0,0,0,0,2
2010,Security and Privacy for Sensor Networks,"Trappe W., Ning P., Perrig A.",,Handbook on Array Processing and Sensor Networks,, ,0,0,0,0,0,0,0,0,0,0,0,0,0,0,0,0,0,0,0,0,0,0,0,0,0,0,0,0,0,0,0,0,0,0,0,0,0,0,0,0,0,0,0,0,1,1,0,0,0,0,0,0,0,2
2009,Usable key agreement in home networks,"Panayappan R., Palarz T., Bauer L., Perrig A.",,"1st International Conference on Communication Systems and Networks and Workshops, COMSNETS 2009",, ,0,0,0,0,0,0,0,0,0,0,0,0,0,0,0,0,0,0,0,0,0,0,0,0,0,0,0,0,0,0,0,0,0,0,0,0,0,0,0,0,0,1,1,0,0,0,0,0,0,0,0,0,0,2
2006,A distributed stealthy coordination mechanism for worm synchronization,"Kataria G., Anand G., Araujo R., Krishnan R., Perrig A.",,2006 Securecomm and Workshops,, ,0,0,0,0,0,0,0,0,0,0,0,0,0,0,0,0,0,0,0,0,0,0,0,0,0,0,0,0,0,0,0,0,0,0,0,0,0,0,0,0,0,0,0,1,0,1,0,0,0,0,0,0,0,2
2019,Retroactive packet sampling for traffic receipts,"Nikolopoulos P., Pappas C., Argyraki K., Perrig A.",,SIGMETRICS Performance 2019 - Abstracts of the 2019 SIGMETRICS/Performance Joint International Conference on Measurement and Modeling of Computer Systems,, ,0,0,0,0,0,0,0,0,0,0,0,0,0,0,0,0,0,0,0,0,0,0,0,0,0,0,0,0,0,0,0,0,0,0,0,0,0,0,0,0,0,0,0,0,0,0,0,0,0,0,0,1,0,1
2018,TARANET: Traffic-Analysis Resistant Anonymity at the Network Layer,"Chen C., Asoni D.E., Perrig A., Barrera D., Danezis G., Troncoso C.",,"Proceedings - 3rd IEEE European Symposium on Security and Privacy, EURO S and P 2018",, ,0,0,0,0,0,0,0,0,0,0,0,0,0,0,0,0,0,0,0,0,0,0,0,0,0,0,0,0,0,0,0,0,0,0,0,0,0,0,0,0,0,0,0,0,0,0,0,0,0,0,1,0,0,1
2017,Internet kill switches demystified,"Rothenberger B., Asoni D.E., Barrera D., Perrig A.",,"Proceedings of the Proceedings of the 10th European Workshop on Systems Security, EuroSec 2017, co-located with European Conference on Computer Systems, EuroSys 2017",, ,0,0,0,0,0,0,0,0,0,0,0,0,0,0,0,0,0,0,0,0,0,0,0,0,0,0,0,0,0,0,0,0,0,0,0,0,0,0,0,0,0,0,0,0,0,0,0,0,1,0,0,0,0,1
2016,CASTLE: CA signing in a touch-less environment,"Matsumoto S., Steffen S., Perrig A.",,ACM International Conference Proceeding Series,5-9-, ,0,0,0,0,0,0,0,0,0,0,0,0,0,0,0,0,0,0,0,0,0,0,0,0,0,0,0,0,0,0,0,0,0,0,0,0,0,0,0,0,0,0,0,0,0,0,0,0,0,0,1,0,0,1
2016,A practical system for guaranteed access in the presence of DDoS attacks and flash crowds,"Kung Y.-H., Lee T., Tseng P.-N., Hsiao H.-C., Kim T.H.-J., Lee S.B., Lin Y.-H., Perrig A.",10921648,"Proceedings - International Conference on Network Protocols, ICNP",2016-, ,0,0,0,0,0,0,0,0,0,0,0,0,0,0,0,0,0,0,0,0,0,0,0,0,0,0,0,0,0,0,0,0,0,0,0,0,0,0,0,0,0,0,0,0,0,0,0,0,1,0,0,0,0,1
2016,On building onion routing into future internet architectures,"Asoni D.E., Chen C., Barrera D., Perrig A.",3029743,Lecture Notes in Computer Science (including subseries Lecture Notes in Artificial Intelligence and Lecture Notes in Bioinformatics),9591, ,0,0,0,0,0,0,0,0,0,0,0,0,0,0,0,0,0,0,0,0,0,0,0,0,0,0,0,0,0,0,0,0,0,0,0,0,0,0,0,0,0,0,0,0,0,0,0,0,0,0,1,0,0,1
2015,Source-based path selection: The data plane perspective,"Lee T., Pappas C., Basescu C., Han J., Hoefler T., Perrig A.",,ACM International Conference Proceeding Series,08-10-, ,0,0,0,0,0,0,0,0,0,0,0,0,0,0,0,0,0,0,0,0,0,0,0,0,0,0,0,0,0,0,0,0,0,0,0,0,0,0,0,0,0,0,0,0,0,0,0,1,0,0,0,0,0,1
2011,A picture is worth a thousand words: Improving usability and robustness of online recommendation systems,"Kim T.H.-J., Gligor V., Perrig A.",10952055,"Proceedings - International Conference on Computer Communications and Networks, ICCCN",, ,0,0,0,0,0,0,0,0,0,0,0,0,0,0,0,0,0,0,0,0,0,0,0,0,0,0,0,0,0,0,0,0,0,0,0,0,0,0,0,0,0,0,0,0,0,0,0,0,0,0,1,0,0,1
2009,Centaur: A hybrid approach for reliable policy-based routing,"Xin Z., Perrig A., Hui Z.",,Proceedings - International Conference on Distributed Computing Systems,, ,0,0,0,0,0,0,0,0,0,0,0,0,0,0,0,0,0,0,0,0,0,0,0,0,0,0,0,0,0,0,0,0,0,0,0,0,0,0,0,0,0,0,1,0,0,0,0,0,0,0,0,0,0,1
2008,Countermeasures against government-scale monetary forgery,"Acquisti A., Christin N., Parno B., Perrig A.",3029743,Lecture Notes in Computer Science (including subseries Lecture Notes in Artificial Intelligence and Lecture Notes in Bioinformatics),5143, ,0,0,0,0,0,0,0,0,0,0,0,0,0,0,0,0,0,0,0,0,0,0,0,0,0,0,0,0,0,0,0,0,0,0,0,0,0,0,0,0,1,0,0,0,0,0,0,0,0,0,0,0,0,1
2008,Securing user-controlled routing infrastructures,"Lakshminarayanan K., Adkins D., Perrig A., Stoica I.",10636692,IEEE/ACM Transactions on Networking,16,3,0,0,0,0,0,0,0,0,0,0,0,0,0,0,0,0,0,0,0,0,0,0,0,0,0,0,0,0,0,0,0,0,0,0,0,0,0,0,0,0,0,0,1,0,0,0,0,0,0,0,0,0,0,1
2020,Internet backbones in space@inf.ethz.ch,"Giuliari G., Klenze T., Legner M., Basin D., Perrig A., Singla A.",1464833,Computer Communication Review,50,1,0,0,0,0,0,0,0,0,0,0,0,0,0,0,0,0,0,0,0,0,0,0,0,0,0,0,0,0,0,0,0,0,0,0,0,0,0,0,0,0,0,0,0,0,0,0,0,0,0,0,0,0,0,0
2019,Network transparency for better internet security,"Pappas C., Lee T., Reischuk R.M., Szalachowski P., Perrig A.",10636692,IEEE/ACM Transactions on Networking,27,5,0,0,0,0,0,0,0,0,0,0,0,0,0,0,0,0,0,0,0,0,0,0,0,0,0,0,0,0,0,0,0,0,0,0,0,0,0,0,0,0,0,0,0,0,0,0,0,0,0,0,0,0,0,0
2018,Alcatraz: Data exfiltration-resilient corporate network architecture,"Asoni D.E., Sasaki T., Perrig A.",,"Proceedings - 4th IEEE International Conference on Collaboration and Internet Computing, CIC 2018",, ,0,0,0,0,0,0,0,0,0,0,0,0,0,0,0,0,0,0,0,0,0,0,0,0,0,0,0,0,0,0,0,0,0,0,0,0,0,0,0,0,0,0,0,0,0,0,0,0,0,0,0,0,0,0
2018,SAFES: Sand-boxed architecture for frequent environment self-measurement,"Kobayashi T., Sasaki T., Jada A., Asoni D.E., Perrig A.",15437221,Proceedings of the ACM Conference on Computer and Communications Security,, ,0,0,0,0,0,0,0,0,0,0,0,0,0,0,0,0,0,0,0,0,0,0,0,0,0,0,0,0,0,0,0,0,0,0,0,0,0,0,0,0,0,0,0,0,0,0,0,0,0,0,0,0,0,0
2018,Bootstrapping privacy services in today's internet,"Lee T., Pappas C., Perrig A.",1464833,Computer Communication Review,48,5,0,0,0,0,0,0,0,0,0,0,0,0,0,0,0,0,0,0,0,0,0,0,0,0,0,0,0,0,0,0,0,0,0,0,0,0,0,0,0,0,0,0,0,0,0,0,0,0,0,0,0,0,0,0
2018,CLEF: Limiting the damage caused by large flows in the internet core,"Wu H., Hsiao H.-C., Asoni D.E., Scherrer S., Perrig A., Hu Y.-C.",3029743,Lecture Notes in Computer Science (including subseries Lecture Notes in Artificial Intelligence and Lecture Notes in Bioinformatics),11124, ,0,0,0,0,0,0,0,0,0,0,0,0,0,0,0,0,0,0,0,0,0,0,0,0,0,0,0,0,0,0,0,0,0,0,0,0,0,0,0,0,0,0,0,0,0,0,0,0,0,0,0,0,0,0
2018,A paged domain name system for query privacy,"Asoni D.E., Hitz S., Perrig A.",3029743,Lecture Notes in Computer Science (including subseries Lecture Notes in Artificial Intelligence and Lecture Notes in Bioinformatics),11261, ,0,0,0,0,0,0,0,0,0,0,0,0,0,0,0,0,0,0,0,0,0,0,0,0,0,0,0,0,0,0,0,0,0,0,0,0,0,0,0,0,0,0,0,0,0,0,0,0,0,0,0,0,0,0
2017,Host Structure,"Lee J., Perrig A., Szalachowski P.",16197100,Information Security and Cryptography,,9.78332E+12,0,0,0,0,0,0,0,0,0,0,0,0,0,0,0,0,0,0,0,0,0,0,0,0,0,0,0,0,0,0,0,0,0,0,0,0,0,0,0,0,0,0,0,0,0,0,0,0,0,0,0,0,0,0
2017,Control Plane,"Hitz S., Perrig A., Shirley S., Szalachowski P.",16197100,Information Security and Cryptography,,9.78332E+12,0,0,0,0,0,0,0,0,0,0,0,0,0,0,0,0,0,0,0,0,0,0,0,0,0,0,0,0,0,0,0,0,0,0,0,0,0,0,0,0,0,0,0,0,0,0,0,0,0,0,0,0,0,0
2017,Deployment and Operation,"Hu Y.-C., Klausmann T., Perrig A., Reischuk R.M., Shirley S., Szalachowski P., Ucan E.",16197100,Information Security and Cryptography,,9.78332E+12,0,0,0,0,0,0,0,0,0,0,0,0,0,0,0,0,0,0,0,0,0,0,0,0,0,0,0,0,0,0,0,0,0,0,0,0,0,0,0,0,0,0,0,0,0,0,0,0,0,0,0,0,0,0
2017,OPT and DRKey,"Perrig A., Reischuk R.M., Roos D., Szalachowski P.",16197100,Information Security and Cryptography,,9.78332E+12,0,0,0,0,0,0,0,0,0,0,0,0,0,0,0,0,0,0,0,0,0,0,0,0,0,0,0,0,0,0,0,0,0,0,0,0,0,0,0,0,0,0,0,0,0,0,0,0,0,0,0,0,0,0
2017,The SCION Architecture,"Barrera D., Chuat L., Perrig A., Reischuk R.M., Szalachowski P.",16197100,Information Security and Cryptography,,9.78332E+12,0,0,0,0,0,0,0,0,0,0,0,0,0,0,0,0,0,0,0,0,0,0,0,0,0,0,0,0,0,0,0,0,0,0,0,0,0,0,0,0,0,0,0,0,0,0,0,0,0,0,0,0,0,0
2017,Power consumption,"Barrera D., Chen C., Perrig A.",16197100,Information Security and Cryptography,,9.78332E+12,0,0,0,0,0,0,0,0,0,0,0,0,0,0,0,0,0,0,0,0,0,0,0,0,0,0,0,0,0,0,0,0,0,0,0,0,0,0,0,0,0,0,0,0,0,0,0,0,0,0,0,0,0,0
2017,Security analysis,"Barrera D., Klenze T., Perrig A., Reischuk R.M., Rothenberger B., Szalachowski P.",16197100,Information Security and Cryptography,,9.78332E+12,0,0,0,0,0,0,0,0,0,0,0,0,0,0,0,0,0,0,0,0,0,0,0,0,0,0,0,0,0,0,0,0,0,0,0,0,0,0,0,0,0,0,0,0,0,0,0,0,0,0,0,0,0,0
2017,Cryptographic Algorithms,"Perrig A., Szalachowski P.",16197100,Information Security and Cryptography,,9.78332E+12,0,0,0,0,0,0,0,0,0,0,0,0,0,0,0,0,0,0,0,0,0,0,0,0,0,0,0,0,0,0,0,0,0,0,0,0,0,0,0,0,0,0,0,0,0,0,0,0,0,0,0,0,0,0
2017,Sibra,"Perrig A., Reischuk R.M., Shirley S., Szalachowski P.",16197100,Information Security and Cryptography,,9.78332E+12,0,0,0,0,0,0,0,0,0,0,0,0,0,0,0,0,0,0,0,0,0,0,0,0,0,0,0,0,0,0,0,0,0,0,0,0,0,0,0,0,0,0,0,0,0,0,0,0,0,0,0,0,0,0
2017,Isolation Domains (ISDs),"Perrig A., Chuat L., Reischuk R.M., Trammell B.",16197100,Information Security and Cryptography,,9.78332E+12,0,0,0,0,0,0,0,0,0,0,0,0,0,0,0,0,0,0,0,0,0,0,0,0,0,0,0,0,0,0,0,0,0,0,0,0,0,0,0,0,0,0,0,0,0,0,0,0,0,0,0,0,0,0
2017,Data Plane,"Pappas C., Perrig A., Reischuk R.M., Shirley S., Szalachowski P.",16197100,Information Security and Cryptography,,9.78332E+12,0,0,0,0,0,0,0,0,0,0,0,0,0,0,0,0,0,0,0,0,0,0,0,0,0,0,0,0,0,0,0,0,0,0,0,0,0,0,0,0,0,0,0,0,0,0,0,0,0,0,0,0,0,0
2017,Packet and Message Formats,"Perrig A., Shirley S., Szalachowski P.",16197100,Information Security and Cryptography,,9.78332E+12,0,0,0,0,0,0,0,0,0,0,0,0,0,0,0,0,0,0,0,0,0,0,0,0,0,0,0,0,0,0,0,0,0,0,0,0,0,0,0,0,0,0,0,0,0,0,0,0,0,0,0,0,0,0
2017,Authentication Infrastructure,"Chuat L., Perrig A., Reischuk R.M., Szalachowski P.",16197100,Information Security and Cryptography,,9.78332E+12,0,0,0,0,0,0,0,0,0,0,0,0,0,0,0,0,0,0,0,0,0,0,0,0,0,0,0,0,0,0,0,0,0,0,0,0,0,0,0,0,0,0,0,0,0,0,0,0,0,0,0,0,0,0
2017,Introduction,"Barrera D., Chuat L., Perrig A., Reischuk R.M., Szalachowski P.",16197100,Information Security and Cryptography,,9.78332E+12,0,0,0,0,0,0,0,0,0,0,0,0,0,0,0,0,0,0,0,0,0,0,0,0,0,0,0,0,0,0,0,0,0,0,0,0,0,0,0,0,0,0,0,0,0,0,0,0,0,0,0,0,0,0
2017,ISD Coordination,"Chuat L., Perrig A., Reischuk R.M., Szalachowski P.",16197100,Information Security and Cryptography,,9.78332E+12,0,0,0,0,0,0,0,0,0,0,0,0,0,0,0,0,0,0,0,0,0,0,0,0,0,0,0,0,0,0,0,0,0,0,0,0,0,0,0,0,0,0,0,0,0,0,0,0,0,0,0,0,0,0
2016,Coordination of anti-spoofing mechanisms in partial deployments,"An H., Lee H., Perrig A.",12292370,Journal of Communications and Networks,18,6,0,0,0,0,0,0,0,0,0,0,0,0,0,0,0,0,0,0,0,0,0,0,0,0,0,0,0,0,0,0,0,0,0,0,0,0,0,0,0,0,0,0,0,0,0,0,0,0,0,0,0,0,0,0
2016,DEMO: Easy deployment of a secure Internet Architecture for the 21st century: How hard can it be to build a secure internet?,"Ucan E., Reischuk R.M., Perrig A.",15437221,Proceedings of the ACM Conference on Computer and Communications Security,24-28-, ,0,0,0,0,0,0,0,0,0,0,0,0,0,0,0,0,0,0,0,0,0,0,0,0,0,0,0,0,0,0,0,0,0,0,0,0,0,0,0,0,0,0,0,0,0,0,0,0,0,0,0,0,0,0
2016,On the implementation of path-based dynamic pricing in edge-directed routing,"Urakawa J., Basescu C., Sugiyama K., Pappas C., Yamada A., Kubota A., Perrig A.",,"Proceedings - Asia-Pacific Conference on Communications, APCC 2016",, ,0,0,0,0,0,0,0,0,0,0,0,0,0,0,0,0,0,0,0,0,0,0,0,0,0,0,0,0,0,0,0,0,0,0,0,0,0,0,0,0,0,0,0,0,0,0,0,0,0,0,0,0,0,0
2016,Forwarding accountability: A challenging necessity of the future data plane,"Pappas C., Reischuk R.M., Perrig A.",3029743,Lecture Notes in Computer Science (including subseries Lecture Notes in Artificial Intelligence and Lecture Notes in Bioinformatics),9591, ,0,0,0,0,0,0,0,0,0,0,0,0,0,0,0,0,0,0,0,0,0,0,0,0,0,0,0,0,0,0,0,0,0,0,0,0,0,0,0,0,0,0,0,0,0,0,0,0,0,0,0,0,0,0
2014,Message from the program chairs,"Backes M., Perrig A., Wang H.",10816011,Proceedings - IEEE Symposium on Security and Privacy,, ,0,0,0,0,0,0,0,0,0,0,0,0,0,0,0,0,0,0,0,0,0,0,0,0,0,0,0,0,0,0,0,0,0,0,0,0,0,0,0,0,0,0,0,0,0,0,0,0,0,0,0,0,0,0
2014,Exciting security research opportunity: Next-generation internet,Perrig A.,15437221,Proceedings of the ACM Conference on Computer and Communications Security,2014-, November,0,0,0,0,0,0,0,0,0,0,0,0,0,0,0,0,0,0,0,0,0,0,0,0,0,0,0,0,0,0,0,0,0,0,0,0,0,0,0,0,0,0,0,0,0,0,0,0,0,0,0,0,0,0
2014,"Scion: Scalability, control, and isolation on next-generation networks",Perrig A.,3029743,Lecture Notes in Computer Science (including subseries Lecture Notes in Artificial Intelligence and Lecture Notes in Bioinformatics),8804, ,0,0,0,0,0,0,0,0,0,0,0,0,0,0,0,0,0,0,0,0,0,0,0,0,0,0,0,0,0,0,0,0,0,0,0,0,0,0,0,0,0,0,0,0,0,0,0,0,0,0,0,0,0,0
2014,Accountability is no excuse for surveillance,"Bechtold S., Perrig A.",10782,Communications of the ACM,57,11,0,0,0,0,0,0,0,0,0,0,0,0,0,0,0,0,0,0,0,0,0,0,0,0,0,0,0,0,0,0,0,0,0,0,0,0,0,0,0,0,0,0,0,0,0,0,0,0,0,0,0,0,0,0
2014,Preface,"Kim Y., Lee H., Perrig A.",3029743,Lecture Notes in Computer Science (including subseries Lecture Notes in Artificial Intelligence and Lecture Notes in Bioinformatics),8267, ,0,0,0,0,0,0,0,0,0,0,0,0,0,0,0,0,0,0,0,0,0,0,0,0,0,0,0,0,0,0,0,0,0,0,0,0,0,0,0,0,0,0,0,0,0,0,0,0,0,0,0,0,0,0
2013,Soulmate or acquaintance? Visualizing tie strength for trust inference,"Kim T.H.-J., Gligor V., Guajardo J., Hong J., Perrig A.",3029743,Lecture Notes in Computer Science (including subseries Lecture Notes in Artificial Intelligence and Lecture Notes in Bioinformatics),7862, ,0,0,0,0,0,0,0,0,0,0,0,0,0,0,0,0,0,0,0,0,0,0,0,0,0,0,0,0,0,0,0,0,0,0,0,0,0,0,0,0,0,0,0,0,0,0,0,0,0,0,0,0,0,0
2013,Message from the program committee chairs,"Lee W., Perrig A., Backes M.",10816011,Proceedings - IEEE Symposium on Security and Privacy,, ,0,0,0,0,0,0,0,0,0,0,0,0,0,0,0,0,0,0,0,0,0,0,0,0,0,0,0,0,0,0,0,0,0,0,0,0,0,0,0,0,0,0,0,0,0,0,0,0,0,0,0,0,0,0
2013,UAS: Universal anti-spoofing by incorporating existing mechanisms,"An H., Lee H., Perrig A.",,"Proceedings - Conference on Local Computer Networks, LCN",, ,0,0,0,0,0,0,0,0,0,0,0,0,0,0,0,0,0,0,0,0,0,0,0,0,0,0,0,0,0,0,0,0,0,0,0,0,0,0,0,0,0,0,0,0,0,0,0,0,0,0,0,0,0,0
2012,Solutions to the Problem,"Chow R., Shi E., Jakobsson M., Golle P., Masuoka R., Molina J., Niu Y., Song J., Akavipat R., Liu D., Rydstedt G., Tamir D., Good N., Leddy W., Eisen O., Perrig A.",,Death of the Internet,, ,0,0,0,0,0,0,0,0,0,0,0,0,0,0,0,0,0,0,0,0,0,0,0,0,0,0,0,0,0,0,0,0,0,0,0,0,0,0,0,0,0,0,0,0,0,0,0,0,0,0,0,0,0,0
2011,Lecture Notes in Computer Science (including subseries Lecture Notes in Artificial Intelligence and Lecture Notes in Bioinformatics): Preface,"Beres Y., Perrig A., Sadeghi A.-R., Sasse A.",3029743,Lecture Notes in Computer Science (including subseries Lecture Notes in Artificial Intelligence and Lecture Notes in Bioinformatics),6740, ,0,0,0,0,0,0,0,0,0,0,0,0,0,0,0,0,0,0,0,0,0,0,0,0,0,0,0,0,0,0,0,0,0,0,0,0,0,0,0,0,0,0,0,0,0,0,0,0,0,0,0,0,0,0
2011,Preface,"Beres Y., Perrig A., Sadeghi A.-R., Sasse A.",3029743,Lecture Notes in Computer Science (including subseries Lecture Notes in Artificial Intelligence and Lecture Notes in Bioinformatics),6740, ,0,0,0,0,0,0,0,0,0,0,0,0,0,0,0,0,0,0,0,0,0,0,0,0,0,0,0,0,0,0,0,0,0,0,0,0,0,0,0,0,0,0,0,0,0,0,0,0,0,0,0,0,0,0
2010,Proceedings of the ACM Conference on Computer and Communications Security: Foreword,"Perrig A., Sion R.",15437221,Proceedings of the ACM Conference on Computer and Communications Security,, ,0,0,0,0,0,0,0,0,0,0,0,0,0,0,0,0,0,0,0,0,0,0,0,0,0,0,0,0,0,0,0,0,0,0,0,0,0,0,0,0,0,0,0,0,0,0,0,0,0,0,0,0,0,0
2010,Remote attestation for HDD files using kernel protection mechanism,"Takemori K., Perrig A., Qu N., Miyake Y.",5361486,IEEE International Conference on Communications,, ,0,0,0,0,0,0,0,0,0,0,0,0,0,0,0,0,0,0,0,0,0,0,0,0,0,0,0,0,0,0,0,0,0,0,0,0,0,0,0,0,0,0,0,0,0,0,0,0,0,0,0,0,0,0
2009,Building secure networked systems with code attestation,Perrig A.,3029743,Lecture Notes in Computer Science (including subseries Lecture Notes in Artificial Intelligence and Lecture Notes in Bioinformatics),5888, ,0,0,0,0,0,0,0,0,0,0,0,0,0,0,0,0,0,0,0,0,0,0,0,0,0,0,0,0,0,0,0,0,0,0,0,0,0,0,0,0,0,0,0,0,0,0,0,0,0,0,0,0,0,0
2009,Secure wireless networking,"Perrig A., Trappe W., Gligor V., Poovendran R., Lee H.",12292370,Journal of Communications and Networks,11,6,0,0,0,0,0,0,0,0,0,0,0,0,0,0,0,0,0,0,0,0,0,0,0,0,0,0,0,0,0,0,0,0,0,0,0,0,0,0,0,0,0,0,0,0,0,0,0,0,0,0,0,0,0,0
2006,"Security in sensor networks: Industry trends, present and future research directions",Perrig A.,,WiSE 2006 - Proceedings of the 5th ACM Workshop on Wireless Security,2006, ,0,0,0,0,0,0,0,0,0,0,0,0,0,0,0,0,0,0,0,0,0,0,0,0,0,0,0,0,0,0,0,0,0,0,0,0,0,0,0,0,0,0,0,0,0,0,0,0,0,0,0,0,0,0
2006,"Security in sensor networks: Industry trends, present and future research directions",Perrig A.,,"Proceedings of the Fifth International Conference on Information Processing in Sensor Networks, IPSN '06",2006, ,0,0,0,0,0,0,0,0,0,0,0,0,0,0,0,0,0,0,0,0,0,0,0,0,0,0,0,0,0,0,0,0,0,0,0,0,0,0,0,0,0,0,0,0,0,0,0,0,0,0,0,0,0,0
2003,Message from the Workshop Chairs,"Maughan D., Perrig A.",,Proceedings of the Workshop on Wireless Security,, ,0,0,0,0,0,0,0,0,0,0,0,0,0,0,0,0,0,0,0,0,0,0,0,0,0,0,0,0,0,0,0,0,0,0,0,0,0,0,0,0,0,0,0,0,0,0,0,0,0,0,0,0,0,0
