," 作者:Schiele, Bernt",,,,,,,,,,,,,,,,,,,,,,,,,,,,,,,,,,,,,,,,,,,,,,,,,,,,,,,,,,,
,,,,,,,,,,,,,,,,,,,,,,,,,,,,,,,,,,,,,,,,,,,,,,,,,,,,,,,,,,,,
,h-index = 75 (在纳入 h-Index 的 289 文献中，有 75 篇已被至少引用 75 次。),,,,,,,,,,,,,,,,,,,,,,,,,,,,,,,,,,,,,,,,,,,,,,,,,,,,,,,,,,,
,,,,,,,,,,,,,,,,,,,,,,,,,,,,,,,,,,,,,,,,,,,,,,,,,,,,,,,,,,,,
,,,,,,,,,,,,,,,,,,,,,,,,,,,,,,,,,,,,,,,,,,,,,,,,,,,,,,,,,,,,
,,,,,,,<1970,1970,1971,1972,1973,1974,1975,1976,1977,1978,1979,1980,1981,1982,1983,1984,1985,1986,1987,1988,1989,1990,1991,1992,1993,1994,1995,1996,1997,1998,1999,2000,2001,2002,2003,2004,2005,2006,2007,2008,2009,2010,2011,2012,2013,2014,2015,2016,2017,2018,2019,2020,>2020,总计
出版年份,文献标题,作者,ISSN,期刊标题,卷,期,0,0,0,0,0,0,0,0,0,0,0,0,0,0,0,0,0,0,0,0,0,0,0,0,0,0,3,4,15,14,30,46,76,75,97,133,153,251,316,336,614,795,969,1046,1298,1438,1741,2071,2693,3520,5059,1199,0,23992
2012,Pedestrian detection: An evaluation of the state of the art,"Dollar P., Wojek C., Schiele B., Perona P.",1628828,IEEE Transactions on Pattern Analysis and Machine Intelligence,34,4,0,0,0,0,0,0,0,0,0,0,0,0,0,0,0,0,0,0,0,0,0,0,0,0,0,0,0,0,0,0,0,0,0,0,0,0,0,0,0,0,0,0,0,35,121,170,212,242,274,267,267,69,0,1657
2016,The Cityscapes Dataset for Semantic Urban Scene Understanding,"Cordts M., Omran M., Ramos S., Rehfeld T., Enzweiler M., Benenson R., Franke U., Roth S., Schiele B.",10636919,Proceedings of the IEEE Computer Society Conference on Computer Vision and Pattern Recognition,2016-, ,0,0,0,0,0,0,0,0,0,0,0,0,0,0,0,0,0,0,0,0,0,0,0,0,0,0,0,0,0,0,0,0,0,0,0,0,0,0,0,0,0,0,0,0,0,0,0,17,146,411,826,165,0,1565
2008,Robust object detection with interleaved categorization and segmentation,"Leibe B., Leonardis A., Schiele B.",9205691,International Journal of Computer Vision,77, 1-3,0,0,0,0,0,0,0,0,0,0,0,0,0,0,0,0,0,0,0,0,0,0,0,0,0,0,0,0,0,0,0,0,0,0,0,0,0,0,0,10,50,80,90,84,94,80,79,60,49,35,20,13,0,744
2009,Pedestrian detection: A benchmark,"Dollar P., Wojek C., Schiele B., Perona P.",,"2009 IEEE Computer Society Conference on Computer Vision and Pattern Recognition Workshops, CVPR Workshops 2009",2009, ,0,0,0,0,0,0,0,0,0,0,0,0,0,0,0,0,0,0,0,0,0,0,0,0,0,0,0,0,0,0,0,0,0,0,0,0,0,0,0,0,6,45,72,67,46,55,62,57,90,81,108,27,0,716
2005,Pedestrian detection in crowded scenes,"Leibe B., Seemann E., Schiele B.",,"Proceedings - 2005 IEEE Computer Society Conference on Computer Vision and Pattern Recognition, CVPR 2005",I, ,0,0,0,0,0,0,0,0,0,0,0,0,0,0,0,0,0,0,0,0,0,0,0,0,0,0,0,0,0,0,0,0,0,0,0,0,5,25,38,59,60,51,52,59,54,32,36,31,27,32,47,16,0,624
2008,People-tracking-by-detection and people-detection-by-tracking,"Andriluka M., Roth S., Schiele B.",,"26th IEEE Conference on Computer Vision and Pattern Recognition, CVPR",, ,0,0,0,0,0,0,0,0,0,0,0,0,0,0,0,0,0,0,0,0,0,0,0,0,0,0,0,0,0,0,0,0,0,0,0,0,0,0,0,2,30,37,56,57,69,63,67,65,56,53,54,14,0,623
2014,A tutorial on human activity recognition using body-worn inertial sensors,"Bulling A., Blanke U., Schiele B.",3600300,ACM Computing Surveys,46,3,0,0,0,0,0,0,0,0,0,0,0,0,0,0,0,0,0,0,0,0,0,0,0,0,0,0,0,0,0,0,0,0,0,0,0,0,0,0,0,0,0,0,0,0,0,13,53,100,112,136,152,36,0,602
2014,2D human pose estimation: New benchmark and state of the art analysis,"Andriluka M., Pishchulin L., Gehler P., Schiele B.",10636919,Proceedings of the IEEE Computer Society Conference on Computer Vision and Pattern Recognition,, ,0,0,0,0,0,0,0,0,0,0,0,0,0,0,0,0,0,0,0,0,0,0,0,0,0,0,0,0,0,0,0,0,0,0,0,0,0,0,0,0,0,0,0,0,0,2,11,39,91,123,239,40,0,545
2003,Analyzing appearance and contour based methods for object categorization,"Leibe B., Schiele B.",10636919,Proceedings of the IEEE Computer Society Conference on Computer Vision and Pattern Recognition,2, ,0,0,0,0,0,0,0,0,0,0,0,0,0,0,0,0,0,0,0,0,0,0,0,0,0,0,0,0,0,0,0,0,0,0,1,14,14,21,18,20,30,40,31,42,37,39,50,42,39,48,45,11,0,542
2009,Pictorial structures revisited: People detection and articulated pose estimation,"Andriluka M., Roth S., Schiele B.",,"2009 IEEE Computer Society Conference on Computer Vision and Pattern Recognition Workshops, CVPR Workshops 2009",2009, ,0,0,0,0,0,0,0,0,0,0,0,0,0,0,0,0,0,0,0,0,0,0,0,0,0,0,0,0,0,0,0,0,0,0,0,0,0,0,0,0,4,40,50,60,61,55,61,53,46,44,48,9,0,531
2010,New features and insights for pedestrian detection,"Walk S., Majer N., Schindler K., Schiele B.",10636919,Proceedings of the IEEE Computer Society Conference on Computer Vision and Pattern Recognition,, ,0,0,0,0,0,0,0,0,0,0,0,0,0,0,0,0,0,0,0,0,0,0,0,0,0,0,0,0,0,0,0,0,0,0,0,0,0,0,0,0,0,1,22,27,56,52,63,61,45,37,28,7,0,399
2016,Generative adversarial text to image synthesis,"Reed S., Akata Z., Yan X., Logeswaran L., Schiele B., Lee H.",,"33rd International Conference on Machine Learning, ICML 2016",3, ,0,0,0,0,0,0,0,0,0,0,0,0,0,0,0,0,0,0,0,0,0,0,0,0,0,0,0,0,0,0,0,0,0,0,0,0,0,0,0,0,0,0,0,0,0,0,0,3,67,100,149,27,0,346
2010,Monocular 3D pose estimation and tracking by detection,"Andriluka M., Roth S., Schiele B.",10636919,Proceedings of the IEEE Computer Society Conference on Computer Vision and Pattern Recognition,, ,0,0,0,0,0,0,0,0,0,0,0,0,0,0,0,0,0,0,0,0,0,0,0,0,0,0,0,0,0,0,0,0,0,0,0,0,0,0,0,0,0,2,27,34,37,42,34,46,28,31,43,8,0,332
2015,Evaluation of output embeddings for fine-grained image classification,"Akata Z., Reed S., Walter D., Lee H., Schiele B.",10636919,Proceedings of the IEEE Computer Society Conference on Computer Vision and Pattern Recognition,07-12-, ,0,0,0,0,0,0,0,0,0,0,0,0,0,0,0,0,0,0,0,0,0,0,0,0,0,0,0,0,0,0,0,0,0,0,0,0,0,0,0,0,0,0,0,0,0,0,3,26,58,73,123,28,0,311
2007,Semantic modeling of natural scenes for content-based image retrieval,"Vogel J., Schiele B.",9205691,International Journal of Computer Vision,72,2,0,0,0,0,0,0,0,0,0,0,0,0,0,0,0,0,0,0,0,0,0,0,0,0,0,0,0,0,0,0,0,0,0,0,1,0,0,1,9,12,22,35,38,31,29,28,30,28,17,13,9,5,0,308
2016,What Makes for Effective Detection Proposals?,"Hosang J., Benenson R., Dollar P., Schiele B.",1628828,IEEE Transactions on Pattern Analysis and Machine Intelligence,38,4,0,0,0,0,0,0,0,0,0,0,0,0,0,0,0,0,0,0,0,0,0,0,0,0,0,0,0,0,0,0,0,0,0,0,0,0,0,0,0,0,0,0,0,0,0,0,0,24,79,87,89,19,0,298
2000,Recognition without correspondence using multidimensional receptive field histograms,"Schiele B., Crowley J.L.",9205691,International Journal of Computer Vision,36,1,0,0,0,0,0,0,0,0,0,0,0,0,0,0,0,0,0,0,0,0,0,0,0,0,0,0,0,0,0,0,1,3,10,18,28,24,18,25,25,20,26,13,10,21,12,10,6,9,7,7,4,1,0,298
2008,Discovery of activity patterns using topic models,"Huynh T., Fritz M., Schiele B.",,UbiComp 2008 - Proceedings of the 10th International Conference on Ubiquitous Computing,, ,0,0,0,0,0,0,0,0,0,0,0,0,0,0,0,0,0,0,0,0,0,0,0,0,0,0,0,0,0,0,0,0,0,0,0,0,0,0,0,0,13,18,29,15,32,38,32,27,31,24,20,8,0,287
2009,Multi-Cue onboard pedestrian detection,"Wojek C., Walk S., Schiele B.",,"2009 IEEE Computer Society Conference on Computer Vision and Pattern Recognition Workshops, CVPR Workshops 2009",2009, ,0,0,0,0,0,0,0,0,0,0,0,0,0,0,0,0,0,0,0,0,0,0,0,0,0,0,0,0,0,0,0,0,0,0,0,0,0,0,0,0,0,13,29,26,35,24,29,28,28,27,18,7,0,264
2015,"Ten years of pedestrian detection, what have we learned?","Benenson R., Omran M., Hosang J., Schiele B.",3029743,Lecture Notes in Computer Science (including subseries Lecture Notes in Artificial Intelligence and Lecture Notes in Bioinformatics),8926, ,0,0,0,0,0,0,0,0,0,0,0,0,0,0,0,0,0,0,0,0,0,0,0,0,0,0,0,0,0,0,0,0,0,0,0,0,0,0,0,0,0,0,0,0,0,0,11,55,67,59,54,16,0,262
2016,DeepCut: Joint subset partition and labeling for multi person pose estimation,"Pishchulin L., Insafutdinov E., Tang S., Andres B., Andriluka M., Gehler P., Schiele B.",10636919,Proceedings of the IEEE Computer Society Conference on Computer Vision and Pattern Recognition,2016-, ,0,0,0,0,0,0,0,0,0,0,0,0,0,0,0,0,0,0,0,0,0,0,0,0,0,0,0,0,0,0,0,0,0,0,0,0,0,0,0,0,0,0,0,0,0,0,0,8,36,70,117,25,0,256
2012,A database for fine grained activity detection of cooking activities,"Rohrbach M., Amin S., Andriluka M., Schiele B.",10636919,Proceedings of the IEEE Computer Society Conference on Computer Vision and Pattern Recognition,, ,0,0,0,0,0,0,0,0,0,0,0,0,0,0,0,0,0,0,0,0,0,0,0,0,0,0,0,0,0,0,0,0,0,0,0,0,0,0,0,0,0,0,0,2,11,16,31,43,41,44,39,10,0,237
2015,Filtered channel features for pedestrian detection,"Zhang S., Benenson R., Schiele B.",10636919,Proceedings of the IEEE Computer Society Conference on Computer Vision and Pattern Recognition,07-12-, ,0,0,0,0,0,0,0,0,0,0,0,0,0,0,0,0,0,0,0,0,0,0,0,0,0,0,0,0,0,0,0,0,0,0,0,0,0,0,0,0,0,0,0,0,0,0,8,34,67,62,56,9,0,236
2001,Smart-its friends: A technique for users to easily establish connections between smart artefacts,"Holmquist L.E., Mattern F., Schiele B., Alahuhta P., Beigl M., Gellersen H.-W.",3029743,Lecture Notes in Computer Science (including subseries Lecture Notes in Artificial Intelligence and Lecture Notes in Bioinformatics),2201, ,0,0,0,0,0,0,0,0,0,0,0,0,0,0,0,0,0,0,0,0,0,0,0,0,0,0,0,0,0,0,0,0,0,3,8,11,8,6,11,8,24,12,11,15,7,18,18,20,12,14,18,4,0,228
2016,"Deepercut: A deeper, stronger, and faster multi-person pose estimation model","Insafutdinov E., Pishchulin L., Andres B., Andriluka M., Schiele B.",3029743,Lecture Notes in Computer Science (including subseries Lecture Notes in Artificial Intelligence and Lecture Notes in Bioinformatics),9910, ,0,0,0,0,0,0,0,0,0,0,0,0,0,0,0,0,0,0,0,0,0,0,0,0,0,0,0,0,0,0,0,0,0,0,0,0,0,0,0,0,0,0,0,0,0,0,0,1,17,60,96,29,0,203
2015,Taking a deeper look at pedestrians,"Hosang J., Omran M., Benenson R., Schiele B.",10636919,Proceedings of the IEEE Computer Society Conference on Computer Vision and Pattern Recognition,07-12-, ,0,0,0,0,0,0,0,0,0,0,0,0,0,0,0,0,0,0,0,0,0,0,0,0,0,0,0,0,0,0,0,0,0,0,0,0,0,0,0,0,0,0,0,0,0,0,7,30,57,53,42,13,0,202
2016,Latent embeddings for zero-shot classification,"Xian Y., Akata Z., Sharma G., Nguyen Q., Hein M., Schiele B.",10636919,Proceedings of the IEEE Computer Society Conference on Computer Vision and Pattern Recognition,2016-, ,0,0,0,0,0,0,0,0,0,0,0,0,0,0,0,0,0,0,0,0,0,0,0,0,0,0,0,0,0,0,0,0,0,0,0,0,0,0,0,0,0,0,0,0,0,0,0,0,30,49,95,26,0,200
2016,Learning deep representations of fine-grained visual descriptions,"Reed S., Akata Z., Lee H., Schiele B.",10636919,Proceedings of the IEEE Computer Society Conference on Computer Vision and Pattern Recognition,2016-, ,0,0,0,0,0,0,0,0,0,0,0,0,0,0,0,0,0,0,0,0,0,0,0,0,0,0,0,0,0,0,0,0,0,0,0,0,0,0,0,0,0,0,0,0,0,0,0,5,31,53,88,21,0,198
2016,How far are we from solving pedestrian detection?,"Zhang S., Benenson R., Omran M., Hosang J., Schiele B.",10636919,Proceedings of the IEEE Computer Society Conference on Computer Vision and Pattern Recognition,2016-, ,0,0,0,0,0,0,0,0,0,0,0,0,0,0,0,0,0,0,0,0,0,0,0,0,0,0,0,0,0,0,0,0,0,0,0,0,0,0,0,0,0,0,0,0,0,0,0,5,39,65,63,24,0,196
2005,Analyzing features for activity recognition,"Huynh T., Schiele B.",,ACM International Conference Proceeding Series,121, ,0,0,0,0,0,0,0,0,0,0,0,0,0,0,0,0,0,0,0,0,0,0,0,0,0,0,0,0,0,0,0,0,0,0,0,0,0,1,9,4,12,12,14,9,14,16,16,14,20,21,24,4,0,190
2010,Multi-cue pedestrian classification with partial occlusion handling,"Enzweiler M., Eigenstetter A., Schiele B., Gavrila D.M.",10636919,Proceedings of the IEEE Computer Society Conference on Computer Vision and Pattern Recognition,, ,0,0,0,0,0,0,0,0,0,0,0,0,0,0,0,0,0,0,0,0,0,0,0,0,0,0,0,0,0,0,0,0,0,0,0,0,0,0,0,0,0,0,13,17,25,21,34,17,13,23,15,4,0,182
2013,Poselet conditioned pictorial structures,"Pishchulin L., Andriluka M., Gehler P., Schiele B.",10636919,Proceedings of the IEEE Computer Society Conference on Computer Vision and Pattern Recognition,, ,0,0,0,0,0,0,0,0,0,0,0,0,0,0,0,0,0,0,0,0,0,0,0,0,0,0,0,0,0,0,0,0,0,0,0,0,0,0,0,0,0,0,0,0,2,17,28,31,33,31,31,3,0,176
2006,Multiple object class detection with a generative model,"Mikolajczyk K., Leibe B., Schiele B.",10636919,Proceedings of the IEEE Computer Society Conference on Computer Vision and Pattern Recognition,1, ,0,0,0,0,0,0,0,0,0,0,0,0,0,0,0,0,0,0,0,0,0,0,0,0,0,0,0,0,0,0,0,0,0,0,0,0,0,2,26,13,29,28,13,10,14,12,5,9,7,4,1,1,0,174
2006,Towards multi-view object class detection,"Thomas A., Ferrari V., Leibe B., Tuytelaars T., Schiele B., Van Gool L.",10636919,Proceedings of the IEEE Computer Society Conference on Computer Vision and Pattern Recognition,2, ,0,0,0,0,0,0,0,0,0,0,0,0,0,0,0,0,0,0,0,0,0,0,0,0,0,0,0,0,0,0,0,0,0,0,0,0,0,0,8,7,20,18,25,27,17,12,17,10,3,5,5,0,0,174
2010,What helps where - and why? Semantic relatedness for knowledge transfer,"Rohrbach M., Stark M., Szarvas G., Gurevych I., Schiele B.",10636919,Proceedings of the IEEE Computer Society Conference on Computer Vision and Pattern Recognition,, ,0,0,0,0,0,0,0,0,0,0,0,0,0,0,0,0,0,0,0,0,0,0,0,0,0,0,0,0,0,0,0,0,0,0,0,0,0,0,0,0,0,2,18,17,21,21,20,20,25,13,12,3,0,172
2016,Learning what and where to draw,"Reed S., Akata Z., Mohan S., Tenka S., Schiele B., Lee H.",10495258,Advances in Neural Information Processing Systems,, ,0,0,0,0,0,0,0,0,0,0,0,0,0,0,0,0,0,0,0,0,0,0,0,0,0,0,0,0,0,0,0,0,0,0,0,0,0,0,0,0,0,0,0,0,0,0,0,0,19,53,89,8,0,169
2013,Translating video content to natural language descriptions,"Rohrbach M., Qiu W., Titov I., Thater S., Pinkal M., Schiele B.",,Proceedings of the IEEE International Conference on Computer Vision,, ,0,0,0,0,0,0,0,0,0,0,0,0,0,0,0,0,0,0,0,0,0,0,0,0,0,0,0,0,0,0,0,0,0,0,0,0,0,0,0,0,0,0,0,0,1,8,26,30,31,30,31,8,0,165
2001,3D object recognition from range images using local feature histrograms,"Hetzel G., Leibe B., Levi P., Schiele B.",10636919,Proceedings of the IEEE Computer Society Conference on Computer Vision and Pattern Recognition,2, ,0,0,0,0,0,0,0,0,0,0,0,0,0,0,0,0,0,0,0,0,0,0,0,0,0,0,0,0,0,0,0,0,0,0,2,3,8,8,5,10,10,13,14,11,18,9,14,11,7,9,11,2,0,165
2011,Evaluating knowledge transfer and zero-shot learning in a large-scale setting,"Rohrbach M., Stark M., Schiele B.",10636919,Proceedings of the IEEE Computer Society Conference on Computer Vision and Pattern Recognition,, ,0,0,0,0,0,0,0,0,0,0,0,0,0,0,0,0,0,0,0,0,0,0,0,0,0,0,0,0,0,0,0,0,0,0,0,0,0,0,0,0,0,0,0,9,11,18,22,22,25,24,25,4,0,160
2008,A performance evaluation of single and multi-feature people detection,"Wojek C., Schiele B.",3029743,Lecture Notes in Computer Science (including subseries Lecture Notes in Artificial Intelligence and Lecture Notes in Bioinformatics),5096, ,0,0,0,0,0,0,0,0,0,0,0,0,0,0,0,0,0,0,0,0,0,0,0,0,0,0,0,0,0,0,0,0,0,0,0,0,0,0,0,0,3,8,6,13,16,18,28,25,16,16,9,2,0,160
2012,Teaching 3D geometry to deformable part models,"Pepik B., Stark M., Gehler P., Schiele B.",10636919,Proceedings of the IEEE Computer Society Conference on Computer Vision and Pattern Recognition,, ,0,0,0,0,0,0,0,0,0,0,0,0,0,0,0,0,0,0,0,0,0,0,0,0,0,0,0,0,0,0,0,0,0,0,0,0,0,0,0,0,0,0,0,5,18,22,23,25,21,19,20,4,0,157
1998,Comprehensive colour image normalization,"Finlayson G.D., Schiele B., Crowley J.L.",3029743,Lecture Notes in Computer Science (including subseries Lecture Notes in Artificial Intelligence and Lecture Notes in Bioinformatics),1406, ,0,0,0,0,0,0,0,0,0,0,0,0,0,0,0,0,0,0,0,0,0,0,0,0,0,0,0,0,0,0,2,6,6,8,4,10,1,7,8,6,7,10,10,11,13,12,7,1,9,6,7,1,0,152
2010,Dead reckoning from the pocket - An experimental study,"Steinhoff U., Schiele B.",,"2010 IEEE International Conference on Pervasive Computing and Communications, PerCom 2010",, ,0,0,0,0,0,0,0,0,0,0,0,0,0,0,0,0,0,0,0,0,0,0,0,0,0,0,0,0,0,0,0,0,0,0,0,0,0,0,0,0,0,1,8,9,22,20,26,18,16,17,5,3,0,145
2005,Local features for object class recognition,"Mikolajczyk K., Leibe B., Schiele B.",,Proceedings of the IEEE International Conference on Computer Vision,II, ,0,0,0,0,0,0,0,0,0,0,0,0,0,0,0,0,0,0,0,0,0,0,0,0,0,0,0,0,0,0,0,0,0,0,0,0,0,10,10,17,18,17,18,13,8,6,10,4,8,2,2,1,0,144
2003,Towards robust multi-cue integration for visual tracking,"Spengler M., Schiele B.",9328092,Machine Vision and Applications,14,1,0,0,0,0,0,0,0,0,0,0,0,0,0,0,0,0,0,0,0,0,0,0,0,0,0,0,0,0,0,0,0,0,0,0,1,7,9,9,12,9,13,15,12,13,12,8,8,7,6,1,0,0,0,142
2017,Pose guided person image generation,"Ma L., Jia X., Sun Q., Schiele B., Tuytelaars T., Van Gool L.",10495258,Advances in Neural Information Processing Systems,2017-, ,0,0,0,0,0,0,0,0,0,0,0,0,0,0,0,0,0,0,0,0,0,0,0,0,0,0,0,0,0,0,0,0,0,0,0,0,0,0,0,0,0,0,0,0,0,0,0,0,0,36,88,15,0,139
2003,Introducing a weighted non-negative matrix factorization for image classification,"Guillamet D., Vitria J., Schiele B.",1678655,Pattern Recognition Letters,24,14,0,0,0,0,0,0,0,0,0,0,0,0,0,0,0,0,0,0,0,0,0,0,0,0,0,0,0,0,0,0,0,0,0,0,0,2,5,5,8,13,10,17,7,11,11,7,3,8,9,10,6,5,0,137
2013,Strong appearance and expressive spatial models for human pose estimation,"Pishchulin L., Andriluka M., Gehler P., Schiele B.",,Proceedings of the IEEE International Conference on Computer Vision,, ,0,0,0,0,0,0,0,0,0,0,0,0,0,0,0,0,0,0,0,0,0,0,0,0,0,0,0,0,0,0,0,0,0,0,0,0,0,0,0,0,0,0,0,0,0,14,20,20,27,17,27,4,0,129
2012,Articulated people detection and pose estimation: Reshaping the future,"Pishchulin L., Jain A., Andriluka M., Thormahlen T., Schiele B.",10636919,Proceedings of the IEEE Computer Society Conference on Computer Vision and Pattern Recognition,, ,0,0,0,0,0,0,0,0,0,0,0,0,0,0,0,0,0,0,0,0,0,0,0,0,0,0,0,0,0,0,0,0,0,0,0,0,0,0,0,0,0,0,0,3,13,19,18,10,16,20,27,2,0,128
2017,Multiple people tracking by lifted multicut and person re-identification,"Tang S., Andriluka M., Andres B., Schiele B.",,"Proceedings - 30th IEEE Conference on Computer Vision and Pattern Recognition, CVPR 2017",2017-, ,0,0,0,0,0,0,0,0,0,0,0,0,0,0,0,0,0,0,0,0,0,0,0,0,0,0,0,0,0,0,0,0,0,0,0,0,0,0,0,0,0,0,0,0,0,0,0,0,3,30,70,16,0,119
2015,A dataset for Movie Description,"Rohrbach A., Rohrbach M., Tandon N., Schiele B.",10636919,Proceedings of the IEEE Computer Society Conference on Computer Vision and Pattern Recognition,07-12-, ,0,0,0,0,0,0,0,0,0,0,0,0,0,0,0,0,0,0,0,0,0,0,0,0,0,0,0,0,0,0,0,0,0,0,0,0,0,0,0,0,0,0,0,0,0,0,4,25,26,23,31,6,0,115
2017,Learning video object segmentation from static images,"Perazzi F., Khoreva A., Benenson R., Schiele B., Sorkine-Hornung A.",,"Proceedings - 30th IEEE Conference on Computer Vision and Pattern Recognition, CVPR 2017",2017-, ,0,0,0,0,0,0,0,0,0,0,0,0,0,0,0,0,0,0,0,0,0,0,0,0,0,0,0,0,0,0,0,0,0,0,0,0,0,0,0,0,0,0,0,0,0,0,0,0,7,26,65,16,0,114
2008,ADL recognition based on the combination of RFID and aeeelerometer sensing,"Stikic M., Huynh T., Laerhoven K.V., Schiele B.",,"Proceedings of the 2nd International Conference on Pervasive Computing Technologies for Healthcare 2008, PervasiveHealth",, ,0,0,0,0,0,0,0,0,0,0,0,0,0,0,0,0,0,0,0,0,0,0,0,0,0,0,0,0,0,0,0,0,0,0,0,0,0,0,0,2,7,11,12,5,9,13,14,17,5,5,9,3,0,112
2008,Exploring semi-supervised and active learning for activity recognition,"Stikic M., Van Laerhoven K., Schiele B.",15504816,"Proceedings - International Symposium on Wearable Computers, ISWC",, ,0,0,0,0,0,0,0,0,0,0,0,0,0,0,0,0,0,0,0,0,0,0,0,0,0,0,0,0,0,0,0,0,0,0,0,0,0,0,0,0,2,4,11,0,14,10,13,14,13,12,15,3,0,111
2017,"Zero-shot learning - The good, the bad and the ugly","Xian Y., Schiele B., Akata Z.",,"Proceedings - 30th IEEE Conference on Computer Vision and Pattern Recognition, CVPR 2017",2017-, ,0,0,0,0,0,0,0,0,0,0,0,0,0,0,0,0,0,0,0,0,0,0,0,0,0,0,0,0,0,0,0,0,0,0,0,0,0,0,0,0,0,0,0,0,0,0,0,0,2,42,48,15,0,107
2014,"How good are detection proposals, really?","Hosang J., Benenson R., Schiele B.",,BMVC 2014 - Proceedings of the British Machine Vision Conference 2014,, ,0,0,0,0,0,0,0,0,0,0,0,0,0,0,0,0,0,0,0,0,0,0,0,0,0,0,0,0,0,0,0,0,0,0,0,0,0,0,0,0,0,0,0,0,0,1,21,34,21,13,13,3,0,106
2017,Simple does It: Weakly supervised instance and semantic segmentation,"Khoreva A., Benenson R., Hosang J., Hein M., Schiele B.",,"Proceedings - 30th IEEE Conference on Computer Vision and Pattern Recognition, CVPR 2017",2017-, ,0,0,0,0,0,0,0,0,0,0,0,0,0,0,0,0,0,0,0,0,0,0,0,0,0,0,0,0,0,0,0,0,0,0,0,0,0,0,0,0,0,0,0,0,0,0,0,0,2,27,51,22,0,102
2017,CityPersons: A diverse dataset for pedestrian detection,"Zhang S., Benenson R., Schiele B.",,"Proceedings - 30th IEEE Conference on Computer Vision and Pattern Recognition, CVPR 2017",2017-, ,0,0,0,0,0,0,0,0,0,0,0,0,0,0,0,0,0,0,0,0,0,0,0,0,0,0,0,0,0,0,0,0,0,0,0,0,0,0,0,0,0,0,0,0,0,0,0,0,0,21,61,17,0,99
2010,Back to the future: Learning shape models from 3D CAD data,"Stark M., Goesele M., Schiele B.",,"British Machine Vision Conference, BMVC 2010 - Proceedings",, ,0,0,0,0,0,0,0,0,0,0,0,0,0,0,0,0,0,0,0,0,0,0,0,0,0,0,0,0,0,0,0,0,0,0,0,0,0,0,0,0,0,0,8,10,10,11,16,12,12,15,5,0,0,99
2005,Integrating representative and discriminant models for object category detection,"Fritz M., Leibe B., Caputo B., Schiele B.",,Proceedings of the IEEE International Conference on Computer Vision,II, ,0,0,0,0,0,0,0,0,0,0,0,0,0,0,0,0,0,0,0,0,0,0,0,0,0,0,0,0,0,0,0,0,0,0,0,0,0,11,7,7,15,12,8,14,9,4,5,1,1,2,2,1,0,99
2013,Transfer learning in a transductive setting,"Rohrbach M., Ebert S., Schiele B.",10495258,Advances in Neural Information Processing Systems,, ,0,0,0,0,0,0,0,0,0,0,0,0,0,0,0,0,0,0,0,0,0,0,0,0,0,0,0,0,0,0,0,0,0,0,0,0,0,0,0,0,0,0,0,0,0,3,9,18,19,25,22,2,0,98
1998,Visual contextual awareness in wearable computing,"Starner T., Schiele B., Pentland A.",,"International Symposium on Wearable Computers, Digest of Papers",1998-, ,0,0,0,0,0,0,0,0,0,0,0,0,0,0,0,0,0,0,0,0,0,0,0,0,0,0,0,0,0,0,3,2,11,5,7,7,7,3,3,1,4,1,7,4,3,5,7,3,4,4,6,0,0,97
2013,Detailed 3D representations for object recognition and modeling,"Zeeshan Zia M., Stark M., Schiele B., Schindler K.",1628828,IEEE Transactions on Pattern Analysis and Machine Intelligence,35,11,0,0,0,0,0,0,0,0,0,0,0,0,0,0,0,0,0,0,0,0,0,0,0,0,0,0,0,0,0,0,0,0,0,0,0,0,0,0,0,0,0,0,0,0,0,6,16,16,18,19,20,1,0,96
2013,Occlusion patterns for object class detection,"Pepikj B., Stark M., Gehler P., Schiele B.",10636919,Proceedings of the IEEE Computer Society Conference on Computer Vision and Pattern Recognition,, ,0,0,0,0,0,0,0,0,0,0,0,0,0,0,0,0,0,0,0,0,0,0,0,0,0,0,0,0,0,0,0,0,0,0,0,0,0,0,0,0,0,0,0,0,1,12,12,21,18,13,14,3,0,94
2013,"A unified video segmentation benchmark: Annotation, metrics and analysis","Galasso F., Nagaraja N.S., Cardenas T.J., Brox T., Schiele B.",,Proceedings of the IEEE International Conference on Computer Vision,, ,0,0,0,0,0,0,0,0,0,0,0,0,0,0,0,0,0,0,0,0,0,0,0,0,0,0,0,0,0,0,0,0,0,0,0,0,0,0,0,0,0,0,0,0,0,7,17,22,17,18,12,1,0,94
1994,Comparison of position estimation techniques using occupancy grids,"Schiele Bernt, Crowley James L.",10504729,Proceedings - IEEE International Conference on Robotics and Automation,,2,0,0,0,0,0,0,0,0,0,0,0,0,0,0,0,0,0,0,0,0,0,0,0,0,0,0,2,2,1,5,6,8,9,4,5,5,5,9,6,4,6,5,2,2,0,3,1,2,1,0,0,0,0,93
2014,Detection and tracking of occluded people,"Tang S., Andriluka M., Schiele B.",9205691,International Journal of Computer Vision,110,1,0,0,0,0,0,0,0,0,0,0,0,0,0,0,0,0,0,0,0,0,0,0,0,0,0,0,0,0,0,0,0,0,0,0,0,0,0,0,0,0,0,0,0,0,0,1,11,16,22,22,15,5,0,92
2015,Subgraph decomposition for multi-target tracking,"Tang S., Andres B., Andriluka M., Schiele B.",10636919,Proceedings of the IEEE Computer Society Conference on Computer Vision and Pattern Recognition,07-12-, ,0,0,0,0,0,0,0,0,0,0,0,0,0,0,0,0,0,0,0,0,0,0,0,0,0,0,0,0,0,0,0,0,0,0,0,0,0,0,0,0,0,0,0,0,0,0,2,7,20,19,27,10,0,85
2007,Scalable recognition of daily activities with wearable sensors,"Huynh T., Blanke U., Schiele B.",3029743,Lecture Notes in Computer Science (including subseries Lecture Notes in Artificial Intelligence and Lecture Notes in Bioinformatics),4718, ,0,0,0,0,0,0,0,0,0,0,0,0,0,0,0,0,0,0,0,0,0,0,0,0,0,0,0,0,0,0,0,0,0,0,0,0,0,0,0,3,4,9,11,4,11,12,8,6,8,3,5,0,0,84
2018,"Zero-Shot Learning - A Comprehensive Evaluation of the Good, the Bad and the Ugly","Xian Y., Lampert C.H., Schiele B., Akata Z.",1628828,IEEE Transactions on Pattern Analysis and Machine Intelligence,, ,0,0,0,0,0,0,0,0,0,0,0,0,0,0,0,0,0,0,0,0,0,0,0,0,0,0,0,0,0,0,0,0,0,0,0,0,0,0,0,0,0,0,0,0,0,0,0,0,0,3,59,21,0,83
2011,Weakly supervised recognition of daily life activities with wearable sensors,"Stikic M., Larlus D., Ebert S., Schiele B.",1628828,IEEE Transactions on Pattern Analysis and Machine Intelligence,33,12,0,0,0,0,0,0,0,0,0,0,0,0,0,0,0,0,0,0,0,0,0,0,0,0,0,0,0,0,0,0,0,0,0,0,0,0,0,0,0,0,0,0,1,1,10,8,10,13,14,15,10,1,0,83
1996,Object recognition using multidimensional receptive field histograms,"Schiele B., Crowley J.L.",3029743,Lecture Notes in Computer Science (including subseries Lecture Notes in Artificial Intelligence and Lecture Notes in Bioinformatics),1064, ,0,0,0,0,0,0,0,0,0,0,0,0,0,0,0,0,0,0,0,0,0,0,0,0,0,0,0,0,5,4,6,3,4,3,1,2,3,7,2,4,8,2,3,6,5,5,3,2,0,2,2,0,0,82
2018,Feature Generating Networks for Zero-Shot Learning,"Xian Y., Lorenz T., Schiele B., Akata Z.",10636919,Proceedings of the IEEE Computer Society Conference on Computer Vision and Pattern Recognition,, ,0,0,0,0,0,0,0,0,0,0,0,0,0,0,0,0,0,0,0,0,0,0,0,0,0,0,0,0,0,0,0,0,0,0,0,0,0,0,0,0,0,0,0,0,0,0,0,0,0,5,55,18,0,78
2004,Scale-invariant object categorization using a scale-adaptive mean-shift search,"Leibe B., Schiele B.",3029743,Lecture Notes in Computer Science (including subseries Lecture Notes in Artificial Intelligence and Lecture Notes in Bioinformatics),3175, ,0,0,0,0,0,0,0,0,0,0,0,0,0,0,0,0,0,0,0,0,0,0,0,0,0,0,0,0,0,0,0,0,0,0,0,0,7,13,5,10,5,10,7,2,2,5,3,8,1,0,0,0,0,78
2005,Sensing and monitoring professional skiers,"Michahelles F., Schiele B.",15361268,IEEE Pervasive Computing,4,3,0,0,0,0,0,0,0,0,0,0,0,0,0,0,0,0,0,0,0,0,0,0,0,0,0,0,0,0,0,0,0,0,0,0,0,0,0,2,2,1,6,9,3,7,8,8,6,3,7,10,3,2,0,77
2016,Generating visual explanations,"Hendricks L.A., Akata Z., Rohrbach M., Donahue J., Schiele B., Darrell T.",3029743,Lecture Notes in Computer Science (including subseries Lecture Notes in Artificial Intelligence and Lecture Notes in Bioinformatics),9908, ,0,0,0,0,0,0,0,0,0,0,0,0,0,0,0,0,0,0,0,0,0,0,0,0,0,0,0,0,0,0,0,0,0,0,0,0,0,0,0,0,0,0,0,0,0,0,0,0,8,21,34,10,0,73
2006,The 2005 PASCAL visual object classes challenge,"Everinghm M., Zisserman A., Williams C.K.I., Van Gool L., Allan M., Bishop C.M., Chapelle O., Dalal N., Deselaers T., Dorko G., Duffner S., Eichhorn J., Farquhar J.D.R., Fritz M., Garcia C., Griffiths T., Jurie F., Keysers D., Koskela M., Laaksouen J., Larlus D., Leibe B., Meng H., Ney H., Schiele B., Schmid C., Seemann E., Shawe-Taylor J., Storkey A., Szedmak S., Triggs B., Ulusoy I., Viitaniemi V., Zhang J.",3029743,Lecture Notes in Computer Science (including subseries Lecture Notes in Artificial Intelligence and Lecture Notes in Bioinformatics),3944, ,0,0,0,0,0,0,0,0,0,0,0,0,0,0,0,0,0,0,0,0,0,0,0,0,0,0,0,0,0,0,0,0,0,0,0,0,0,3,8,8,4,7,6,4,7,6,4,3,5,2,4,1,0,72
2018,Disentangled Person Image Generation,"Ma L., Sun Q., Georgoulis S., Van Gool L., Schiele B., Fritz M.",10636919,Proceedings of the IEEE Computer Society Conference on Computer Vision and Pattern Recognition,, ,0,0,0,0,0,0,0,0,0,0,0,0,0,0,0,0,0,0,0,0,0,0,0,0,0,0,0,0,0,0,0,0,0,0,0,0,0,0,0,0,0,0,0,0,0,0,0,0,0,8,55,8,0,71
2014,3D pictorial structures for multiple human pose estimation,"Belagiannis V., Amin S., Andriluka M., Schiele B., Navab N., Ilic S.",10636919,Proceedings of the IEEE Computer Society Conference on Computer Vision and Pattern Recognition,, ,0,0,0,0,0,0,0,0,0,0,0,0,0,0,0,0,0,0,0,0,0,0,0,0,0,0,0,0,0,0,0,0,0,0,0,0,0,0,0,0,0,0,0,0,0,1,8,18,19,9,9,4,0,68
2015,Efficient ConvNet-based marker-less motion capture in general scenes with a low number of cameras,"Elhayek A., De Aguiar E., Jain A., Tompson J., Pishchulin L., Andriluka M., Bregler C., Schiele B., Theobalt C.",10636919,Proceedings of the IEEE Computer Society Conference on Computer Vision and Pattern Recognition,07-12-, ,0,0,0,0,0,0,0,0,0,0,0,0,0,0,0,0,0,0,0,0,0,0,0,0,0,0,0,0,0,0,0,0,0,0,0,0,0,0,0,0,0,0,0,0,0,0,3,9,12,18,22,3,0,67
2009,A shape-based object class model for knowledge transfer,"Stark M., Goesele M., Schiele B.",,Proceedings of the IEEE International Conference on Computer Vision,, ,0,0,0,0,0,0,0,0,0,0,0,0,0,0,0,0,0,0,0,0,0,0,0,0,0,0,0,0,0,0,0,0,0,0,0,0,0,0,0,0,1,12,15,12,6,9,3,4,1,0,4,0,0,67
1999,Realtime personal positioning system for a wearable computers,"Aoki Hisashi, Schiele Bernt, Pentland Alex",,"International Symposium on Wearable Computers, Digest of Papers",, ,0,0,0,0,0,0,0,0,0,0,0,0,0,0,0,0,0,0,0,0,0,0,0,0,0,0,0,0,0,0,0,0,8,3,5,3,7,4,4,1,2,5,2,7,2,1,1,5,2,2,2,0,0,66
2017,Learning non-maximum suppression,"Hosang J., Benenson R., Schiele B.",,"Proceedings - 30th IEEE Conference on Computer Vision and Pattern Recognition, CVPR 2017",2017-, ,0,0,0,0,0,0,0,0,0,0,0,0,0,0,0,0,0,0,0,0,0,0,0,0,0,0,0,0,0,0,0,0,0,0,0,0,0,0,0,0,0,0,0,0,0,0,0,0,2,13,43,7,0,65
2010,Vision based victim detection from unmanned aerial vehicles,"Andriluka M., Schnitzspan P., Meyer J., Kohlbrecher S., Petersen K., Von Stryk O., Roth S., Schiele B.",,"IEEE/RSJ 2010 International Conference on Intelligent Robots and Systems, IROS 2010 - Conference Proceedings",, ,0,0,0,0,0,0,0,0,0,0,0,0,0,0,0,0,0,0,0,0,0,0,0,0,0,0,0,0,0,0,0,0,0,0,0,0,0,0,0,0,0,0,0,2,9,8,5,8,10,10,9,4,0,65
2004,Building Intelligent Environments with Smart-Its,"Holmquist L.E., Gellersen H.-W., Kortuem G., Schmidt A., Strohbach M., Antifakos S., Michahelles F., Schiele B., Beigl M., Maze R.",2721716,IEEE Computer Graphics and Applications,24,1,0,0,0,0,0,0,0,0,0,0,0,0,0,0,0,0,0,0,0,0,0,0,0,0,0,0,0,0,0,0,0,0,0,0,1,3,8,9,9,4,9,6,6,3,2,1,0,1,1,1,0,1,0,65
2006,Efficient clustering and matching for object class recognition,"Leibe B., Mikolajczyk K., Schiele B.",,BMVC 2006 - Proceedings of the British Machine Vision Conference 2006,, ,0,0,0,0,0,0,0,0,0,0,0,0,0,0,0,0,0,0,0,0,0,0,0,0,0,0,0,0,0,0,0,0,0,0,0,0,0,1,7,7,7,3,7,5,6,2,1,2,2,6,5,1,0,62
2008,Sliding-windows for rapid object class localization: A parallel technique,"Wojek C., Dorko G., Schulz A., Schiele B.",3029743,Lecture Notes in Computer Science (including subseries Lecture Notes in Artificial Intelligence and Lecture Notes in Bioinformatics),5096, ,0,0,0,0,0,0,0,0,0,0,0,0,0,0,0,0,0,0,0,0,0,0,0,0,0,0,0,0,0,0,0,0,0,0,0,0,0,0,0,0,1,9,9,4,8,5,6,7,5,2,5,0,0,61
2006,Multi-aspect detection of articulated objects,"Seemann E., Leibe B., Schiele B.",10636919,Proceedings of the IEEE Computer Society Conference on Computer Vision and Pattern Recognition,2, ,0,0,0,0,0,0,0,0,0,0,0,0,0,0,0,0,0,0,0,0,0,0,0,0,0,0,0,0,0,0,0,0,0,0,0,0,0,1,5,5,13,8,7,6,6,2,5,2,1,0,0,0,0,61
1998,Position estimation using principal components of range data,"Crowley J.L., Wallner F., Schiele B.",10504729,Proceedings - IEEE International Conference on Robotics and Automation,4, ,0,0,0,0,0,0,0,0,0,0,0,0,0,0,0,0,0,0,0,0,0,0,0,0,0,0,0,0,0,0,1,5,9,6,2,3,6,9,6,3,0,1,3,1,1,0,0,0,5,0,0,0,0,61
2016,Grounding of textual phrases in images by reconstruction,"Rohrbach A., Rohrbach M., Hu R., Darrell T., Schiele B.",3029743,Lecture Notes in Computer Science (including subseries Lecture Notes in Artificial Intelligence and Lecture Notes in Bioinformatics),9905, ,0,0,0,0,0,0,0,0,0,0,0,0,0,0,0,0,0,0,0,0,0,0,0,0,0,0,0,0,0,0,0,0,0,0,0,0,0,0,0,0,0,0,0,0,0,0,0,1,5,20,29,5,0,60
2013,Video segmentation with superpixels,"Galasso F., Cipolla R., Schiele B.",3029743,Lecture Notes in Computer Science (including subseries Lecture Notes in Artificial Intelligence and Lecture Notes in Bioinformatics),7724,1,0,0,0,0,0,0,0,0,0,0,0,0,0,0,0,0,0,0,0,0,0,0,0,0,0,0,0,0,0,0,0,0,0,0,0,0,0,0,0,0,0,0,0,0,2,10,16,8,5,6,11,2,0,60
2006,Towards less supervision in activity recognition from wearable sensors,"Huynh T., Schiele B.",15504816,"Proceedings - International Symposium on Wearable Computers, ISWC",, ,0,0,0,0,0,0,0,0,0,0,0,0,0,0,0,0,0,0,0,0,0,0,0,0,0,0,0,0,0,0,0,0,0,0,0,0,0,0,1,1,6,6,9,0,8,7,4,4,3,7,2,2,0,60
2018,Occluded Pedestrian Detection Through Guided Attention in CNNs,"Zhang S., Yang J., Schiele B.",10636919,Proceedings of the IEEE Computer Society Conference on Computer Vision and Pattern Recognition,, ,0,0,0,0,0,0,0,0,0,0,0,0,0,0,0,0,0,0,0,0,0,0,0,0,0,0,0,0,0,0,0,0,0,0,0,0,0,0,0,0,0,0,0,0,0,0,0,0,0,0,39,20,0,59
2014,Learning using privileged information: SV M+ and weighted SVM,"Lapin M., Hein M., Schiele B.",8936080,Neural Networks,53, ,0,0,0,0,0,0,0,0,0,0,0,0,0,0,0,0,0,0,0,0,0,0,0,0,0,0,0,0,0,0,0,0,0,0,0,0,0,0,0,0,0,0,0,0,0,3,1,15,10,14,11,5,0,59
2013,Learning people detectors for tracking in crowded scenes,"Tang S., Andriluka M., Milan A., Schindler K., Roth S., Schiele B.",,Proceedings of the IEEE International Conference on Computer Vision,, ,0,0,0,0,0,0,0,0,0,0,0,0,0,0,0,0,0,0,0,0,0,0,0,0,0,0,0,0,0,0,0,0,0,0,0,0,0,0,0,0,0,0,0,0,0,9,9,17,10,3,9,2,0,59
2013,Multi-view pictorial structures for 3D human pose estimation,"Amin S., Andriluka M., Rohrbach M., Schiele B.",,BMVC 2013 - Electronic Proceedings of the British Machine Vision Conference 2013,, ,0,0,0,0,0,0,0,0,0,0,0,0,0,0,0,0,0,0,0,0,0,0,0,0,0,0,0,0,0,0,0,0,0,0,0,0,0,0,0,0,0,0,0,0,0,6,9,9,11,10,13,1,0,59
2011,Monocular 3D scene understanding with explicit occlusion reasoning,"Wojek C., Walk S., Roth S., Schiele B.",10636919,Proceedings of the IEEE Computer Society Conference on Computer Vision and Pattern Recognition,, ,0,0,0,0,0,0,0,0,0,0,0,0,0,0,0,0,0,0,0,0,0,0,0,0,0,0,0,0,0,0,0,0,0,0,0,0,0,0,0,0,0,0,3,3,9,12,9,4,7,9,1,2,0,59
2008,"Decomposition, discovery and detection of visual categories using topic models","Fritz M., Schiele B.",,"26th IEEE Conference on Computer Vision and Pattern Recognition, CVPR",, ,0,0,0,0,0,0,0,0,0,0,0,0,0,0,0,0,0,0,0,0,0,0,0,0,0,0,0,0,0,0,0,0,0,0,0,0,0,0,0,0,8,11,12,10,5,9,1,3,0,0,0,0,0,59
2018,Towards Reaching Human Performance in Pedestrian Detection,"Zhang S., Benenson R., Omran M., Hosang J., Schiele B.",1628828,IEEE Transactions on Pattern Analysis and Machine Intelligence,40,4,0,0,0,0,0,0,0,0,0,0,0,0,0,0,0,0,0,0,0,0,0,0,0,0,0,0,0,0,0,0,0,0,0,0,0,0,0,0,0,0,0,0,0,0,0,0,0,0,1,10,32,15,0,58
2017,ArtTrack: Articulated multi-person tracking in the wild,"Insafutdinov E., Andriluka M., Pishchulin L., Tang S., Levinkov E., Andres B., Schiele B.",,"Proceedings - 30th IEEE Conference on Computer Vision and Pattern Recognition, CVPR 2017",2017-, ,0,0,0,0,0,0,0,0,0,0,0,0,0,0,0,0,0,0,0,0,0,0,0,0,0,0,0,0,0,0,0,0,0,0,0,0,0,0,0,0,0,0,0,0,0,0,0,0,2,19,31,5,0,57
2008,Functional object class detection based on learned affordance cues,"Stark M., Lies P., Zillich M., Wyatt J., Schiele B.",3029743,Lecture Notes in Computer Science (including subseries Lecture Notes in Artificial Intelligence and Lecture Notes in Bioinformatics),5008, ,0,0,0,0,0,0,0,0,0,0,0,0,0,0,0,0,0,0,0,0,0,0,0,0,0,0,0,0,0,0,0,0,0,0,0,0,0,0,0,0,4,6,1,7,5,9,7,7,6,1,3,1,0,57
2008,A dynamic conditional random field model for joint labeling of object and scene classes,"Wojek C., Schiele B.",3029743,Lecture Notes in Computer Science (including subseries Lecture Notes in Artificial Intelligence and Lecture Notes in Bioinformatics),5305,4,0,0,0,0,0,0,0,0,0,0,0,0,0,0,0,0,0,0,0,0,0,0,0,0,0,0,0,0,0,0,0,0,0,0,0,0,0,0,0,0,1,5,3,6,10,8,8,6,5,2,1,1,0,56
2018,Neural body fitting: Unifying deep learning and model based human pose and shape estimation,"Omran M., Lassner C., Pons-Moll G., Gehler P., Schiele B.",,"Proceedings - 2018 International Conference on 3D Vision, 3DV 2018",, ,0,0,0,0,0,0,0,0,0,0,0,0,0,0,0,0,0,0,0,0,0,0,0,0,0,0,0,0,0,0,0,0,0,0,0,0,0,0,0,0,0,0,0,0,0,0,0,0,0,4,45,6,0,55
2017,Exploiting saliency for object segmentation from image level labels,"Oh S.J., Benenson R., Khoreva A., Akata Z., Fritz M., Schiele B.",,"Proceedings - 30th IEEE Conference on Computer Vision and Pattern Recognition, CVPR 2017",2017-, ,0,0,0,0,0,0,0,0,0,0,0,0,0,0,0,0,0,0,0,0,0,0,0,0,0,0,0,0,0,0,0,0,0,0,0,0,0,0,0,0,0,0,0,0,0,0,0,0,4,15,30,6,0,55
2014,Spectral graph reduction for efficient image and streaming video segmentation,"Galasso F., Keuper M., Brox T., Schiele B.",10636919,Proceedings of the IEEE Computer Society Conference on Computer Vision and Pattern Recognition,, ,0,0,0,0,0,0,0,0,0,0,0,0,0,0,0,0,0,0,0,0,0,0,0,0,0,0,0,0,0,0,0,0,0,0,0,0,0,0,0,0,0,0,0,0,0,1,12,19,7,7,6,3,0,55
2013,Monocular visual scene understanding: Understanding multi-object traffic scenes,"Wojek C., Walk S., Roth S., Schindler K., Schiele B.",1628828,IEEE Transactions on Pattern Analysis and Machine Intelligence,35,4,0,0,0,0,0,0,0,0,0,0,0,0,0,0,0,0,0,0,0,0,0,0,0,0,0,0,0,0,0,0,0,0,0,0,0,0,0,0,0,0,0,0,0,0,2,14,10,8,5,11,2,3,0,55
2003,Context-aware notification forwearable computing,"Kern N., Schiele B.",15504816,"Proceedings - International Symposium on Wearable Computers, ISWC",, ,0,0,0,0,0,0,0,0,0,0,0,0,0,0,0,0,0,0,0,0,0,0,0,0,0,0,0,0,0,0,0,0,0,0,2,1,5,2,5,5,2,0,5,1,2,3,4,5,5,7,1,0,0,55
2011,Learning people detection models from few training samples,"Pishchulin L., Jain A., Wojek C., Andriluka M., Thormahlen T., Schiele B.",10636919,Proceedings of the IEEE Computer Society Conference on Computer Vision and Pattern Recognition,, ,0,0,0,0,0,0,0,0,0,0,0,0,0,0,0,0,0,0,0,0,0,0,0,0,0,0,0,0,0,0,0,0,0,0,0,0,0,0,0,0,0,0,2,5,5,9,8,2,9,8,5,1,0,54
2007,Recognizing context for annotating a live life recording,"Kern N., Schiele B., Schmidt A.",16174909,Personal and Ubiquitous Computing,11,4,0,0,0,0,0,0,0,0,0,0,0,0,0,0,0,0,0,0,0,0,0,0,0,0,0,0,0,0,0,0,0,0,0,0,0,0,0,0,0,3,5,6,8,7,5,6,3,4,4,2,1,0,0,54
2006,Performance evaluation and optimization for content-based image retrieval,"Vogel J., Schiele B.",313203,Pattern Recognition,39,5,0,0,0,0,0,0,0,0,0,0,0,0,0,0,0,0,0,0,0,0,0,0,0,0,0,0,0,0,0,0,0,0,0,0,0,0,0,2,2,5,3,4,2,6,5,4,5,7,2,3,2,0,0,52
1996,Probabilistic object recognition using multidimensional receptive field histograms,"Schiele B., Crowley J.L.",10514651,Proceedings - International Conference on Pattern Recognition,2, ,0,0,0,0,0,0,0,0,0,0,0,0,0,0,0,0,0,0,0,0,0,0,0,0,0,0,0,1,4,1,3,9,9,2,4,2,2,2,1,4,2,3,1,0,0,0,1,0,0,0,0,0,0,51
2016,Multi-person tracking by multicut and deep matching,"Tang S., Andres B., Andriluka M., Schiele B.",3029743,Lecture Notes in Computer Science (including subseries Lecture Notes in Artificial Intelligence and Lecture Notes in Bioinformatics),9914, ,0,0,0,0,0,0,0,0,0,0,0,0,0,0,0,0,0,0,0,0,0,0,0,0,0,0,0,0,0,0,0,0,0,0,0,0,0,0,0,0,0,0,0,0,0,0,0,0,4,12,26,8,0,50
2015,Multi-View and 3D Deformable Part Models,"Pepik B., Stark M., Gehler P., Schiele B.",1628828,IEEE Transactions on Pattern Analysis and Machine Intelligence,37,11,0,0,0,0,0,0,0,0,0,0,0,0,0,0,0,0,0,0,0,0,0,0,0,0,0,0,0,0,0,0,0,0,0,0,0,0,0,0,0,0,0,0,0,0,0,0,3,12,11,13,9,1,0,49
2003,Applying wearable sensors to avalanche rescue,"Michahelles F., Matter P., Schmidt A., Schiele B.",978493,Computers and Graphics (Pergamon),27,6,0,0,0,0,0,0,0,0,0,0,0,0,0,0,0,0,0,0,0,0,0,0,0,0,0,0,0,0,0,0,0,0,0,0,0,5,1,3,5,5,4,1,7,1,3,2,4,2,1,2,3,0,0,49
2005,Towards improving trust in context-aware systems by displaying system confidence,"Antifakos S., Kern N., Schiele B., Schwaninger A.",,ACM International Conference Proceeding Series,111, ,0,0,0,0,0,0,0,0,0,0,0,0,0,0,0,0,0,0,0,0,0,0,0,0,0,0,0,0,0,0,0,0,0,0,0,0,0,0,2,1,4,3,3,2,5,1,4,2,4,7,8,2,0,48
2005,An evaluation of local shape-based features for pedestrian detection,"Seemann E., Leibe B., Mikolajczyk K., Schiele B.",,BMVC 2005 - Proceedings of the British Machine Vision Conference 2005,, ,0,0,0,0,0,0,0,0,0,0,0,0,0,0,0,0,0,0,0,0,0,0,0,0,0,0,0,0,0,0,0,0,0,0,0,0,0,6,6,4,9,1,3,5,3,1,2,6,2,0,0,0,0,48
2012,Discriminative appearance models for pictorial structures,"Andriluka M., Roth S., Schiele B.",9205691,International Journal of Computer Vision,99,3,0,0,0,0,0,0,0,0,0,0,0,0,0,0,0,0,0,0,0,0,0,0,0,0,0,0,0,0,0,0,0,0,0,0,0,0,0,0,0,0,0,0,0,2,6,7,12,7,7,3,1,2,0,47
1994,A comparison of position estimation techniques using occupancy grids,"Schiele B., Crowley J.L.",9218890,Robotics and Autonomous Systems,12, 3-4,0,0,0,0,0,0,0,0,0,0,0,0,0,0,0,0,0,0,0,0,0,0,0,0,0,0,1,1,4,3,3,2,1,4,1,2,2,1,2,1,0,1,3,2,1,3,2,2,0,2,1,1,0,46
2017,Movie Description,"Rohrbach A., Torabi A., Rohrbach M., Tandon N., Pal C., Larochelle H., Courville A., Schiele B.",9205691,International Journal of Computer Vision,123,1,0,0,0,0,0,0,0,0,0,0,0,0,0,0,0,0,0,0,0,0,0,0,0,0,0,0,0,0,0,0,0,0,0,0,0,0,0,0,0,0,0,0,0,0,0,0,0,0,7,9,22,7,0,45
2017,"Joint graph decomposition &amp; node labeling: Problem, algorithms, applications","Levinkov E., Uhrig J., Tang S., Omran M., Insafutdinov E., Kirillov A., Rother C., Brox T., Schiele B., Andres B.",,"Proceedings - 30th IEEE Conference on Computer Vision and Pattern Recognition, CVPR 2017",2017-, ,0,0,0,0,0,0,0,0,0,0,0,0,0,0,0,0,0,0,0,0,0,0,0,0,0,0,0,0,0,0,0,0,0,0,0,0,0,0,0,0,0,0,0,0,0,0,0,0,4,20,16,4,0,44
2007,Towards robust pedestrian detection in crowded image sequences,"Seemann E., Fritz M., Schiele B.",10636919,Proceedings of the IEEE Computer Society Conference on Computer Vision and Pattern Recognition,, ,0,0,0,0,0,0,0,0,0,0,0,0,0,0,0,0,0,0,0,0,0,0,0,0,0,0,0,0,0,0,0,0,0,0,0,0,0,0,0,3,11,6,5,10,3,5,0,0,0,0,1,0,0,44
2003,Wearable sensing to annotate meeting recordings,"Kern N., Schiele B., Junker H., Lukowicz P., Troster G.",16174909,Personal and Ubiquitous Computing,7,5,0,0,0,0,0,0,0,0,0,0,0,0,0,0,0,0,0,0,0,0,0,0,0,0,0,0,0,0,0,0,0,0,0,0,0,0,5,3,2,1,1,7,2,2,3,2,2,4,0,7,2,1,0,44
1998,Transinformation for active object recognition,"Schiele Bernt, Crowley James L.",,Proceedings of the IEEE International Conference on Computer Vision,, ,0,0,0,0,0,0,0,0,0,0,0,0,0,0,0,0,0,0,0,0,0,0,0,0,0,0,0,0,0,0,1,4,3,2,6,6,1,3,0,1,3,0,3,1,2,1,0,2,2,1,2,0,0,44
2017,Speaking the Same Language: Matching Machine to Human Captions by Adversarial Training,"Shetty R., Rohrbach M., Hendricks L.A., Fritz M., Schiele B.",15505499,Proceedings of the IEEE International Conference on Computer Vision,2017-, ,0,0,0,0,0,0,0,0,0,0,0,0,0,0,0,0,0,0,0,0,0,0,0,0,0,0,0,0,0,0,0,0,0,0,0,0,0,0,0,0,0,0,0,0,0,0,0,0,1,7,27,8,0,43
2017,Building statistical shape spaces for 3D human modeling,"Pishchulin L., Wuhrer S., Helten T., Theobalt C., Schiele B.",313203,Pattern Recognition,67, ,0,0,0,0,0,0,0,0,0,0,0,0,0,0,0,0,0,0,0,0,0,0,0,0,0,0,0,0,0,0,0,0,0,0,0,0,0,0,0,0,0,0,0,0,0,0,0,0,7,14,19,2,0,42
2016,Multi-cue zero-shot learning with strong supervision,"Akata Z., Malinowski M., Fritz M., Schiele B.",10636919,Proceedings of the IEEE Computer Society Conference on Computer Vision and Pattern Recognition,2016-, ,0,0,0,0,0,0,0,0,0,0,0,0,0,0,0,0,0,0,0,0,0,0,0,0,0,0,0,0,0,0,0,0,0,0,0,0,0,0,0,0,0,0,0,0,0,0,0,2,14,13,11,2,0,42
2012,Detection and tracking of occluded people,"Tang S., Andriluka M., Schiele B.",,BMVC 2012 - Electronic Proceedings of the British Machine Vision Conference 2012,, ,0,0,0,0,0,0,0,0,0,0,0,0,0,0,0,0,0,0,0,0,0,0,0,0,0,0,0,0,0,0,0,0,0,0,0,0,0,0,0,0,0,0,0,0,9,11,9,4,6,2,1,0,0,42
2009,Activity recognition from sparsely labeled data using multi-instance learning,"Stikic M., Schiele B.",3029743,Lecture Notes in Computer Science (including subseries Lecture Notes in Artificial Intelligence and Lecture Notes in Bioinformatics),5561, ,0,0,0,0,0,0,0,0,0,0,0,0,0,0,0,0,0,0,0,0,0,0,0,0,0,0,0,0,0,0,0,0,0,0,0,0,0,0,0,0,0,5,6,6,2,4,7,3,3,2,3,1,0,42
2002,Analyzing non-negative matrix factorization for image classification,"Guillamet D., Schiele B., Vitria J.",10514651,Proceedings - International Conference on Pattern Recognition,16,2,0,0,0,0,0,0,0,0,0,0,0,0,0,0,0,0,0,0,0,0,0,0,0,0,0,0,0,0,0,0,0,0,0,0,1,1,2,3,4,2,2,3,1,2,5,4,0,1,4,6,0,1,0,42
2018,PoseTrack: A Benchmark for Human Pose Estimation and Tracking,"Andriluka M., Iqbal U., Insafutdinov E., Pishchulin L., Milan A., Gall J., Schiele B.",10636919,Proceedings of the IEEE Computer Society Conference on Computer Vision and Pattern Recognition,, ,0,0,0,0,0,0,0,0,0,0,0,0,0,0,0,0,0,0,0,0,0,0,0,0,0,0,0,0,0,0,0,0,0,0,0,0,0,0,0,0,0,0,0,0,0,0,0,0,0,3,32,6,0,41
2009,Daily routine recognition through activity spotting,"Blanke U., Schiele B.",3029743,Lecture Notes in Computer Science (including subseries Lecture Notes in Artificial Intelligence and Lecture Notes in Bioinformatics),5561, ,0,0,0,0,0,0,0,0,0,0,0,0,0,0,0,0,0,0,0,0,0,0,0,0,0,0,0,0,0,0,0,0,0,0,0,0,0,0,0,0,1,2,3,3,4,4,5,4,3,5,5,2,0,41
2008,Using rhythm awareness in long-term activity recognition,"Van Laerhoven K., Kilian D., Schiele B.",15504816,"Proceedings - International Symposium on Wearable Computers, ISWC",, ,0,0,0,0,0,0,0,0,0,0,0,0,0,0,0,0,0,0,0,0,0,0,0,0,0,0,0,0,0,0,0,0,0,0,0,0,0,0,0,0,6,1,5,3,5,5,2,4,3,3,4,0,0,41
2002,Skin patch detection in real-world images,"Kruppa H., Bauer M.A., Schiele B.",3029743,Lecture Notes in Computer Science (including subseries Lecture Notes in Artificial Intelligence and Lecture Notes in Bioinformatics),2449, ,0,0,0,0,0,0,0,0,0,0,0,0,0,0,0,0,0,0,0,0,0,0,0,0,0,0,0,0,0,0,0,0,0,0,0,1,0,4,4,0,4,8,2,2,2,6,2,3,1,0,2,0,0,41
2009,Discriminative structure learning of hierarchical representations for object detection,"Schnitzspan P., Fritz M., Roth S., Schiele B.",,"2009 IEEE Computer Society Conference on Computer Vision and Pattern Recognition Workshops, CVPR Workshops 2009",2009, ,0,0,0,0,0,0,0,0,0,0,0,0,0,0,0,0,0,0,0,0,0,0,0,0,0,0,0,0,0,0,0,0,0,0,0,0,0,0,0,0,1,5,6,7,4,2,5,1,5,2,2,0,0,40
2014,Coherent multi-sentence video description with variable level of detail,"Rohrbach A., Rohrbach M., Qiu W., Friedrich A., Pinkal M., Schiele B.",3029743,Lecture Notes in Computer Science (including subseries Lecture Notes in Artificial Intelligence and Lecture Notes in Bioinformatics),8753, ,0,0,0,0,0,0,0,0,0,0,0,0,0,0,0,0,0,0,0,0,0,0,0,0,0,0,0,0,0,0,0,0,0,0,0,0,0,0,0,0,0,0,0,0,0,0,1,8,9,4,12,5,0,39
2012,RALF: A reinforced active learning formulation for object class recognition,"Ebert S., Fritz M., Schiele B.",10636919,Proceedings of the IEEE Computer Society Conference on Computer Vision and Pattern Recognition,, ,0,0,0,0,0,0,0,0,0,0,0,0,0,0,0,0,0,0,0,0,0,0,0,0,0,0,0,0,0,0,0,0,0,0,0,0,0,0,0,0,0,0,0,1,5,3,6,4,5,2,11,1,0,38
2002,Wearable sensing to annotate meeting recordings,"Kern N., Schiele B., Junker H., Lukowicz P., Troster G.",15504816,"Proceedings - International Symposium on Wearable Computers, ISWC",2002-, ,0,0,0,0,0,0,0,0,0,0,0,0,0,0,0,0,0,0,0,0,0,0,0,0,0,0,0,0,0,0,0,0,0,0,6,7,6,7,3,0,1,2,0,0,0,1,2,0,1,1,0,1,0,38
2015,Classifier based graph construction for video segmentation,"Khoreva A., Galasso F., Hein M., Schiele B.",10636919,Proceedings of the IEEE Computer Society Conference on Computer Vision and Pattern Recognition,07-12-, ,0,0,0,0,0,0,0,0,0,0,0,0,0,0,0,0,0,0,0,0,0,0,0,0,0,0,0,0,0,0,0,0,0,0,0,0,0,0,0,0,0,0,0,0,0,0,2,10,10,9,4,2,0,37
2010,Remember and transfer what you have learned - Recognizing composite activities based on activity spotting,"Blanke U., Schiele B.",15504816,"Proceedings - International Symposium on Wearable Computers, ISWC",, ,0,0,0,0,0,0,0,0,0,0,0,0,0,0,0,0,0,0,0,0,0,0,0,0,0,0,0,0,0,0,0,0,0,0,0,0,0,0,0,0,0,0,1,4,6,3,7,1,4,6,5,0,0,37
2010,Automatic discovery of meaningful object parts with latent CRFs,"Schnitzspan P., Roth S., Schiele B.",10636919,Proceedings of the IEEE Computer Society Conference on Computer Vision and Pattern Recognition,, ,0,0,0,0,0,0,0,0,0,0,0,0,0,0,0,0,0,0,0,0,0,0,0,0,0,0,0,0,0,0,0,0,0,0,0,0,0,0,0,0,0,0,5,7,7,9,1,4,2,2,0,0,0,37
2004,A model for human interruptability: Experimental evaluation and automatic estimation from wearable sensors,"Kern N., Antifakos S., Schiele B., Schwaninger A.",15504816,"Proceedings - International Symposium on Wearable Computers, ISWC",, ,0,0,0,0,0,0,0,0,0,0,0,0,0,0,0,0,0,0,0,0,0,0,0,0,0,0,0,0,0,0,0,0,0,0,0,0,3,5,5,2,6,1,3,3,0,1,2,1,3,1,1,0,0,37
2016,EgoCAp: Egocentric marker-less motion capture with two fisheye cameras,"Rhodin H., Richardt C., Casas D., Insafutdinov E., Shafiei M., Seidel H.-P., Schiele B., Theobalt C.",7300301,ACM Transactions on Graphics,35,6,0,0,0,0,0,0,0,0,0,0,0,0,0,0,0,0,0,0,0,0,0,0,0,0,0,0,0,0,0,0,0,0,0,0,0,0,0,0,0,0,0,0,0,0,0,0,0,0,4,20,9,0,0,33
2015,Detecting Surgical Tools by Modelling Local Appearance and Global Shape,"Bouget D., Benenson R., Omran M., Riffaud L., Schiele B., Jannin P.",2780062,IEEE Transactions on Medical Imaging,34,12,0,0,0,0,0,0,0,0,0,0,0,0,0,0,0,0,0,0,0,0,0,0,0,0,0,0,0,0,0,0,0,0,0,0,0,0,0,0,0,0,0,0,0,0,0,0,0,3,11,6,10,3,0,33
2012,Fine-grained categorization for 3D scene understanding,"Stark M., Krause J., Pepik B., Meger D., Little J.J., Schiele B., Koller D.",,BMVC 2012 - Electronic Proceedings of the British Machine Vision Conference 2012,, ,0,0,0,0,0,0,0,0,0,0,0,0,0,0,0,0,0,0,0,0,0,0,0,0,0,0,0,0,0,0,0,0,0,0,0,0,0,0,0,0,0,0,0,0,4,8,6,5,2,4,3,1,0,33
2006,Unsupervised discovery of structure in activity data using multiple eigenspaces,"Huynh T., Schiele B.",3029743,Lecture Notes in Computer Science (including subseries Lecture Notes in Artificial Intelligence and Lecture Notes in Bioinformatics),3987, ,0,0,0,0,0,0,0,0,0,0,0,0,0,0,0,0,0,0,0,0,0,0,0,0,0,0,0,0,0,0,0,0,0,0,0,0,0,0,0,1,3,5,3,0,6,7,3,2,0,1,1,1,0,33
2014,Scalable multitask representation learning for scene classification,"Lapin M., Schiele B., Hein M.",10636919,Proceedings of the IEEE Computer Society Conference on Computer Vision and Pattern Recognition,, ,0,0,0,0,0,0,0,0,0,0,0,0,0,0,0,0,0,0,0,0,0,0,0,0,0,0,0,0,0,0,0,0,0,0,0,0,0,0,0,0,0,0,0,0,0,0,7,7,9,7,2,0,0,32
2012,Script data for attribute-based recognition of composite activities,"Rohrbach M., Regneri M., Andriluka M., Amin S., Pinkal M., Schiele B.",3029743,Lecture Notes in Computer Science (including subseries Lecture Notes in Artificial Intelligence and Lecture Notes in Bioinformatics),7572,1,0,0,0,0,0,0,0,0,0,0,0,0,0,0,0,0,0,0,0,0,0,0,0,0,0,0,0,0,0,0,0,0,0,0,0,0,0,0,0,0,0,0,0,2,1,5,4,5,4,2,5,4,0,32
2009,An analysis of sensor-oriented vs. model-based activity recognition,"Zinnen A., Blanke U., Schiele B.",15504816,"Proceedings - International Symposium on Wearable Computers, ISWC",, ,0,0,0,0,0,0,0,0,0,0,0,0,0,0,0,0,0,0,0,0,0,0,0,0,0,0,0,0,0,0,0,0,0,0,0,0,0,0,0,0,0,3,4,2,5,4,5,1,2,0,5,1,0,32
2009,Multi-graph based semi-supervised learning for activity recognition,"Stikic M., Larlus D., Schiele B.",15504816,"Proceedings - International Symposium on Wearable Computers, ISWC",, ,0,0,0,0,0,0,0,0,0,0,0,0,0,0,0,0,0,0,0,0,0,0,0,0,0,0,0,0,0,0,0,0,0,0,0,0,0,0,0,0,0,1,3,0,3,0,6,5,5,3,4,1,0,31
2007,How computer vision can help in outdoor positioning,"Steinhoff U., Omercevic D., Perko R., Schiele B., Leonardis A.",3029743,Lecture Notes in Computer Science (including subseries Lecture Notes in Artificial Intelligence and Lecture Notes in Bioinformatics),4794, ,0,0,0,0,0,0,0,0,0,0,0,0,0,0,0,0,0,0,0,0,0,0,0,0,0,0,0,0,0,0,0,0,0,0,0,0,0,0,0,1,3,3,3,3,5,6,2,1,1,3,0,0,0,31
2017,Gaze embeddings for zero-shot image classification,"Karessli N., Akata Z., Schiele B., Bulling A.",,"Proceedings - 30th IEEE Conference on Computer Vision and Pattern Recognition, CVPR 2017",2017-, ,0,0,0,0,0,0,0,0,0,0,0,0,0,0,0,0,0,0,0,0,0,0,0,0,0,0,0,0,0,0,0,0,0,0,0,0,0,0,0,0,0,0,0,0,0,0,0,0,2,9,13,5,0,29
2017,MARCOnI - ConvNet-Based MARker-less motion capture in outdoor and indoor scenes,"Elhayek A., De Aguiar E., Jain A., Thompson J., Pishchulin L., Andriluka M., Bregler C., Schiele B., Theobalt C.",1628828,IEEE Transactions on Pattern Analysis and Machine Intelligence,39,3,0,0,0,0,0,0,0,0,0,0,0,0,0,0,0,0,0,0,0,0,0,0,0,0,0,0,0,0,0,0,0,0,0,0,0,0,0,0,0,0,0,0,0,0,0,0,0,0,3,12,12,2,0,29
2011,Revisiting 3D geometric models for accurate object shape and pose,"Zia M.Z., Stark M., Schiele B., Schindler K.",,Proceedings of the IEEE International Conference on Computer Vision,, ,0,0,0,0,0,0,0,0,0,0,0,0,0,0,0,0,0,0,0,0,0,0,0,0,0,0,0,0,0,0,0,0,0,0,0,0,0,0,0,0,0,0,0,5,1,6,5,6,2,3,1,0,0,29
2008,Hierarchical support vector random fields: Joint training to combine local and global features,"Schnitzspan P., Fritz M., Schiele B.",3029743,Lecture Notes in Computer Science (including subseries Lecture Notes in Artificial Intelligence and Lecture Notes in Bioinformatics),5303,2,0,0,0,0,0,0,0,0,0,0,0,0,0,0,0,0,0,0,0,0,0,0,0,0,0,0,0,0,0,0,0,0,0,0,0,0,0,0,0,0,0,3,8,4,8,3,2,0,1,0,0,0,0,29
2008,Learning semantic object parts for object categorization,"Leibe B., Ettlin A., Schiele B.",2628856,Image and Vision Computing,26,1,0,0,0,0,0,0,0,0,0,0,0,0,0,0,0,0,0,0,0,0,0,0,0,0,0,0,0,0,0,0,0,0,0,0,0,0,0,0,0,0,5,7,4,2,4,2,3,2,0,0,0,0,0,29
2015,The long-short story of movie description,"Rohrbach A., Rohrbach M., Schiele B.",3029743,Lecture Notes in Computer Science (including subseries Lecture Notes in Artificial Intelligence and Lecture Notes in Bioinformatics),9358, ,0,0,0,0,0,0,0,0,0,0,0,0,0,0,0,0,0,0,0,0,0,0,0,0,0,0,0,0,0,0,0,0,0,0,0,0,0,0,0,0,0,0,0,0,0,0,0,4,8,10,5,1,0,28
2010,Monocular 3D scene modeling and inference: Understanding multi-object traffic scenes,"Wojek C., Roth S., Schindler K., Schiele B.",3029743,Lecture Notes in Computer Science (including subseries Lecture Notes in Artificial Intelligence and Lecture Notes in Bioinformatics),6314,4,0,0,0,0,0,0,0,0,0,0,0,0,0,0,0,0,0,0,0,0,0,0,0,0,0,0,0,0,0,0,0,0,0,0,0,0,0,0,0,0,0,0,7,3,6,3,4,1,2,0,1,1,0,28
2001,Towards robust multi-cue integration for visual tracking,"Spengler M., Schiele B.",3029743,Lecture Notes in Computer Science (including subseries Lecture Notes in Artificial Intelligence and Lecture Notes in Bioinformatics),2095, ,0,0,0,0,0,0,0,0,0,0,0,0,0,0,0,0,0,0,0,0,0,0,0,0,0,0,0,0,0,0,0,0,0,2,3,0,1,2,6,1,2,3,2,0,3,2,0,0,0,0,1,0,0,28
2017,A domain based approach to social relation recognition,"Sun Q., Schiele B., Fritz M.",,"Proceedings - 30th IEEE Conference on Computer Vision and Pattern Recognition, CVPR 2017",2017-, ,0,0,0,0,0,0,0,0,0,0,0,0,0,0,0,0,0,0,0,0,0,0,0,0,0,0,0,0,0,0,0,0,0,0,0,0,0,0,0,0,0,0,0,0,0,0,0,0,1,10,13,3,0,27
2012,3D <sup>2</sup>PM - 3D deformable part models,"Pepik B., Gehler P., Stark M., Schiele B.",3029743,Lecture Notes in Computer Science (including subseries Lecture Notes in Artificial Intelligence and Lecture Notes in Bioinformatics),7577,6,0,0,0,0,0,0,0,0,0,0,0,0,0,0,0,0,0,0,0,0,0,0,0,0,0,0,0,0,0,0,0,0,0,0,0,0,0,0,0,0,0,0,0,0,2,7,6,5,3,3,1,0,0,27
2009,Object categorization: Computer and human vision perspectives,"Dickinson S.J., Leonardis A., Schiele B., Tarr M.J.",,Object Categorization: Computer and Human Vision Perspectives,9.78052E+12, ,0,0,0,0,0,0,0,0,0,0,0,0,0,0,0,0,0,0,0,0,0,0,0,0,0,0,0,0,0,0,0,0,0,0,0,0,0,0,0,0,0,1,6,2,2,3,1,5,2,3,2,0,0,27
1999,Probabilistic object recognition and localization,"Schiele Bernt, Pentland Alex",,Proceedings of the IEEE International Conference on Computer Vision,1, ,0,0,0,0,0,0,0,0,0,0,0,0,0,0,0,0,0,0,0,0,0,0,0,0,0,0,0,0,0,0,0,1,5,2,2,4,4,2,2,3,1,0,0,0,1,0,0,0,0,0,0,0,0,27
2018,Multimodal Explanations: Justifying Decisions and Pointing to the Evidence,"Park D.H., Hendricks L.A., Akata Z., Rohrbach A., Schiele B., Darrell T., Rohrbach M.",10636919,Proceedings of the IEEE Computer Society Conference on Computer Vision and Pattern Recognition,, ,0,0,0,0,0,0,0,0,0,0,0,0,0,0,0,0,0,0,0,0,0,0,0,0,0,0,0,0,0,0,0,0,0,0,0,0,0,0,0,0,0,0,0,0,0,0,0,0,0,1,21,4,0,26
2016,Recognizing Fine-Grained and Composite Activities Using Hand-Centric Features and Script Data,"Rohrbach M., Rohrbach A., Regneri M., Amin S., Andriluka M., Pinkal M., Schiele B.",9205691,International Journal of Computer Vision,119,3,0,0,0,0,0,0,0,0,0,0,0,0,0,0,0,0,0,0,0,0,0,0,0,0,0,0,0,0,0,0,0,0,0,0,0,0,0,0,0,0,0,0,0,0,0,0,0,1,4,7,9,5,0,26
2016,I-pic: A platform for privacy-compliant image capture,"Aditya P., Sen R., Druschel P., Oh S.J., Benenson R., Fritz M., Schiele B., Bhattacharjee B., Wu T.T.",,"MobiSys 2016 - Proceedings of the 14th Annual International Conference on Mobile Systems, Applications, and Services",, ,0,0,0,0,0,0,0,0,0,0,0,0,0,0,0,0,0,0,0,0,0,0,0,0,0,0,0,0,0,0,0,0,0,0,0,0,0,0,0,0,0,0,0,0,0,0,0,3,10,6,6,1,0,26
2015,Person recognition in personal photo collections,"Oh S.J., Benenson R., Fritz M., Schiele B.",15505499,Proceedings of the IEEE International Conference on Computer Vision,2015, ,0,0,0,0,0,0,0,0,0,0,0,0,0,0,0,0,0,0,0,0,0,0,0,0,0,0,0,0,0,0,0,0,0,0,0,0,0,0,0,0,0,0,0,0,0,0,0,5,6,7,3,5,0,26
2010,Coming to grips with the objects we grasp: Detecting interactions with efficient wrist-worn sensors,"Berlin E., Liu J., Van Laerhoven K., Schiele B.",,"TEI'10 - Proceedings of the 4th International Conference on Tangible, Embedded, and Embodied Interaction",, ,0,0,0,0,0,0,0,0,0,0,0,0,0,0,0,0,0,0,0,0,0,0,0,0,0,0,0,0,0,0,0,0,0,0,0,0,0,0,0,0,0,1,3,2,0,2,6,4,1,3,4,0,0,26
2007,How good are local features for classes of geometric objects,"Stark M., Schiele B.",,Proceedings of the IEEE International Conference on Computer Vision,, ,0,0,0,0,0,0,0,0,0,0,0,0,0,0,0,0,0,0,0,0,0,0,0,0,0,0,0,0,0,0,0,0,0,0,0,0,0,0,1,5,5,7,1,1,2,0,1,1,1,0,1,0,0,26
2010,All for one or one for all? Combining heterogeneous features for activity spotting,"Blanke U., Schiele B., Kreil M., Lukowicz P., Gruber T., Sick B.",,"2010 8th IEEE International Conference on Pervasive Computing and Communications Workshops, PERCOM Workshops 2010",, ,0,0,0,0,0,0,0,0,0,0,0,0,0,0,0,0,0,0,0,0,0,0,0,0,0,0,0,0,0,0,0,0,0,0,0,0,0,0,0,0,0,1,1,1,3,3,3,2,4,3,2,0,0,23
2010,"Disparity statistics for pedestrian detection: Combining appearance, motion and stereo","Walk S., Schindler K., Schiele B.",3029743,Lecture Notes in Computer Science (including subseries Lecture Notes in Artificial Intelligence and Lecture Notes in Bioinformatics),6316,6,0,0,0,0,0,0,0,0,0,0,0,0,0,0,0,0,0,0,0,0,0,0,0,0,0,0,0,0,0,0,0,0,0,0,0,0,0,0,0,0,0,0,1,5,0,2,5,5,3,1,1,0,0,23
2009,Multi activity recognition based on bodymodel-derived primitives,"Zinnen A., Wojek C., Schiele B.",3029743,Lecture Notes in Computer Science (including subseries Lecture Notes in Artificial Intelligence and Lecture Notes in Bioinformatics),5561, ,0,0,0,0,0,0,0,0,0,0,0,0,0,0,0,0,0,0,0,0,0,0,0,0,0,0,0,0,0,0,0,0,0,0,0,0,0,0,0,0,1,1,2,3,3,2,1,0,1,4,3,0,0,21
2004,Less contact: Heart-rate detection without even touching the user,"Michahelles F., Wicki R., Schiele B.",15504816,"Proceedings - International Symposium on Wearable Computers, ISWC",, ,0,0,0,0,0,0,0,0,0,0,0,0,0,0,0,0,0,0,0,0,0,0,0,0,0,0,0,0,0,0,0,0,0,0,0,0,0,1,1,3,1,2,0,1,3,5,0,1,0,1,2,0,0,21
2001,Sensory-augmented computing: Wearing the museum's guide,"Schiele B., Jebara T., Oliver N.",2721732,IEEE Micro,21,3,0,0,0,0,0,0,0,0,0,0,0,0,0,0,0,0,0,0,0,0,0,0,0,0,0,0,0,0,0,0,0,0,0,3,1,4,0,1,5,1,2,0,0,1,0,1,1,1,0,0,0,0,0,21
2018,Natural and Effective Obfuscation by Head Inpainting,"Sun Q., Ma L., Joon Oh S., Gool L.V., Schiele B., Fritz M.",10636919,Proceedings of the IEEE Computer Society Conference on Computer Vision and Pattern Recognition,, ,0,0,0,0,0,0,0,0,0,0,0,0,0,0,0,0,0,0,0,0,0,0,0,0,0,0,0,0,0,0,0,0,0,0,0,0,0,0,0,0,0,0,0,0,0,0,0,0,0,5,14,1,0,20
2017,Adversarial Image Perturbation for Privacy Protection A Game Theory Perspective,"Oh S.J., Fritz M., Schiele B.",15505499,Proceedings of the IEEE International Conference on Computer Vision,2017-, ,0,0,0,0,0,0,0,0,0,0,0,0,0,0,0,0,0,0,0,0,0,0,0,0,0,0,0,0,0,0,0,0,0,0,0,0,0,0,0,0,0,0,0,0,0,0,0,0,0,9,10,1,0,20
2016,Weakly supervised object boundaries,"Khoreva A., Benenson R., Omran M., Hein M., Schiele B.",10636919,Proceedings of the IEEE Computer Society Conference on Computer Vision and Pattern Recognition,2016-, ,0,0,0,0,0,0,0,0,0,0,0,0,0,0,0,0,0,0,0,0,0,0,0,0,0,0,0,0,0,0,0,0,0,0,0,0,0,0,0,0,0,0,0,0,0,0,0,1,6,4,9,0,0,20
2016,Faceless person recognition: Privacy implications in social media,"Oh S.J., Benenson R., Fritz M., Schiele B.",3029743,Lecture Notes in Computer Science (including subseries Lecture Notes in Artificial Intelligence and Lecture Notes in Bioinformatics),9907, ,0,0,0,0,0,0,0,0,0,0,0,0,0,0,0,0,0,0,0,0,0,0,0,0,0,0,0,0,0,0,0,0,0,0,0,0,0,0,0,0,0,0,0,0,0,0,0,0,6,1,7,6,0,20
2015,Top-k multiclass SVM,"Lapin M., Hein M., Schiele B.",10495258,Advances in Neural Information Processing Systems,2015-, ,0,0,0,0,0,0,0,0,0,0,0,0,0,0,0,0,0,0,0,0,0,0,0,0,0,0,0,0,0,0,0,0,0,0,0,0,0,0,0,0,0,0,0,0,0,0,0,1,5,6,4,4,0,20
2012,3D object detection with multiple kinects,"Susanto W., Rohrbach M., Schiele B.",3029743,Lecture Notes in Computer Science (including subseries Lecture Notes in Artificial Intelligence and Lecture Notes in Bioinformatics),7584,2,0,0,0,0,0,0,0,0,0,0,0,0,0,0,0,0,0,0,0,0,0,0,0,0,0,0,0,0,0,0,0,0,0,0,0,0,0,0,0,0,0,0,0,0,3,4,3,5,2,2,1,0,0,20
2010,Extracting structures in image collections for object recognition,"Ebert S., Larlus D., Schiele B.",3029743,Lecture Notes in Computer Science (including subseries Lecture Notes in Artificial Intelligence and Lecture Notes in Bioinformatics),6311,1,0,0,0,0,0,0,0,0,0,0,0,0,0,0,0,0,0,0,0,0,0,0,0,0,0,0,0,0,0,0,0,0,0,0,0,0,0,0,0,0,0,0,1,2,5,4,4,2,1,0,1,0,0,20
2016,Loss functions for top-k error: Analysis and insights,"Lapin M., Hein M., Schiele B.",10636919,Proceedings of the IEEE Computer Society Conference on Computer Vision and Pattern Recognition,2016-, ,0,0,0,0,0,0,0,0,0,0,0,0,0,0,0,0,0,0,0,0,0,0,0,0,0,0,0,0,0,0,0,0,0,0,0,0,0,0,0,0,0,0,0,0,0,0,0,0,5,4,8,2,0,19
2016,3D Pictorial Structures Revisited: Multiple Human Pose Estimation,"Belagiannis V., Amin S., Andriluka M., Schiele B., Navab N., Ilic S.",1628828,IEEE Transactions on Pattern Analysis and Machine Intelligence,38,10,0,0,0,0,0,0,0,0,0,0,0,0,0,0,0,0,0,0,0,0,0,0,0,0,0,0,0,0,0,0,0,0,0,0,0,0,0,0,0,0,0,0,0,0,0,0,0,2,3,3,10,1,0,19
2006,Segmentation based multi-cue integration for object detection,"Leibe B., Mikolajczyk K., Schiele B.",,BMVC 2006 - Proceedings of the British Machine Vision Conference 2006,, ,0,0,0,0,0,0,0,0,0,0,0,0,0,0,0,0,0,0,0,0,0,0,0,0,0,0,0,0,0,0,0,0,0,0,0,0,0,0,1,3,2,3,2,2,0,3,1,0,1,1,0,0,0,19
2016,A convnet for non-maximum suppression,"Hosang J., Benenson R., Schiele B.",3029743,Lecture Notes in Computer Science (including subseries Lecture Notes in Artificial Intelligence and Lecture Notes in Bioinformatics),9796, ,0,0,0,0,0,0,0,0,0,0,0,0,0,0,0,0,0,0,0,0,0,0,0,0,0,0,0,0,0,0,0,0,0,0,0,0,0,0,0,0,0,0,0,0,0,0,0,0,2,5,11,0,0,18
2014,Fine-grained activity recognition with holistic and pose based features,"Pishchulin L., Andriluka M., Schiele B.",3029743,Lecture Notes in Computer Science (including subseries Lecture Notes in Artificial Intelligence and Lecture Notes in Bioinformatics),8753, ,0,0,0,0,0,0,0,0,0,0,0,0,0,0,0,0,0,0,0,0,0,0,0,0,0,0,0,0,0,0,0,0,0,0,0,0,0,0,0,0,0,0,0,0,0,0,1,2,3,4,7,1,0,18
2007,Cooperative augmentation of smart objects with projector-camera systems,"Molyneaux D., Gellersen H., Kortuem G., Schiele B.",3029743,Lecture Notes in Computer Science (including subseries Lecture Notes in Artificial Intelligence and Lecture Notes in Bioinformatics),4717, ,0,0,0,0,0,0,0,0,0,0,0,0,0,0,0,0,0,0,0,0,0,0,0,0,0,0,0,0,0,0,0,0,0,0,0,0,0,0,0,0,3,4,2,5,3,0,0,0,0,0,1,0,0,18
2006,Model-free tracking of cars and people based on color regions,Schiele B.,2628856,Image and Vision Computing,24,11,0,0,0,0,0,0,0,0,0,0,0,0,0,0,0,0,0,0,0,0,0,0,0,0,0,0,0,0,0,0,0,0,0,0,0,0,0,0,0,3,2,2,1,5,2,2,0,1,0,0,0,0,0,18
1999,Learning audio-visual associations using mutual information,"Roy D., Schiele B., Pentland A.",,"Proceedings - Integration of Speech and Image Understanding, ISIU 1999",, ,0,0,0,0,0,0,0,0,0,0,0,0,0,0,0,0,0,0,0,0,0,0,0,0,0,0,0,0,0,0,0,0,0,5,0,1,5,2,0,0,0,1,0,1,1,0,0,1,1,0,0,0,0,18
2018,Long-Term On-board Prediction of People in Traffic Scenes under Uncertainty,"Bhattacharyya A., Fritz M., Schiele B.",10636919,Proceedings of the IEEE Computer Society Conference on Computer Vision and Pattern Recognition,, ,0,0,0,0,0,0,0,0,0,0,0,0,0,0,0,0,0,0,0,0,0,0,0,0,0,0,0,0,0,0,0,0,0,0,0,0,0,0,0,0,0,0,0,0,0,0,0,0,0,0,16,1,0,17
2017,Generating descriptions with grounded and co-referenced people,"Rohrbach A., Rohrbach M., Tang S., Oh S.J., Schiele B.",,"Proceedings - 30th IEEE Conference on Computer Vision and Pattern Recognition, CVPR 2017",2017-, ,0,0,0,0,0,0,0,0,0,0,0,0,0,0,0,0,0,0,0,0,0,0,0,0,0,0,0,0,0,0,0,0,0,0,0,0,0,0,0,0,0,0,0,0,0,0,0,0,2,5,10,0,0,17
1998,Position estimation using principal components of range data,"Crowley J.L., Wallner F., Schiele B.",9218890,Robotics and Autonomous Systems,23,4,0,0,0,0,0,0,0,0,0,0,0,0,0,0,0,0,0,0,0,0,0,0,0,0,0,0,0,0,0,1,1,2,0,0,0,1,2,2,1,0,0,1,0,0,2,1,0,0,0,0,3,0,0,17
2018,Towards reverse-engineering black-box neural networks,"Oh S.J., Augustin M., Schiele B., Fritz M.",,"6th International Conference on Learning Representations, ICLR 2018 - Conference Track Proceedings",, ,0,0,0,0,0,0,0,0,0,0,0,0,0,0,0,0,0,0,0,0,0,0,0,0,0,0,0,0,0,0,0,0,0,0,0,0,0,0,0,0,0,0,0,0,0,0,0,0,0,1,13,2,0,16
2015,What is holding back convnets for detection?,"Pepikbo B., Benenson R., Ritschel T., Schiele B.",3029743,Lecture Notes in Computer Science (including subseries Lecture Notes in Artificial Intelligence and Lecture Notes in Bioinformatics),9358, ,0,0,0,0,0,0,0,0,0,0,0,0,0,0,0,0,0,0,0,0,0,0,0,0,0,0,0,0,0,0,0,0,0,0,0,0,0,0,0,0,0,0,0,0,0,0,0,5,4,3,2,2,0,16
2008,"Sustained logging and discrimination of sleep postures ith low-level, wrist-worn sensors","Van Laerhoven K., Borazio M., Kilian D., Schiele B.",15504816,"Proceedings - International Symposium on Wearable Computers, ISWC",, ,0,0,0,0,0,0,0,0,0,0,0,0,0,0,0,0,0,0,0,0,0,0,0,0,0,0,0,0,0,0,0,0,0,0,0,0,0,0,0,0,1,3,1,2,1,2,1,0,3,2,0,0,0,16
2015,3D object class detection in the wild,"Pepik B., Stark M., Gehler P., Ritschel T., Schiele B.",21607508,IEEE Computer Society Conference on Computer Vision and Pattern Recognition Workshops,2015-, ,0,0,0,0,0,0,0,0,0,0,0,0,0,0,0,0,0,0,0,0,0,0,0,0,0,0,0,0,0,0,0,0,0,0,0,0,0,0,0,0,0,0,0,0,0,0,1,2,3,5,3,1,0,15
2009,Enabling efficient time series analysis for wearable activity data,"Van Laerhoven K., Berlin E., Schiele B.",,"8th International Conference on Machine Learning and Applications, ICMLA 2009",, ,0,0,0,0,0,0,0,0,0,0,0,0,0,0,0,0,0,0,0,0,0,0,0,0,0,0,0,0,0,0,0,0,0,0,0,0,0,0,0,0,0,1,0,4,3,2,1,1,0,3,0,0,0,15
2007,Toward recognition of short and non-repetitive activities from wearable sensors,"Zinnen A., Van Laerhoven K., Schiele B.",3029743,Lecture Notes in Computer Science (including subseries Lecture Notes in Artificial Intelligence and Lecture Notes in Bioinformatics),4794, ,0,0,0,0,0,0,0,0,0,0,0,0,0,0,0,0,0,0,0,0,0,0,0,0,0,0,0,0,0,0,0,0,0,0,0,0,0,0,0,0,2,2,1,3,1,1,0,2,0,3,0,0,0,15
2011,Explicit occlusion reasoning for 3D object detection,"Meger D., Wojek C., Schiele B., Little J.J.",,BMVC 2011 - Proceedings of the British Machine Vision Conference 2011,, ,0,0,0,0,0,0,0,0,0,0,0,0,0,0,0,0,0,0,0,0,0,0,0,0,0,0,0,0,0,0,0,0,0,0,0,0,0,0,0,0,0,0,0,2,3,4,2,0,1,0,2,0,0,14
2006,Interleaving object categorization and segmentation,"Leibe B., Schiele B.",3029743,Lecture Notes in Computer Science (including subseries Lecture Notes in Artificial Intelligence and Lecture Notes in Bioinformatics),3948, ,0,0,0,0,0,0,0,0,0,0,0,0,0,0,0,0,0,0,0,0,0,0,0,0,0,0,0,0,0,0,0,0,0,0,0,0,0,0,0,0,0,2,1,4,1,2,0,1,1,1,0,1,0,14
1999,An interactive computer vision system DyPERS: Dynamic personal enhanced reality system,"Schiele B., Oliver N., Jebara T., Pentland A.",3029743,Lecture Notes in Computer Science (including subseries Lecture Notes in Artificial Intelligence and Lecture Notes in Bioinformatics),1542, ,0,0,0,0,0,0,0,0,0,0,0,0,0,0,0,0,0,0,0,0,0,0,0,0,0,0,0,0,0,0,1,0,0,1,2,0,0,0,1,0,2,1,0,1,0,0,4,0,1,0,0,0,0,14
2019,Meta-transfer learning for few-shot learning,"Sun Q., Liu Y., Chua T.-S., Schiele B.",10636919,Proceedings of the IEEE Computer Society Conference on Computer Vision and Pattern Recognition,2019-, ,0,0,0,0,0,0,0,0,0,0,0,0,0,0,0,0,0,0,0,0,0,0,0,0,0,0,0,0,0,0,0,0,0,0,0,0,0,0,0,0,0,0,0,0,0,0,0,0,0,0,6,7,0,13
2015,Efficient output kernel learning for multiple tasks,"Jawanpuria P., Lapin M., Hein M., Schiele B.",10495258,Advances in Neural Information Processing Systems,2015-, ,0,0,0,0,0,0,0,0,0,0,0,0,0,0,0,0,0,0,0,0,0,0,0,0,0,0,0,0,0,0,0,0,0,0,0,0,0,0,0,0,0,0,0,0,0,0,0,0,3,4,5,1,0,13
2006,Cross-articulation learning for robust detection of pedestrians,"Seemann E., Schiele B.",3029743,Lecture Notes in Computer Science (including subseries Lecture Notes in Artificial Intelligence and Lecture Notes in Bioinformatics),4174, ,0,0,0,0,0,0,0,0,0,0,0,0,0,0,0,0,0,0,0,0,0,0,0,0,0,0,0,0,0,0,0,0,0,0,0,0,0,0,0,0,2,1,1,2,0,1,4,1,1,0,0,0,0,13
2014,Learning must-link constraints for video segmentation based on spectral clustering,"Khoreva A., Galasso F., Hein M., Schiele B.",3029743,Lecture Notes in Computer Science (including subseries Lecture Notes in Artificial Intelligence and Lecture Notes in Bioinformatics),8753, ,0,0,0,0,0,0,0,0,0,0,0,0,0,0,0,0,0,0,0,0,0,0,0,0,0,0,0,0,0,0,0,0,0,0,0,0,0,0,0,0,0,0,0,0,0,0,5,4,0,2,0,1,0,12
2011,A semantic world model for urban search and rescue based on heterogeneous sensors,"Meyer J., Schnitzspan P., Kohlbrecher S., Petersen K., Andriluka M., Schwahn O., Klingauf U., Roth S., Schiele B., Von Stryk O.",3029743,Lecture Notes in Computer Science (including subseries Lecture Notes in Artificial Intelligence and Lecture Notes in Bioinformatics),6556, ,0,0,0,0,0,0,0,0,0,0,0,0,0,0,0,0,0,0,0,0,0,0,0,0,0,0,0,0,0,0,0,0,0,0,0,0,0,0,0,0,0,0,0,2,1,1,1,3,0,1,2,0,0,11
2001,Performance prediction for vocabulary-supported image retrieval,"Vogel J., Schiele B.",,IEEE International Conference on Image Processing,2, ,0,0,0,0,0,0,0,0,0,0,0,0,0,0,0,0,0,0,0,0,0,0,0,0,0,0,0,0,0,0,0,0,0,1,0,0,0,2,2,3,2,0,1,0,0,0,0,0,0,0,0,0,0,11
2018,Accurate and Diverse Sampling of Sequences Based on a 'Best of Many' Sample Objective,"Bhattacharyya A., Schiele B., Fritz M.",10636919,Proceedings of the IEEE Computer Society Conference on Computer Vision and Pattern Recognition,, ,0,0,0,0,0,0,0,0,0,0,0,0,0,0,0,0,0,0,0,0,0,0,0,0,0,0,0,0,0,0,0,0,0,0,0,0,0,0,0,0,0,0,0,0,0,0,0,0,0,1,9,0,0,10
2018,"Analysis and Optimization of Loss Functions for Multiclass, Top-k, and Multilabel Classification","Lapin M., Hein M., Schiele B.",1628828,IEEE Transactions on Pattern Analysis and Machine Intelligence,40,7,0,0,0,0,0,0,0,0,0,0,0,0,0,0,0,0,0,0,0,0,0,0,0,0,0,0,0,0,0,0,0,0,0,0,0,0,0,0,0,0,0,0,0,0,0,0,0,0,0,1,6,3,0,10
2017,Towards a Visual Privacy Advisor: Understanding and Predicting Privacy Risks in Images,"Orekondy T., Schiele B., Fritz M.",15505499,Proceedings of the IEEE International Conference on Computer Vision,2017-, ,0,0,0,0,0,0,0,0,0,0,0,0,0,0,0,0,0,0,0,0,0,0,0,0,0,0,0,0,0,0,0,0,0,0,0,0,0,0,0,0,0,0,0,0,0,0,0,0,0,3,6,1,0,10
2002,On performance characterization and optimization for image retrieval,"Vogel J., Schiele B.",3029743,Lecture Notes in Computer Science (including subseries Lecture Notes in Artificial Intelligence and Lecture Notes in Bioinformatics),2353, ,0,0,0,0,0,0,0,0,0,0,0,0,0,0,0,0,0,0,0,0,0,0,0,0,0,0,0,0,0,0,0,0,0,1,1,1,2,2,0,0,1,0,1,1,0,0,0,0,0,0,0,0,0,10
2008,Multi-level sensorfusion and computer-vision algorithms within a driver assistance system for avoiding overtaking accidents,"Hohm A., Wojek C., Schiele B., Winner H.",,"FISITA World Automotive Congress 2008, Congress Proceedings - Vehicle Safety",2, ,0,0,0,0,0,0,0,0,0,0,0,0,0,0,0,0,0,0,0,0,0,0,0,0,0,0,0,0,0,0,0,0,0,0,0,0,0,0,0,0,0,2,0,2,3,0,0,1,0,1,0,0,0,9
2019,F-VAEGAN-D2: A feature generating framework for any-shot learning,"Xian Y., Sharma S., Schiele B., Akata Z.",10636919,Proceedings of the IEEE Computer Society Conference on Computer Vision and Pattern Recognition,2019-, ,0,0,0,0,0,0,0,0,0,0,0,0,0,0,0,0,0,0,0,0,0,0,0,0,0,0,0,0,0,0,0,0,0,0,0,0,0,0,0,0,0,0,0,0,0,0,0,0,0,0,4,4,0,8
2015,Scalable nonlinear embeddings for semantic category-based image retrieval,"Sharma G., Schiele B.",15505499,Proceedings of the IEEE International Conference on Computer Vision,2015, ,0,0,0,0,0,0,0,0,0,0,0,0,0,0,0,0,0,0,0,0,0,0,0,0,0,0,0,0,0,0,0,0,0,0,0,0,0,0,0,0,0,0,0,0,0,0,0,2,0,4,2,0,0,8
2008,A new approach to enable gesture recognition in continuous data streams,"Zinnen A., Schiele B.",15504816,"Proceedings - International Symposium on Wearable Computers, ISWC",, ,0,0,0,0,0,0,0,0,0,0,0,0,0,0,0,0,0,0,0,0,0,0,0,0,0,0,0,0,0,0,0,0,0,0,0,0,0,0,0,0,3,1,0,0,3,0,1,0,0,0,0,0,0,8
2006,Towards personalized mobile interruptibility estimation,"Kern N., Schiele B.",3029743,Lecture Notes in Computer Science (including subseries Lecture Notes in Artificial Intelligence and Lecture Notes in Bioinformatics),3987, ,0,0,0,0,0,0,0,0,0,0,0,0,0,0,0,0,0,0,0,0,0,0,0,0,0,0,0,0,0,0,0,0,0,0,0,0,0,0,0,0,0,1,1,0,0,3,1,1,1,0,0,0,0,8
2018,Connecting Pixels to Privacy and Utility: Automatic Redaction of Private Information in Images,"Orekondy T., Fritz M., Schiele B.",10636919,Proceedings of the IEEE Computer Society Conference on Computer Vision and Pattern Recognition,, ,0,0,0,0,0,0,0,0,0,0,0,0,0,0,0,0,0,0,0,0,0,0,0,0,0,0,0,0,0,0,0,0,0,0,0,0,0,0,0,0,0,0,0,0,0,0,0,0,0,0,6,1,0,7
2015,Multiple human pose estimation with temporally consistent 3D pictorial structures,"Belagiannis V., Wang X., Schiele B., Fua P., Ilic S., Navab N.",3029743,Lecture Notes in Computer Science (including subseries Lecture Notes in Artificial Intelligence and Lecture Notes in Bioinformatics),8925, ,0,0,0,0,0,0,0,0,0,0,0,0,0,0,0,0,0,0,0,0,0,0,0,0,0,0,0,0,0,0,0,0,0,0,0,0,0,0,0,0,0,0,0,0,0,0,0,3,1,2,1,0,0,7
2018,Learning to refine human pose estimation,"Fieraru M., Khoreva A., Pishchulin L., Schiele B.",21607508,IEEE Computer Society Conference on Computer Vision and Pattern Recognition Workshops,2018-, ,0,0,0,0,0,0,0,0,0,0,0,0,0,0,0,0,0,0,0,0,0,0,0,0,0,0,0,0,0,0,0,0,0,0,0,0,0,0,0,0,0,0,0,0,0,0,0,0,0,0,5,1,0,6
2018,A<sup>4</sup>NT: Author attribute anonymity by adversarial training of neural machine translation,"Shetty R., Schiele B., Fritz M.",,Proceedings of the 27th USENIX Security Symposium,, ,0,0,0,0,0,0,0,0,0,0,0,0,0,0,0,0,0,0,0,0,0,0,0,0,0,0,0,0,0,0,0,0,0,0,0,0,0,0,0,0,0,0,0,0,0,0,0,0,0,1,3,2,0,6
2011,Multi-target tracking in crowded scenes,"Yu J., Farin D., Schiele B.",3029743,Lecture Notes in Computer Science (including subseries Lecture Notes in Artificial Intelligence and Lecture Notes in Bioinformatics),6835, ,0,0,0,0,0,0,0,0,0,0,0,0,0,0,0,0,0,0,0,0,0,0,0,0,0,0,0,0,0,0,0,0,0,0,0,0,0,0,0,0,0,0,0,2,1,0,2,1,0,0,0,0,0,6
2011,South by south-east or sitting at the desk. Can orientation be a place?,"Blanke U., Rehner R., Schiele B.",15504816,"Proceedings - International Symposium on Wearable Computers, ISWC",, ,0,0,0,0,0,0,0,0,0,0,0,0,0,0,0,0,0,0,0,0,0,0,0,0,0,0,0,0,0,0,0,0,0,0,0,0,0,0,0,0,0,0,0,2,0,1,1,0,1,0,1,0,0,6
2011,In good shape: Robust people detection based on appearance and shape,"Pishchulin L., Jain A., Wojek C., Thormahlen T., Schiele B.",,BMVC 2011 - Proceedings of the British Machine Vision Conference 2011,, ,0,0,0,0,0,0,0,0,0,0,0,0,0,0,0,0,0,0,0,0,0,0,0,0,0,0,0,0,0,0,0,0,0,0,0,0,0,0,0,0,0,0,0,1,0,2,0,0,3,0,0,0,0,6
1996,Where to look next and what to look for,"Schiele Bernt, Crowley James L.",,IEEE International Conference on Intelligent Robots and Systems,3, ,0,0,0,0,0,0,0,0,0,0,0,0,0,0,0,0,0,0,0,0,0,0,0,0,0,0,0,0,1,0,1,0,1,0,0,0,0,0,1,1,1,0,0,0,0,0,0,0,0,0,0,0,0,6
2019,Lucid Data Dreaming for Video Object Segmentation,"Khoreva A., Benenson R., Ilg E., Brox T., Schiele B.",9205691,International Journal of Computer Vision,127,9,0,0,0,0,0,0,0,0,0,0,0,0,0,0,0,0,0,0,0,0,0,0,0,0,0,0,0,0,0,0,0,0,0,0,0,0,0,0,0,0,0,0,0,0,0,0,0,0,0,0,3,2,0,5
2018,Adversarial scene editing: Automatic object removal from weak supervision,"Shetty R., Fritz M., Schiele B.",10495258,Advances in Neural Information Processing Systems,2018-, ,0,0,0,0,0,0,0,0,0,0,0,0,0,0,0,0,0,0,0,0,0,0,0,0,0,0,0,0,0,0,0,0,0,0,0,0,0,0,0,0,0,0,0,0,0,0,0,0,0,0,4,1,0,5
2012,Combining language sources and robust semantic relatedness for attribute-based knowledge transfer,"Rohrbach M., Stark M., Szarvas G., Schiele B.",3029743,Lecture Notes in Computer Science (including subseries Lecture Notes in Artificial Intelligence and Lecture Notes in Bioinformatics),6553,1,0,0,0,0,0,0,0,0,0,0,0,0,0,0,0,0,0,0,0,0,0,0,0,0,0,0,0,0,0,0,0,0,0,0,0,0,0,0,0,0,0,0,0,0,0,0,1,2,1,1,0,0,0,5
2010,Improving person detection using synthetic training data,"Yu J., Farin D., Kruger C., Schiele B.",15224880,"Proceedings - International Conference on Image Processing, ICIP",, ,0,0,0,0,0,0,0,0,0,0,0,0,0,0,0,0,0,0,0,0,0,0,0,0,0,0,0,0,0,0,0,0,0,0,0,0,0,0,0,0,0,0,0,0,1,0,2,0,0,1,1,0,0,5
2002,Beyond positionl awareness,"Antifakos S., Schiele B.",16174909,Personal and Ubiquitous Computing,6, 5-6,0,0,0,0,0,0,0,0,0,0,0,0,0,0,0,0,0,0,0,0,0,0,0,0,0,0,0,0,0,0,0,0,0,0,0,0,0,1,0,1,1,1,0,0,0,0,0,0,1,0,0,0,0,5
1997,Transinformation of object recognition and its application to viewpoint planning,"Schiele B., Crowley J.L.",9218890,Robotics and Autonomous Systems,21,1,0,0,0,0,0,0,0,0,0,0,0,0,0,0,0,0,0,0,0,0,0,0,0,0,0,0,0,0,0,0,1,1,0,0,0,0,0,0,0,0,1,0,1,1,0,0,0,0,0,0,0,0,0,5
2016,Improved image boundaries for better video segmentation,"Khoreva A., Benenson R., Galasso F., Hein M., Schiele B.",3029743,Lecture Notes in Computer Science (including subseries Lecture Notes in Artificial Intelligence and Lecture Notes in Bioinformatics),9915, ,0,0,0,0,0,0,0,0,0,0,0,0,0,0,0,0,0,0,0,0,0,0,0,0,0,0,0,0,0,0,0,0,0,0,0,0,0,0,0,0,0,0,0,0,0,0,0,0,0,2,1,1,0,4
2014,Multi-view priors for learning detectors from sparse viewpoint data,"Pepik B., Stark M., Gehler P., Schiele B.",,"2nd International Conference on Learning Representations, ICLR 2014 - Conference Track Proceedings",, ,0,0,0,0,0,0,0,0,0,0,0,0,0,0,0,0,0,0,0,0,0,0,0,0,0,0,0,0,0,0,0,0,0,0,0,0,0,0,0,0,0,0,0,0,0,0,1,1,1,0,0,1,0,4
2013,Semi-supervised learning on a budget: Scaling up to large datasets,"Ebert S., Fritz M., Schiele B.",3029743,Lecture Notes in Computer Science (including subseries Lecture Notes in Artificial Intelligence and Lecture Notes in Bioinformatics),7724,1,0,0,0,0,0,0,0,0,0,0,0,0,0,0,0,0,0,0,0,0,0,0,0,0,0,0,0,0,0,0,0,0,0,0,0,0,0,0,0,0,0,0,0,0,0,0,1,1,1,1,0,0,0,4
2012,Active metric learning for object recognition,"Ebert S., Fritz M., Schiele B.",3029743,Lecture Notes in Computer Science (including subseries Lecture Notes in Artificial Intelligence and Lecture Notes in Bioinformatics),7476, ,0,0,0,0,0,0,0,0,0,0,0,0,0,0,0,0,0,0,0,0,0,0,0,0,0,0,0,0,0,0,0,0,0,0,0,0,0,0,0,0,0,0,0,0,0,1,1,0,0,2,0,0,0,4
2011,Pick your neighborhood - Improving labels and neighborhood structure for label propagation,"Ebert S., Fritz M., Schiele B.",3029743,Lecture Notes in Computer Science (including subseries Lecture Notes in Artificial Intelligence and Lecture Notes in Bioinformatics),6835, ,0,0,0,0,0,0,0,0,0,0,0,0,0,0,0,0,0,0,0,0,0,0,0,0,0,0,0,0,0,0,0,0,0,0,0,0,0,0,0,0,0,0,0,1,0,0,1,1,1,0,0,0,0,4
2004,Towards distributed awareness - An artifact based approach,"Michahelles F., Antifakos S., Schiele B., Schmidt A., Beigl M.",15506193,"Proceedings - IEEE Workshop on Mobile Computing Systems and Applications, WMCSA",, ,0,0,0,0,0,0,0,0,0,0,0,0,0,0,0,0,0,0,0,0,0,0,0,0,0,0,0,0,0,0,0,0,0,0,0,0,0,1,1,0,0,0,0,1,1,0,0,0,0,0,0,0,0,4
2002,The light field oracle,"Lutolf R., Schiele B., Gross M.H.",15504085,Proceedings - Pacific Conference on Computer Graphics and Applications,2002-, ,0,0,0,0,0,0,0,0,0,0,0,0,0,0,0,0,0,0,0,0,0,0,0,0,0,0,0,0,0,0,0,0,0,0,0,2,0,1,1,0,0,0,0,0,0,0,0,0,0,0,0,0,0,4
2020,Motion Segmentation Multiple Object Tracking by Correlation Co-Clustering,"Keuper M., Tang S., Andres B., Brox T., Schiele B.",1628828,IEEE Transactions on Pattern Analysis and Machine Intelligence,42,1,0,0,0,0,0,0,0,0,0,0,0,0,0,0,0,0,0,0,0,0,0,0,0,0,0,0,0,0,0,0,0,0,0,0,0,0,0,0,0,0,0,0,0,0,0,0,0,0,0,0,1,2,0,3
2019,Disentangling adversarial robustness and generalization,"Stutz D., Hein M., Schiele B.",10636919,Proceedings of the IEEE Computer Society Conference on Computer Vision and Pattern Recognition,2019-, ,0,0,0,0,0,0,0,0,0,0,0,0,0,0,0,0,0,0,0,0,0,0,0,0,0,0,0,0,0,0,0,0,0,0,0,0,0,0,0,0,0,0,0,0,0,0,0,0,0,0,1,2,0,3
2019,Semantic projection network for zero-and few-label semantic segmentation,"Xian Y., Choudhury S., He Y., Schiele B., Akata Z.",10636919,Proceedings of the IEEE Computer Society Conference on Computer Vision and Pattern Recognition,2019-, ,0,0,0,0,0,0,0,0,0,0,0,0,0,0,0,0,0,0,0,0,0,0,0,0,0,0,0,0,0,0,0,0,0,0,0,0,0,0,0,0,0,0,0,0,0,0,0,0,0,0,2,1,0,3
2019,Time-conditioned action anticipation in one shot,"Ke Q., Fritz M., Schiele B.",10636919,Proceedings of the IEEE Computer Society Conference on Computer Vision and Pattern Recognition,2019-, ,0,0,0,0,0,0,0,0,0,0,0,0,0,0,0,0,0,0,0,0,0,0,0,0,0,0,0,0,0,0,0,0,0,0,0,0,0,0,0,0,0,0,0,0,0,0,0,0,0,0,2,1,0,3
2018,Long-term image boundary prediction,"Bhattacharyya A., Malinowski M., Schiele B., Fritz M.",,"32nd AAAI Conference on Artificial Intelligence, AAAI 2018",, ,0,0,0,0,0,0,0,0,0,0,0,0,0,0,0,0,0,0,0,0,0,0,0,0,0,0,0,0,0,0,0,0,0,0,0,0,0,0,0,0,0,0,0,0,0,0,0,0,0,0,3,0,0,3
2009,Integrating visual context and object detection within a probabilistic framework,"Perko R., Wojek C., Schiele B., Leonardis A.",3029743,Lecture Notes in Computer Science (including subseries Lecture Notes in Artificial Intelligence and Lecture Notes in Bioinformatics),5395, ,0,0,0,0,0,0,0,0,0,0,0,0,0,0,0,0,0,0,0,0,0,0,0,0,0,0,0,0,0,0,0,0,0,0,0,0,0,0,0,0,2,1,0,0,0,0,0,0,0,0,0,0,0,3
2008,Vision-based detection of mobile smart objects,"Molyneaux D., Gellersen H., Schiele B.",3029743,Lecture Notes in Computer Science (including subseries Lecture Notes in Artificial Intelligence and Lecture Notes in Bioinformatics),5279, ,0,0,0,0,0,0,0,0,0,0,0,0,0,0,0,0,0,0,0,0,0,0,0,0,0,0,0,0,0,0,0,0,0,0,0,0,0,0,0,0,0,0,0,0,1,1,0,1,0,0,0,0,0,3
2003,Multi-object tracking based on a modular knowledge hierarchy,"Spengler M., Schiele B.",3029743,Lecture Notes in Computer Science (including subseries Lecture Notes in Artificial Intelligence and Lecture Notes in Bioinformatics),2626, ,0,0,0,0,0,0,0,0,0,0,0,0,0,0,0,0,0,0,0,0,0,0,0,0,0,0,0,0,0,0,0,0,0,0,0,1,1,0,0,0,0,0,0,1,0,0,0,0,0,0,0,0,0,3
2002,Context-driven model switching for visual tracking,"Kruppa H., Spengler M., Schiele B.",9218890,Robotics and Autonomous Systems,41, 2-3,0,0,0,0,0,0,0,0,0,0,0,0,0,0,0,0,0,0,0,0,0,0,0,0,0,0,0,0,0,0,0,0,0,1,1,0,0,0,0,0,0,1,0,0,0,0,0,0,0,0,0,0,0,3
2019,Bayesian prediction of future street scenes using synthetic likelihoods,"Bhattacharyya A., Fritz M., Schiele B.",,"7th International Conference on Learning Representations, ICLR 2019",, ,0,0,0,0,0,0,0,0,0,0,0,0,0,0,0,0,0,0,0,0,0,0,0,0,0,0,0,0,0,0,0,0,0,0,0,0,0,0,0,0,0,0,0,0,0,0,0,0,0,0,2,0,0,2
2018,A Hybrid Model for Identity Obfuscation by Face Replacement,"Sun Q., Tewari A., Xu W., Fritz M., Theobalt C., Schiele B.",3029743,Lecture Notes in Computer Science (including subseries Lecture Notes in Artificial Intelligence and Lecture Notes in Bioinformatics),11205, ,0,0,0,0,0,0,0,0,0,0,0,0,0,0,0,0,0,0,0,0,0,0,0,0,0,0,0,0,0,0,0,0,0,0,0,0,0,0,0,0,0,0,0,0,0,0,0,0,0,0,1,1,0,2
2010,Towards human motion capturing using gyroscopeless orientation estimation,"Blanke U., Schiele B.",15504816,"Proceedings - International Symposium on Wearable Computers, ISWC",, ,0,0,0,0,0,0,0,0,0,0,0,0,0,0,0,0,0,0,0,0,0,0,0,0,0,0,0,0,0,0,0,0,0,0,0,0,0,0,0,0,0,0,0,1,1,0,0,0,0,0,0,0,0,2
2010,Tutor-based learning of visual categories using different levels of supervision,"Fritz M., Kruijff G.-J.M., Schiele B.",10773142,Computer Vision and Image Understanding,114,5,0,0,0,0,0,0,0,0,0,0,0,0,0,0,0,0,0,0,0,0,0,0,0,0,0,0,0,0,0,0,0,0,0,0,0,0,0,0,0,0,0,0,0,0,0,1,0,1,0,0,0,0,0,2
2007,Browsing patient records during ward rounds with a body worn gyroscope,"Zinnen A., Schiele B., Ziegert T.",15504816,"Proceedings - International Symposium on Wearable Computers, ISWC",, ,0,0,0,0,0,0,0,0,0,0,0,0,0,0,0,0,0,0,0,0,0,0,0,0,0,0,0,0,0,0,0,0,0,0,0,0,0,0,0,2,0,0,0,0,0,0,0,0,0,0,0,0,0,2
2006,Towards unsupervised discovery of visual categories,"Fritz M., Schiele B.",3029743,Lecture Notes in Computer Science (including subseries Lecture Notes in Artificial Intelligence and Lecture Notes in Bioinformatics),4174, ,0,0,0,0,0,0,0,0,0,0,0,0,0,0,0,0,0,0,0,0,0,0,0,0,0,0,0,0,0,0,0,0,0,0,0,0,0,0,0,0,1,0,0,1,0,0,0,0,0,0,0,0,0,2
2002,An information-theoretic approach to combining object models,"Kruppa H., Schiele B.",9218890,Robotics and Autonomous Systems,39, 3-4,0,0,0,0,0,0,0,0,0,0,0,0,0,0,0,0,0,0,0,0,0,0,0,0,0,0,0,0,0,0,0,0,0,1,1,0,0,0,0,0,0,0,0,0,0,0,0,0,0,0,0,0,0,2
2019,Knockoff nets: Stealing functionality of black-box models,"Orekondy T., Schiele B., Fritz M.",10636919,Proceedings of the IEEE Computer Society Conference on Computer Vision and Pattern Recognition,2019-, ,0,0,0,0,0,0,0,0,0,0,0,0,0,0,0,0,0,0,0,0,0,0,0,0,0,0,0,0,0,0,0,0,0,0,0,0,0,0,0,0,0,0,0,0,0,0,0,0,0,0,1,0,0,1
2019,Towards Reverse-Engineering Black-Box Neural Networks,"Oh S.J., Schiele B., Fritz M.",3029743,Lecture Notes in Computer Science (including subseries Lecture Notes in Artificial Intelligence and Lecture Notes in Bioinformatics),11700, ,0,0,0,0,0,0,0,0,0,0,0,0,0,0,0,0,0,0,0,0,0,0,0,0,0,0,0,0,0,0,0,0,0,0,0,0,0,0,0,0,0,0,0,0,0,0,0,0,0,0,0,1,0,1
2019,Video Object Segmentation with Language Referring Expressions,"Khoreva A., Rohrbach A., Schiele B.",3029743,Lecture Notes in Computer Science (including subseries Lecture Notes in Artificial Intelligence and Lecture Notes in Bioinformatics),11364, ,0,0,0,0,0,0,0,0,0,0,0,0,0,0,0,0,0,0,0,0,0,0,0,0,0,0,0,0,0,0,0,0,0,0,0,0,0,0,0,0,0,0,0,0,0,0,0,0,0,0,1,0,0,1
2017,Learning dilation factors for semantic segmentation of street scenes,"He Y., Keuper M., Schiele B., Fritz M.",3029743,Lecture Notes in Computer Science (including subseries Lecture Notes in Artificial Intelligence and Lecture Notes in Bioinformatics),10496, ,0,0,0,0,0,0,0,0,0,0,0,0,0,0,0,0,0,0,0,0,0,0,0,0,0,0,0,0,0,0,0,0,0,0,0,0,0,0,0,0,0,0,0,0,0,0,0,0,0,0,0,1,0,1
2013,"User independent, multi-modal spotting of subtle arm actions with minimal training data","Bauer G., Blanke U., Lukowicz P., Schiele B.",,"2013 IEEE International Conference on Pervasive Computing and Communications Workshops, PerCom Workshops 2013",, ,0,0,0,0,0,0,0,0,0,0,0,0,0,0,0,0,0,0,0,0,0,0,0,0,0,0,0,0,0,0,0,0,0,0,0,0,0,0,0,0,0,0,0,0,0,0,0,1,0,0,0,0,0,1
2009,An exploration of daily routine modeling based on bluetooth and GSM-data,"Steinhoff U., Schiele B.",15504816,"Proceedings - International Symposium on Wearable Computers, ISWC",, ,0,0,0,0,0,0,0,0,0,0,0,0,0,0,0,0,0,0,0,0,0,0,0,0,0,0,0,0,0,0,0,0,0,0,0,0,0,0,0,0,0,0,0,0,0,0,1,0,0,0,0,0,0,1
2002,Query-dependent performance optimization for vocabulary-supported image retrieval,"Vogel J., Schiele B.",3029743,Lecture Notes in Computer Science (including subseries Lecture Notes in Artificial Intelligence and Lecture Notes in Bioinformatics),2449, ,0,0,0,0,0,0,0,0,0,0,0,0,0,0,0,0,0,0,0,0,0,0,0,0,0,0,0,0,0,0,0,0,0,0,0,0,0,1,0,0,0,0,0,0,0,0,0,0,0,0,0,0,0,1
2020,Person Recognition in Personal Photo Collections,"Oh S.J., Benenson R., Fritz M., Schiele B.",1628828,IEEE Transactions on Pattern Analysis and Machine Intelligence,42,1,0,0,0,0,0,0,0,0,0,0,0,0,0,0,0,0,0,0,0,0,0,0,0,0,0,0,0,0,0,0,0,0,0,0,0,0,0,0,0,0,0,0,0,0,0,0,0,0,0,0,0,0,0,0
2019,Not using the car to see the sidewalk-Quantifying and controlling the effects of context in classification and segmentation,"Shetty R., Schiele B., Fritz M.",10636919,Proceedings of the IEEE Computer Society Conference on Computer Vision and Pattern Recognition,2019-, ,0,0,0,0,0,0,0,0,0,0,0,0,0,0,0,0,0,0,0,0,0,0,0,0,0,0,0,0,0,0,0,0,0,0,0,0,0,0,0,0,0,0,0,0,0,0,0,0,0,0,0,0,0,0
2019,NightOwls: A Pedestrians at Night Dataset,"Neumann L., Karg M., Zhang S., Scharfenberger C., Piegert E., Mistr S., Prokofyeva O., Thiel R., Vedaldi A., Zisserman A., Schiele B.",3029743,Lecture Notes in Computer Science (including subseries Lecture Notes in Artificial Intelligence and Lecture Notes in Bioinformatics),11361, ,0,0,0,0,0,0,0,0,0,0,0,0,0,0,0,0,0,0,0,0,0,0,0,0,0,0,0,0,0,0,0,0,0,0,0,0,0,0,0,0,0,0,0,0,0,0,0,0,0,0,0,0,0,0
2019,Video object segmentation with referring expressions,"Khoreva A., Rohrbach A., Schiele B.",3029743,Lecture Notes in Computer Science (including subseries Lecture Notes in Artificial Intelligence and Lecture Notes in Bioinformatics),11132, ,0,0,0,0,0,0,0,0,0,0,0,0,0,0,0,0,0,0,0,0,0,0,0,0,0,0,0,0,0,0,0,0,0,0,0,0,0,0,0,0,0,0,0,0,0,0,0,0,0,0,0,0,0,0
2019,A vision-grounded dataset for predicting typical locations for verbs,"Mukuze N., Rohrbach A., Demberg V., Schiele B.",,LREC 2018 - 11th International Conference on Language Resources and Evaluation,, ,0,0,0,0,0,0,0,0,0,0,0,0,0,0,0,0,0,0,0,0,0,0,0,0,0,0,0,0,0,0,0,0,0,0,0,0,0,0,0,0,0,0,0,0,0,0,0,0,0,0,0,0,0,0
2018,Diverse Conditional Image Generation by Stochastic Regression with Latent Drop-Out Codes,"He Y., Schiele B., Fritz M.",3029743,Lecture Notes in Computer Science (including subseries Lecture Notes in Artificial Intelligence and Lecture Notes in Bioinformatics),11220, ,0,0,0,0,0,0,0,0,0,0,0,0,0,0,0,0,0,0,0,0,0,0,0,0,0,0,0,0,0,0,0,0,0,0,0,0,0,0,0,0,0,0,0,0,0,0,0,0,0,0,0,0,0,0
2016,Demo: I-Pic: A platform for privacy-compliant image capture,"Aditya P., Sen R., Druschel P., Oh S.J., Benenson R., Fritz M., Schiele B., Bhattacharjee B., Wu T.T.",,"MobiSys 2016 Companion - Companion Publication of the 14th Annual International Conference on Mobile Systems, Applications, and Services",, ,0,0,0,0,0,0,0,0,0,0,0,0,0,0,0,0,0,0,0,0,0,0,0,0,0,0,0,0,0,0,0,0,0,0,0,0,0,0,0,0,0,0,0,0,0,0,0,0,0,0,0,0,0,0
2016,Visual object class recognition,"Stark M., Schiele B., Leonardis A.",,Springer Handbook of Robotics,, ,0,0,0,0,0,0,0,0,0,0,0,0,0,0,0,0,0,0,0,0,0,0,0,0,0,0,0,0,0,0,0,0,0,0,0,0,0,0,0,0,0,0,0,0,0,0,0,0,0,0,0,0,0,0
2015,Camera based pedestrian detection,"Schiele B., Wojek C.",,"Handbook of Driver Assistance Systems: Basic Information, Components and Systems for Active Safety and Comfort",, ,0,0,0,0,0,0,0,0,0,0,0,0,0,0,0,0,0,0,0,0,0,0,0,0,0,0,0,0,0,0,0,0,0,0,0,0,0,0,0,0,0,0,0,0,0,0,0,0,0,0,0,0,0,0
2015,Anti collision system PRORETA,"Isermann R., Hohm A., Mannale R., Schiele B., Schmitt K., Winner H., Wojek C.",,"Handbook of Driver Assistance Systems: Basic Information, Components and Systems for Active Safety and Comfort",, ,0,0,0,0,0,0,0,0,0,0,0,0,0,0,0,0,0,0,0,0,0,0,0,0,0,0,0,0,0,0,0,0,0,0,0,0,0,0,0,0,0,0,0,0,0,0,0,0,0,0,0,0,0,0
2015,First international workshop on video segmentation - panel discussion,"Brox T., Galasso F., Li F., Rehg J.M., Schiele B.",3029743,Lecture Notes in Computer Science (including subseries Lecture Notes in Artificial Intelligence and Lecture Notes in Bioinformatics),8928, ,0,0,0,0,0,0,0,0,0,0,0,0,0,0,0,0,0,0,0,0,0,0,0,0,0,0,0,0,0,0,0,0,0,0,0,0,0,0,0,0,0,0,0,0,0,0,0,0,0,0,0,0,0,0
2014,"Computer Vision - ECCV 2014: 13th European Conference Zurich, Switzerland, September 6-12, 2014 Proceedings, Part IV","Fleet D., Pajdla T., Schiele B., Tuytelaars T.",3029743,Lecture Notes in Computer Science (including subseries Lecture Notes in Artificial Intelligence and Lecture Notes in Bioinformatics),8692, ,0,0,0,0,0,0,0,0,0,0,0,0,0,0,0,0,0,0,0,0,0,0,0,0,0,0,0,0,0,0,0,0,0,0,0,0,0,0,0,0,0,0,0,0,0,0,0,0,0,0,0,0,0,0
2014,Preface,"Fleet D., Pajdla T., Schiele B., Tuytelaars T.",3029743,Lecture Notes in Computer Science (including subseries Lecture Notes in Artificial Intelligence and Lecture Notes in Bioinformatics),8692, ,0,0,0,0,0,0,0,0,0,0,0,0,0,0,0,0,0,0,0,0,0,0,0,0,0,0,0,0,0,0,0,0,0,0,0,0,0,0,0,0,0,0,0,0,0,0,0,0,0,0,0,0,0,0
2014,Lecture Notes in Computer Science (including subseries Lecture Notes in Artificial Intelligence and Lecture Notes in Bioinformatics): Preface,"Fleet D., Pajdla T., Schiele B., Tuytelaars T.",3029743,Lecture Notes in Computer Science (including subseries Lecture Notes in Artificial Intelligence and Lecture Notes in Bioinformatics),8694,6,0,0,0,0,0,0,0,0,0,0,0,0,0,0,0,0,0,0,0,0,0,0,0,0,0,0,0,0,0,0,0,0,0,0,0,0,0,0,0,0,0,0,0,0,0,0,0,0,0,0,0,0,0,0
2013,Lecture Notes in Computer Science (including subseries Lecture Notes in Artificial Intelligence and Lecture Notes in Bioinformatics): Preface,"Weickert J., Hein M., Schiele B.",3029743,Lecture Notes in Computer Science (including subseries Lecture Notes in Artificial Intelligence and Lecture Notes in Bioinformatics),8142, ,0,0,0,0,0,0,0,0,0,0,0,0,0,0,0,0,0,0,0,0,0,0,0,0,0,0,0,0,0,0,0,0,0,0,0,0,0,0,0,0,0,0,0,0,0,0,0,0,0,0,0,0,0,0
2011,Message from program chairs,"Lin S., Schiele B., Soatto S., Sturm P.",,Proceedings of the IEEE International Conference on Computer Vision,, ,0,0,0,0,0,0,0,0,0,0,0,0,0,0,0,0,0,0,0,0,0,0,0,0,0,0,0,0,0,0,0,0,0,0,0,0,0,0,0,0,0,0,0,0,0,0,0,0,0,0,0,0,0,0
2009,Lecture Notes in Computer Science (including subseries Lecture Notes in Artificial Intelligence and Lecture Notes in Bioinformatics): Preface,"Fritz M., Schiele B., Piater J.H.",3029743,Lecture Notes in Computer Science (including subseries Lecture Notes in Artificial Intelligence and Lecture Notes in Bioinformatics),5815, ,0,0,0,0,0,0,0,0,0,0,0,0,0,0,0,0,0,0,0,0,0,0,0,0,0,0,0,0,0,0,0,0,0,0,0,0,0,0,0,0,0,0,0,0,0,0,0,0,0,0,0,0,0,0
2009,Shading cues for object class detection,"Stark M., Goesele M., Schiele B.",,"2009 IEEE 12th International Conference on Computer Vision Workshops, ICCV Workshops 2009",, ,0,0,0,0,0,0,0,0,0,0,0,0,0,0,0,0,0,0,0,0,0,0,0,0,0,0,0,0,0,0,0,0,0,0,0,0,0,0,0,0,0,0,0,0,0,0,0,0,0,0,0,0,0,0
2009,Demo abstract: Whac-A-Bee - A sensor network game,"Berlin E., Van Laerhoven K., Schiele B., Guerrero P., Herzog A., Jacobi D., Buchmann A.",,"Proceedings of the 7th ACM Conference on Embedded Networked Sensor Systems, SenSys 2009",, ,0,0,0,0,0,0,0,0,0,0,0,0,0,0,0,0,0,0,0,0,0,0,0,0,0,0,0,0,0,0,0,0,0,0,0,0,0,0,0,0,0,0,0,0,0,0,0,0,0,0,0,0,0,0
2009,Preface,"Dickinson S.J., Leonardis A., Schiele B., Tarr M.J.",,Object Categorization: Computer and Human Vision Perspectives,9.78052E+12, ,0,0,0,0,0,0,0,0,0,0,0,0,0,0,0,0,0,0,0,0,0,0,0,0,0,0,0,0,0,0,0,0,0,0,0,0,0,0,0,0,0,0,0,0,0,0,0,0,0,0,0,0,0,0
2009,"Towards integration of different paradigms in modeling, representation, and learning of visual categories","Fritz M., Schiele B.",,Object Categorization: Computer and Human Vision Perspectives,9.78052E+12, ,0,0,0,0,0,0,0,0,0,0,0,0,0,0,0,0,0,0,0,0,0,0,0,0,0,0,0,0,0,0,0,0,0,0,0,0,0,0,0,0,0,0,0,0,0,0,0,0,0,0,0,0,0,0
2008,2007'S wearable computing advances,Schiele B.,15361268,IEEE Pervasive Computing,7,1,0,0,0,0,0,0,0,0,0,0,0,0,0,0,0,0,0,0,0,0,0,0,0,0,0,0,0,0,0,0,0,0,0,0,0,0,0,0,0,0,0,0,0,0,0,0,0,0,0,0,0,0,0,0
2007,Message from the program chairs,"Schiele B., Ryhanen T.",15504816,"Proceedings - International Symposium on Wearable Computers, ISWC",, ,0,0,0,0,0,0,0,0,0,0,0,0,0,0,0,0,0,0,0,0,0,0,0,0,0,0,0,0,0,0,0,0,0,0,0,0,0,0,0,0,0,0,0,0,0,0,0,0,0,0,0,0,0,0
2007,Message from the program chairs research papers,"Dey A.K., Gellersen H., Schiele B.",3029743,Lecture Notes in Computer Science (including subseries Lecture Notes in Artificial Intelligence and Lecture Notes in Bioinformatics),4794, ,0,0,0,0,0,0,0,0,0,0,0,0,0,0,0,0,0,0,0,0,0,0,0,0,0,0,0,0,0,0,0,0,0,0,0,0,0,0,0,0,0,0,0,0,0,0,0,0,0,0,0,0,0,0
2007,Lecture Notes in Computer Science (including subseries Lecture Notes in Artificial Intelligence and Lecture Notes in Bioinformatics: Preface,"Hightower J., Schiele B., Strang T.",3029743,Lecture Notes in Computer Science (including subseries Lecture Notes in Artificial Intelligence and Lecture Notes in Bioinformatics),4718, ,0,0,0,0,0,0,0,0,0,0,0,0,0,0,0,0,0,0,0,0,0,0,0,0,0,0,0,0,0,0,0,0,0,0,0,0,0,0,0,0,0,0,0,0,0,0,0,0,0,0,0,0,0,0
2007,Towards systematic research of multimodal interfaces for non-desktop work scenarios,"Carlsson V., Schiele B.",,Conference on Human Factors in Computing Systems - Proceedings,, ,0,0,0,0,0,0,0,0,0,0,0,0,0,0,0,0,0,0,0,0,0,0,0,0,0,0,0,0,0,0,0,0,0,0,0,0,0,0,0,0,0,0,0,0,0,0,0,0,0,0,0,0,0,0
2006,Sensory augmented computing,Schiele B.,,True Visions: The Emergence of Ambient Intelligence,, ,0,0,0,0,0,0,0,0,0,0,0,0,0,0,0,0,0,0,0,0,0,0,0,0,0,0,0,0,0,0,0,0,0,0,0,0,0,0,0,0,0,0,0,0,0,0,0,0,0,0,0,0,0,0
2006,Lecture Notes in Computer Science (including subseries Lecture Notes in Artificial Intelligence and Lecture Notes in Bioinformatics): Preface,"Fishkin K., Schiele B., Nixon P., Quigley A.",3029743,Lecture Notes in Computer Science (including subseries Lecture Notes in Artificial Intelligence and Lecture Notes in Bioinformatics),3968, ,0,0,0,0,0,0,0,0,0,0,0,0,0,0,0,0,0,0,0,0,0,0,0,0,0,0,0,0,0,0,0,0,0,0,0,0,0,0,0,0,0,0,0,0,0,0,0,0,0,0,0,0,0,0
2002,Towards robust perception and model integration,"Schiele B., Spengler M., Kruppa H.",3029743,Lecture Notes in Computer Science (including subseries Lecture Notes in Artificial Intelligence and Lecture Notes in Bioinformatics),2238, ,0,0,0,0,0,0,0,0,0,0,0,0,0,0,0,0,0,0,0,0,0,0,0,0,0,0,0,0,0,0,0,0,0,0,0,0,0,0,0,0,0,0,0,0,0,0,0,0,0,0,0,0,0,0
2001,Preface,"Schiele B., Sagerer G.",3029743,Lecture Notes in Computer Science (including subseries Lecture Notes in Artificial Intelligence and Lecture Notes in Bioinformatics),2095, ,0,0,0,0,0,0,0,0,0,0,0,0,0,0,0,0,0,0,0,0,0,0,0,0,0,0,0,0,0,0,0,0,0,0,0,0,0,0,0,0,0,0,0,0,0,0,0,0,0,0,0,0,0,0
