," 作者:Schmid, Cordelia",,,,,,,,,,,,,,,,,,,,,,,,,,,,,,,,,,,,,,,,,,,,,,,,,,,,,,,,,,,
,,,,,,,,,,,,,,,,,,,,,,,,,,,,,,,,,,,,,,,,,,,,,,,,,,,,,,,,,,,,
,h-index = 89 (在纳入 h-Index 的 225 文献中，有 89 篇已被至少引用 89 次。),,,,,,,,,,,,,,,,,,,,,,,,,,,,,,,,,,,,,,,,,,,,,,,,,,,,,,,,,,,
,,,,,,,,,,,,,,,,,,,,,,,,,,,,,,,,,,,,,,,,,,,,,,,,,,,,,,,,,,,,
,,,,,,,,,,,,,,,,,,,,,,,,,,,,,,,,,,,,,,,,,,,,,,,,,,,,,,,,,,,,
,,,,,,,<1970,1970,1971,1972,1973,1974,1975,1976,1977,1978,1979,1980,1981,1982,1983,1984,1985,1986,1987,1988,1989,1990,1991,1992,1993,1994,1995,1996,1997,1998,1999,2000,2001,2002,2003,2004,2005,2006,2007,2008,2009,2010,2011,2012,2013,2014,2015,2016,2017,2018,2019,2020,>2020,总计
出版年份,文献标题,作者,ISSN,期刊标题,卷,期,0,0,0,0,0,0,0,0,0,0,0,0,0,0,0,0,0,0,0,0,0,0,0,1,0,5,1,3,11,19,26,50,76,79,170,291,515,831,994,1452,2127,2757,3072,3641,4505,4785,5592,5876,5623,5945,5953,1532,0,55932
2006,Beyond bags of features: Spatial pyramid matching for recognizing natural scene categories,"Lazebnik S., Schmid C., Ponce J.",10636919,Proceedings of the IEEE Computer Society Conference on Computer Vision and Pattern Recognition,2, ,0,0,0,0,0,0,0,0,0,0,0,0,0,0,0,0,0,0,0,0,0,0,0,0,0,0,0,0,0,0,0,0,0,0,0,0,0,6,56,140,212,316,436,484,636,746,741,663,586,495,404,115,0,6036
2005,A performance evaluation of local descriptors,"Mikolajczyk K., Schmid C.",1628828,IEEE Transactions on Pattern Analysis and Machine Intelligence,27,10,0,0,0,0,0,0,0,0,0,0,0,0,0,0,0,0,0,0,0,0,0,0,0,1,0,0,0,0,0,0,0,0,0,0,0,0,3,92,157,248,374,474,438,492,537,452,472,431,374,309,252,75,0,5181
2004,Scale &amp; affine invariant interest point detectors,"Mikolajczyk K., Schmid C.",9205691,International Journal of Computer Vision,60,1,0,0,0,0,0,0,0,0,0,0,0,0,0,0,0,0,0,0,0,0,0,0,0,0,0,0,0,0,0,0,0,0,0,0,0,0,37,112,139,191,241,300,263,282,296,224,271,208,162,140,118,24,0,3008
2008,Learning realistic human actions from movies,"Laptev I., Marszalek M., Schmid C., Rozenfeld B.",,"26th IEEE Conference on Computer Vision and Pattern Recognition, CVPR",, ,0,0,0,0,0,0,0,0,0,0,0,0,0,0,0,0,0,0,0,0,0,0,0,0,0,0,0,0,0,0,0,0,0,0,0,0,0,0,0,3,76,94,152,228,306,287,294,281,242,243,190,49,0,2445
2005,A comparison of affine region detectors,"Mikolajczyk K., Tuytelaars T., Schmid C., Zisserman A., Matas J., Schaffalitzky F., Kadir T., Van Gool L.",9205691,International Journal of Computer Vision,65, 1-2,0,0,0,0,0,0,0,0,0,0,0,0,0,0,0,0,0,0,0,0,0,0,0,0,0,0,0,0,0,0,0,0,0,0,0,0,6,41,90,141,189,231,220,196,214,163,231,183,151,132,121,36,0,2345
2013,Action recognition with improved trajectories,"Wang H., Schmid C.",,Proceedings of the IEEE International Conference on Computer Vision,, ,0,0,0,0,0,0,0,0,0,0,0,0,0,0,0,0,0,0,0,0,0,0,0,0,0,0,0,0,0,0,0,0,0,0,0,0,0,0,0,0,0,0,0,0,1,55,184,273,313,370,387,92,0,1675
2011,Action recognition by dense trajectories,"Wang H., Klaser A., Schmid C., Liu C.-L.",10636919,Proceedings of the IEEE Computer Society Conference on Computer Vision and Pattern Recognition,, ,0,0,0,0,0,0,0,0,0,0,0,0,0,0,0,0,0,0,0,0,0,0,0,0,0,0,0,0,0,0,0,0,0,0,0,0,0,0,0,0,0,0,9,67,141,168,195,241,200,211,180,46,0,1458
2010,Aggregating local descriptors into a compact image representation,"Jegou H., Douze M., Schmid C., Perez P.",10636919,Proceedings of the IEEE Computer Society Conference on Computer Vision and Pattern Recognition,, ,0,0,0,0,0,0,0,0,0,0,0,0,0,0,0,0,0,0,0,0,0,0,0,0,0,0,0,0,0,0,0,0,0,0,0,0,0,0,0,0,0,6,50,51,87,115,164,207,230,232,239,59,0,1440
2007,Local features and kernels for classification of texture and object categories: A comprehensive study,"Zhang J., Marszalek M., Lazebnik S., Schmid C.",9205691,International Journal of Computer Vision,73,2,0,0,0,0,0,0,0,0,0,0,0,0,0,0,0,0,0,0,0,0,0,0,0,0,0,0,0,0,0,0,0,0,0,0,0,0,0,1,19,71,117,146,159,166,138,160,123,120,62,60,47,17,0,1406
2008,A spatio-temporal descriptor based on 3D-gradients,"Klaser A., Marszalek M., Schmid C.",,BMVC 2008 - Proceedings of the British Machine Vision Conference 2008,, ,0,0,0,0,0,0,0,0,0,0,0,0,0,0,0,0,0,0,0,0,0,0,0,0,0,0,0,0,0,0,0,0,0,0,0,0,0,0,0,0,18,25,43,78,130,110,142,152,128,147,164,46,0,1183
2000,Evaluation of interest point detectors,"Schmid C., Mohr R., Bauckhage C.",9205691,International Journal of Computer Vision,37,2,0,0,0,0,0,0,0,0,0,0,0,0,0,0,0,0,0,0,0,0,0,0,0,0,0,0,0,0,0,0,0,0,10,6,29,41,56,79,73,86,80,107,85,80,92,81,63,74,54,42,36,8,0,1182
2011,Product quantization for nearest neighbor search,"Jegou H., Douze M., Schmid C.",1628828,IEEE Transactions on Pattern Analysis and Machine Intelligence,33,1,0,0,0,0,0,0,0,0,0,0,0,0,0,0,0,0,0,0,0,0,0,0,0,0,0,0,0,0,0,0,0,0,0,0,0,0,0,0,0,0,0,4,17,54,85,120,134,170,156,193,158,32,0,1123
1997,Local grayvalue invariants for image retrieval,"Schmid C., Mohr R.",1628828,IEEE Transactions on Pattern Analysis and Machine Intelligence,19,5,0,0,0,0,0,0,0,0,0,0,0,0,0,0,0,0,0,0,0,0,0,0,0,0,0,0,0,0,1,3,12,22,31,31,50,61,94,87,96,86,95,72,67,57,45,39,38,42,22,17,23,6,0,1097
2013,Dense trajectories and motion boundary descriptors for action recognition,"Wang H., Klaser A., Schmid C., Liu C.-L.",9205691,International Journal of Computer Vision,103,1,0,0,0,0,0,0,0,0,0,0,0,0,0,0,0,0,0,0,0,0,0,0,0,0,0,0,0,0,0,0,0,0,0,0,0,0,0,0,0,0,0,0,0,0,20,96,145,182,178,196,169,46,0,1032
2009,Evaluation of local spatio-temporal features for action recognition,"Wang H., Ullah M.M., Klaser A., Laptev I., Schmid C.",,"British Machine Vision Conference, BMVC 2009 - Proceedings",, ,0,0,0,0,0,0,0,0,0,0,0,0,0,0,0,0,0,0,0,0,0,0,0,0,0,0,0,0,0,0,0,0,0,0,0,0,0,0,0,0,0,20,70,101,170,137,127,108,78,77,53,21,0,962
2008,Hamming embedding and weak geometric consistency for large scale image search,"Jegou H., Douze M., Schmid C.",3029743,Lecture Notes in Computer Science (including subseries Lecture Notes in Artificial Intelligence and Lecture Notes in Bioinformatics),5302,1,0,0,0,0,0,0,0,0,0,0,0,0,0,0,0,0,0,0,0,0,0,0,0,0,0,0,0,0,0,0,0,0,0,0,0,0,0,0,0,1,12,41,42,48,70,95,126,128,118,125,105,32,0,943
2009,Description of interest regions with local binary patterns,"Heikkila M., Pietikainen M., Schmid C.",313203,Pattern Recognition,42,3,0,0,0,0,0,0,0,0,0,0,0,0,0,0,0,0,0,0,0,0,0,0,0,0,0,0,0,0,0,0,0,0,0,0,0,0,0,0,0,0,6,38,67,70,106,105,105,106,96,110,90,31,0,930
2012,Aggregating local image descriptors into compact codes,"Jegou H., Perronnin F., Douze M., Sanchez J., Perez P., Schmid C.",1628828,IEEE Transactions on Pattern Analysis and Machine Intelligence,34,9,0,0,0,0,0,0,0,0,0,0,0,0,0,0,0,0,0,0,0,0,0,0,0,0,0,0,0,0,0,0,0,0,0,0,0,0,0,0,0,0,0,0,0,11,48,91,121,174,150,140,134,37,0,906
2009,Actions in context,"Marszalek M., Laptev I., Schmid C.",,"2009 IEEE Computer Society Conference on Computer Vision and Pattern Recognition Workshops, CVPR Workshops 2009",2009, ,0,0,0,0,0,0,0,0,0,0,0,0,0,0,0,0,0,0,0,0,0,0,0,0,0,0,0,0,0,0,0,0,0,0,0,0,0,0,0,0,7,32,52,77,101,88,108,100,94,87,66,23,0,835
2005,A sparse texture representation using local affine regions,"Lazebnik S., Schmid C., Ponce J.",1628828,IEEE Transactions on Pattern Analysis and Machine Intelligence,27,8,0,0,0,0,0,0,0,0,0,0,0,0,0,0,0,0,0,0,0,0,0,0,0,0,0,0,0,0,0,0,0,0,0,0,0,0,3,10,17,23,48,48,47,57,94,77,89,85,80,71,60,23,0,832
2001,Indexing based on scale invariant interest points,"Mikolajczyk K., Schmid C.",,Proceedings of the IEEE International Conference on Computer Vision,1, ,0,0,0,0,0,0,0,0,0,0,0,0,0,0,0,0,0,0,0,0,0,0,0,0,0,0,0,0,0,0,0,0,1,3,20,32,43,53,45,52,72,70,48,64,49,65,47,45,39,39,33,7,0,827
2006,Human detection using oriented histograms of flow and appearance,"Dalal N., Triggs B., Schmid C.",3029743,Lecture Notes in Computer Science (including subseries Lecture Notes in Artificial Intelligence and Lecture Notes in Bioinformatics),3952, ,0,0,0,0,0,0,0,0,0,0,0,0,0,0,0,0,0,0,0,0,0,0,0,0,0,0,0,0,0,0,0,0,0,0,0,0,0,1,5,11,20,35,40,46,64,53,101,110,83,113,104,29,0,815
2002,An affine invariant interest point detector,"Mikolajczyk K., Schmid C.",3029743,Lecture Notes in Computer Science (including subseries Lecture Notes in Artificial Intelligence and Lecture Notes in Bioinformatics),2350, ,0,0,0,0,0,0,0,0,0,0,0,0,0,0,0,0,0,0,0,0,0,0,0,0,0,0,0,0,0,0,0,0,0,0,11,29,46,52,25,31,52,50,55,56,59,52,61,39,51,38,44,8,0,759
2009,Is that you? Metric learning approaches for face identification,"Guillaumin M., Verbeek J., Schmid C.",,Proceedings of the IEEE International Conference on Computer Vision,, ,0,0,0,0,0,0,0,0,0,0,0,0,0,0,0,0,0,0,0,0,0,0,0,0,0,0,0,0,0,0,0,0,0,0,0,0,0,0,0,0,3,7,21,45,46,49,75,99,88,99,60,9,0,601
2003,A performance evaluation of local descriptors,"Mikolajczyk K., Schmid C.",10636919,Proceedings of the IEEE Computer Society Conference on Computer Vision and Pattern Recognition,2, ,0,0,0,0,0,0,0,0,0,0,0,0,0,0,0,0,0,0,0,0,0,0,0,0,0,0,0,0,0,0,0,0,0,0,1,24,60,90,55,55,53,43,42,32,31,16,18,17,20,14,14,3,0,588
2010,Improving bag-of-features for large scale image search,"Jegou H., Douze M., Schmid C.",9205691,International Journal of Computer Vision,87,3,0,0,0,0,0,0,0,0,0,0,0,0,0,0,0,0,0,0,0,0,0,0,0,0,0,0,0,0,0,0,0,0,0,0,0,0,0,0,0,0,0,11,34,42,78,77,79,79,60,63,30,6,0,559
2009,TagProp: Discriminative metric learning in nearest neighbor models for image auto-annotation,"Guillaumin M., Mensink T., Verbeek J., Schmid C.",,Proceedings of the IEEE International Conference on Computer Vision,, ,0,0,0,0,0,0,0,0,0,0,0,0,0,0,0,0,0,0,0,0,0,0,0,0,0,0,0,0,0,0,0,0,0,0,0,0,0,0,0,0,1,19,24,40,47,54,72,67,66,68,55,13,0,526
2013,DeepFlow: Large displacement optical flow with deep matching,"Weinzaepfel P., Revaud J., Harchaoui Z., Schmid C.",,Proceedings of the IEEE International Conference on Computer Vision,, ,0,0,0,0,0,0,0,0,0,0,0,0,0,0,0,0,0,0,0,0,0,0,0,0,0,0,0,0,0,0,0,0,0,0,0,0,0,0,0,0,0,0,0,0,0,15,44,70,96,130,111,30,0,496
2009,Learning color names for real-world applications,"van de Weijer J., Schmid C., Verbeek J., Larlus D.",10577149,IEEE Transactions on Image Processing,18,7,0,0,0,0,0,0,0,0,0,0,0,0,0,0,0,0,0,0,0,0,0,0,0,0,0,0,0,0,0,0,0,0,0,0,0,0,0,0,0,0,0,5,3,19,13,26,50,72,69,91,83,22,0,453
2008,Groups of adjacent contour segments for object detection,"Ferrari V., Fevrier L., Jurie F., Schmid C.",1628828,IEEE Transactions on Pattern Analysis and Machine Intelligence,30,1,0,0,0,0,0,0,0,0,0,0,0,0,0,0,0,0,0,0,0,0,0,0,0,0,0,0,0,0,0,0,0,0,0,0,0,0,0,0,0,10,51,54,54,47,37,36,27,26,19,26,17,2,0,406
2015,The Visual Object Tracking VOT2015 Challenge Results,"Kristan M., Matas J., Leonardis A., Felsberg M., Cehovin L., Fernandez G., Vojir T., Hager G., Nebehay G., Pflugfelder R., Gupta A., Bibi A., Lukezic A., Garcia-Martin A., Saffari A., Petrosino A., Montero A.S., Varfolomieiev A., Baskurt A., Zhao B., Ghanem B., Martinez B., Lee B., Han B., Wang C., Garcia C., Zhang C., Schmid C., Tao D., Kim D., Huang D., Prokhorov D., Du D., Yeung D.-Y., Ribeiro E., Khan F.S., Porikli F., Bunyak F., Zhu G., Seetharaman G., Kieritz H., Yau H.T., Li H., Qi H., Bischof H., Possegger H., Lee H., Nam H., Bogun I., Jeong J.-C., Cho J.-I., Lee J.-Y., Zhu J., Shi J., Li J., Jia J., Feng J., Gao J., Choi J.Y., Kim J.-W., Lang J., Martinez J.M., Choi J., Xing J., Xue K., Palaniappan K., Lebeda K., Alahari K., Gao K., Yun K., Wong K.H., Luo L., Ma L., Ke L., Wen L., Bertinetto L., Pootschi M., Maresca M., Danelljan M., Wen M., Zhang M., Arens M., Valstar M., Tang M., Chang M.-C., Khan M.H., Fan N., Wang N., Miksik O., Torr P.H.S., Wang Q., Martin-Nieto R., Pelapur R., Bowden R., Laganiere R., Moujtahid S., Hare S., Hadfield S., Lyu S., Li S., Zhu S.-C., Becker S., Duffner S., Hicks S.L., Golodetz S., Choi S., Wu T., Mauthner T., Pridmore T., Hu W., Hubner W., Wang X., Li X., Shi X., Zhao X., Mei X., Shizeng Y., Hua Y., Li Y., Lu Y., Li Y., Chen Z., Huang Z., Chen Z., Zhang Z., He Z., Hong Z.",15505499,Proceedings of the IEEE International Conference on Computer Vision,2015-, ,0,0,0,0,0,0,0,0,0,0,0,0,0,0,0,0,0,0,0,0,0,0,0,0,0,0,0,0,0,0,0,0,0,0,0,0,0,0,0,0,0,0,0,0,0,0,0,34,71,112,126,30,0,373
2015,EpicFlow: Edge-preserving interpolation of correspondences for optical flow,"Revaud J., Weinzaepfel P., Harchaoui Z., Schmid C.",10636919,Proceedings of the IEEE Computer Society Conference on Computer Vision and Pattern Recognition,07-12-, ,0,0,0,0,0,0,0,0,0,0,0,0,0,0,0,0,0,0,0,0,0,0,0,0,0,0,0,0,0,0,0,0,0,0,0,0,0,0,0,0,0,0,0,0,0,0,10,38,81,99,107,23,0,358
2009,On the burstiness of visual elements,"Jegou H., Douze M., Schmid C.",,"2009 IEEE Computer Society Conference on Computer Vision and Pattern Recognition Workshops, CVPR Workshops 2009",2009, ,0,0,0,0,0,0,0,0,0,0,0,0,0,0,0,0,0,0,0,0,0,0,0,0,0,0,0,0,0,0,0,0,0,0,0,0,0,0,0,0,2,10,13,18,29,34,50,52,35,42,29,7,0,321
2010,Multimodal semi-supervised learning for image classification,"Guillaumin M., Verbeek J., Schmid C.",10636919,Proceedings of the IEEE Computer Society Conference on Computer Vision and Pattern Recognition,, ,0,0,0,0,0,0,0,0,0,0,0,0,0,0,0,0,0,0,0,0,0,0,0,0,0,0,0,0,0,0,0,0,0,0,0,0,0,0,0,0,0,0,12,25,37,37,40,34,25,36,35,8,0,289
2004,Human detection based on a probabilistic assembly of robust part detectors,"Mikolajczyk K., Schmid C., Zisserman A.",3029743,Lecture Notes in Computer Science (including subseries Lecture Notes in Artificial Intelligence and Lecture Notes in Bioinformatics),3021, ,0,0,0,0,0,0,0,0,0,0,0,0,0,0,0,0,0,0,0,0,0,0,0,0,0,0,0,0,0,0,0,0,0,0,0,0,3,15,12,17,18,30,25,30,28,23,19,27,14,10,9,4,0,284
2013,Towards understanding action recognition,"Jhuang H., Gall J., Zuffi S., Schmid C., Black M.J.",,Proceedings of the IEEE International Conference on Computer Vision,, ,0,0,0,0,0,0,0,0,0,0,0,0,0,0,0,0,0,0,0,0,0,0,0,0,0,0,0,0,0,0,0,0,0,0,0,0,0,0,0,0,0,0,0,0,0,13,26,32,46,64,71,20,0,272
2006,Coloring local feature extraction,"Van De Weijer J., Schmid C.",3029743,Lecture Notes in Computer Science (including subseries Lecture Notes in Artificial Intelligence and Lecture Notes in Bioinformatics),3952, ,0,0,0,0,0,0,0,0,0,0,0,0,0,0,0,0,0,0,0,0,0,0,0,0,0,0,0,0,0,0,0,0,0,0,0,0,0,3,5,7,11,15,11,18,26,23,34,37,22,14,22,8,0,256
2013,Action and event recognition with fisher vectors on a compact feature set,"Oneata D., Verbeek J., Schmid C.",,Proceedings of the IEEE International Conference on Computer Vision,, ,0,0,0,0,0,0,0,0,0,0,0,0,0,0,0,0,0,0,0,0,0,0,0,0,0,0,0,0,0,0,0,0,0,0,0,0,0,0,0,0,0,0,0,0,2,16,43,74,46,34,32,7,0,254
2001,Constructing models for content-based image retrieval,Schmid C.,10636919,Proceedings of the IEEE Computer Society Conference on Computer Vision and Pattern Recognition,2, ,0,0,0,0,0,0,0,0,0,0,0,0,0,0,0,0,0,0,0,0,0,0,0,0,0,0,0,0,0,0,0,0,0,3,10,10,9,11,10,10,13,8,14,11,20,20,26,26,24,14,12,2,0,253
2013,Label-embedding for attribute-based classification,"Akata Z., Perronnin F., Harchaoui Z., Schmid C.",10636919,Proceedings of the IEEE Computer Society Conference on Computer Vision and Pattern Recognition,, ,0,0,0,0,0,0,0,0,0,0,0,0,0,0,0,0,0,0,0,0,0,0,0,0,0,0,0,0,0,0,0,0,0,0,0,0,0,0,0,0,0,0,0,0,1,12,27,34,58,54,55,11,0,252
2015,P-CNN: Pose-based CNN features for action recognition,"Cheron G., Laptev I., Schmid C.",15505499,Proceedings of the IEEE International Conference on Computer Vision,2015, ,0,0,0,0,0,0,0,0,0,0,0,0,0,0,0,0,0,0,0,0,0,0,0,0,0,0,0,0,0,0,0,0,0,0,0,0,0,0,0,0,0,0,0,0,0,0,0,22,40,78,78,25,0,243
2012,Learning object class detectors from weakly annotated video,"Prest A., Leistner C., Civera J., Schmid C., Ferrari V.",10636919,Proceedings of the IEEE Computer Society Conference on Computer Vision and Pattern Recognition,, ,0,0,0,0,0,0,0,0,0,0,0,0,0,0,0,0,0,0,0,0,0,0,0,0,0,0,0,0,0,0,0,0,0,0,0,0,0,0,0,0,0,0,0,3,8,24,23,46,43,41,48,4,0,240
2006,3D object modeling and recognition using local affine-invariant image descriptors and multi-view spatial constraints,"Rothganger F., Lazebnik S., Schmid C., Ponce J.",9205691,International Journal of Computer Vision,66,3,0,0,0,0,0,0,0,0,0,0,0,0,0,0,0,0,0,0,0,0,0,0,0,0,0,0,0,0,0,0,0,0,0,0,0,0,0,3,13,15,27,31,23,14,22,7,22,12,9,11,20,7,0,236
2009,Evaluation of GIST descriptors for web-scale image search,"Douze M., Jegou H., Sandhawalia H., Amsaleg L., Schmid C.",,CIVR 2009 - Proceedings of the ACM International Conference on Image and Video Retrieval,, ,0,0,0,0,0,0,0,0,0,0,0,0,0,0,0,0,0,0,0,0,0,0,0,0,0,0,0,0,0,0,0,0,0,0,0,0,0,0,0,0,0,13,23,17,19,27,26,29,26,29,17,8,0,234
2003,Selection of scale-invariant parts for object class recognition,"Dorko G., Schmid C.",,Proceedings of the IEEE International Conference on Computer Vision,1, ,0,0,0,0,0,0,0,0,0,0,0,0,0,0,0,0,0,0,0,0,0,0,0,0,0,0,0,0,0,0,0,0,0,0,0,4,18,28,28,21,25,17,14,19,9,8,10,5,6,4,5,1,0,222
1997,Automatic line matching across views,"Schmid Cordelia, Zisserman Andrew",10636919,Proceedings of the IEEE Computer Society Conference on Computer Vision and Pattern Recognition,, ,0,0,0,0,0,0,0,0,0,0,0,0,0,0,0,0,0,0,0,0,0,0,0,0,0,0,0,0,0,5,2,11,3,8,9,8,5,11,8,10,11,14,16,18,13,15,13,12,10,4,9,2,0,217
2009,Combining efficient object localization and image classification,"Harzallah H., Jurie F., Schmid C.",,Proceedings of the IEEE International Conference on Computer Vision,, ,0,0,0,0,0,0,0,0,0,0,0,0,0,0,0,0,0,0,0,0,0,0,0,0,0,0,0,0,0,0,0,0,0,0,0,0,0,0,0,0,0,16,19,28,19,23,22,20,16,14,19,10,0,206
1998,Comparing and evaluating interest points,"Schmid Cordelia, Mohr Roger, Bauckhage Christian",,Proceedings of the IEEE International Conference on Computer Vision,, ,0,0,0,0,0,0,0,0,0,0,0,0,0,0,0,0,0,0,0,0,0,0,0,0,0,0,0,0,0,2,4,8,10,12,18,16,24,11,12,7,11,12,7,10,7,6,13,4,4,0,1,0,0,199
2010,From images to shape models for object detection,"Ferrari V., Jurie F., Schmid C.",9205691,International Journal of Computer Vision,87,3,0,0,0,0,0,0,0,0,0,0,0,0,0,0,0,0,0,0,0,0,0,0,0,0,0,0,0,0,0,0,0,0,0,0,0,0,0,0,0,0,0,3,18,19,25,35,30,14,13,15,12,6,0,190
2012,Discriminative spatial saliency for image classification,"Sharma G., Jurie F., Schmid C.",10636919,Proceedings of the IEEE Computer Society Conference on Computer Vision and Pattern Recognition,, ,0,0,0,0,0,0,0,0,0,0,0,0,0,0,0,0,0,0,0,0,0,0,0,0,0,0,0,0,0,0,0,0,0,0,0,0,0,0,0,0,0,0,0,4,19,30,33,28,27,21,17,7,0,186
2018,Long-Term Temporal Convolutions for Action Recognition,"Varol G., Laptev I., Schmid C.",1628828,IEEE Transactions on Pattern Analysis and Machine Intelligence,40,6,0,0,0,0,0,0,0,0,0,0,0,0,0,0,0,0,0,0,0,0,0,0,0,0,0,0,0,0,0,0,0,0,0,0,0,0,0,0,0,0,0,0,0,0,0,0,0,0,1,28,122,30,0,181
2007,High-dimensional data clustering,"Bouveyron C., Girard S., Schmid C.",1679473,Computational Statistics and Data Analysis,52,1,0,0,0,0,0,0,0,0,0,0,0,0,0,0,0,0,0,0,0,0,0,0,0,0,0,0,0,0,0,0,0,0,0,0,0,0,0,0,0,5,13,9,13,16,18,23,17,11,10,12,22,7,0,176
2003,A sparse texture representation using affine-invariant regions,"Lazebnik S., Schmid C., Ponce J.",10636919,Proceedings of the IEEE Computer Society Conference on Computer Vision and Pattern Recognition,2, ,0,0,0,0,0,0,0,0,0,0,0,0,0,0,0,0,0,0,0,0,0,0,0,0,0,0,0,0,0,0,0,0,0,0,2,5,10,8,10,11,16,19,18,9,12,9,14,10,9,6,6,2,0,176
2007,Semantic hierarchies for visual object Recognition,"Marszalek M., Schmid C.",10636919,Proceedings of the IEEE Computer Society Conference on Computer Vision and Pattern Recognition,, ,0,0,0,0,0,0,0,0,0,0,0,0,0,0,0,0,0,0,0,0,0,0,0,0,0,0,0,0,0,0,0,0,0,0,0,0,0,0,1,5,6,19,12,24,18,16,25,10,9,9,11,3,0,168
2007,A contextual dissimilarity measure for accurate and efficient image search,"Jegou H., Harzallah H., Schmid C.",10636919,Proceedings of the IEEE Computer Society Conference on Computer Vision and Pattern Recognition,, ,0,0,0,0,0,0,0,0,0,0,0,0,0,0,0,0,0,0,0,0,0,0,0,0,0,0,0,0,0,0,0,0,0,0,0,0,0,0,1,12,12,18,17,16,11,9,13,12,11,17,15,2,0,166
2016,Label-Embedding for Image Classification,"Akata Z., Perronnin F., Harchaoui Z., Schmid C.",1628828,IEEE Transactions on Pattern Analysis and Machine Intelligence,38,7,0,0,0,0,0,0,0,0,0,0,0,0,0,0,0,0,0,0,0,0,0,0,0,0,0,0,0,0,0,0,0,0,0,0,0,0,0,0,0,0,0,0,0,0,0,0,0,0,14,42,85,22,0,163
2010,Accurate image search using the contextual dissimilarity measure,"Jegou H., Schmid C., Harzallah H., Verbeek J.",1628828,IEEE Transactions on Pattern Analysis and Machine Intelligence,32,1,0,0,0,0,0,0,0,0,0,0,0,0,0,0,0,0,0,0,0,0,0,0,0,0,0,0,0,0,0,0,0,0,0,0,0,0,0,0,0,0,0,3,10,15,14,20,16,20,17,19,15,3,0,152
2008,Viewpoint-independent object class detection using 3D feature maps,"Liebelt J., Schmid C., Schertler K.",,"26th IEEE Conference on Computer Vision and Pattern Recognition, CVPR",, ,0,0,0,0,0,0,0,0,0,0,0,0,0,0,0,0,0,0,0,0,0,0,0,0,0,0,0,0,0,0,0,0,0,0,0,0,0,0,0,1,16,18,27,20,20,9,16,6,2,8,3,1,0,147
2010,Multi-view object class detection with a 3D geometric model,"Liebelt J., Schmid C.",10636919,Proceedings of the IEEE Computer Society Conference on Computer Vision and Pattern Recognition,, ,0,0,0,0,0,0,0,0,0,0,0,0,0,0,0,0,0,0,0,0,0,0,0,0,0,0,0,0,0,0,0,0,0,0,0,0,0,0,0,0,0,1,15,12,20,19,22,16,18,13,6,1,0,143
2009,Packing bag-of-features,"Jegou H., Douze M., Schmid C.",,Proceedings of the IEEE International Conference on Computer Vision,, ,0,0,0,0,0,0,0,0,0,0,0,0,0,0,0,0,0,0,0,0,0,0,0,0,0,0,0,0,0,0,0,0,0,0,0,0,0,0,0,0,0,15,21,11,17,18,23,19,8,5,3,3,0,143
2017,Learning from synthetic humans,"Varol G., Romero J., Martin X., Mahmood N., Black M.J., Laptev I., Schmid C.",,"Proceedings - 30th IEEE Conference on Computer Vision and Pattern Recognition, CVPR 2017",2017-, ,0,0,0,0,0,0,0,0,0,0,0,0,0,0,0,0,0,0,0,0,0,0,0,0,0,0,0,0,0,0,0,0,0,0,0,0,0,0,0,0,0,0,0,0,0,0,0,0,8,33,86,10,0,137
2005,A maximum entropy framework for part-based texture and object recognition,"Lazebnik S., Schmid C., Ponce J.",,Proceedings of the IEEE International Conference on Computer Vision,I, ,0,0,0,0,0,0,0,0,0,0,0,0,0,0,0,0,0,0,0,0,0,0,0,0,0,0,0,0,0,0,0,0,0,0,0,0,0,7,10,5,11,16,8,11,9,16,9,7,8,7,11,1,0,136
2011,Combining attributes and Fisher vectors for efficient image retrieval,"Douze M., Ramisa A., Schmid C.",10636919,Proceedings of the IEEE Computer Society Conference on Computer Vision and Pattern Recognition,, ,0,0,0,0,0,0,0,0,0,0,0,0,0,0,0,0,0,0,0,0,0,0,0,0,0,0,0,0,0,0,0,0,0,0,0,0,0,0,0,0,0,0,2,10,15,21,25,19,13,14,13,2,0,134
2007,Learning color names from real-world images,"Van De Weijer J., Schmid C., Verbeek J.",10636919,Proceedings of the IEEE Computer Society Conference on Computer Vision and Pattern Recognition,, ,0,0,0,0,0,0,0,0,0,0,0,0,0,0,0,0,0,0,0,0,0,0,0,0,0,0,0,0,0,0,0,0,0,0,0,0,0,1,0,1,9,4,4,5,9,16,13,16,16,15,23,2,0,134
2015,Learning to track for spatio-temporal action localization,"Weinzaepfel P., Harchaoui Z., Schmid C.",15505499,Proceedings of the IEEE International Conference on Computer Vision,2015, ,0,0,0,0,0,0,0,0,0,0,0,0,0,0,0,0,0,0,0,0,0,0,0,0,0,0,0,0,0,0,0,0,0,0,0,0,0,0,0,0,0,0,0,0,0,0,0,7,40,30,42,14,0,133
2000,Geometry and matching of lines and curves over multiple views,"Schmid C., Zisserman A.",9205691,International Journal of Computer Vision,40,3,0,0,0,0,0,0,0,0,0,0,0,0,0,0,0,0,0,0,0,0,0,0,0,0,0,0,0,0,0,0,0,0,3,3,1,4,5,10,2,12,8,15,9,14,7,11,8,8,4,3,5,1,0,133
2007,Vector quantizing feature space with a regular lattice,"Tuytelaars T., Schmid C.",,Proceedings of the IEEE International Conference on Computer Vision,, ,0,0,0,0,0,0,0,0,0,0,0,0,0,0,0,0,0,0,0,0,0,0,0,0,0,0,0,0,0,0,0,0,0,0,0,0,0,0,1,9,12,22,11,21,13,14,9,6,6,3,4,1,0,132
2014,Category-specific video summarization,"Potapov D., Douze M., Harchaoui Z., Schmid C.",3029743,Lecture Notes in Computer Science (including subseries Lecture Notes in Artificial Intelligence and Lecture Notes in Bioinformatics),8694,6,0,0,0,0,0,0,0,0,0,0,0,0,0,0,0,0,0,0,0,0,0,0,0,0,0,0,0,0,0,0,0,0,0,0,0,0,0,0,0,0,0,0,0,0,0,0,5,16,26,36,36,11,0,130
2012,Weakly supervised learning of interactions between humans and objects,"Prest A., Schmid C., Ferrari V.",1628828,IEEE Transactions on Pattern Analysis and Machine Intelligence,34,3,0,0,0,0,0,0,0,0,0,0,0,0,0,0,0,0,0,0,0,0,0,0,0,0,0,0,0,0,0,0,0,0,0,0,0,0,0,0,0,0,0,0,0,5,11,14,23,24,19,20,9,3,0,128
2014,Multi-fold MIL training for weakly supervised object localization,"Cinbis R.G., Verbeek J., Schmid C.",10636919,Proceedings of the IEEE Computer Society Conference on Computer Vision and Pattern Recognition,, ,0,0,0,0,0,0,0,0,0,0,0,0,0,0,0,0,0,0,0,0,0,0,0,0,0,0,0,0,0,0,0,0,0,0,0,0,0,0,0,0,0,0,0,0,0,2,15,28,26,25,26,5,0,127
2014,Convolutional kernel networks,"Mairal J., Koniusz P., Harchaoui Z., Schmid C.",10495258,Advances in Neural Information Processing Systems,3, January,0,0,0,0,0,0,0,0,0,0,0,0,0,0,0,0,0,0,0,0,0,0,0,0,0,0,0,0,0,0,0,0,0,0,0,0,0,0,0,0,0,0,0,0,0,0,13,24,31,21,32,4,0,125
2004,Scale-invariant shape features for recognition of object categories,"Jurie F., Schmid C.",10636919,Proceedings of the IEEE Computer Society Conference on Computer Vision and Pattern Recognition,2, ,0,0,0,0,0,0,0,0,0,0,0,0,0,0,0,0,0,0,0,0,0,0,0,0,0,0,0,0,0,0,0,0,0,0,0,0,9,11,6,16,10,7,7,7,6,14,14,8,4,3,2,1,0,125
2010,An image-based approach to video copy detection with spatio-temporal post-filtering,"Douze M., Jegou H., Schmid C.",15209210,IEEE Transactions on Multimedia,12,4,0,0,0,0,0,0,0,0,0,0,0,0,0,0,0,0,0,0,0,0,0,0,0,0,0,0,0,0,0,0,0,0,0,0,0,0,0,0,0,0,0,8,7,14,18,18,7,12,16,9,11,1,0,121
2017,Weakly Supervised Object Localization with Multi-Fold Multiple Instance Learning,"Cinbis R.G., Verbeek J., Schmid C.",1628828,IEEE Transactions on Pattern Analysis and Machine Intelligence,39,1,0,0,0,0,0,0,0,0,0,0,0,0,0,0,0,0,0,0,0,0,0,0,0,0,0,0,0,0,0,0,0,0,0,0,0,0,0,0,0,0,0,0,0,0,0,0,0,0,13,34,47,24,0,118
2016,A Robust and Efficient Video Representation for Action Recognition,"Wang H., Oneata D., Verbeek J., Schmid C.",9205691,International Journal of Computer Vision,119,3,0,0,0,0,0,0,0,0,0,0,0,0,0,0,0,0,0,0,0,0,0,0,0,0,0,0,0,0,0,0,0,0,0,0,0,0,0,0,0,0,0,0,0,0,0,0,0,4,28,38,32,16,0,118
2006,Spatial weighting for bag-of-features,"Marszalek M., Schmid C.",10636919,Proceedings of the IEEE Computer Society Conference on Computer Vision and Pattern Recognition,2, ,0,0,0,0,0,0,0,0,0,0,0,0,0,0,0,0,0,0,0,0,0,0,0,0,0,0,0,0,0,0,0,0,0,0,0,0,0,0,8,19,15,13,18,10,10,11,4,7,2,1,0,0,0,118
2006,Local features and kernels for classification of texture and object categories: A comprehensive study,"Zhang J., Marszalek M., Lazebnik S., Schmid C.",10636919,Proceedings of the IEEE Computer Society Conference on Computer Vision and Pattern Recognition,2006, ,0,0,0,0,0,0,0,0,0,0,0,0,0,0,0,0,0,0,0,0,0,0,0,0,0,0,0,0,0,0,0,0,0,0,0,0,0,0,6,3,10,9,13,12,10,16,15,6,5,5,5,3,0,118
2016,DeepMatching: Hierarchical Deformable Dense Matching,"Revaud J., Weinzaepfel P., Harchaoui Z., Schmid C.",9205691,International Journal of Computer Vision,120,3,0,0,0,0,0,0,0,0,0,0,0,0,0,0,0,0,0,0,0,0,0,0,0,0,0,0,0,0,0,0,0,0,0,0,0,0,0,0,0,0,0,0,0,0,0,0,0,0,20,34,49,13,0,116
2011,Actom sequence models for efficient action detection,"Gaidon A., Harchaoui Z., Schmid C.",10636919,Proceedings of the IEEE Computer Society Conference on Computer Vision and Pattern Recognition,, ,0,0,0,0,0,0,0,0,0,0,0,0,0,0,0,0,0,0,0,0,0,0,0,0,0,0,0,0,0,0,0,0,0,0,0,0,0,0,0,0,0,0,1,8,19,15,15,11,17,15,13,1,0,115
2000,Matching images with different resolutions,"Dufournaud Yves, Schmid Cordelia, Horaud Radu",10636919,Proceedings of the IEEE Computer Society Conference on Computer Vision and Pattern Recognition,1, ,0,0,0,0,0,0,0,0,0,0,0,0,0,0,0,0,0,0,0,0,0,0,0,0,0,0,0,0,0,0,0,0,5,5,4,10,13,10,11,8,9,6,3,8,6,1,4,2,2,0,5,1,0,113
2003,Face detection and tracking in a video by propagating detection probabilities,"Choudhury Verma R., Schmid C., Mikolajczyk K.",1628828,IEEE Transactions on Pattern Analysis and Machine Intelligence,25,10,0,0,0,0,0,0,0,0,0,0,0,0,0,0,0,0,0,0,0,0,0,0,0,0,0,0,0,0,0,0,0,0,0,0,0,8,16,11,7,13,12,12,4,6,4,2,1,4,4,5,1,1,0,111
2011,Unsupervised metric learning for face identification in TV video,"Cinbis R.G., Verbeek J., Schmid C.",,Proceedings of the IEEE International Conference on Computer Vision,, ,0,0,0,0,0,0,0,0,0,0,0,0,0,0,0,0,0,0,0,0,0,0,0,0,0,0,0,0,0,0,0,0,0,0,0,0,0,0,0,0,0,0,0,6,10,18,14,16,11,16,16,3,0,110
2016,Multi-region two-stream R-CNN for action detection,"Peng X., Schmid C.",3029743,Lecture Notes in Computer Science (including subseries Lecture Notes in Artificial Intelligence and Lecture Notes in Bioinformatics),9908, ,0,0,0,0,0,0,0,0,0,0,0,0,0,0,0,0,0,0,0,0,0,0,0,0,0,0,0,0,0,0,0,0,0,0,0,0,0,0,0,0,0,0,0,0,0,0,0,0,6,32,44,19,0,101
2013,Temporal localization of actions with actoms,"Gaidon A., Harchaoui Z., Schmid C.",1628828,IEEE Transactions on Pattern Analysis and Machine Intelligence,35,11,0,0,0,0,0,0,0,0,0,0,0,0,0,0,0,0,0,0,0,0,0,0,0,0,0,0,0,0,0,0,0,0,0,0,0,0,0,0,0,0,0,0,0,0,1,5,8,12,25,21,22,7,0,101
2015,Unsupervised object discovery and localization in the wild: Part-based matching with bottom-up region proposals,"Cho M., Kwak S., Schmid C., Ponce J.",10636919,Proceedings of the IEEE Computer Society Conference on Computer Vision and Pattern Recognition,07-12-, ,0,0,0,0,0,0,0,0,0,0,0,0,0,0,0,0,0,0,0,0,0,0,0,0,0,0,0,0,0,0,0,0,0,0,0,0,0,0,0,0,0,0,0,0,0,0,2,18,25,21,29,4,0,99
2015,Local convolutional features with unsupervised training for image retrieval,"Paulin M., Douze M., Harchaoui Z., Mairal J., Perronin F., Schmid C.",15505499,Proceedings of the IEEE International Conference on Computer Vision,2015, ,0,0,0,0,0,0,0,0,0,0,0,0,0,0,0,0,0,0,0,0,0,0,0,0,0,0,0,0,0,0,0,0,0,0,0,0,0,0,0,0,0,0,0,0,0,0,0,18,25,30,21,5,0,99
2007,Accurate object detection with deformable shape models learnt from images,"Ferrari V., Jurie F., Schmid C.",10636919,Proceedings of the IEEE Computer Society Conference on Computer Vision and Pattern Recognition,, ,0,0,0,0,0,0,0,0,0,0,0,0,0,0,0,0,0,0,0,0,0,0,0,0,0,0,0,0,0,0,0,0,0,0,0,0,0,0,0,11,21,9,15,9,7,7,5,6,2,3,1,1,0,97
2003,3D object modeling and recognition using affine-invariant patches and multi-view spatial constraints,"Rothganger F., Lazebnik S., Schmid C., Ponce J.",10636919,Proceedings of the IEEE Computer Society Conference on Computer Vision and Pattern Recognition,2, ,0,0,0,0,0,0,0,0,0,0,0,0,0,0,0,0,0,0,0,0,0,0,0,0,0,0,0,0,0,0,0,0,0,0,0,11,10,17,7,7,5,9,4,5,4,3,5,0,2,1,1,0,0,91
2016,MoCap-guided data augmentation for 3D pose estimation in the wild,"Rogez G., Schmid C.",10495258,Advances in Neural Information Processing Systems,, ,0,0,0,0,0,0,0,0,0,0,0,0,0,0,0,0,0,0,0,0,0,0,0,0,0,0,0,0,0,0,0,0,0,0,0,0,0,0,0,0,0,0,0,0,0,0,0,0,19,34,35,1,0,89
2014,Good practice in large-scale learning for image classification,"Akata Z., Perronnin F., Harchaoui Z., Schmid C.",1628828,IEEE Transactions on Pattern Analysis and Machine Intelligence,36,3,0,0,0,0,0,0,0,0,0,0,0,0,0,0,0,0,0,0,0,0,0,0,0,0,0,0,0,0,0,0,0,0,0,0,0,0,0,0,0,0,0,0,0,0,0,1,17,16,17,22,13,2,0,88
2007,Using high-level visual information for color constancy,"Van De Weijer J., Schmid C., Verbeek J.",,Proceedings of the IEEE International Conference on Computer Vision,, ,0,0,0,0,0,0,0,0,0,0,0,0,0,0,0,0,0,0,0,0,0,0,0,0,0,0,0,0,0,0,0,0,0,0,0,0,0,0,0,5,5,7,3,6,5,13,12,3,10,8,7,1,0,85
2012,Towards good practice in large-scale learning for image classification,"Perronnin F., Akata Z., Harchaoui Z., Schmid C.",10636919,Proceedings of the IEEE Computer Society Conference on Computer Vision and Pattern Recognition,, ,0,0,0,0,0,0,0,0,0,0,0,0,0,0,0,0,0,0,0,0,0,0,0,0,0,0,0,0,0,0,0,0,0,0,0,0,0,0,0,0,0,0,0,2,15,25,16,9,6,2,3,1,0,79
2002,Learning to parse pictures of people,"Ronfard R., Schmid C., Triggs B.",3029743,Lecture Notes in Computer Science (including subseries Lecture Notes in Artificial Intelligence and Lecture Notes in Bioinformatics),2353, ,0,0,0,0,0,0,0,0,0,0,0,0,0,0,0,0,0,0,0,0,0,0,0,0,0,0,0,0,0,0,0,0,0,0,1,4,4,6,2,9,10,8,5,5,7,5,4,1,1,1,4,1,0,78
2010,Multiple instance metric learning from automatically labeled bags of faces,"Guillaumin M., Verbeek J., Schmid C.",3029743,Lecture Notes in Computer Science (including subseries Lecture Notes in Artificial Intelligence and Lecture Notes in Bioinformatics),6311,1,0,0,0,0,0,0,0,0,0,0,0,0,0,0,0,0,0,0,0,0,0,0,0,0,0,0,0,0,0,0,0,0,0,0,0,0,0,0,0,0,0,0,1,3,4,9,13,7,11,16,10,3,0,77
2010,Image annotation with tagprop on the MIRFLICKR set,"Verbeek J., Guillaumin M., Mensink T., Schmid C.",,MIR 2010 - Proceedings of the 2010 ACM SIGMM International Conference on Multimedia Information Retrieval,, ,0,0,0,0,0,0,0,0,0,0,0,0,0,0,0,0,0,0,0,0,0,0,0,0,0,0,0,0,0,0,0,0,0,0,0,0,0,0,0,0,0,5,4,9,7,11,7,10,8,7,7,0,0,75
2003,Affine-invariant local descriptors and neighborhood statistics for texture recognition,"Lazebnik S., Schmid C., Ponce J.",,Proceedings of the IEEE International Conference on Computer Vision,1, ,0,0,0,0,0,0,0,0,0,0,0,0,0,0,0,0,0,0,0,0,0,0,0,0,0,0,0,0,0,0,0,0,0,0,0,6,12,10,9,9,2,6,3,6,2,3,1,3,1,2,0,0,0,75
2008,Constructing category hierarchies for visual recognition,"Marszalek M., Schmid C.",3029743,Lecture Notes in Computer Science (including subseries Lecture Notes in Artificial Intelligence and Lecture Notes in Bioinformatics),5305,4,0,0,0,0,0,0,0,0,0,0,0,0,0,0,0,0,0,0,0,0,0,0,0,0,0,0,0,0,0,0,0,0,0,0,0,0,0,0,0,0,1,2,1,6,11,6,10,9,9,9,7,2,0,73
2013,Segmentation driven object detection with fisher vectors,"Cinbis R.G., Verbeek J., Schmid C.",,Proceedings of the IEEE International Conference on Computer Vision,, ,0,0,0,0,0,0,0,0,0,0,0,0,0,0,0,0,0,0,0,0,0,0,0,0,0,0,0,0,0,0,0,0,0,0,0,0,0,0,0,0,0,0,0,0,0,12,22,16,11,7,4,0,0,72
2006,The 2005 PASCAL visual object classes challenge,"Everinghm M., Zisserman A., Williams C.K.I., Van Gool L., Allan M., Bishop C.M., Chapelle O., Dalal N., Deselaers T., Dorko G., Duffner S., Eichhorn J., Farquhar J.D.R., Fritz M., Garcia C., Griffiths T., Jurie F., Keysers D., Koskela M., Laaksouen J., Larlus D., Leibe B., Meng H., Ney H., Schiele B., Schmid C., Seemann E., Shawe-Taylor J., Storkey A., Szedmak S., Triggs B., Ulusoy I., Viitaniemi V., Zhang J.",3029743,Lecture Notes in Computer Science (including subseries Lecture Notes in Artificial Intelligence and Lecture Notes in Bioinformatics),3944, ,0,0,0,0,0,0,0,0,0,0,0,0,0,0,0,0,0,0,0,0,0,0,0,0,0,0,0,0,0,0,0,0,0,0,0,0,0,3,8,8,4,7,6,4,7,6,4,3,5,2,4,1,0,72
2013,Expanded parts model for human attribute and action recognition in still images,"Sharma G., Jurie F., Schmid C.",10636919,Proceedings of the IEEE Computer Society Conference on Computer Vision and Pattern Recognition,, ,0,0,0,0,0,0,0,0,0,0,0,0,0,0,0,0,0,0,0,0,0,0,0,0,0,0,0,0,0,0,0,0,0,0,0,0,0,0,0,0,0,0,0,0,2,13,14,13,11,12,5,1,0,71
2013,Event retrieval in large video collections with circulant temporal encoding,"Revaud J., Douze M., Schmid C., Jegou H.",10636919,Proceedings of the IEEE Computer Society Conference on Computer Vision and Pattern Recognition,, ,0,0,0,0,0,0,0,0,0,0,0,0,0,0,0,0,0,0,0,0,0,0,0,0,0,0,0,0,0,0,0,0,0,0,0,0,0,0,0,0,0,0,0,0,3,7,13,13,13,9,11,2,0,71
2013,Finding actors and actions in movies,"Bojanowski P., Bach F., Laptev I., Ponce J., Schmid C., Sivic J.",,Proceedings of the IEEE International Conference on Computer Vision,, ,0,0,0,0,0,0,0,0,0,0,0,0,0,0,0,0,0,0,0,0,0,0,0,0,0,0,0,0,0,0,0,0,0,0,0,0,0,0,0,0,0,0,0,0,0,6,10,16,16,10,12,1,0,71
2017,Learning motion patterns in videos,"Tokmakov P., Alahari K., Schmid C.",,"Proceedings - 30th IEEE Conference on Computer Vision and Pattern Recognition, CVPR 2017",2017-, ,0,0,0,0,0,0,0,0,0,0,0,0,0,0,0,0,0,0,0,0,0,0,0,0,0,0,0,0,0,0,0,0,0,0,0,0,0,0,0,0,0,0,0,0,0,0,0,0,2,19,42,7,0,70
2014,Mixing body-part sequences for human pose estimation,"Cherian A., Mairal J., Alahari K., Schmid C.",10636919,Proceedings of the IEEE Computer Society Conference on Computer Vision and Pattern Recognition,, ,0,0,0,0,0,0,0,0,0,0,0,0,0,0,0,0,0,0,0,0,0,0,0,0,0,0,0,0,0,0,0,0,0,0,0,0,0,0,0,0,0,0,0,0,0,0,11,16,23,11,7,2,0,70
2007,Accurate object localization with shape masks,"Marszalek M., Schmid C.",10636919,Proceedings of the IEEE Computer Society Conference on Computer Vision and Pattern Recognition,, ,0,0,0,0,0,0,0,0,0,0,0,0,0,0,0,0,0,0,0,0,0,0,0,0,0,0,0,0,0,0,0,0,0,0,0,0,0,0,0,3,3,8,5,8,3,13,2,11,6,5,2,0,0,69
2017,LCR-Net: Localization-classification-regression for human pose,"Rogez G., Weinzaepfel P., Schmid C.",,"Proceedings - 30th IEEE Conference on Computer Vision and Pattern Recognition, CVPR 2017",2017-, ,0,0,0,0,0,0,0,0,0,0,0,0,0,0,0,0,0,0,0,0,0,0,0,0,0,0,0,0,0,0,0,0,0,0,0,0,0,0,0,0,0,0,0,0,0,0,0,0,2,24,40,2,0,68
2014,Spatio-temporal object detection proposals,"Oneata D., Revaud J., Verbeek J., Schmid C.",3029743,Lecture Notes in Computer Science (including subseries Lecture Notes in Artificial Intelligence and Lecture Notes in Bioinformatics),8691,3,0,0,0,0,0,0,0,0,0,0,0,0,0,0,0,0,0,0,0,0,0,0,0,0,0,0,0,0,0,0,0,0,0,0,0,0,0,0,0,0,0,0,0,0,0,0,4,14,19,16,11,4,0,68
2008,Object recognition by integrating multiple image segmentations,"Pantofaru C., Schmid C., Hebert M.",3029743,Lecture Notes in Computer Science (including subseries Lecture Notes in Artificial Intelligence and Lecture Notes in Bioinformatics),5304,3,0,0,0,0,0,0,0,0,0,0,0,0,0,0,0,0,0,0,0,0,0,0,0,0,0,0,0,0,0,0,0,0,0,0,0,0,0,0,0,0,3,4,4,6,12,7,7,10,7,4,4,0,0,68
2017,Action Tubelet Detector for Spatio-Temporal Action Localization,"Kalogeiton V., Weinzaepfel P., Ferrari V., Schmid C.",15505499,Proceedings of the IEEE International Conference on Computer Vision,2017-, ,0,0,0,0,0,0,0,0,0,0,0,0,0,0,0,0,0,0,0,0,0,0,0,0,0,0,0,0,0,0,0,0,0,0,0,0,0,0,0,0,0,0,0,0,0,0,0,0,0,18,42,7,0,67
1996,Combining greyvalue invariants with local constraints for object recognition,"Schmid C., Mohr R.",10636919,Proceedings of the IEEE Computer Society Conference on Computer Vision and Pattern Recognition,, ,0,0,0,0,0,0,0,0,0,0,0,0,0,0,0,0,0,0,0,0,0,0,0,0,0,0,0,1,6,6,4,5,5,4,3,3,4,3,5,3,2,2,2,1,3,1,1,0,1,1,1,0,0,67
2017,Learning Video Object Segmentation with Visual Memory,"Tokmakov P., Alahari K., Schmid C.",15505499,Proceedings of the IEEE International Conference on Computer Vision,2017-, ,0,0,0,0,0,0,0,0,0,0,0,0,0,0,0,0,0,0,0,0,0,0,0,0,0,0,0,0,0,0,0,0,0,0,0,0,0,0,0,0,0,0,0,0,0,0,0,0,0,21,39,6,0,66
2015,Online object tracking with proposal selection,"Hua Y., Alahari K., Schmid C.",15505499,Proceedings of the IEEE International Conference on Computer Vision,2015, ,0,0,0,0,0,0,0,0,0,0,0,0,0,0,0,0,0,0,0,0,0,0,0,0,0,0,0,0,0,0,0,0,0,0,0,0,0,0,0,0,0,0,0,0,0,0,1,10,14,19,20,2,0,66
2014,Activity representation with motion hierarchies,"Gaidon A., Harchaoui Z., Schmid C.",9205691,International Journal of Computer Vision,107,3,0,0,0,0,0,0,0,0,0,0,0,0,0,0,0,0,0,0,0,0,0,0,0,0,0,0,0,0,0,0,0,0,0,0,0,0,0,0,0,0,0,0,0,0,0,2,12,19,12,8,8,2,0,63
2007,Flexible object models for category-level 3D object recognition,"Kushal A., Schmid C., Ponce J.",10636919,Proceedings of the IEEE Computer Society Conference on Computer Vision and Pattern Recognition,, ,0,0,0,0,0,0,0,0,0,0,0,0,0,0,0,0,0,0,0,0,0,0,0,0,0,0,0,0,0,0,0,0,0,0,0,0,0,0,2,6,15,6,10,8,5,2,3,2,0,1,1,0,0,61
2015,Unsupervised object discovery and tracking in video collections,"Kwak S., Cho M., Laptev I., Ponce J., Schmid C.",15505499,Proceedings of the IEEE International Conference on Computer Vision,2015, ,0,0,0,0,0,0,0,0,0,0,0,0,0,0,0,0,0,0,0,0,0,0,0,0,0,0,0,0,0,0,0,0,0,0,0,0,0,0,0,0,0,0,0,0,0,0,1,10,16,9,18,4,0,58
2013,Explicit modeling of human-object interactions in realistic videos,"Prest A., Ferrari V., Schmid C.",1628828,IEEE Transactions on Pattern Analysis and Machine Intelligence,35,4,0,0,0,0,0,0,0,0,0,0,0,0,0,0,0,0,0,0,0,0,0,0,0,0,0,0,0,0,0,0,0,0,0,0,0,0,0,0,0,0,0,0,0,0,2,5,10,13,13,10,5,0,0,58
2012,Recognizing activities with cluster-trees of tracklets,"Gaidon A., Harchaoui Z., Schmid C.",,BMVC 2012 - Electronic Proceedings of the British Machine Vision Conference 2012,, ,0,0,0,0,0,0,0,0,0,0,0,0,0,0,0,0,0,0,0,0,0,0,0,0,0,0,0,0,0,0,0,0,0,0,0,0,0,0,0,0,0,0,0,0,12,8,13,9,8,4,3,1,0,58
2018,AVA: A Video Dataset of Spatio-Temporally Localized Atomic Visual Actions,"Gu C., Sun C., Ross D.A., Vondrick C., Pantofaru C., Li Y., Vijayanarasimhan S., Toderici G., Ricco S., Sukthankar R., Schmid C., Malik J.",10636919,Proceedings of the IEEE Computer Society Conference on Computer Vision and Pattern Recognition,, ,0,0,0,0,0,0,0,0,0,0,0,0,0,0,0,0,0,0,0,0,0,0,0,0,0,0,0,0,0,0,0,0,0,0,0,0,0,0,0,0,0,0,0,0,0,0,0,0,0,5,40,12,0,57
2016,Proposal Flow,"Ham B., Cho M., Schmid C., Ponce J.",10636919,Proceedings of the IEEE Computer Society Conference on Computer Vision and Pattern Recognition,2016-, ,0,0,0,0,0,0,0,0,0,0,0,0,0,0,0,0,0,0,0,0,0,0,0,0,0,0,0,0,0,0,0,0,0,0,0,0,0,0,0,0,0,0,0,0,0,0,0,1,13,15,21,6,0,56
2008,Automatic face naming with caption-based supervision,"Guillaumin M., Mensink T., Verbeek J., Schmid C.",,"26th IEEE Conference on Computer Vision and Pattern Recognition, CVPR",, ,0,0,0,0,0,0,0,0,0,0,0,0,0,0,0,0,0,0,0,0,0,0,0,0,0,0,0,0,0,0,0,0,0,0,0,0,0,0,0,1,6,5,9,8,10,3,4,2,4,1,1,2,0,56
2008,Inria-lear's video copy detection system,"Douze M., Gaidon A., Jegou H., Marszalek M., Schmid C.",,2008 TREC Video Retrieval Evaluation Notebook Papers,, ,0,0,0,0,0,0,0,0,0,0,0,0,0,0,0,0,0,0,0,0,0,0,0,0,0,0,0,0,0,0,0,0,0,0,0,0,0,0,0,2,5,11,9,10,5,4,3,3,2,0,2,0,0,56
2014,Transformation pursuit for image classification,"Paulin M., Revaud J., Harchaoui Z., Perronnin F., Schmid C.",10636919,Proceedings of the IEEE Computer Society Conference on Computer Vision and Pattern Recognition,, ,0,0,0,0,0,0,0,0,0,0,0,0,0,0,0,0,0,0,0,0,0,0,0,0,0,0,0,0,0,0,0,0,0,0,0,0,0,0,0,0,0,0,0,0,0,2,5,7,11,10,13,2,0,50
2012,Correlation-based burstiness for logo retrieval,"Revaud J., Douze M., Schmid C.",,MM 2012 - Proceedings of the 20th ACM International Conference on Multimedia,, ,0,0,0,0,0,0,0,0,0,0,0,0,0,0,0,0,0,0,0,0,0,0,0,0,0,0,0,0,0,0,0,0,0,0,0,0,0,0,0,0,0,0,0,0,1,7,9,9,10,5,6,2,0,49
2018,PoTion: Pose MoTion Representation for Action Recognition,"Choutas V., Weinzaepfel P., Revaud J., Schmid C.",10636919,Proceedings of the IEEE Computer Society Conference on Computer Vision and Pattern Recognition,, ,0,0,0,0,0,0,0,0,0,0,0,0,0,0,0,0,0,0,0,0,0,0,0,0,0,0,0,0,0,0,0,0,0,0,0,0,0,0,0,0,0,0,0,0,0,0,0,0,0,1,36,11,0,48
2017,Areas of Attention for Image Captioning,"Pedersoli M., Lucas T., Schmid C., Verbeek J.",15505499,Proceedings of the IEEE International Conference on Computer Vision,2017-, ,0,0,0,0,0,0,0,0,0,0,0,0,0,0,0,0,0,0,0,0,0,0,0,0,0,0,0,0,0,0,0,0,0,0,0,0,0,0,0,0,0,0,0,0,0,0,0,0,1,20,19,8,0,48
2004,Image matching with scale adjustment,"Dufournaud Y., Schmid C., Horaud R.",10773142,Computer Vision and Image Understanding,93,2,0,0,0,0,0,0,0,0,0,0,0,0,0,0,0,0,0,0,0,0,0,0,0,0,0,0,0,0,0,0,0,0,0,0,0,1,2,8,7,3,4,5,2,4,1,5,3,0,0,0,2,0,0,47
2017,Weakly-Supervised Learning of Visual Relations,"Peyre J., Laptev I., Schmid C., Sivic J.",15505499,Proceedings of the IEEE International Conference on Computer Vision,2017-, ,0,0,0,0,0,0,0,0,0,0,0,0,0,0,0,0,0,0,0,0,0,0,0,0,0,0,0,0,0,0,0,0,0,0,0,0,0,0,0,0,0,0,0,0,0,0,0,0,0,10,31,3,0,44
2014,Efficient action localization with approximately normalized fisher vectors,"Oneata D., Verbeek J., Schmid C.",10636919,Proceedings of the IEEE Computer Society Conference on Computer Vision and Pattern Recognition,, ,0,0,0,0,0,0,0,0,0,0,0,0,0,0,0,0,0,0,0,0,0,0,0,0,0,0,0,0,0,0,0,0,0,0,0,0,0,0,0,0,0,0,0,0,0,1,6,11,10,4,12,0,0,44
2008,Query-adaptative Locality Sensitive Hashing,"Jegou H., Amsaleg L., Schmid C., Gros P.",15206149,"ICASSP, IEEE International Conference on Acoustics, Speech and Signal Processing - Proceedings",, ,0,0,0,0,0,0,0,0,0,0,0,0,0,0,0,0,0,0,0,0,0,0,0,0,0,0,0,0,0,0,0,0,0,0,0,0,0,0,0,1,3,1,3,4,6,4,5,5,7,3,2,0,0,44
2014,Weakly supervised action labeling in videos under ordering constraints,"Bojanowski P., Lajugie R., Bach F., Laptev I., Ponce J., Schmid C., Sivic J.",3029743,Lecture Notes in Computer Science (including subseries Lecture Notes in Artificial Intelligence and Lecture Notes in Bioinformatics),8693,5,0,0,0,0,0,0,0,0,0,0,0,0,0,0,0,0,0,0,0,0,0,0,0,0,0,0,0,0,0,0,0,0,0,0,0,0,0,0,0,0,0,0,0,0,0,0,3,2,5,14,14,4,0,42
2014,Occlusion and motion reasoning for long-term tracking,"Hua Y., Alahari K., Schmid C.",3029743,Lecture Notes in Computer Science (including subseries Lecture Notes in Artificial Intelligence and Lecture Notes in Bioinformatics),8694,6,0,0,0,0,0,0,0,0,0,0,0,0,0,0,0,0,0,0,0,0,0,0,0,0,0,0,0,0,0,0,0,0,0,0,0,0,0,0,0,0,0,0,0,0,0,0,3,6,10,9,10,4,0,42
2012,Image categorization using Fisher kernels of non-iid image models,"Cinbis R.G., Verbeek J., Schmid C.",10636919,Proceedings of the IEEE Computer Society Conference on Computer Vision and Pattern Recognition,, ,0,0,0,0,0,0,0,0,0,0,0,0,0,0,0,0,0,0,0,0,0,0,0,0,0,0,0,0,0,0,0,0,0,0,0,0,0,0,0,0,0,0,0,0,5,11,5,6,8,4,3,0,0,42
2015,Weakly-supervised alignment of video with text,"Bojanowski P., Lajugie R., Grave E., Bach F., Laptev I., Ponce J., Schmid C.",15505499,Proceedings of the IEEE International Conference on Computer Vision,2015, ,0,0,0,0,0,0,0,0,0,0,0,0,0,0,0,0,0,0,0,0,0,0,0,0,0,0,0,0,0,0,0,0,0,0,0,0,0,0,0,0,0,0,0,0,0,0,0,6,8,13,11,3,0,41
2013,Estimating human pose with flowing puppets,"Zuffi S., Romero J., Schmid C., Black M.J.",,Proceedings of the IEEE International Conference on Computer Vision,, ,0,0,0,0,0,0,0,0,0,0,0,0,0,0,0,0,0,0,0,0,0,0,0,0,0,0,0,0,0,0,0,0,0,0,0,0,0,0,0,0,0,0,0,0,0,5,10,10,9,3,2,1,0,40
2006,Applying color names to image description,"Van De Weijer J., Schmid C.",15224880,"Proceedings - International Conference on Image Processing, ICIP",3, ,0,0,0,0,0,0,0,0,0,0,0,0,0,0,0,0,0,0,0,0,0,0,0,0,0,0,0,0,0,0,0,0,0,0,0,0,0,0,0,0,0,1,2,4,7,7,7,5,3,1,3,0,0,40
2017,Incremental Learning of Object Detectors without Catastrophic Forgetting,"Shmelkov K., Schmid C., Alahari K.",15505499,Proceedings of the IEEE International Conference on Computer Vision,2017-, ,0,0,0,0,0,0,0,0,0,0,0,0,0,0,0,0,0,0,0,0,0,0,0,0,0,0,0,0,0,0,0,0,0,0,0,0,0,0,0,0,0,0,0,0,0,0,0,0,0,12,18,8,0,38
2017,BlitzNet: A Real-Time Deep Network for Scene Understanding,"Dvornik N., Shmelkov K., Mairal J., Schmid C.",15505499,Proceedings of the IEEE International Conference on Computer Vision,2017-, ,0,0,0,0,0,0,0,0,0,0,0,0,0,0,0,0,0,0,0,0,0,0,0,0,0,0,0,0,0,0,0,0,0,0,0,0,0,0,0,0,0,0,0,0,0,0,0,0,0,5,28,5,0,38
2012,Face recognition from caption-based supervision,"Guillaumin M., Mensink T., Verbeek J., Schmid C.",9205691,International Journal of Computer Vision,96,1,0,0,0,0,0,0,0,0,0,0,0,0,0,0,0,0,0,0,0,0,0,0,0,0,0,0,0,0,0,0,0,0,0,0,0,0,0,0,0,0,0,0,0,4,6,9,7,4,3,3,2,0,0,38
1999,Structured probabilistic model for recognition,Schmid Cordelia,10636919,Proceedings of the IEEE Computer Society Conference on Computer Vision and Pattern Recognition,2, ,0,0,0,0,0,0,0,0,0,0,0,0,0,0,0,0,0,0,0,0,0,0,0,0,0,0,0,0,0,0,0,1,3,1,5,6,3,6,2,2,1,2,2,0,0,0,0,0,2,2,0,0,0,38
2007,High-dimensional discriminant analysis,"Bouveyron C., Girard S., Schmid C.",3610926,Communications in Statistics - Theory and Methods,36,14,0,0,0,0,0,0,0,0,0,0,0,0,0,0,0,0,0,0,0,0,0,0,0,0,0,0,0,0,0,0,0,0,0,0,0,0,0,0,0,0,3,2,2,4,4,3,2,5,2,2,6,2,0,37
2004,Weakly Supervised Learning of Visual Models and Its Application to Content-Based Retrieval,Schmid C.,9205691,International Journal of Computer Vision,56, 1-2,0,0,0,0,0,0,0,0,0,0,0,0,0,0,0,0,0,0,0,0,0,0,0,0,0,0,0,0,0,0,0,0,0,0,0,1,4,3,6,5,4,4,2,0,1,1,1,1,1,1,0,0,0,35
2015,Learning to detect Motion Boundaries,"Weinzaepfel P., Revaud J., Harchaoui Z., Schmid C.",10636919,Proceedings of the IEEE Computer Society Conference on Computer Vision and Pattern Recognition,07-12-, ,0,0,0,0,0,0,0,0,0,0,0,0,0,0,0,0,0,0,0,0,0,0,0,0,0,0,0,0,0,0,0,0,0,0,0,0,0,0,0,0,0,0,0,0,0,0,1,5,11,7,9,0,0,33
2007,"Segmenting, modeling, and matching video clips containing multiple moving objects","Rothganger F., Lazebnik S., Schmid C., Ponce J.",1628828,IEEE Transactions on Pattern Analysis and Machine Intelligence,29,3,0,0,0,0,0,0,0,0,0,0,0,0,0,0,0,0,0,0,0,0,0,0,0,0,0,0,0,0,0,0,0,0,0,0,0,0,0,0,1,6,6,3,1,3,4,1,3,3,1,1,0,0,0,33
2017,Convolutional Patch Representations for Image Retrieval: An Unsupervised Approach,"Paulin M., Mairal J., Douze M., Harchaoui Z., Perronnin F., Schmid C.",9205691,International Journal of Computer Vision,121,1,0,0,0,0,0,0,0,0,0,0,0,0,0,0,0,0,0,0,0,0,0,0,0,0,0,0,0,0,0,0,0,0,0,0,0,0,0,0,0,0,0,0,0,0,0,0,0,0,2,10,14,5,0,31
2017,SCNet: Learning Semantic Correspondence,"Han K., Rezende R.S., Ham B., Wong K.-Y.K., Cho M., Schmid C., Ponce J.",15505499,Proceedings of the IEEE International Conference on Computer Vision,2017-, ,0,0,0,0,0,0,0,0,0,0,0,0,0,0,0,0,0,0,0,0,0,0,0,0,0,0,0,0,0,0,0,0,0,0,0,0,0,0,0,0,0,0,0,0,0,0,0,0,0,9,16,4,0,29
2008,Learning to recognize objects with little supervision,"Carbonetto P., Dorko G., Schmid C., Kuck H., De Freitas N.",9205691,International Journal of Computer Vision,77, 1-3,0,0,0,0,0,0,0,0,0,0,0,0,0,0,0,0,0,0,0,0,0,0,0,0,0,0,0,0,0,0,0,0,0,0,0,0,0,0,0,1,1,3,4,4,0,3,2,2,4,2,1,1,0,28
2006,Blur robust and color constant image description,"Van De Weijer J., Schmid C.",15224880,"Proceedings - International Conference on Image Processing, ICIP",, ,0,0,0,0,0,0,0,0,0,0,0,0,0,0,0,0,0,0,0,0,0,0,0,0,0,0,0,0,0,0,0,0,0,0,0,0,0,0,3,4,3,2,0,6,3,4,0,1,2,0,0,0,0,28
2012,Human focused action localization in video,"Klaser A., Marszalek M., Schmid C., Zisserman A.",3029743,Lecture Notes in Computer Science (including subseries Lecture Notes in Artificial Intelligence and Lecture Notes in Bioinformatics),6553,1,0,0,0,0,0,0,0,0,0,0,0,0,0,0,0,0,0,0,0,0,0,0,0,0,0,0,0,0,0,0,0,0,0,0,0,0,0,0,0,0,0,0,0,0,2,3,4,9,3,2,1,3,0,27
2012,Accurate object recognition with shape masks,"Marszalek M., Schmid C.",9205691,International Journal of Computer Vision,97,2,0,0,0,0,0,0,0,0,0,0,0,0,0,0,0,0,0,0,0,0,0,0,0,0,0,0,0,0,0,0,0,0,0,0,0,0,0,0,0,0,0,0,0,2,5,2,4,2,2,6,3,0,0,26
2010,Compact video description for copy detection with precise temporal alignment,"Douze M., Jegou H., Schmid C., Perez P.",3029743,Lecture Notes in Computer Science (including subseries Lecture Notes in Artificial Intelligence and Lecture Notes in Bioinformatics),6311,1,0,0,0,0,0,0,0,0,0,0,0,0,0,0,0,0,0,0,0,0,0,0,0,0,0,0,0,0,0,0,0,0,0,0,0,0,0,0,0,0,0,0,0,3,4,3,3,2,4,4,2,0,0,25
2001,Face detection in a video sequence - A temporal approach,"Mikolajczyk K., Choudhury R., Schmid C.",10636919,Proceedings of the IEEE Computer Society Conference on Computer Vision and Pattern Recognition,2, ,0,0,0,0,0,0,0,0,0,0,0,0,0,0,0,0,0,0,0,0,0,0,0,0,0,0,0,0,0,0,0,0,0,1,3,2,4,2,3,1,3,1,3,0,0,0,0,1,0,0,1,0,0,25
2016,The Thermal Infrared Visual Object Tracking VOT-TIR2015 Challenge Results,"Felsberg M., Berg A., Hager G., Ahlberg J., Kristan M., Matas J., Leonardis A., Cehovin L., Fernandez G., Vojir T., Nebehay G., Pflugfelder R., Lukezic A., Garcia-Martin A., Saffari A., Li A., Montero A.S., Zhao B., Schmid C., Chen D., Du D., Khan F.S., Porikli F., Zhu G., Zhu G., Lu H., Kieritz H., Li H., Qi H., Jeong J.-C., Cho J.-I., Lee J.-Y., Zhu J., Li J., Feng J., Wang J., Kim J.-W., Lang J., Martinez J.M., Xue K., Alahari K., Ma L., Ke L., Wen L., Bertinetto L., Danelljan M., Arens M., Tang M., Chang M.-C., Miksik O., Torr P.H.S., Martin-Nieto R., Laganiere R., Hare S., Lyu S., Zhu S.-C., Becker S., Hicks S.L., Golodetz S., Choi S., Wu T., Hubner W., Zhao X., Hua Y., Li Y., Lu Y., Li Y., Yuan Z., Hong Z.",15505499,Proceedings of the IEEE International Conference on Computer Vision,2016-, ,0,0,0,0,0,0,0,0,0,0,0,0,0,0,0,0,0,0,0,0,0,0,0,0,0,0,0,0,0,0,0,0,0,0,0,0,0,0,0,0,0,0,0,0,0,0,0,4,3,7,9,1,0,24
2011,A time series kernel for action recognition,"Gaidon A., Harchaoui Z., Schmid C.",,BMVC 2011 - Proceedings of the British Machine Vision Conference 2011,, ,0,0,0,0,0,0,0,0,0,0,0,0,0,0,0,0,0,0,0,0,0,0,0,0,0,0,0,0,0,0,0,0,0,0,0,0,0,0,0,0,0,0,0,4,4,5,3,4,2,0,2,0,0,24
2009,Spatial pyramid matching,"Lazebnik S., Schmid C., Ponce J.",,Object Categorization: Computer and Human Vision Perspectives,9.78052E+12, ,0,0,0,0,0,0,0,0,0,0,0,0,0,0,0,0,0,0,0,0,0,0,0,0,0,0,0,0,0,0,0,0,0,0,0,0,0,0,0,0,0,0,5,0,5,2,3,2,2,3,0,0,0,22
2004,"Segmenting, modeling, and matching video clips containing multiple moving objects","Rothganger F., Lazebnik S., Schmid C., Ponce J.",10636919,Proceedings of the IEEE Computer Society Conference on Computer Vision and Pattern Recognition,2, ,0,0,0,0,0,0,0,0,0,0,0,0,0,0,0,0,0,0,0,0,0,0,0,0,0,0,0,0,0,0,0,0,0,0,0,0,6,7,1,1,3,1,1,0,0,1,0,0,0,0,1,0,0,22
2006,Combining regions and patches for object class localization,"Pantofaru C., Dorko G., Schmid C., Hebert M.",10636919,Proceedings of the IEEE Computer Society Conference on Computer Vision and Pattern Recognition,2006, ,0,0,0,0,0,0,0,0,0,0,0,0,0,0,0,0,0,0,0,0,0,0,0,0,0,0,0,0,0,0,0,0,0,0,0,0,0,0,2,2,4,1,2,0,4,3,2,0,1,0,0,0,0,21
2016,Analysing Domain Shift Factors between Videos and Images for Object Detection,"Kalogeiton V., Ferrari V., Schmid C.",1628828,IEEE Transactions on Pattern Analysis and Machine Intelligence,38,11,0,0,0,0,0,0,0,0,0,0,0,0,0,0,0,0,0,0,0,0,0,0,0,0,0,0,0,0,0,0,0,0,0,0,0,0,0,0,0,0,0,0,0,0,0,0,0,1,10,2,7,0,0,20
2013,Stable hyper-pooling and query expansion for event detection,"Douze M., Revaud J., Schmid C., Jegou H.",,Proceedings of the IEEE International Conference on Computer Vision,, ,0,0,0,0,0,0,0,0,0,0,0,0,0,0,0,0,0,0,0,0,0,0,0,0,0,0,0,0,0,0,0,0,0,0,0,0,0,0,0,0,0,0,0,0,0,0,5,1,4,3,5,0,0,18
2018,BodyNet: Volumetric inference of 3D human body shapes,"Varol G., Ceylan D., Russell B., Yang J., Yumer E., Laptev I., Schmid C.",3029743,Lecture Notes in Computer Science (including subseries Lecture Notes in Artificial Intelligence and Lecture Notes in Bioinformatics),11211, ,0,0,0,0,0,0,0,0,0,0,0,0,0,0,0,0,0,0,0,0,0,0,0,0,0,0,0,0,0,0,0,0,0,0,0,0,0,0,0,0,0,0,0,0,0,0,0,0,0,0,16,1,0,17
2017,Joint Learning of Object and Action Detectors,"Kalogeiton V., Weinzaepfel P., Ferrari V., Schmid C.",15505499,Proceedings of the IEEE International Conference on Computer Vision,2017-, ,0,0,0,0,0,0,0,0,0,0,0,0,0,0,0,0,0,0,0,0,0,0,0,0,0,0,0,0,0,0,0,0,0,0,0,0,0,0,0,0,0,0,0,0,0,0,0,0,0,5,11,0,0,16
2017,Expanded Parts Model for Semantic Description of Humans in Still Images,"Sharma G., Jurie F., Schmid C.",1628828,IEEE Transactions on Pattern Analysis and Machine Intelligence,39,1,0,0,0,0,0,0,0,0,0,0,0,0,0,0,0,0,0,0,0,0,0,0,0,0,0,0,0,0,0,0,0,0,0,0,0,0,0,0,0,0,0,0,0,0,0,0,0,1,1,8,4,1,0,15
2009,Mining visual actions from movies,"Gaidon A., Marszalek M., Schmid C.",,"British Machine Vision Conference, BMVC 2009 - Proceedings",, ,0,0,0,0,0,0,0,0,0,0,0,0,0,0,0,0,0,0,0,0,0,0,0,0,0,0,0,0,0,0,0,0,0,0,0,0,0,0,0,0,0,1,2,4,3,0,1,1,1,2,0,0,0,15
2015,Comparison of affine-invariant local detectors and descriptors,"Mikolajczyk K., Schmid C.",22195491,European Signal Processing Conference,06-10-, ,0,0,0,0,0,0,0,0,0,0,0,0,0,0,0,0,0,0,0,0,0,0,0,0,0,0,0,0,0,0,0,0,0,0,0,0,0,0,2,1,1,0,0,3,1,1,1,0,2,2,0,0,0,14
2016,Circulant Temporal Encoding for Video Retrieval and Temporal Alignment,"Douze M., Revaud J., Verbeek J., Jegou H., Schmid C.",9205691,International Journal of Computer Vision,119,3,0,0,0,0,0,0,0,0,0,0,0,0,0,0,0,0,0,0,0,0,0,0,0,0,0,0,0,0,0,0,0,0,0,0,0,0,0,0,0,0,0,0,0,0,0,0,0,0,4,3,4,1,0,12
2006,Maximally stable local description for scale selection,"Dorko G., Schmid C.",3029743,Lecture Notes in Computer Science (including subseries Lecture Notes in Artificial Intelligence and Lecture Notes in Bioinformatics),3954, ,0,0,0,0,0,0,0,0,0,0,0,0,0,0,0,0,0,0,0,0,0,0,0,0,0,0,0,0,0,0,0,0,0,0,0,0,0,0,3,0,1,1,0,1,1,1,1,1,2,0,0,0,0,12
2000,Face detection based on generic local descriptors and spatial constraints,"Vogelhuber V., Schmid C.",10514651,Proceedings - International Conference on Pattern Recognition,15,1,0,0,0,0,0,0,0,0,0,0,0,0,0,0,0,0,0,0,0,0,0,0,0,0,0,0,0,0,0,0,0,0,0,1,1,3,4,0,2,0,0,0,0,0,0,0,0,1,0,0,0,0,0,12
1993,Auto-calibration by direct observation of objects,"Crowley J.L., Bobet P., Schmid C.",2628856,Image and Vision Computing,11,2,0,0,0,0,0,0,0,0,0,0,0,0,0,0,0,0,0,0,0,0,0,0,0,0,0,2,0,2,0,0,2,0,1,0,0,2,1,0,0,0,0,0,0,1,0,0,0,0,1,0,0,0,0,12
2018,Proposal Flow: Semantic Correspondences from Object Proposals,"Ham B., Cho M., Schmid C., Ponce J.",1628828,IEEE Transactions on Pattern Analysis and Machine Intelligence,40,7,0,0,0,0,0,0,0,0,0,0,0,0,0,0,0,0,0,0,0,0,0,0,0,0,0,0,0,0,0,0,0,0,0,0,0,0,0,0,0,0,0,0,0,0,0,0,0,0,0,1,9,1,0,11
2011,INRIA@TRECVID'2011: Copy detection &amp; multimedia event detection,"Ayari M., Delhumeau J., Douze M., Jegou H., Potapov D., Revaud J., Schmid C., Yuan J.",,2011 TREC Video Retrieval Evaluation Notebook Papers,, ,0,0,0,0,0,0,0,0,0,0,0,0,0,0,0,0,0,0,0,0,0,0,0,0,0,0,0,0,0,0,0,0,0,0,0,0,0,0,0,0,0,0,0,2,2,2,1,1,2,0,1,0,0,11
2010,Inria lear-texmex: Video copy detection task,"Jegou H., Douze M., Gravier G., Schmid C., Gros P.",,2010 TREC Video Retrieval Evaluation Notebook Papers,, ,0,0,0,0,0,0,0,0,0,0,0,0,0,0,0,0,0,0,0,0,0,0,0,0,0,0,0,0,0,0,0,0,0,0,0,0,0,0,0,0,0,0,3,4,2,1,1,0,0,0,0,0,0,11
2005,Pattern recognition with local invariant features,"Schmid C., Dorko G., Lazebnik S., Mikolajczyk K., Ponce J.",,"Handbook of Pattern Recognition and Computer Vision, 3rd Edition",, ,0,0,0,0,0,0,0,0,0,0,0,0,0,0,0,0,0,0,0,0,0,0,0,0,0,0,0,0,0,0,0,0,0,0,0,0,0,1,0,1,0,3,1,2,1,0,0,0,0,2,0,0,0,11
1998,The geometry and matching of curves in multiple views,"Schmid C., Zisserman A.",3029743,Lecture Notes in Computer Science (including subseries Lecture Notes in Artificial Intelligence and Lecture Notes in Bioinformatics),1406, ,0,0,0,0,0,0,0,0,0,0,0,0,0,0,0,0,0,0,0,0,0,0,0,0,0,0,0,0,0,0,1,2,1,0,0,0,1,1,1,0,1,1,0,0,1,0,0,1,0,0,0,0,0,11
2019,MARS: Motion-augmented rgb stream for action recognition,"Crasto N., Weinzaepfel P., Alahari K., Schmid C.",10636919,Proceedings of the IEEE Computer Society Conference on Computer Vision and Pattern Recognition,2019-, ,0,0,0,0,0,0,0,0,0,0,0,0,0,0,0,0,0,0,0,0,0,0,0,0,0,0,0,0,0,0,0,0,0,0,0,0,0,0,0,0,0,0,0,0,0,0,0,0,0,0,4,6,0,10
2016,Approximate Fisher Kernels of Non-iid Image Models for Image Categorization,"Cinbis R.G., Verbeek J., Schmid C.",1628828,IEEE Transactions on Pattern Analysis and Machine Intelligence,38,6,0,0,0,0,0,0,0,0,0,0,0,0,0,0,0,0,0,0,0,0,0,0,0,0,0,0,0,0,0,0,0,0,0,0,0,0,0,0,0,0,0,0,0,0,0,0,0,0,5,3,2,0,0,10
1993,Maintaining stereo calibration by tracking image points,"Crowley James L., Bobet Philippe, Schmid Cordelia",,IEEE Computer Vision and Pattern Recognition,, ,0,0,0,0,0,0,0,0,0,0,0,0,0,0,0,0,0,0,0,0,0,0,0,0,0,2,0,0,2,1,1,0,1,0,1,0,0,0,0,1,0,1,0,0,0,0,0,0,0,0,0,0,0,10
2018,Image-Based Synthesis for Deep 3D Human Pose Estimation,"Rogez G., Schmid C.",9205691,International Journal of Computer Vision,126,9,0,0,0,0,0,0,0,0,0,0,0,0,0,0,0,0,0,0,0,0,0,0,0,0,0,0,0,0,0,0,0,0,0,0,0,0,0,0,0,0,0,0,0,0,0,0,0,0,0,1,6,2,0,9
2018,Actor and Observer: Joint Modeling of First and Third-Person Videos,"Sigurdsson G.A., Gupta A., Schmid C., Farhadi A., Alahari K.",10636919,Proceedings of the IEEE Computer Society Conference on Computer Vision and Pattern Recognition,, ,0,0,0,0,0,0,0,0,0,0,0,0,0,0,0,0,0,0,0,0,0,0,0,0,0,0,0,0,0,0,0,0,0,0,0,0,0,0,0,0,0,0,0,0,0,0,0,0,0,0,7,1,0,8
2018,End-to-end incremental learning,"Castro F.M., Marin-Jimenez M.J., Guil N., Schmid C., Alahari K.",3029743,Lecture Notes in Computer Science (including subseries Lecture Notes in Artificial Intelligence and Lecture Notes in Bioinformatics),11216, ,0,0,0,0,0,0,0,0,0,0,0,0,0,0,0,0,0,0,0,0,0,0,0,0,0,0,0,0,0,0,0,0,0,0,0,0,0,0,0,0,0,0,0,0,0,0,0,0,0,0,3,5,0,8
2019,Learning to Segment Moving Objects,"Tokmakov P., Schmid C., Alahari K.",9205691,International Journal of Computer Vision,127,3,0,0,0,0,0,0,0,0,0,0,0,0,0,0,0,0,0,0,0,0,0,0,0,0,0,0,0,0,0,0,0,0,0,0,0,0,0,0,0,0,0,0,0,0,0,0,0,0,0,0,2,4,0,6
2019,Learning joint reconstruction of hands and manipulated objects,"Hasson Y., Varol G., Tzionas D., Kalevatykh I., Black M.J., Laptev I., Schmid C.",10636919,Proceedings of the IEEE Computer Society Conference on Computer Vision and Pattern Recognition,2019-, ,0,0,0,0,0,0,0,0,0,0,0,0,0,0,0,0,0,0,0,0,0,0,0,0,0,0,0,0,0,0,0,0,0,0,0,0,0,0,0,0,0,0,0,0,0,0,0,0,0,0,4,1,0,5
2012,"AXES at TRECVID 2012: KIS, INS, and MED","Aly R., Mcguinness K., Chen S., O'Conner N.E., Chatfield K., Parkhi O.M., Arandjelovic R., Zisserman A., Fernando B., Tuytelaars T., Oneata D., Douze M., Revaud J., Schwenninger J., Potapov D., Wang H., Harchaoui Z., Verbeek J., Schmid C.",,2012 TREC Video Retrieval Evaluation Notebook Papers,, ,0,0,0,0,0,0,0,0,0,0,0,0,0,0,0,0,0,0,0,0,0,0,0,0,0,0,0,0,0,0,0,0,0,0,0,0,0,0,0,0,0,0,0,0,1,3,1,0,0,0,0,0,0,5
1993,Dynamic calibration of an active stereo head,"Crowley James L., Bobet Philippe, Schmid Cordelia",,1993 IEEE 4th International Conference on Computer Vision,, ,0,0,0,0,0,0,0,0,0,0,0,0,0,0,0,0,0,0,0,0,0,0,0,0,0,1,0,0,0,1,0,0,0,0,1,0,0,0,0,2,0,0,0,0,0,0,0,0,0,0,0,0,0,5
2018,Actor-Centric Relation Network,"Sun C., Shrivastava A., Vondrick C., Murphy K., Sukthankar R., Schmid C.",3029743,Lecture Notes in Computer Science (including subseries Lecture Notes in Artificial Intelligence and Lecture Notes in Bioinformatics),11215, ,0,0,0,0,0,0,0,0,0,0,0,0,0,0,0,0,0,0,0,0,0,0,0,0,0,0,0,0,0,0,0,0,0,0,0,0,0,0,0,0,0,0,0,0,0,0,0,0,0,0,3,1,0,4
2002,On pencils of tangent planes and the recognition of smooth 3D shapes from silhouettes,"Lazebnik S., Sethi A., Schmid C., Kriegman D., Ponce J., Hebert M.",3029743,Lecture Notes in Computer Science (including subseries Lecture Notes in Artificial Intelligence and Lecture Notes in Bioinformatics),2352, ,0,0,0,0,0,0,0,0,0,0,0,0,0,0,0,0,0,0,0,0,0,0,0,0,0,0,0,0,0,0,0,0,0,0,0,0,0,0,0,0,1,1,1,0,0,0,0,1,0,0,0,0,0,4
1996,Image retrieval using local characterization,"Schmid Cordelia, Mohr Roger",,IEEE International Conference on Image Processing,2, ,0,0,0,0,0,0,0,0,0,0,0,0,0,0,0,0,0,0,0,0,0,0,0,0,0,0,0,0,1,0,0,0,1,1,0,0,0,0,0,0,0,0,0,0,0,0,1,0,0,0,0,0,0,4
2020,LCR-Net++: Multi-Person 2D and 3D Pose Detection in Natural Images,"Rogez G., Weinzaepfel P., Schmid C.",1628828,IEEE Transactions on Pattern Analysis and Machine Intelligence,42,5,0,0,0,0,0,0,0,0,0,0,0,0,0,0,0,0,0,0,0,0,0,0,0,0,0,0,0,0,0,0,0,0,0,0,0,0,0,0,0,0,0,0,0,0,0,0,0,0,0,0,2,1,0,3
2018,Unsupervised learning of artistic styles with archetypal style analysis,"Wynen D., Schmid C., Mairal J.",10495258,Advances in Neural Information Processing Systems,2018-, ,0,0,0,0,0,0,0,0,0,0,0,0,0,0,0,0,0,0,0,0,0,0,0,0,0,0,0,0,0,0,0,0,0,0,0,0,0,0,0,0,0,0,0,0,0,0,0,0,0,0,3,0,0,3
2018,How Good Is My GAN?,"Shmelkov K., Schmid C., Alahari K.",3029743,Lecture Notes in Computer Science (including subseries Lecture Notes in Artificial Intelligence and Lecture Notes in Bioinformatics),11206, ,0,0,0,0,0,0,0,0,0,0,0,0,0,0,0,0,0,0,0,0,0,0,0,0,0,0,0,0,0,0,0,0,0,0,0,0,0,0,0,0,0,0,0,0,0,0,0,0,0,0,2,1,0,3
2009,Recent advances in large scale image search,"Jegou H., Douze M., Schmid C.",3029743,Lecture Notes in Computer Science (including subseries Lecture Notes in Artificial Intelligence and Lecture Notes in Bioinformatics),5416, ,0,0,0,0,0,0,0,0,0,0,0,0,0,0,0,0,0,0,0,0,0,0,0,0,0,0,0,0,0,0,0,0,0,0,0,0,0,0,0,0,0,0,0,1,2,0,0,0,0,0,0,0,0,3
1997,Bayesian decision versus voting for image retrieval,"Mohr R., Picard S., Schmid C.",3029743,Lecture Notes in Computer Science (including subseries Lecture Notes in Artificial Intelligence and Lecture Notes in Bioinformatics),1296, ,0,0,0,0,0,0,0,0,0,0,0,0,0,0,0,0,0,0,0,0,0,0,0,0,0,0,0,0,0,0,0,1,0,0,0,0,0,0,0,0,0,0,1,1,0,0,0,0,0,0,0,0,0,3
2019,Moulding humans: Non-parametric 3D human shape estimation from single images,"Gabeur V., Franco J.-S., Martin X., Schmid C., Rogez G.",15505499,Proceedings of the IEEE International Conference on Computer Vision,2019-, ,0,0,0,0,0,0,0,0,0,0,0,0,0,0,0,0,0,0,0,0,0,0,0,0,0,0,0,0,0,0,0,0,0,0,0,0,0,0,0,0,0,0,0,0,0,0,0,0,0,0,2,0,0,2
2013,The AXES PRO video search system,"McGuinness K., O'Connor N.E., Aly R., De Jong F., Chatfield K., Parkhi O.M., Arandjelovic R., Zisserman A., Douze M., Schmid C.",,ICMR 2013 - Proceedings of the 3rd ACM International Conference on Multimedia Retrieval,, ,0,0,0,0,0,0,0,0,0,0,0,0,0,0,0,0,0,0,0,0,0,0,0,0,0,0,0,0,0,0,0,0,0,0,0,0,0,0,0,0,0,0,0,0,0,1,0,1,0,0,0,0,0,2
2009,INRIA-LEARs participation to ImageCLEF 2009,"Douze M., Guillaumin M., Mensink T., Schmid C., Verbeek J.",16130073,CEUR Workshop Proceedings,1175, ,0,0,0,0,0,0,0,0,0,0,0,0,0,0,0,0,0,0,0,0,0,0,0,0,0,0,0,0,0,0,0,0,0,0,0,0,0,0,0,0,1,1,0,0,0,0,0,0,0,0,0,0,0,2
1998,Efficient matching with invariant local descriptors,"Mohr R., Gros P., Schmid C.",3029743,Lecture Notes in Computer Science (including subseries Lecture Notes in Artificial Intelligence and Lecture Notes in Bioinformatics),1451, ,0,0,0,0,0,0,0,0,0,0,0,0,0,0,0,0,0,0,0,0,0,0,0,0,0,0,0,0,0,0,0,0,1,0,0,0,0,0,0,0,0,1,0,0,0,0,0,0,0,0,0,0,0,2
1996,An image oriented CAD approach,"Schmid C., Bobet P., Lamiroy B., Mohr R.",3029743,Lecture Notes in Computer Science (including subseries Lecture Notes in Artificial Intelligence and Lecture Notes in Bioinformatics),1144, ,0,0,0,0,0,0,0,0,0,0,0,0,0,0,0,0,0,0,0,0,0,0,0,0,0,0,0,0,0,1,0,0,0,0,0,0,0,0,0,0,0,1,0,0,0,0,0,0,0,0,0,0,0,2
1994,Obstacle detection analysis,"Bobet Philippe, Schmid Cordelia",10636919,Proceedings of the IEEE Computer Society Conference on Computer Vision and Pattern Recognition,, ,0,0,0,0,0,0,0,0,0,0,0,0,0,0,0,0,0,0,0,0,0,0,0,0,0,0,1,0,1,0,0,0,0,0,0,0,0,0,0,0,0,0,0,0,0,0,0,0,0,0,0,0,0,2
2019,"Self-supervised learning with geometric constraints in monocular video: Connecting flow, depth, and camera","Chen Y., Schmid C., Sminchisescu C.",15505499,Proceedings of the IEEE International Conference on Computer Vision,2019-, ,0,0,0,0,0,0,0,0,0,0,0,0,0,0,0,0,0,0,0,0,0,0,0,0,0,0,0,0,0,0,0,0,0,0,0,0,0,0,0,0,0,0,0,0,0,0,0,0,0,0,0,1,0,1
2019,VideoBERT: A joint model for video and language representation learning,"Sun C., Myers A., Vondrick C., Murphy K., Schmid C.",15505499,Proceedings of the IEEE International Conference on Computer Vision,2019-, ,0,0,0,0,0,0,0,0,0,0,0,0,0,0,0,0,0,0,0,0,0,0,0,0,0,0,0,0,0,0,0,0,0,0,0,0,0,0,0,0,0,0,0,0,0,0,0,0,0,0,1,0,0,1
2019,Spreading vectors for similarity search,"Sablayrolles A., Douze M., Schmid C., Jegou H.",,"7th International Conference on Learning Representations, ICLR 2019",, ,0,0,0,0,0,0,0,0,0,0,0,0,0,0,0,0,0,0,0,0,0,0,0,0,0,0,0,0,0,0,0,0,0,0,0,0,0,0,0,0,0,0,0,0,0,0,0,0,0,0,1,0,0,1
2018,Learning from Web Videos for Event Classification,"Chesneau N., Alahari K., Schmid C.",10518215,IEEE Transactions on Circuits and Systems for Video Technology,28,10,0,0,0,0,0,0,0,0,0,0,0,0,0,0,0,0,0,0,0,0,0,0,0,0,0,0,0,0,0,0,0,0,0,0,0,0,0,0,0,0,0,0,0,0,0,0,0,0,0,0,1,0,0,1
2018,Modeling visual context is key to augmenting object detection datasets,"Dvornik N., Mairal J., Schmid C.",3029743,Lecture Notes in Computer Science (including subseries Lecture Notes in Artificial Intelligence and Lecture Notes in Bioinformatics),11216, ,0,0,0,0,0,0,0,0,0,0,0,0,0,0,0,0,0,0,0,0,0,0,0,0,0,0,0,0,0,0,0,0,0,0,0,0,0,0,0,0,0,0,0,0,0,0,0,0,0,0,1,0,0,1
2015,Unsupervised object discovery and localization in images and videos,"Cho M., Kwak S., Laptev I., Schmid C., Ponce J.",,"2015 12th International Conference on Ubiquitous Robots and Ambient Intelligence, URAI 2015",, ,0,0,0,0,0,0,0,0,0,0,0,0,0,0,0,0,0,0,0,0,0,0,0,0,0,0,0,0,0,0,0,0,0,0,0,0,0,0,0,0,0,0,0,0,0,0,0,0,0,0,1,0,0,1
2006,Class-specific subspace discriminant analysis for high-dimensional data,"Bouveyron C., Girard S., Schmid C.",3029743,Lecture Notes in Computer Science (including subseries Lecture Notes in Artificial Intelligence and Lecture Notes in Bioinformatics),3940, ,0,0,0,0,0,0,0,0,0,0,0,0,0,0,0,0,0,0,0,0,0,0,0,0,0,0,0,0,0,0,0,0,0,0,0,0,0,0,0,0,1,0,0,0,0,0,0,0,0,0,0,0,0,1
2005,Markov random fields for textures recognition with local invariant regions and their geometric relationships,"Blanchet J., Forbes F., Schmid C.",,BMVC 2005 - Proceedings of the British Machine Vision Conference 2005,, ,0,0,0,0,0,0,0,0,0,0,0,0,0,0,0,0,0,0,0,0,0,0,0,0,0,0,0,0,0,0,0,0,0,0,0,0,0,0,0,1,0,0,0,0,0,0,0,0,0,0,0,0,0,1
1999,Integrating geometric and photometric information for image retrieval,"Schmid C., Zisserman A., Mohr R.",3029743,Lecture Notes in Computer Science (including subseries Lecture Notes in Artificial Intelligence and Lecture Notes in Bioinformatics),1681, ,0,0,0,0,0,0,0,0,0,0,0,0,0,0,0,0,0,0,0,0,0,0,0,0,0,0,0,0,0,0,0,0,0,0,0,0,0,0,0,0,0,0,1,0,0,0,0,0,0,0,0,0,0,1
2019,Learning to Augment Synthetic Images for Sim2Real Policy Transfer,"Pashevich A., Strudel R., Kalevatykh I., Laptev I., Schmid C.",21530858,IEEE International Conference on Intelligent Robots and Systems,, ,0,0,0,0,0,0,0,0,0,0,0,0,0,0,0,0,0,0,0,0,0,0,0,0,0,0,0,0,0,0,0,0,0,0,0,0,0,0,0,0,0,0,0,0,0,0,0,0,0,0,0,0,0,0
2019,Supplementary material: AVA-activespeaker: an audio-visual dataset for active speaker detection,"Roth J., Chaudhuri S., Klejch O., Marvin R., Gallagher A., Kaver L., Ramaswamy S., Stopczynski A., Schmid C., Xi Z., Pantofaru C.",,"Proceedings - 2019 International Conference on Computer Vision Workshop, ICCVW 2019",, ,0,0,0,0,0,0,0,0,0,0,0,0,0,0,0,0,0,0,0,0,0,0,0,0,0,0,0,0,0,0,0,0,0,0,0,0,0,0,0,0,0,0,0,0,0,0,0,0,0,0,0,0,0,0
2019,Diversity with cooperation: Ensemble methods for few-shot classification,"Dvornik N., Mairal J., Schmid C.",15505499,Proceedings of the IEEE International Conference on Computer Vision,2019-, ,0,0,0,0,0,0,0,0,0,0,0,0,0,0,0,0,0,0,0,0,0,0,0,0,0,0,0,0,0,0,0,0,0,0,0,0,0,0,0,0,0,0,0,0,0,0,0,0,0,0,0,0,0,0
2019,Detecting unseen visual relations using analogies,"Peyre J., Sivic J., Laptev I., Schmid C.",15505499,Proceedings of the IEEE International Conference on Computer Vision,2019-, ,0,0,0,0,0,0,0,0,0,0,0,0,0,0,0,0,0,0,0,0,0,0,0,0,0,0,0,0,0,0,0,0,0,0,0,0,0,0,0,0,0,0,0,0,0,0,0,0,0,0,0,0,0,0
2019,Relational action forecasting,"Sun C., Shrivastava A., Vondrick C., Sukthankar R., Murphy K., Schmid C.",10636919,Proceedings of the IEEE Computer Society Conference on Computer Vision and Pattern Recognition,2019-, ,0,0,0,0,0,0,0,0,0,0,0,0,0,0,0,0,0,0,0,0,0,0,0,0,0,0,0,0,0,0,0,0,0,0,0,0,0,0,0,0,0,0,0,0,0,0,0,0,0,0,0,0,0,0
2019,A structured model for action detection,"Zhang Y., Tokmakov P., Hebert M., Schmid C.",10636919,Proceedings of the IEEE Computer Society Conference on Computer Vision and Pattern Recognition,2019-, ,0,0,0,0,0,0,0,0,0,0,0,0,0,0,0,0,0,0,0,0,0,0,0,0,0,0,0,0,0,0,0,0,0,0,0,0,0,0,0,0,0,0,0,0,0,0,0,0,0,0,0,0,0,0
2019,White-box vs Black-box: Bayes optimal strategies for membership inference,"Sablayrolles A., Douze M., Ollivier Y., Schmid C., Jegou H.",,"36th International Conference on Machine Learning, ICML 2019",2019-, ,0,0,0,0,0,0,0,0,0,0,0,0,0,0,0,0,0,0,0,0,0,0,0,0,0,0,0,0,0,0,0,0,0,0,0,0,0,0,0,0,0,0,0,0,0,0,0,0,0,0,0,0,0,0
2019,On the Importance of Visual Context for Data Augmentation in Scene Understanding,"Dvornik N., Mairal J., Schmid C.",1628828,IEEE Transactions on Pattern Analysis and Machine Intelligence,, ,0,0,0,0,0,0,0,0,0,0,0,0,0,0,0,0,0,0,0,0,0,0,0,0,0,0,0,0,0,0,0,0,0,0,0,0,0,0,0,0,0,0,0,0,0,0,0,0,0,0,0,0,0,0
2018,A flexible model for training action localization with varying levels of supervision,"Cheron G., Alayrac J.-B., Laptev I., Schmid C.",10495258,Advances in Neural Information Processing Systems,2018-, ,0,0,0,0,0,0,0,0,0,0,0,0,0,0,0,0,0,0,0,0,0,0,0,0,0,0,0,0,0,0,0,0,0,0,0,0,0,0,0,0,0,0,0,0,0,0,0,0,0,0,0,0,0,0
2017,Detecting parts for action localization,"Chesneau N., Rogez G., Alahari K., Schmid C.",,"British Machine Vision Conference 2017, BMVC 2017",, ,0,0,0,0,0,0,0,0,0,0,0,0,0,0,0,0,0,0,0,0,0,0,0,0,0,0,0,0,0,0,0,0,0,0,0,0,0,0,0,0,0,0,0,0,0,0,0,0,0,0,0,0,0,0
2012,Photometric Invariance from Color Ratios,Schmid C.,,Color in Computer Vision: Fundamentals and Applications,, ,0,0,0,0,0,0,0,0,0,0,0,0,0,0,0,0,0,0,0,0,0,0,0,0,0,0,0,0,0,0,0,0,0,0,0,0,0,0,0,0,0,0,0,0,0,0,0,0,0,0,0,0,0,0
2012,Color Naming,"Benavente R., Vanrell M., Schmid C., Baldrich R., Verbeek J., Larlus D.",,Color in Computer Vision: Fundamentals and Applications,, ,0,0,0,0,0,0,0,0,0,0,0,0,0,0,0,0,0,0,0,0,0,0,0,0,0,0,0,0,0,0,0,0,0,0,0,0,0,0,0,0,0,0,0,0,0,0,0,0,0,0,0,0,0,0
2012,LEAR @ TrecVid MED 2012,"Oneata D., Douze M., Revaud J., Schwenninger J., Wang H., Potapov D., Harchaoui Z., Verbeek J., Schmid C.",,2012 TREC Video Retrieval Evaluation Notebook Papers,, ,0,0,0,0,0,0,0,0,0,0,0,0,0,0,0,0,0,0,0,0,0,0,0,0,0,0,0,0,0,0,0,0,0,0,0,0,0,0,0,0,0,0,0,0,0,0,0,0,0,0,0,0,0,0
2011,INRIA@TRECVID-CCD,"Ayari M., Delhumeau J., Douze M., Jegou H., Potapov D., Revaud J., Schmid C., Yuan J.",,2011 TREC Video Retrieval Evaluation Notebook Papers,, ,0,0,0,0,0,0,0,0,0,0,0,0,0,0,0,0,0,0,0,0,0,0,0,0,0,0,0,0,0,0,0,0,0,0,0,0,0,0,0,0,0,0,0,0,0,0,0,0,0,0,0,0,0,0
2010,Shape Recognition in Images,"Gros P., Schmid C.",,Visual Perception through Video Imagery,, ,0,0,0,0,0,0,0,0,0,0,0,0,0,0,0,0,0,0,0,0,0,0,0,0,0,0,0,0,0,0,0,0,0,0,0,0,0,0,0,0,0,0,0,0,0,0,0,0,0,0,0,0,0,0
2010,Inria lear-texmex: Copy detection task,"Jegou H., Gravier G., Gros P., Douze M., Schmid C.",,2010 TREC Video Retrieval Evaluation Notebook Papers,, ,0,0,0,0,0,0,0,0,0,0,0,0,0,0,0,0,0,0,0,0,0,0,0,0,0,0,0,0,0,0,0,0,0,0,0,0,0,0,0,0,0,0,0,0,0,0,0,0,0,0,0,0,0,0
2009,Large scale image search,"Jegou H., Douze M., Schmid C.",,"Proceedings of the 11th IAPR Conference on Machine Vision Applications, MVA 2009",, ,0,0,0,0,0,0,0,0,0,0,0,0,0,0,0,0,0,0,0,0,0,0,0,0,0,0,0,0,0,0,0,0,0,0,0,0,0,0,0,0,0,0,0,0,0,0,0,0,0,0,0,0,0,0
2008,International Journal of Computer Vision: Editorial,"Schmid C., Soatto S., Tomasi C.",9205691,International Journal of Computer Vision,76,2,0,0,0,0,0,0,0,0,0,0,0,0,0,0,0,0,0,0,0,0,0,0,0,0,0,0,0,0,0,0,0,0,0,0,0,0,0,0,0,0,0,0,0,0,0,0,0,0,0,0,0,0,0,0
2005,Proceedings of the 2005 Computer Society Conference on Computer Vision and Pattern Recognition (CVPR'05): Preface,"Hebert M., Kriegman D., Schmid C., Soatto S., Tomasi C.",,"Proceedings - 2005 IEEE Computer Society Conference on Computer Vision and Pattern Recognition, CVPR 2005",I, ,0,0,0,0,0,0,0,0,0,0,0,0,0,0,0,0,0,0,0,0,0,0,0,0,0,0,0,0,0,0,0,0,0,0,0,0,0,0,0,0,0,0,0,0,0,0,0,0,0,0,0,0,0,0
1998,Building and using hypervideos,"Bertolino P., Mohr R., Schmid C., Bouthemy P., Gelgon M., Spindler F., Benayoun S., Bernard H., Recherche A.A.",,"Proceedings - 4th IEEE Workshop on Applications of Computer Vision, WACV 1998",1998-, ,0,0,0,0,0,0,0,0,0,0,0,0,0,0,0,0,0,0,0,0,0,0,0,0,0,0,0,0,0,0,0,0,0,0,0,0,0,0,0,0,0,0,0,0,0,0,0,0,0,0,0,0,0,0
