," 作者:Shenker, Scott J.",,,,,,,,,,,,,,,,,,,,,,,,,,,,,,,,,,,,,,,,,,,,,,,,,,,,,,,,,,,
,,,,,,,,,,,,,,,,,,,,,,,,,,,,,,,,,,,,,,,,,,,,,,,,,,,,,,,,,,,,
,h-index = 96 (在纳入 h-Index 的 299 文献中，有 96 篇已被至少引用 96 次。),,,,,,,,,,,,,,,,,,,,,,,,,,,,,,,,,,,,,,,,,,,,,,,,,,,,,,,,,,,
,,,,,,,,,,,,,,,,,,,,,,,,,,,,,,,,,,,,,,,,,,,,,,,,,,,,,,,,,,,,
,,,,,,,,,,,,,,,,,,,,,,,,,,,,,,,,,,,,,,,,,,,,,,,,,,,,,,,,,,,,
,,,,,,,<1970,1970,1971,1972,1973,1974,1975,1976,1977,1978,1979,1980,1981,1982,1983,1984,1985,1986,1987,1988,1989,1990,1991,1992,1993,1994,1995,1996,1997,1998,1999,2000,2001,2002,2003,2004,2005,2006,2007,2008,2009,2010,2011,2012,2013,2014,2015,2016,2017,2018,2019,2020,>2020,总计
出版年份,文献标题,作者,ISSN,期刊标题,卷,期,0,0,0,0,0,0,0,0,0,0,0,0,0,0,0,0,0,0,0,0,3,12,15,36,48,55,97,109,166,257,299,308,615,714,1153,1494,1971,2027,2241,1955,2171,2191,2022,2133,2232,2319,2764,3336,3226,3213,3247,676,0,43105
2001,A scalable content-addressable network,"Ratnasamy S., Francis P., Handley M., Karp R., Schenker S.",1464833,Computer Communication Review,31,4,0,0,0,0,0,0,0,0,0,0,0,0,0,0,0,0,0,0,0,0,0,0,0,0,0,0,0,0,0,0,0,0,0,20,89,150,220,194,293,217,268,290,228,153,155,109,82,73,48,48,37,8,0,2682
1999,Web caching and zipf-like distributions: Evidence and implications,"Breslau L., Cao P., Fan L., Phillips G., Shenker S.",0743166X,Proceedings - IEEE INFOCOM,1, ,0,0,0,0,0,0,0,0,0,0,0,0,0,0,0,0,0,0,0,0,0,0,0,0,0,0,0,0,0,0,7,15,55,80,90,120,104,107,94,94,78,74,96,117,131,122,129,177,159,186,179,44,0,2258
2012,Resilient distributed datasets: A fault-tolerant abstraction for in-memory cluster computing,"Zaharia M., Chowdhury M., Das T., Dave A., Ma J., McCauley M., Franklin M.J., Shenker S., Stoica I.",,Proceedings of NSDI 2012: 9th USENIX Symposium on Networked Systems Design and Implementation,, ,0,0,0,0,0,0,0,0,0,0,0,0,0,0,0,0,0,0,0,0,0,0,0,0,0,0,0,0,0,0,0,0,0,0,0,0,0,0,7,0,0,0,0,9,56,106,244,429,470,391,397,74,0,2183
2020,Spark: Cluster computing with working sets,"Zaharia M., Chowdhury M., Franklin M.J., Shenker S., Stoica I.",,"2nd USENIX Workshop on Hot Topics in Cloud Computing, HotCloud 2010",, ,0,0,0,0,0,0,0,0,0,0,0,0,0,0,0,0,0,0,0,0,0,0,0,0,0,0,0,0,0,0,0,0,0,0,0,0,0,0,3,0,0,1,9,18,31,67,219,359,313,264,237,40,0,1561
1994,MACAW: A media access protocol for wireless LAN's,"Bharghavan V., Demers A., Shenker S., Zhang L.",,"Proceedings of the Conference on Communications Architectures, Protocols and Applications, SIGCOMM 1994",, ,0,0,0,0,0,0,0,0,0,0,0,0,0,0,0,0,0,0,0,0,0,0,0,0,0,1,1,2,4,13,20,21,40,59,87,117,147,150,109,88,85,114,69,59,73,42,43,40,24,26,17,5,0,1456
1989,Analysis and simulation of a fair queueing algorithm,"Demers Alan, Keshav Srinivasan, Shenker Scott",,,, ,0,0,0,0,0,0,0,0,0,0,0,0,0,0,0,0,0,0,0,0,0,6,6,9,9,7,21,10,28,30,58,40,70,70,79,76,89,75,63,56,71,49,56,51,41,35,33,55,35,29,35,8,0,1300
2002,Search and replication in unstructured peer-to-peer networks,"Lv Q., Cao P., Cohen E., Li K., Shenker S.",,Proceedings of the International Conference on Supercomputing,, ,0,0,0,0,0,0,0,0,0,0,0,0,0,0,0,0,0,0,0,0,0,0,0,0,0,0,0,0,0,0,0,0,0,4,32,85,105,120,121,109,111,108,65,74,49,42,26,26,15,16,16,5,0,1129
1995,Scheduling model for reduced CPU energy,"Yao Frances, Demers Alan, Shenker Scott",2725428,Annual Symposium on Foundations of Computer Science - Proceedings,, ,0,0,0,0,0,0,0,0,0,0,0,0,0,0,0,0,0,0,0,0,0,0,0,0,0,0,0,0,1,1,1,3,29,28,39,41,57,42,55,46,57,50,62,68,69,85,68,57,55,44,32,15,0,1005
1987,Epidemic algorithms for replicated database maintenance,"Demers A., Greene D., Hauser C., Irish W., Larson J., Shenker S., Sturgis H., Swinehart D., Terry D.",,Proceedings of the Annual ACM Symposium on Principles of Distributed Computing,130235, ,0,0,0,0,0,0,0,0,0,0,0,0,0,0,0,0,0,0,0,0,2,4,3,3,2,3,2,5,1,2,4,9,13,37,46,36,47,66,68,53,75,66,71,59,49,41,42,34,41,41,36,2,0,963
2010,Delay scheduling: A simple technique for achieving locality and fairness in cluster scheduling,"Zaharia M., Borthakur D., Sen Sarma J., Elmeleegy K., Shenker S., Stoica I.",,EuroSys'10 - Proceedings of the EuroSys 2010 Conference,, ,0,0,0,0,0,0,0,0,0,0,0,0,0,0,0,0,0,0,0,0,0,0,0,0,0,0,0,0,0,0,0,0,0,0,0,0,0,0,2,0,0,5,48,76,70,109,112,126,116,110,84,18,0,876
2007,A data-oriented (and beyond) network architecture,"Koponen T., Chawla M., Chun B.-G., Ermolinskiy A., Kim K.H., Shenker S., Stoica I.",,ACM SIGCOMM 2007: Conference on Computer Communications,, ,0,0,0,0,0,0,0,0,0,0,0,0,0,0,0,0,0,0,0,0,0,0,0,0,0,0,0,0,0,0,0,0,0,0,0,0,0,0,3,11,21,36,80,136,136,106,119,65,41,36,33,4,0,827
1995,Fundamental Design Issues for the Future Internet,Shenker S.,7338716,IEEE Journal on Selected Areas in Communications,13,7,0,0,0,0,0,0,0,0,0,0,0,0,0,0,0,0,0,0,0,0,0,0,0,0,0,0,0,6,3,11,8,18,29,28,30,38,55,56,68,59,57,40,60,44,36,28,34,32,26,17,22,4,0,809
2011,Mesos: A platform for fine-grained resource sharing in the data center,"Hindman B., Konwinski A., Zaharia M., Ghodsi A., Joseph A.D., Katz R., Shenker S., Stoica I.",,Proceedings of NSDI 2011: 8th USENIX Symposium on Networked Systems Design and Implementation,, ,0,0,0,0,0,0,0,0,0,0,0,0,0,0,0,0,0,0,0,0,0,0,0,0,0,0,0,0,0,0,0,0,0,0,0,0,0,0,3,0,0,0,6,18,47,64,97,122,143,138,138,31,0,807
1993,RSVP: A New Resource ReSerVation Protocol: Novel design features lead to an Internet protocol that is flexible and scalable.,"Zhang L., Deering S., Estrin D., Shenker S., Zappala D.",8908044,IEEE Network,7,5,0,0,0,0,0,0,0,0,0,0,0,0,0,0,0,0,0,0,0,0,0,0,0,0,1,17,25,28,50,79,54,61,87,59,59,41,45,43,27,20,21,13,11,13,9,4,1,11,3,7,6,1,0,796
1994,Scheduling for reduced cpu energy,"Weiser M., Welch B., Demers A., Shenker S.",,"Proceedings of the 1st USENIX Conference on Operating Systems Design and Implementation, OSDI 1994",, ,0,0,0,0,0,0,0,0,0,0,0,0,0,0,0,0,0,0,0,0,0,0,0,0,0,0,0,1,0,4,6,20,31,37,42,43,57,43,39,41,45,32,25,49,37,27,28,25,14,20,11,7,0,684
2005,Overcoming the internet impasse through virtualization,"Anderson T., Peterson L., Shenker S., Turner J.",189162,Computer,38,4,0,0,0,0,0,0,0,0,0,0,0,0,0,0,0,0,0,0,0,0,0,0,0,0,0,0,0,0,0,0,0,0,0,0,0,0,0,4,15,23,32,45,74,87,87,53,55,52,49,37,27,5,0,645
2016,Apache spark: A unified engine for big data processing,"Zaharia M., Xin R.S., Wendell P., Das T., Armbrust M., Dave A., Meng X., Rosen J., Venkataraman S., Franklin M.J., Ghodsi A., Gonzalez J., Shenker S., Stoica I.",10782,Communications of the ACM,59,11,0,0,0,0,0,0,0,0,0,0,0,0,0,0,0,0,0,0,0,0,0,0,0,0,0,0,0,0,0,0,0,0,0,0,0,0,0,0,2,0,0,0,0,0,0,0,0,0,43,191,310,80,0,626
2002,Topologically-aware overlay construction and server selection,"Ratnasamy S., Handley M., Karp R., Shenker S.",0743166X,Proceedings - IEEE INFOCOM,3, ,0,0,0,0,0,0,0,0,0,0,0,0,0,0,0,0,0,0,0,0,0,0,0,0,0,0,0,0,0,0,0,0,0,11,43,46,75,56,51,50,51,49,31,25,23,10,11,8,8,8,7,0,0,563
2002,GHT: A Geographic Hash Table for data-centric storage,"Ratnasamy S., Karp B., Yin L., Yu F., Estrin D., Govindan R., Shenker S.",,Proceedings of the ACM International Workshop on Wireless Sensor Networks and Applications,, ,0,0,0,0,0,0,0,0,0,0,0,0,0,0,0,0,0,0,0,0,0,0,0,0,0,0,0,0,0,0,0,0,0,0,20,26,42,56,44,42,62,54,42,43,30,19,21,20,13,10,6,1,0,551
2003,Geographic Routing without Location Information,"Rao A., Ratnasamy S., Papadimitriou C., Shenker S., Stoica I.",,"Proceedings of the Annual International Conference on Mobile Computing and Networking, MOBICOM",, ,0,0,0,0,0,0,0,0,0,0,0,0,0,0,0,0,0,0,0,0,0,0,0,0,0,0,0,0,0,0,0,0,0,0,1,22,46,46,53,41,63,38,43,32,34,31,19,28,12,4,12,4,0,529
2013,Discretized streams: Fault-tolerant streaming computation at scale,"Zaharia M., Das T., Li H., Hunter T., Shenker S., Stoica I.",,SOSP 2013 - Proceedings of the 24th ACM Symposium on Operating Systems Principles,, ,0,0,0,0,0,0,0,0,0,0,0,0,0,0,0,0,0,0,0,0,0,0,0,0,0,0,0,0,0,0,0,0,0,0,0,0,0,0,3,0,0,0,0,0,1,27,58,108,116,91,95,16,0,515
2011,Dominant resource fairness: Fair allocation of multiple resource types,"Ghodsi A., Zaharia M., Hindman B., Konwinski A., Shenker S., Stoica I.",,Proceedings of NSDI 2011: 8th USENIX Symposium on Networked Systems Design and Implementation,, ,0,0,0,0,0,0,0,0,0,0,0,0,0,0,0,0,0,0,0,0,0,0,0,0,0,0,0,0,0,0,0,0,0,0,0,0,0,0,2,0,0,0,5,14,33,54,59,76,83,81,81,17,0,505
2001,"Highly-resilient, energy-efficient multipath routing in wireless sensor networks","Ganesan D., Govindan R., Shenker S., Estrin D.",,Proceedings of the 2001 ACM International Symposium on Mobile Ad Hoc Networking and Computing: MobiHoc 2001,, ,0,0,0,0,0,0,0,0,0,0,0,0,0,0,0,0,0,0,0,0,0,0,0,0,0,0,0,0,0,0,0,0,0,0,13,16,33,40,35,37,38,43,35,35,35,20,16,23,10,16,13,4,0,462
2000,Randomized rumor spreading,"Karp R., Schindelhauer C., Shenker S., Vocking B.",2725428,Annual Symposium on Foundations of Computer Science - Proceedings,, ,0,0,0,0,0,0,0,0,0,0,0,0,0,0,0,0,0,0,0,0,0,0,0,0,0,0,0,0,0,0,0,0,1,2,9,10,13,27,22,14,31,35,35,21,37,27,23,27,25,26,26,6,0,417
2003,Making Gnutella-like P2P Systems Scalable,"Chawathe Y., Ratnasamy S., Breslau L., Lanham N., Shenker S.",1464833,Computer Communication Review,33,4,0,0,0,0,0,0,0,0,0,0,0,0,0,0,0,0,0,0,0,0,0,0,0,0,0,0,0,0,0,0,0,0,0,0,0,11,20,32,48,39,58,44,32,26,20,21,11,21,6,14,11,2,0,416
2002,Controlling high bandwidth aggregates in the network,"Mahajan R., Bellovin S.M., Floyd S., Ioannidis J., Paxson V., Shenker S.",1464833,Computer Communication Review,32,3,0,0,0,0,0,0,0,0,0,0,0,0,0,0,0,0,0,0,0,0,0,0,0,0,0,0,0,0,0,0,0,0,0,1,17,25,45,48,36,27,22,23,27,31,15,17,11,14,10,17,12,6,0,404
2007,Ethane: Taking control of the enterprise,"Casado M., Freedman M.J., Pettit J., Luo J., Mckeown N., Shenker S.",,ACM SIGCOMM 2007: Conference on Computer Communications,, ,0,0,0,0,0,0,0,0,0,0,0,0,0,0,0,0,0,0,0,0,0,0,0,0,0,0,0,0,0,0,0,0,0,0,0,0,0,0,2,7,23,23,21,31,51,65,55,45,22,32,16,4,0,397
2003,"Data-centric storage in sensornets with GHT, a geographic Hash Table","Ratnasamy S., Karp B., Shenker S., Estrin D., Govindan R., Yin L., Yu F.",1383469X,Mobile Networks and Applications,8,4,0,0,0,0,0,0,0,0,0,0,0,0,0,0,0,0,0,0,0,0,0,0,0,0,0,0,0,0,0,0,0,0,0,0,1,6,25,23,48,38,37,51,32,34,27,18,20,17,10,3,4,0,0,394
1992,Supporting real-time applications in an integrated services packet network: architecture and mechanism,"Clark David D., Shenker Scott, Zhang Lixia",,Conference Proceedings Communications Architectures &amp; Protocols,, ,0,0,0,0,0,0,0,0,0,0,0,0,0,0,0,0,0,0,0,0,0,0,0,0,15,16,26,18,18,28,31,18,25,20,22,13,20,10,6,5,9,5,11,4,3,1,3,3,1,4,1,1,0,337
2003,A Simple Algorithm for Finding Frequent Elements in Streams and Bags,"Karp R.M., Shenker S., Papadimitriou C.H.",3625915,ACM Transactions on Database Systems,28,1,0,0,0,0,0,0,0,0,0,0,0,0,0,0,0,0,0,0,0,0,0,0,0,0,0,0,0,0,0,0,0,0,0,0,5,10,19,21,20,21,31,24,21,14,28,25,9,25,15,22,21,3,0,334
2003,On a Network Creation Game,"Fabrikant A., Luthra A., Maneva E., Papadimitriou C.H., Shenker S.",,Proceedings of the Annual ACM Symposium on Principles of Distributed Computing,22, ,0,0,0,0,0,0,0,0,0,0,0,0,0,0,0,0,0,0,0,0,0,0,0,0,0,0,0,0,0,0,0,0,0,0,0,12,10,22,26,25,25,24,18,24,23,20,28,18,20,11,13,7,0,326
2007,A data-oriented (and Beyond) network architecture,"Koponen T., Chawla M., Chun B.-G., Ermolinskiy A., Kim K.H., Shenker S., Stoica I.",1464833,Computer Communication Review,37,4,0,0,0,0,0,0,0,0,0,0,0,0,0,0,0,0,0,0,0,0,0,0,0,0,0,0,0,0,0,0,0,0,0,0,0,0,0,0,0,0,2,8,2,10,11,35,33,56,50,50,53,11,0,321
2001,On the Constancy of Internet Path Properties,"Zhang Y., Duffield N., Paxson V., Shenker S.",,Proceedings of the ACM SIGCOMM Internet Measurement Workshop,, ,0,0,0,0,0,0,0,0,0,0,0,0,0,0,0,0,0,0,0,0,0,0,0,0,0,0,0,0,0,0,0,0,0,8,28,25,36,29,34,25,26,24,15,14,10,5,4,2,5,6,4,3,0,303
2002,The origin of power laws in Internet topologies revisited,"Chen Q., Chang H., Govindan R., Jamin S., Shenker S.J., Willinger W.",0743166X,Proceedings - IEEE INFOCOM,2, ,0,0,0,0,0,0,0,0,0,0,0,0,0,0,0,0,0,0,0,0,0,0,0,0,0,0,0,0,0,0,0,0,0,4,25,27,27,29,26,17,19,19,19,15,14,6,15,4,6,6,4,0,0,282
2002,Replication strategies in unstructured peer-to-peer networks,"Cohen E., Shenker S.",1464833,Computer Communication Review,32,4,0,0,0,0,0,0,0,0,0,0,0,0,0,0,0,0,0,0,0,0,0,0,0,0,0,0,0,0,0,0,0,0,0,0,0,5,10,11,21,26,37,35,22,24,21,19,13,9,7,7,8,2,0,277
2003,Querying the internet with PIER,"Huebsch R., Hellerstein J.M., Lanham N., Loo B.T., Shenker S., Stoica I.",,"Proceedings - 29th International Conference on Very Large Data Bases, VLDB 2003",, ,0,0,0,0,0,0,0,0,0,0,0,0,0,0,0,0,0,0,0,0,0,0,0,0,0,0,0,0,0,0,0,0,0,0,1,28,40,33,30,35,28,19,16,14,5,5,3,5,2,0,3,0,0,267
1997,A measurement-based admission control algorithm for integrated service packet networks,"Jamin S., Danzig P.B., Shenker S.J., Zhang L.",10636692,IEEE/ACM Transactions on Networking,5,1,0,0,0,0,0,0,0,0,0,0,0,0,0,0,0,0,0,0,0,0,0,0,0,0,0,0,0,0,2,5,16,12,27,20,14,19,19,31,23,19,9,11,5,3,9,1,2,2,2,2,2,0,0,255
2013,Shark: SQL and rich analytics at scale,"Xin R.S., Rosen J., Zaharia M., Franklin M.J., Shenker S., Stoica I.",7308078,Proceedings of the ACM SIGMOD International Conference on Management of Data,, ,0,0,0,0,0,0,0,0,0,0,0,0,0,0,0,0,0,0,0,0,0,0,0,0,0,0,0,0,0,0,0,0,0,0,0,0,0,0,1,0,0,0,0,0,8,34,55,62,45,29,13,4,0,251
2001,Sharing the cost of multicast transmissions,"Feigenbaum J., Papadimitriou C.H., Shenker S.",220000,Journal of Computer and System Sciences,63,1,0,0,0,0,0,0,0,0,0,0,0,0,0,0,0,0,0,0,0,0,0,0,0,0,0,0,0,0,0,0,0,0,1,3,17,23,22,27,27,23,18,15,8,13,6,9,7,3,6,4,4,1,0,237
1989,Sequencing in an assembly line with blocking to minimize cycle time,"McCormick S.Thomas, Pinedo Michael L., Shenker Scott, Wolf Barry",0030364X,Operations Research,37,6,0,0,0,0,0,0,0,0,0,0,0,0,0,0,0,0,0,0,0,0,0,1,1,5,1,3,3,11,10,7,5,5,10,8,2,5,4,3,9,8,8,11,12,18,15,5,14,19,8,11,12,2,0,236
2002,Distributed algorithmic mechanism design: Recent results and future directions,"Feigenbaum J., Shenker S.",,Proceedings of the Discrete Algorithms and Methods for Mobile Computing and Communications,, ,0,0,0,0,0,0,0,0,0,0,0,0,0,0,0,0,0,0,0,0,0,0,0,0,0,0,0,0,0,0,0,0,0,1,16,32,44,20,24,22,16,10,8,11,8,9,3,1,4,2,2,0,0,233
2001,Strategyproof sharing of submodular costs: Budget balance versus efficiency,"Moulin H., Shenker S.",9382259,Economic Theory,18,3,0,0,0,0,0,0,0,0,0,0,0,0,0,0,0,0,0,0,0,0,0,0,0,0,0,0,0,0,0,0,0,0,0,3,6,7,16,16,22,18,15,13,10,18,11,20,11,14,9,13,10,1,0,233
2013,pFabric: Minimal near-optimal datacenter transport,"Alizadeh M., Yang S., Sharif M., Katti S., McKeown N., Prabhakar B., Shenker S.",,"SIGCOMM 2013 - Proceedings of the ACM SIGCOMM 2013 Conference on Applications, Technologies, Architectures, and Protocols for Computer Communication",, ,0,0,0,0,0,0,0,0,0,0,0,0,0,0,0,0,0,0,0,0,0,0,0,0,0,0,0,0,0,0,0,0,0,0,0,0,0,0,0,0,0,0,0,0,2,22,41,58,45,21,34,2,0,225
2011,Information-centric networking: Seeing the forest for the trees,"Ghodsi A., Shenker S., Koponen T., Singla A., Raghavan B., Wilcox J.",,"Proceedings of the 10th ACM Workshop on Hot Topics in Networks, HotNets-10",, ,0,0,0,0,0,0,0,0,0,0,0,0,0,0,0,0,0,0,0,0,0,0,0,0,0,0,0,0,0,0,0,0,0,0,0,0,0,0,0,0,0,0,0,19,38,35,33,35,23,20,19,3,0,225
2003,Data-centric storage in sensornets,"Shenker S., Ratnasamy S., Karp B., Govindan R., Estrin D.",1464833,Computer Communication Review,33,1,0,0,0,0,0,0,0,0,0,0,0,0,0,0,0,0,0,0,0,0,0,0,0,0,0,0,0,0,0,0,0,0,0,0,1,6,14,18,22,22,27,26,19,18,12,9,10,8,4,5,1,0,0,222
2019,Onix: A distributed control platform for large-scale production networks,"Koponen T., Casado M., Gude N., Stribling J., Poutievski L., Zhu M., Ramanathan R., Iwata Y., Inoue H., Hama T., Shenker S.",,"Proceedings of the 9th USENIX Symposium on Operating Systems Design and Implementation, OSDI 2010",, ,0,0,0,0,0,0,0,0,0,0,0,0,0,0,0,0,0,0,0,0,0,0,0,0,0,0,0,0,0,0,0,0,0,0,0,0,0,0,0,0,0,0,2,3,11,23,26,19,46,49,36,5,0,220
2001,Application-level multicast using Content-Addressable Networks,"Ratnasamy S., Handley M., Karp R., Shenker S.",3029743,Lecture Notes in Computer Science (including subseries Lecture Notes in Artificial Intelligence and Lecture Notes in Bioinformatics),2233, ,0,0,0,0,0,0,0,0,0,0,0,0,0,0,0,0,0,0,0,0,0,0,0,0,0,0,0,0,0,0,0,0,0,1,11,17,25,20,23,15,17,27,10,16,11,6,3,3,6,1,2,0,0,214
1991,Observations on the dynamics of a congestion control algorithm: The effects of two-way traffic,"Zhang L., Shenker S., Clark D.D.",,"Proceedings of the Conference on Communications Architecture and Protocols, SIGCOMM 1991",, ,0,0,0,0,0,0,0,0,0,0,0,0,0,0,0,0,0,0,0,0,0,0,2,2,6,2,2,3,3,6,10,4,15,15,17,12,17,11,12,6,7,4,13,7,9,3,6,4,6,5,3,1,0,213
1998,Core-stateless fair queueing: Achieving approximately fair bandwidth allocations in high speed networks,"Stoica I., Shenker S., Zhang H.",1464833,Computer Communication Review,28,4,0,0,0,0,0,0,0,0,0,0,0,0,0,0,0,0,0,0,0,0,0,0,0,0,0,0,0,0,0,0,4,8,18,24,29,29,19,12,13,7,7,8,8,3,2,4,3,1,2,1,1,0,0,203
2002,Internet indirection infrastructure,"Stoica I., Adkins D., Zhuang S., Shenker S., Surana S.",1464833,Computer Communication Review,32,4,0,0,0,0,0,0,0,0,0,0,0,0,0,0,0,0,0,0,0,0,0,0,0,0,0,0,0,0,0,0,0,0,0,0,11,8,14,15,11,15,21,15,19,13,14,7,12,5,6,4,3,2,0,195
2015,Making sense of performance in data analytics frameworks,"Ousterhout K., Rasti R., Ratnasamy S., Shenker S., Chun B.-G.",,"Proceedings of the 12th USENIX Symposium on Networked Systems Design and Implementation, NSDI 2015",, ,0,0,0,0,0,0,0,0,0,0,0,0,0,0,0,0,0,0,0,0,0,0,0,0,0,0,0,0,0,0,0,0,0,0,0,0,0,0,1,0,0,0,0,0,0,0,9,31,46,51,44,10,0,192
2007,Ethane: Taking control of the enterprise,"Casado M., Freedman M.J., Pettit J., Luo J., McKeown N., Shenker S.",1464833,Computer Communication Review,37,4,0,0,0,0,0,0,0,0,0,0,0,0,0,0,0,0,0,0,0,0,0,0,0,0,0,0,0,0,0,0,0,0,0,0,0,0,0,0,1,1,0,1,0,0,0,4,13,33,49,33,44,7,0,186
2014,"Tachyon: Reliable, memory speed storage for cluster computing frameworks","Li H., Ghodsi A., Zaharia M., Shenker S., Stoica I.",,"Proceedings of the 5th ACM Symposium on Cloud Computing, SOCC 2014",, ,0,0,0,0,0,0,0,0,0,0,0,0,0,0,0,0,0,0,0,0,0,0,0,0,0,0,0,0,0,0,0,0,0,0,0,0,0,0,1,0,0,0,0,0,0,0,15,36,46,44,30,12,0,184
2014,Network virtualization in multi-tenant datacenters,"Koponen T., Amidon K., Balland P., Casado M., Chanda A., Fulton B., Ganichev I., Gross J., Gude N., Ingram P., Jackson E., Lambeth A., Lenglet R., Li S.-H., Padmanabhan A., Pettit J., Pfaff B., Ramanathan R., Shenker S., Shieh A., Stribling J., Thakkar P., Wendlandt D., Yip A., Zhang R.",,"Proceedings of the 11th USENIX Symposium on Networked Systems Design and Implementation, NSDI 2014",, ,0,0,0,0,0,0,0,0,0,0,0,0,0,0,0,0,0,0,0,0,0,0,0,0,0,0,0,0,0,0,0,0,0,0,0,0,0,0,0,0,0,0,0,0,0,19,27,34,33,27,28,9,0,177
2006,SANE: A protection architecture for enterprise networks,"Casado M., Garfinkel T., Akella A., Freedman M.J., Boneh D., McKeown N., Shenker S.",,15th USENIX Security Symposium,, ,0,0,0,0,0,0,0,0,0,0,0,0,0,0,0,0,0,0,0,0,0,0,0,0,0,0,0,0,0,0,0,0,0,0,0,0,0,1,10,3,10,4,6,10,11,17,27,18,19,17,21,2,0,176
2003,The Impact of DHT Routing Geometry on Resilience and Proximity,"Gummadi K., Gummadi R., Gribble S., Ratnasamy S., Shenker S., Stoica I.",1464833,Computer Communication Review,33,4,0,0,0,0,0,0,0,0,0,0,0,0,0,0,0,0,0,0,0,0,0,0,0,0,0,0,0,0,0,0,0,0,0,0,0,9,20,10,18,17,23,22,18,8,10,10,4,3,3,0,1,0,0,176
2002,A BGP-based mechanism for lowest-cost routing,"Feigenbaum J., Sami R., Papadimitriou C., Shenker S.",,Proceedings of the Annual ACM Symposium on Principles of Distributed Computing,, ,0,0,0,0,0,0,0,0,0,0,0,0,0,0,0,0,0,0,0,0,0,0,0,0,0,0,0,0,0,0,0,0,0,1,13,18,35,20,20,19,12,11,6,6,5,3,1,1,1,0,2,0,0,174
2000,Comments on the performance of measurement-based admission control algorithms,"Breslau Lee, Jamin Sugih, Shenker Scott",0743166X,Proceedings - IEEE INFOCOM,3, ,0,0,0,0,0,0,0,0,0,0,0,0,0,0,0,0,0,0,0,0,0,0,0,0,0,0,0,0,0,0,0,1,23,16,22,13,15,22,23,12,6,6,4,2,1,0,3,3,1,0,0,0,0,173
2020,Discretized streams: An efficient and fault-tolerant model for stream processing on large clusters,"Zaharia M., Das T., Li H., Shenker S., Stoica I.",,"4th USENIX Workshop on Hot Topics in Cloud Computing, HotCloud 2012",, ,0,0,0,0,0,0,0,0,0,0,0,0,0,0,0,0,0,0,0,0,0,0,0,0,0,0,0,0,0,0,0,0,0,0,0,0,0,0,0,0,0,0,0,0,6,19,28,50,27,24,14,2,0,170
2003,Core-Stateless Fair Queueing: A scalable architecture to approximate fair bandwidth allocations in high-speed networks,"Stoica I., Shenker S., Zhang H.",10636692,IEEE/ACM Transactions on Networking,11,1,0,0,0,0,0,0,0,0,0,0,0,0,0,0,0,0,0,0,0,0,0,0,0,0,0,0,0,0,0,0,0,0,0,0,3,11,16,22,10,14,9,18,5,9,9,9,9,9,3,7,5,2,0,170
1996,Pricing in computer networks: Reshaping the research agenda,"Shenker S., Clark D., Estrin D., Herzog S.",1464833,Computer Communication Review,26,2,0,0,0,0,0,0,0,0,0,0,0,0,0,0,0,0,0,0,0,0,0,0,0,0,0,0,0,0,1,3,12,8,11,12,18,7,15,21,16,13,12,6,4,2,3,1,3,0,1,0,0,0,0,169
2019,Effective straggler mitigation: Attack of the Clones,"Ananthanarayanan G., Ghodsi A., Shenker S., Stoica I.",,"Proceedings of the 10th USENIX Symposium on Networked Systems Design and Implementation, NSDI 2013",, ,0,0,0,0,0,0,0,0,0,0,0,0,0,0,0,0,0,0,0,0,0,0,0,0,0,0,0,0,0,0,0,0,0,0,0,0,0,0,3,0,0,0,0,0,1,9,13,17,32,41,44,6,0,166
2013,pFabric: Minimal near-optimal datacenter transport,"Alizadeh M., Yang S., Sharif M., Katti S., McKeown N., Prabhakar B., Shenker S.",1464833,Computer Communication Review,43,4,0,0,0,0,0,0,0,0,0,0,0,0,0,0,0,0,0,0,0,0,0,0,0,0,0,0,0,0,0,0,0,0,0,0,0,0,0,0,0,0,0,0,0,0,0,2,7,14,29,42,58,12,0,164
2007,Flush: A reliable bulk transport protocol for multihop wireless networks,"Kim S., Fonseca R., Dutta P., Tavakoli A., Culler D., Levis P., Shenker S., Stoica I.",,SenSys'07 - Proceedings of the 5th ACM Conference on Embedded Networked Sensor Systems,, ,0,0,0,0,0,0,0,0,0,0,0,0,0,0,0,0,0,0,0,0,0,0,0,0,0,0,0,0,0,0,0,0,0,0,0,0,0,0,0,8,20,25,15,7,12,23,16,9,18,3,5,1,0,162
2015,E2: A framework for NFV applications,"Palkar S., Lan C., Han S., Jang K., Panda A., Ratnasamy S., Rizzo L., Shenker S.",,SOSP 2015 - Proceedings of the 25th ACM Symposium on Operating Systems Principles,, ,0,0,0,0,0,0,0,0,0,0,0,0,0,0,0,0,0,0,0,0,0,0,0,0,0,0,0,0,0,0,0,0,0,0,0,0,0,0,0,0,0,0,0,0,0,0,0,25,33,39,56,5,0,158
2012,PACMan: Coordinated memory caching for parallel jobs,"Ananthanarayanan G., Ghodsi A., Wang A., Borthakur D., Kandula S., Shenker S., Stoica I.",,Proceedings of NSDI 2012: 9th USENIX Symposium on Networked Systems Design and Implementation,, ,0,0,0,0,0,0,0,0,0,0,0,0,0,0,0,0,0,0,0,0,0,0,0,0,0,0,0,0,0,0,0,0,0,0,0,0,0,0,1,0,0,0,0,4,17,15,21,26,22,22,20,9,0,157
2012,Fabric: A retrospective on evolving SDN,"Casado M., Koponen T., Shenker S., Tootoonchian A.",,HotSDN'12 - Proceedings of the 1st ACM International Workshop on Hot Topics in Software Defined Networks,, ,0,0,0,0,0,0,0,0,0,0,0,0,0,0,0,0,0,0,0,0,0,0,0,0,0,0,0,0,0,0,0,0,0,0,0,0,0,0,0,0,0,0,0,1,13,14,34,17,27,20,21,5,0,152
2005,OpenDHT: A public DHT service and its uses,"Rhea S., Godfrey B., Karp B., Kubiatowicz J., Ratnasamy S., Shenker S., Stoica I., Yu H.",1464833,Computer Communication Review,35,4,0,0,0,0,0,0,0,0,0,0,0,0,0,0,0,0,0,0,0,0,0,0,0,0,0,0,0,0,0,0,0,0,0,0,0,0,0,9,13,20,18,17,18,11,7,5,10,4,6,5,5,0,0,148
2011,Naming in content-oriented architectures,"Ghodsi A., Koponen T., Rajahalme J., Sarolahti P., Shenker S.",,"Proceedings of the ACM SIGCOMM Workshop on Information-Centric Networking, ICN'11",, ,0,0,0,0,0,0,0,0,0,0,0,0,0,0,0,0,0,0,0,0,0,0,0,0,0,0,0,0,0,0,0,0,0,0,0,0,0,0,0,0,0,0,1,21,28,18,19,19,13,9,13,3,0,144
2002,Scaling phenomena in the internet: Critically examining criticality,"Willinger W., Govindan R., Jamin S., Paxson V., Shenker S.",278424,Proceedings of the National Academy of Sciences of the United States of America,99,1,0,0,0,0,0,0,0,0,0,0,0,0,0,0,0,0,0,0,0,0,0,0,0,0,0,0,0,0,0,0,0,0,0,5,8,13,7,10,13,13,11,5,10,9,8,5,5,7,6,5,3,1,0,144
2005,A unifying link abstraction for wireless sensor networks,"Polastre J., Hui J., Levis P., Zhao J., Culler D., Shenker S., Stoica I.",,SenSys 2005 - Proceedings of the 3rd International Conference on Embedded Networked Sensor Systems,, ,0,0,0,0,0,0,0,0,0,0,0,0,0,0,0,0,0,0,0,0,0,0,0,0,0,0,0,0,0,0,0,0,0,0,0,0,1,14,17,22,12,20,15,9,5,6,7,5,2,5,2,0,0,142
2002,Network topology generators: Degree-based vs. structural,"Tangmunarunkit H., Govindan R., Jamin S., Shenker S., Willinger W.",1464833,Computer Communication Review,32,4,0,0,0,0,0,0,0,0,0,0,0,0,0,0,0,0,0,0,0,0,0,0,0,0,0,0,0,0,0,0,0,0,0,0,7,4,7,12,14,13,13,11,9,8,9,5,8,6,1,2,8,0,0,137
1995,Making Greed Work in Networks: A Game-Theoretic Analysis of Switch Service Disciplines,Shenker S.J.,10636692,IEEE/ACM Transactions on Networking,3,6,0,0,0,0,0,0,0,0,0,0,0,0,0,0,0,0,0,0,0,0,0,0,0,0,0,0,0,0,4,3,5,4,13,11,13,17,8,10,9,11,7,4,5,2,2,2,2,5,0,0,0,0,0,137
1991,Mostly Parallel Garbage Collection,"Boehm H.-J., Demers A.J., Shenker S.",3621340,ACM SIGPLAN Notices,26,6,0,0,0,0,0,0,0,0,0,0,0,0,0,0,0,0,0,0,0,0,0,0,0,5,3,1,3,4,1,3,2,6,9,5,6,6,8,8,10,8,5,10,6,6,3,6,0,2,5,2,1,0,0,134
1997,Comparison of measurement-based admission control algorithms for controlled-load service,"Jamin Sugih, Shenker Scott J., Danzig Peter B.",0743166X,Proceedings - IEEE INFOCOM,3, ,0,0,0,0,0,0,0,0,0,0,0,0,0,0,0,0,0,0,0,0,0,0,0,0,0,0,0,0,1,5,2,7,17,9,13,10,14,15,10,9,2,2,7,1,4,0,3,1,0,0,1,0,0,133
2006,ROFL: Routing on flat labels,"Caesar M., Condie T., Kannan J., Lakshminarayanan K., Stoica I., Shenker S.",1464833,Computer Communication Review,36,4,0,0,0,0,0,0,0,0,0,0,0,0,0,0,0,0,0,0,0,0,0,0,0,0,0,0,0,0,0,0,0,0,0,0,0,0,0,0,4,8,9,17,10,15,23,15,14,5,4,4,2,0,0,130
2004,A layered naming architecture for the internet,"Balakrishnan H., Lakshminarayanan K., Ratnasamy S., Shenker S., Stoica I., Walfish M.",1464833,Computer Communication Review,34,4,0,0,0,0,0,0,0,0,0,0,0,0,0,0,0,0,0,0,0,0,0,0,0,0,0,0,0,0,0,0,0,0,0,0,0,0,5,8,15,10,13,10,11,15,8,7,9,3,10,2,1,0,0,127
2001,The impact of routing policy on internet paths,"Tangmunarunkit H., Govindan R., Shenker S., Estrin D.",0743166X,Proceedings - IEEE INFOCOM,2, ,0,0,0,0,0,0,0,0,0,0,0,0,0,0,0,0,0,0,0,0,0,0,0,0,0,0,0,0,0,0,0,0,9,7,14,12,10,12,5,8,7,8,7,4,3,5,5,2,1,3,2,1,0,125
2013,"Less pain, most of the gain: Incrementally deployable ICN","Fayazbakhsh S.K., Lin Y., Tootoonchian A., Ghodsi A., Koponen T., Maggs B., Ng K.C., Sekar V., Shenker S.",,"SIGCOMM 2013 - Proceedings of the ACM SIGCOMM 2013 Conference on Applications, Technologies, Architectures, and Protocols for Computer Communication",, ,0,0,0,0,0,0,0,0,0,0,0,0,0,0,0,0,0,0,0,0,0,0,0,0,0,0,0,0,0,0,0,0,0,0,0,0,0,0,0,0,0,0,0,0,5,32,26,31,13,6,9,1,0,123
2004,Internet indirection infrastructure,"Stoica I., Adkins D., Zhuang S., Shenker S., Surana S.",10636692,IEEE/ACM Transactions on Networking,12,2,0,0,0,0,0,0,0,0,0,0,0,0,0,0,0,0,0,0,0,0,0,0,0,0,0,0,0,0,0,0,0,0,0,0,0,0,6,11,8,12,6,12,15,15,13,8,2,8,3,3,1,0,0,123
2003,DIFS: A distributed index for features in sensor networks,"Greenstein B., Estrin D., Govindan R., Ratnasamy S., Shenker S.",,"Proceedings of the 1st IEEE International Workshop on Sensor Network Protocols and Applications, SNPA 2003",, ,0,0,0,0,0,0,0,0,0,0,0,0,0,0,0,0,0,0,0,0,0,0,0,0,0,0,0,0,0,0,0,0,0,0,2,10,16,22,12,9,18,8,6,7,3,3,3,1,0,0,0,0,0,120
2000,Endpoint admission control: Architectural issues and performance,"Breslau L., Knightly E.W., Shenker S., Stoica I., Zhang H.",1464833,Computer Communication Review,30,4,0,0,0,0,0,0,0,0,0,0,0,0,0,0,0,0,0,0,0,0,0,0,0,0,0,0,0,0,0,0,0,0,3,8,18,17,17,13,14,11,4,2,2,2,4,2,0,0,0,0,0,1,0,118
2013,"Less pain, most of the gain: Incrementally deployable ICN","Fayazbakhsh S.K., Lin Y., Tootoonchian A., Ghodsi A., Koponen T., Maggs B., Ng K.C., Sekar V., Shenker S.",1464833,Computer Communication Review,43,4,0,0,0,0,0,0,0,0,0,0,0,0,0,0,0,0,0,0,0,0,0,0,0,0,0,0,0,0,0,0,0,0,0,0,0,0,0,0,0,0,0,0,0,0,0,4,13,12,27,27,28,6,0,117
2004,Towards capturing representative AS-level Internet topologies,"Chang H., Govindan R., Jamin S., Shenker S.J., Willinger W.",13891286,Computer Networks,44,6,0,0,0,0,0,0,0,0,0,0,0,0,0,0,0,0,0,0,0,0,0,0,0,0,0,0,0,0,0,0,0,0,0,0,0,4,10,15,11,9,15,10,4,8,7,4,4,4,3,3,1,2,0,114
2016,NetBricks: Taking the V out of NFV,"Panda A., Han S., Jang K., Walls M., Ratnasamy S., Shenker S.",,"Proceedings of the 12th USENIX Symposium on Operating Systems Design and Implementation, OSDI 2016",, ,0,0,0,0,0,0,0,0,0,0,0,0,0,0,0,0,0,0,0,0,0,0,0,0,0,0,0,0,0,0,0,0,0,0,0,0,0,0,2,0,0,0,0,0,0,0,0,0,18,32,54,6,0,112
2014,SDX: A software defined Internet exchange,"Gupta A., Vanbever L., Shahbaz M., Donovan S.P., Schlinker B., Feamster N., Rexford J., Shenker S., Clark R., Katz-Bassett E.",,SIGCOMM 2014 - Proceedings of the 2014 ACM Conference on Special Interest Group on Data Communication,, ,0,0,0,0,0,0,0,0,0,0,0,0,0,0,0,0,0,0,0,0,0,0,0,0,0,0,0,0,0,0,0,0,0,0,0,0,0,0,0,0,0,0,0,0,0,7,18,27,25,15,14,4,0,110
2002,On the characteristics and origins of Internet flow rates,"Zhang Y., Breslau L., Paxson V., Shenker S.",1464833,Computer Communication Review,32,4,0,0,0,0,0,0,0,0,0,0,0,0,0,0,0,0,0,0,0,0,0,0,0,0,0,0,0,0,0,0,0,0,0,0,0,2,4,5,9,7,6,13,7,8,7,6,6,7,4,9,7,2,0,109
2013,Choosy: Max-min fair sharing for datacenter jobs with constraints,"Ghodsi A., Zaharia M., Shenker S., Stoica I.",,"Proceedings of the 8th ACM European Conference on Computer Systems, EuroSys 2013",, ,0,0,0,0,0,0,0,0,0,0,0,0,0,0,0,0,0,0,0,0,0,0,0,0,0,0,0,0,0,0,0,0,0,0,0,0,0,0,1,0,0,0,0,0,0,14,18,16,17,22,16,3,0,107
2008,Accountable internet protocol (aip),"Andersen D.G., Balakrishnan H., Feamster N., Koponen T., Moon D., Shenker S.",1464833,Computer Communication Review,38,4,0,0,0,0,0,0,0,0,0,0,0,0,0,0,0,0,0,0,0,0,0,0,0,0,0,0,0,0,0,0,0,0,0,0,0,0,0,0,0,0,2,11,13,12,12,8,9,6,8,13,13,0,0,107
2005,The architecture of PIER: An internet-scale query processor,"Huebsch R., Chun B., Hellerstein J.M., Loo B.T., Maniatis P., Roscoe T., Shenker S., Stoica I., Yumerefendi A.R.",,"2nd Biennial Conference on Innovative Data Systems Research, CIDR 2005",, ,0,0,0,0,0,0,0,0,0,0,0,0,0,0,0,0,0,0,0,0,0,0,0,0,0,0,0,0,0,0,0,0,0,0,0,0,8,8,16,9,12,11,5,10,6,5,0,3,2,5,3,3,0,106
2013,Low latency via redundancy,"Vulimiri A., Godfrey P.B., Mittal R., Sherry J., Ratnasamy S., Shenker S.",,CoNEXT 2013 - Proceedings of the 2013 ACM International Conference on Emerging Networking Experiments and Technologies,, ,0,0,0,0,0,0,0,0,0,0,0,0,0,0,0,0,0,0,0,0,0,0,0,0,0,0,0,0,0,0,0,0,0,0,0,0,0,0,1,0,0,0,0,0,0,3,13,19,26,23,17,3,0,105
2005,A BGP-based mechanism for lowest-cost routing,"Feigenbaum J., Papadimitriou C., Sami R., Shenker S.",1782770,Distributed Computing,18,1,0,0,0,0,0,0,0,0,0,0,0,0,0,0,0,0,0,0,0,0,0,0,0,0,0,0,0,0,0,0,0,0,0,0,0,0,1,6,10,12,13,11,10,5,4,8,1,5,5,5,3,3,0,102
2002,Routing algorithms for DHTs: Some open questions,"Ratnasamy S., Stoica I., Shenker S.",3029743,Lecture Notes in Computer Science (including subseries Lecture Notes in Artificial Intelligence and Lecture Notes in Bioinformatics),2429, ,0,0,0,0,0,0,0,0,0,0,0,0,0,0,0,0,0,0,0,0,0,0,0,0,0,0,0,0,0,0,0,0,0,0,0,6,11,8,8,17,9,11,6,6,6,7,1,2,2,0,0,0,0,100
2010,Virtualizing the network forwarding plane,"Casado M., Koponen T., Ramanathan R., Shenker S.",,"Proceedings of the Programmable Routers for Extensible Services of Tomorrow, PRESTO 2010, Workshop Held in Conjunction with CoNEXT 2010",, ,0,0,0,0,0,0,0,0,0,0,0,0,0,0,0,0,0,0,0,0,0,0,0,0,0,0,0,0,0,0,0,0,0,0,0,0,0,0,0,0,0,0,3,14,15,20,13,10,6,8,6,3,0,98
2009,Rethinking enterprise network control,"Casado M., Freedman M.J., Pettit J., Luo J., Gude N., McKeown N., Shenker S.",10636692,IEEE/ACM Transactions on Networking,17,4,0,0,0,0,0,0,0,0,0,0,0,0,0,0,0,0,0,0,0,0,0,0,0,0,0,0,0,0,0,0,0,0,0,0,0,0,0,0,0,0,0,2,4,8,8,11,17,15,10,12,8,3,0,98
2012,Software-defined internet architecture: Decoupling architecture from infrastructure,"Raghavan B., Koponen T., Ghodsi A., Casado M., Ratnasamy S., Shenker S.",,"Proceedings of the 11th ACM Workshop on Hot Topics in Networks, HotNets-11",, ,0,0,0,0,0,0,0,0,0,0,0,0,0,0,0,0,0,0,0,0,0,0,0,0,0,0,0,0,0,0,0,0,0,0,0,0,0,0,0,0,0,0,0,0,7,8,19,12,13,19,15,4,0,97
2008,Packet caches on routers: The implications of universal redundant traffic elimination,"Anand A., Gupta A., Akella A., Seshan S., Shenker S.",1464833,Computer Communication Review,38,4,0,0,0,0,0,0,0,0,0,0,0,0,0,0,0,0,0,0,0,0,0,0,0,0,0,0,0,0,0,0,0,0,0,0,0,0,0,0,1,1,0,2,7,13,12,12,15,12,8,6,6,0,0,95
2007,The design and implementation of a declarative sensor network system,"Chu D., Popa L., Tavakoli A., Hellerstein J.M., Levis P., Shenker S., Stoica I.",,SenSys'07 - Proceedings of the 5th ACM Conference on Embedded Networked Sensor Systems,, ,0,0,0,0,0,0,0,0,0,0,0,0,0,0,0,0,0,0,0,0,0,0,0,0,0,0,0,0,0,0,0,0,0,0,0,0,0,0,0,12,17,15,9,15,3,4,5,4,2,2,1,0,0,89
2006,Minimizing churn in distributed systems,"Godfrey P.B., Shenker S., Stoica I.",1464833,Computer Communication Review,36,4,0,0,0,0,0,0,0,0,0,0,0,0,0,0,0,0,0,0,0,0,0,0,0,0,0,0,0,0,0,0,0,0,0,0,0,0,0,0,5,8,10,15,14,9,5,5,7,3,2,3,2,0,0,88
1995,A measurement-based admission control algorithm for integrated services packet networks,"Jamin S., Danzig P.B., Shenker S., Zhang L.",,"Proceedings of the Conference on Applications, Technologies, Architectures, and Protocols for Computer Communication, SIGCOMM 1995",, ,0,0,0,0,0,0,0,0,0,0,0,0,0,0,0,0,0,0,0,0,0,0,0,0,0,0,1,0,10,7,8,4,5,8,8,10,4,6,6,2,6,0,2,0,1,0,0,0,0,0,0,0,0,88
2007,Achieving convergence-free routing using failure-carrying packets,"Lakshminarayanan K., Caesar M., Rangan M., Anderson T., Shenker S., Stoica I.",,ACM SIGCOMM 2007: Conference on Computer Communications,, ,0,0,0,0,0,0,0,0,0,0,0,0,0,0,0,0,0,0,0,0,0,0,0,0,0,0,0,0,0,0,0,0,0,0,0,0,0,0,1,2,9,16,11,9,9,4,4,9,2,2,8,1,0,87
2006,Replay debugging for distributed applications,"Geels D., Altekar G., Shenker S., Stoica I.",,USENIX 2006 Annual Technical Conference,, ,0,0,0,0,0,0,0,0,0,0,0,0,0,0,0,0,0,0,0,0,0,0,0,0,0,0,0,0,0,0,0,0,0,0,0,0,0,1,5,3,6,11,6,10,11,5,8,2,2,6,11,0,0,87
2013,Network support for resource disaggregation in next-generation datacenters,"Han S., Egi N., Panda A., Ratnasamy S., Shi G., Shenker S.",,"Proceedings of the 12th ACM Workshop on Hot Topics in Networks, HotNets 2013",, ,0,0,0,0,0,0,0,0,0,0,0,0,0,0,0,0,0,0,0,0,0,0,0,0,0,0,0,0,0,0,0,0,0,0,0,0,0,0,0,0,0,0,0,0,0,4,8,16,21,22,11,3,0,85
2004,Middleboxes no longer considered harmful,"Walfish M., Stribling J., Krohn M., Balakrishnan H., Morris R., Shenker S.",,OSDI 2004 - 6th Symposium on Operating Systems Design and Implementation,, ,0,0,0,0,0,0,0,0,0,0,0,0,0,0,0,0,0,0,0,0,0,0,0,0,0,0,0,0,0,0,0,0,0,0,0,0,4,6,6,5,6,6,4,9,6,4,10,2,7,4,3,1,0,83
2003,Approximate fairness through differential dropping,"Pan R., Breslau L., Prabhakar B., Shenker S.",1464833,Computer Communication Review,33,2,0,0,0,0,0,0,0,0,0,0,0,0,0,0,0,0,0,0,0,0,0,0,0,0,0,0,0,0,0,0,0,0,0,0,1,3,4,3,11,2,6,5,5,7,2,2,5,8,3,9,5,2,0,83
2005,On the pitfalls of geographic face routing,"Kim Y.-J., Govindan R., Karp B., Shenker S.",,"Proceedings of the 2005 Joint Workshop on Foundations of Mobile Computing, DIALM-POMC'05",, ,0,0,0,0,0,0,0,0,0,0,0,0,0,0,0,0,0,0,0,0,0,0,0,0,0,0,0,0,0,0,0,0,0,0,0,0,0,2,17,13,13,9,5,3,7,1,2,4,0,3,1,0,0,80
2012,Shark: Fast data analysis using coarse-grained distributed memory,"Engle C., Lupher A., Xin R., Zaharia M., Franklin M.J., Shenker S., Stoica I.",7308078,Proceedings of the ACM SIGMOD International Conference on Management of Data,, ,0,0,0,0,0,0,0,0,0,0,0,0,0,0,0,0,0,0,0,0,0,0,0,0,0,0,0,0,0,0,0,0,0,0,0,0,0,0,0,0,0,0,0,1,7,17,16,5,8,15,8,2,0,79
1994,Average cost pricing versus serial cost sharing: An axiomatic comparison,"Moulin H., Shenker S.",220531,Journal of Economic Theory,64,1,0,0,0,0,0,0,0,0,0,0,0,0,0,0,0,0,0,0,0,0,0,0,0,0,0,0,3,4,1,7,5,1,4,6,3,6,2,2,4,3,2,1,6,5,3,3,0,1,2,1,3,0,0,78
2002,Complex queries in DHT-based peer-to-peer networks,"Harren M., Hellerstein J.M., Huebsch R., Thau Loo B., Shenker S., Stoica I.",3029743,Lecture Notes in Computer Science (including subseries Lecture Notes in Artificial Intelligence and Lecture Notes in Bioinformatics),2429, ,0,0,0,0,0,0,0,0,0,0,0,0,0,0,0,0,0,0,0,0,0,0,0,0,0,0,0,0,0,0,0,0,0,0,3,7,6,5,5,8,7,9,5,6,3,4,1,1,1,1,3,2,0,77
2005,A case study in building layered DHT applications,"Chawathe Y., Ramabhadran S., Ratnasamy S., LaMarca A., Shenker S., Hellerstein J.",1464833,Computer Communication Review,35,4,0,0,0,0,0,0,0,0,0,0,0,0,0,0,0,0,0,0,0,0,0,0,0,0,0,0,0,0,0,0,0,0,0,0,0,0,0,4,10,9,5,12,14,6,3,2,3,4,1,0,1,0,0,74
2009,Pathlet routing,"Godfrey P.B., Ganichev I., Shenker S., Stoica I.",1464833,Computer Communication Review,39,4,0,0,0,0,0,0,0,0,0,0,0,0,0,0,0,0,0,0,0,0,0,0,0,0,0,0,0,0,0,0,0,0,0,0,0,0,0,0,0,0,0,8,2,6,10,9,11,6,6,5,6,4,0,73
2009,Practical declarative network management,"Hinrichs T.L., Gude N.S., Casado M., Mitchell J.C., Shenker S.",1464833,Computer Communication Review,, ,0,0,0,0,0,0,0,0,0,0,0,0,0,0,0,0,0,0,0,0,0,0,0,0,0,0,0,0,0,0,0,0,0,0,0,0,0,0,0,0,0,3,4,2,3,10,11,12,9,3,14,1,0,72
1996,Pricing in computer networks: Reshaping the research agenda,"Shenker S., Clark D., Estrin D., Herzog S.",3085961,Telecommunications Policy,20,3,0,0,0,0,0,0,0,0,0,0,0,0,0,0,0,0,0,0,0,0,0,0,0,0,0,0,0,1,4,5,6,9,5,8,5,5,5,4,1,1,3,2,3,0,2,1,0,1,0,0,1,0,0,72
2014,Search and replication in unstructured peer-to-peer networks,"Lv Q., Cao P., Cohen E., Li K., Shenker S.",,Proceedings of the International Conference on Supercomputing,, ,0,0,0,0,0,0,0,0,0,0,0,0,0,0,0,0,0,0,0,0,0,0,0,0,0,0,0,0,0,0,0,0,0,0,9,6,7,5,1,3,9,12,11,5,1,1,0,1,0,0,0,0,0,71
2003,On Selfish Routing in Internet-Like Environments,"Qiu L., Yang Y.R., Zhang Y., Shenker S.",1464833,Computer Communication Review,33,4,0,0,0,0,0,0,0,0,0,0,0,0,0,0,0,0,0,0,0,0,0,0,0,0,0,0,0,0,0,0,0,0,0,0,0,2,4,12,6,6,4,3,2,4,6,7,4,7,1,0,3,0,0,71
2006,GENI design principles,"Peterson L., Anderson T., Blumenthal D., Casey D., Clark D., Estrin D., Evans J., Raychaudhuri D., Reiter M., Rexford J., Shenker S., Wroclawski J.",189162,Computer,39,9,0,0,0,0,0,0,0,0,0,0,0,0,0,0,0,0,0,0,0,0,0,0,0,0,0,0,0,0,0,0,0,0,0,0,0,0,0,0,1,6,5,11,7,9,10,5,9,2,1,0,4,0,0,70
2007,Attested append-only memory: Making adversaries stick to their word,"Chun B.-G., Maniatis P., Shenker S., Kubiatowicz J.",,SOSP'07 - Proceedings of 21st ACM SIGOPS Symposium on Operating Systems Principles,, ,0,0,0,0,0,0,0,0,0,0,0,0,0,0,0,0,0,0,0,0,0,0,0,0,0,0,0,0,0,0,0,0,0,0,0,0,0,0,2,2,5,7,8,6,6,11,5,3,2,1,8,2,0,68
2016,Network requirements for resource disaggregation,"Gao P.X., Narayan A., Karandikar S., Carreira J., Han S., Agarwal R., Ratnasamy S., Shenker S.",,"Proceedings of the 12th USENIX Symposium on Operating Systems Design and Implementation, OSDI 2016",, ,0,0,0,0,0,0,0,0,0,0,0,0,0,0,0,0,0,0,0,0,0,0,0,0,0,0,0,0,0,0,0,0,0,0,0,0,0,0,0,0,0,0,0,0,0,0,0,0,11,18,28,9,0,66
1990,Combining generational and conservative garbage collection. Framework and implementations,"Demers Alan, Weiser Mark, Hayes Barry, Boehm Hans, Bobrow Daniel, Shenker Scott",7308566,Conference Record of the Annual ACM Symposium on Principles of Programming Languages,, ,0,0,0,0,0,0,0,0,0,0,0,0,0,0,0,0,0,0,0,0,0,0,1,4,4,0,2,1,2,1,0,3,3,0,1,4,4,4,4,3,2,0,3,3,7,2,1,1,1,3,2,0,0,66
2001,Dynamic behavior of slowly-responsive congestion control algorithms,"Bansal D., Balakrishnan H., Floyd S., Shenker S.",1464833,Computer Communication Review,31,4,0,0,0,0,0,0,0,0,0,0,0,0,0,0,0,0,0,0,0,0,0,0,0,0,0,0,0,0,0,0,0,0,0,2,7,9,7,5,5,4,5,3,2,3,4,1,2,2,0,0,1,0,0,62
1997,"Sharing the ""cost"" of multicast trees: An axiomatic analysis","Herzog S., Shenker S., Estrin D.",10636692,IEEE/ACM Transactions on Networking,5,6,0,0,0,0,0,0,0,0,0,0,0,0,0,0,0,0,0,0,0,0,0,0,0,0,0,0,0,0,0,1,1,4,3,5,4,3,4,3,7,4,4,1,3,6,0,3,2,2,0,1,1,0,0,62
2011,Architecting for innovation,"Koponen T., Shenker S., Balakrishnan H., Feamster N., Ganichev I., Ghodsi A., Godfrey P.B., McKeown N., Parulkar G., Raghavan B., Rexford J., Arianfar S., Kuptsov D.",1464833,Computer Communication Review,41,3,0,0,0,0,0,0,0,0,0,0,0,0,0,0,0,0,0,0,0,0,0,0,0,0,0,0,0,0,0,0,0,0,0,0,0,0,0,0,0,0,0,0,2,7,8,11,5,9,8,4,6,0,0,60
2006,Revisiting IP multicast,"Ratnasamy S., Ermolinskiy A., Shenker S.",1464833,Computer Communication Review,36,4,0,0,0,0,0,0,0,0,0,0,0,0,0,0,0,0,0,0,0,0,0,0,0,0,0,0,0,0,0,0,0,0,0,0,0,0,0,0,0,2,7,9,7,10,4,5,6,4,3,1,2,0,0,60
2002,Selfish behavior and stability of the internet: A game-theoretic analysis of TCP,"Akella A., Seshan S., Karp R., Shenker S., Papadimitriou C.",1464833,Computer Communication Review,32,4,0,0,0,0,0,0,0,0,0,0,0,0,0,0,0,0,0,0,0,0,0,0,0,0,0,0,0,0,0,0,0,0,0,0,0,3,6,7,10,9,6,4,1,2,2,3,1,4,1,1,0,0,0,60
2011,On preserving privacy in content-oriented networks,"Arianfar S., Koponen T., Raghavan B., Shenker S.",,"Proceedings of the ACM SIGCOMM Workshop on Information-Centric Networking, ICN'11",, ,0,0,0,0,0,0,0,0,0,0,0,0,0,0,0,0,0,0,0,0,0,0,0,0,0,0,0,0,0,0,0,0,0,0,0,0,0,0,0,0,0,0,1,8,8,6,10,5,6,8,7,0,0,59
2012,More is less: Reducing latency via redundancy,"Vulimiri A., Michel O., Brighten Godfrey P., Shenker S.",,"Proceedings of the 11th ACM Workshop on Hot Topics in Networks, HotNets-11",, ,0,0,0,0,0,0,0,0,0,0,0,0,0,0,0,0,0,0,0,0,0,0,0,0,0,0,0,0,0,0,0,0,0,0,0,0,0,0,1,0,0,0,0,0,7,6,10,10,10,8,6,0,0,58
2005,HLP: A next generation inter-domain routing protocol,"Subramanian L., Caesar M., Ee C.T., Handley M., Mao M., Shenker S., Stoica I.",1464833,Computer Communication Review,35,4,0,0,0,0,0,0,0,0,0,0,0,0,0,0,0,0,0,0,0,0,0,0,0,0,0,0,0,0,0,0,0,0,0,0,0,0,0,2,3,2,8,9,7,6,3,4,5,2,2,3,2,0,0,58
2013,Hierarchical scheduling for diverse datacenter workloads,"Bhattacharya A.A., Culler D., Friedman E., Ghodsi A., Shenker S., Stoica I.",,"Proceedings of the 4th Annual Symposium on Cloud Computing, SoCC 2013",, ,0,0,0,0,0,0,0,0,0,0,0,0,0,0,0,0,0,0,0,0,0,0,0,0,0,0,0,0,0,0,0,0,0,0,0,0,0,0,1,0,0,0,0,0,0,4,9,12,12,9,8,1,0,56
1999,Scaling of multicast trees: Comments on the chuang-sirbu scaling law,"Phillips G., Shenker S., Tangmunarunkit H.",1464833,Computer Communication Review,29,4,0,0,0,0,0,0,0,0,0,0,0,0,0,0,0,0,0,0,0,0,0,0,0,0,0,0,0,0,0,0,0,2,3,2,9,9,4,5,3,2,3,5,5,0,2,0,2,0,0,0,0,0,0,56
2014,SDX: A software defined Internet exchange,"Gupta A., Vanbever L., Shahbaz M., Donovan S.P., Schlinker B., Feamster N., Rexford J., Shenker S., Clark R., Katz-Bassett E.",,SIGCOMM 2014 - Proceedings of the 2014 ACM Conference on Special Interest Group on Data Communication,, ,0,0,0,0,0,0,0,0,0,0,0,0,0,0,0,0,0,0,0,0,0,0,0,0,0,0,0,0,0,0,0,0,0,0,0,0,0,0,0,0,0,0,0,0,0,0,4,3,27,9,9,3,0,55
2002,Can heterogeneity make Gnutella scalable?,"Lv Q., Ratnasamy S., Shenker S.",3029743,Lecture Notes in Computer Science (including subseries Lecture Notes in Artificial Intelligence and Lecture Notes in Bioinformatics),2429, ,0,0,0,0,0,0,0,0,0,0,0,0,0,0,0,0,0,0,0,0,0,0,0,0,0,0,0,0,0,0,0,0,0,0,0,4,4,5,6,8,4,4,2,7,3,0,3,3,0,2,0,0,0,55
2006,DDoS defense by offense,"Walfish M., Vutukuru M., Balakrishnan H., Karger D., Shenker S.",1464833,Computer Communication Review,36,4,0,0,0,0,0,0,0,0,0,0,0,0,0,0,0,0,0,0,0,0,0,0,0,0,0,0,0,0,0,0,0,0,0,0,0,0,0,0,0,2,3,4,7,8,6,4,4,5,4,3,3,0,0,53
2000,Sharing the cost of muliticast transmissions (preliminary version),"Feigenbaum J., Papadimitriou C., Shenker S.",7378017,Proceedings of the Annual ACM Symposium on Theory of Computing,, ,0,0,0,0,0,0,0,0,0,0,0,0,0,0,0,0,0,0,0,0,0,0,0,0,0,0,0,0,0,0,0,0,8,7,10,4,3,4,7,2,1,1,0,0,1,0,0,1,2,1,0,1,0,53
2006,Lazy cross-link removal for geographic routing,"Kim Y.-J., Govindan R., Karp B., Shenker S.",,SenSys'06: Proceedings of the Fourth International Conference on Embedded Networked Sensor Systems,, ,0,0,0,0,0,0,0,0,0,0,0,0,0,0,0,0,0,0,0,0,0,0,0,0,0,0,0,0,0,0,0,0,0,0,0,0,0,0,5,6,7,8,5,8,4,2,1,2,0,3,1,0,0,52
2003,Hardness results for multicast cost sharing,"Feigenbaum J., Krishnamurthy A., Sami R., Shenker S.",3043975,Theoretical Computer Science,304, 1-3,0,0,0,0,0,0,0,0,0,0,0,0,0,0,0,0,0,0,0,0,0,0,0,0,0,0,0,0,0,0,0,0,0,0,0,5,3,8,10,6,5,9,3,0,0,0,1,0,0,1,1,0,0,52
2000,Optimization problems in congestion control,"Karp Richard, Koutsoupias Elias, Papadimitriou Christos, Shenker Scott",2725428,Annual Symposium on Foundations of Computer Science - Proceedings,, ,0,0,0,0,0,0,0,0,0,0,0,0,0,0,0,0,0,0,0,0,0,0,0,0,0,0,0,0,0,0,0,0,4,4,3,5,4,5,4,3,5,2,3,3,1,1,0,0,1,2,2,0,0,52
2007,Attested append-only memory: Making adversaries stick to their word,"Chun B.-G., Maniatis P., Shenker S., Kubiatowicz J.",1635980,Operating Systems Review (ACM),, ,0,0,0,0,0,0,0,0,0,0,0,0,0,0,0,0,0,0,0,0,0,0,0,0,0,0,0,0,0,0,0,0,0,0,0,0,0,0,1,0,1,5,3,1,3,5,2,3,6,8,13,0,0,51
2013,Leveraging SDN layering to systematically troubleshoot networks,"Heller B., Wundsam A., Handigol N., Scott C., Zeng H., McCauley J., McKeownt N., Whitlock S., Zarifis K., Shenker S., Jeyakumar V., Kazemian P.",,HotSDN 2013 - Proceedings of the 2013 ACM SIGCOMM Workshop on Hot Topics in Software Defined Networking,, ,0,0,0,0,0,0,0,0,0,0,0,0,0,0,0,0,0,0,0,0,0,0,0,0,0,0,0,0,0,0,0,0,0,0,0,0,0,0,0,0,0,0,0,0,2,7,8,13,5,4,8,2,0,49
2001,Does AS size determine degree in AS topology?,"Tangmunarunkit H., Doyle J., Govindan R., Willinger W., Jamin S., Shenker S.",1464833,Computer Communication Review,31,5,0,0,0,0,0,0,0,0,0,0,0,0,0,0,0,0,0,0,0,0,0,0,0,0,0,0,0,0,0,0,0,0,0,4,9,3,4,5,5,2,2,2,4,1,2,2,0,2,0,0,2,0,0,49
2014,Troubleshooting blackbox SDN control software with minimal causal sequences,"Scott C., Wundsam A., Raghavan B., Panda A., Or A., Lai J., Huang E., Liu Z., El-Hassany A., Whitlock S., Acharya H.B., Zarifis K., Shenker S.",,SIGCOMM 2014 - Proceedings of the 2014 ACM Conference on Special Interest Group on Data Communication,, ,0,0,0,0,0,0,0,0,0,0,0,0,0,0,0,0,0,0,0,0,0,0,0,0,0,0,0,0,0,0,0,0,0,0,0,0,0,0,0,0,0,0,0,0,0,4,10,12,9,3,9,0,0,47
2004,Approximation and collusion in multicast cost sharing,"Archer A., Feigenbaum J., Krishnamurthy A., Sami R., Shenker S.",8998256,Games and Economic Behavior,47,1,0,0,0,0,0,0,0,0,0,0,0,0,0,0,0,0,0,0,0,0,0,0,0,0,0,0,0,0,0,0,0,0,0,0,0,2,2,6,11,4,2,6,1,5,2,3,1,0,0,1,1,0,0,47
2002,Observed Structure of Addresses in IP Traffic,"Kohler E., Li J., Paxson V., Shenker S.",,Proceedings of the 2nd Internet Measurement Workshop (IMW 2002),, ,0,0,0,0,0,0,0,0,0,0,0,0,0,0,0,0,0,0,0,0,0,0,0,0,0,0,0,0,0,0,0,0,0,1,2,4,9,8,2,8,4,2,1,3,0,0,1,1,0,1,0,0,0,47
2014,Adaptive stream processing using dynamic batch sizing,"Das T., Zhong Y., Stoica I., Shenker S.",,"Proceedings of the 5th ACM Symposium on Cloud Computing, SOCC 2014",, ,0,0,0,0,0,0,0,0,0,0,0,0,0,0,0,0,0,0,0,0,0,0,0,0,0,0,0,0,0,0,0,0,0,0,0,0,0,0,0,0,0,0,0,0,0,0,3,9,16,9,8,1,0,46
2012,Deconstructing datacenter packet transport,"Alizadeh M., Yang S., Katti S., McKeown N., Prabhakar B., Shenker S.",,"Proceedings of the 11th ACM Workshop on Hot Topics in Networks, HotNets-11",, ,0,0,0,0,0,0,0,0,0,0,0,0,0,0,0,0,0,0,0,0,0,0,0,0,0,0,0,0,0,0,0,0,0,0,0,0,0,0,0,0,0,0,0,0,16,8,7,8,1,4,2,0,0,46
2015,pHost: Distributed near-optimal datacenter transport over commodity network fabric,"Gao P.X., Agarwal R., Narayan A., Ratnasamy S., Kumar G., Shenker S.",,"Proceedings of the 11th ACM Conference on Emerging Networking Experiments and Technologies, CoNEXT 2015",, ,0,0,0,0,0,0,0,0,0,0,0,0,0,0,0,0,0,0,0,0,0,0,0,0,0,0,0,0,0,0,0,0,0,0,0,0,0,0,0,0,0,0,0,0,0,0,0,5,10,11,15,3,0,44
2008,The emergence of a networking primitive in wireless sensor networks,"Levis P., Brewer E., Culler D., Gay D., Madden S., Patel N., Polastre J., Shenker S., Szewczyk R., Woo A.",10782,Communications of the ACM,51,7,0,0,0,0,0,0,0,0,0,0,0,0,0,0,0,0,0,0,0,0,0,0,0,0,0,0,0,0,0,0,0,0,0,0,0,0,0,0,0,1,6,4,5,3,7,3,7,3,0,0,4,0,0,43
2007,Loss and delay accountability for the internet,"Argyraki K., Maniatis P., Irzak O., Ashish S., Shenker S.",10921648,"Proceedings - International Conference on Network Protocols, ICNP",, ,0,0,0,0,0,0,0,0,0,0,0,0,0,0,0,0,0,0,0,0,0,0,0,0,0,0,0,0,0,0,0,0,0,0,0,0,0,0,0,2,1,7,3,3,5,1,3,4,4,6,4,0,0,43
1994,Making greed work in networks: A game-theoretic analysis of switch service disciplines,Shenker S.,,"Proceedings of the Conference on Communications Architectures, Protocols and Applications, SIGCOMM 1994",, ,0,0,0,0,0,0,0,0,0,0,0,0,0,0,0,0,0,0,0,0,0,0,0,0,0,0,2,2,2,3,5,2,4,6,2,7,3,3,0,0,1,0,0,0,0,0,0,0,1,0,0,0,0,43
1991,A study of priority pricing in multiple service class networks,"Cocchi R., Estrin D., Shenker S., Zhang L.",,"Proceedings of the Conference on Communications Architecture and Protocols, SIGCOMM 1991",, ,0,0,0,0,0,0,0,0,0,0,0,0,0,0,0,0,0,0,0,0,0,0,0,0,2,0,0,3,2,2,3,3,1,1,5,3,0,6,2,0,2,0,1,1,1,4,0,0,0,0,0,0,0,42
2013,CAP for networks,"Panda A., Scott C., Ghodsi A., Koponen T., Shenker S.",,HotSDN 2013 - Proceedings of the 2013 ACM SIGCOMM Workshop on Hot Topics in Software Defined Networking,, ,0,0,0,0,0,0,0,0,0,0,0,0,0,0,0,0,0,0,0,0,0,0,0,0,0,0,0,0,0,0,0,0,0,0,0,0,0,0,0,0,0,0,0,0,0,5,6,7,8,8,6,1,0,41
2006,On selfish routing in internet-like environments,"Qiu L., Yang R., Zhang Y., Shenker S.",10636692,IEEE/ACM Transactions on Networking,14,4,0,0,0,0,0,0,0,0,0,0,0,0,0,0,0,0,0,0,0,0,0,0,0,0,0,0,0,0,0,0,0,0,0,0,0,0,0,0,2,4,4,4,1,5,4,8,2,4,2,1,0,0,0,41
2019,Ensuring connectivity via data plane mechanisms,"Liu J., Panda A., Singla A., Godfrey B., Schapira M., Shenker S.",,"Proceedings of the 10th USENIX Symposium on Networked Systems Design and Implementation, NSDI 2013",, ,0,0,0,0,0,0,0,0,0,0,0,0,0,0,0,0,0,0,0,0,0,0,0,0,0,0,0,0,0,0,0,0,0,0,0,0,0,0,0,0,0,0,0,0,2,5,3,6,6,9,7,2,0,40
2006,A modular network layer for sensornets,"Ee C.T., Fonseca R., Kim S., Moon D., Tavakoli A., Culler D., Shenker S., Stoica I.",,OSDI 2006 - 7th USENIX Symposium on Operating Systems Design and Implementation,, ,0,0,0,0,0,0,0,0,0,0,0,0,0,0,0,0,0,0,0,0,0,0,0,0,0,0,0,0,0,0,0,0,0,0,0,0,0,0,3,4,2,11,7,5,2,3,2,1,0,0,0,0,0,40
1998,Uniform versus priority dropping for layered video,"Bajaj S., Breslau L., Shenker S.",1464833,Computer Communication Review,28,4,0,0,0,0,0,0,0,0,0,0,0,0,0,0,0,0,0,0,0,0,0,0,0,0,0,0,0,0,0,0,0,1,5,7,6,6,4,1,3,1,1,2,0,1,1,1,0,0,0,0,0,0,0,40
2002,Search and replication in unstructured peer-to-peer networks,"Lv Q., Cao P., Cohen E., Li K., Shenker S.",1635999,Performance Evaluation Review,30,1,0,0,0,0,0,0,0,0,0,0,0,0,0,0,0,0,0,0,0,0,0,0,0,0,0,0,0,0,0,0,0,0,0,0,0,2,3,1,8,2,4,3,6,1,2,2,0,2,0,2,1,0,0,39
1999,A scalable web cache consistency architecture,"Yu H., Breslau L., Shenker S.",1464833,Computer Communication Review,29,4,0,0,0,0,0,0,0,0,0,0,0,0,0,0,0,0,0,0,0,0,0,0,0,0,0,0,0,0,0,0,0,0,3,5,3,6,6,4,1,0,1,1,0,3,1,0,2,0,0,0,3,0,0,39
1998,Best-effort versus reservations: A simple comparative analysis,"Breslau L., Shenker S.",1464833,Computer Communication Review,28,4,0,0,0,0,0,0,0,0,0,0,0,0,0,0,0,0,0,0,0,0,0,0,0,0,0,0,0,0,0,0,0,3,5,3,3,0,5,7,3,3,2,1,0,1,0,0,0,1,0,0,1,0,0,38
2011,Intelligent design enables architectural evolution,"Ghodsi A., Shenker S., Koponen T., Singla A., Raghavan B., Wilcox J.",,"Proceedings of the 10th ACM Workshop on Hot Topics in Networks, HotNets-10",, ,0,0,0,0,0,0,0,0,0,0,0,0,0,0,0,0,0,0,0,0,0,0,0,0,0,0,0,0,0,0,0,0,0,0,0,0,0,0,0,0,0,0,0,5,6,4,5,5,3,3,6,0,0,37
1995,Two issues in reservation establishment,"Shenker S., Breslau L.",,"Proceedings of the Conference on Applications, Technologies, Architectures, and Protocols for Computer Communication, SIGCOMM 1995",, ,0,0,0,0,0,0,0,0,0,0,0,0,0,0,0,0,0,0,0,0,0,0,0,0,0,0,2,0,4,5,7,3,2,1,2,0,2,3,2,0,0,0,0,2,1,0,0,0,1,0,0,0,0,37
2005,Hidden-action in multi-hop routing,"Feldman M., Chuang J., Stoica I., Shenker S.",,Proceedings of the ACM Conference on Electronic Commerce,, ,0,0,0,0,0,0,0,0,0,0,0,0,0,0,0,0,0,0,0,0,0,0,0,0,0,0,0,0,0,0,0,0,0,0,0,0,0,3,4,8,8,2,2,3,0,1,0,1,0,0,2,0,0,34
2003,DIPS: A distributed index for features in sensor networks,"Greenstein B., Ratnasamy S., Shenker S., Govindan R., Estrin D.",15708705,Ad Hoc Networks,1, 2-3,0,0,0,0,0,0,0,0,0,0,0,0,0,0,0,0,0,0,0,0,0,0,0,0,0,0,0,0,0,0,0,0,0,0,0,0,2,2,6,1,5,1,3,2,3,3,1,1,2,1,0,1,0,34
2015,SDX: A software defined internet exchange,"Gupta A., Vanbever L., Shahbaz M., Donovan S.P., Schlinker B., Feamster N., Rexford J., Shenker S., Clark R., Katz-Bassett E.",1464833,Computer Communication Review,44,4,0,0,0,0,0,0,0,0,0,0,0,0,0,0,0,0,0,0,0,0,0,0,0,0,0,0,0,0,0,0,0,0,0,0,0,0,0,0,0,0,0,0,0,0,0,0,0,8,5,13,7,0,0,33
2008,Diverse replication for single-machine byzantine-fault tolerance,"Chun B.-G., Maniatis P., Shenker S.",,"Proceedings of the 2008 USENIX Annual Technical Conference, USENIX 2008",, ,0,0,0,0,0,0,0,0,0,0,0,0,0,0,0,0,0,0,0,0,0,0,0,0,0,0,0,0,0,0,0,0,0,0,0,0,0,0,0,0,1,6,3,2,1,5,3,4,3,1,2,2,0,33
2005,Host mobility using an internet indirection infrastructure,"Zhuang S., Lai K., Stoca I., Katz R., Shenker S.",10220038,Wireless Networks,11,6,0,0,0,0,0,0,0,0,0,0,0,0,0,0,0,0,0,0,0,0,0,0,0,0,0,0,0,0,0,0,0,0,0,0,0,0,0,1,1,5,3,3,4,3,5,3,0,4,0,1,0,0,0,33
2004,Global synchronization in sensornets,"Elson J., Karp R.M., Papadimitriou C.H., Shenker S.",3029743,Lecture Notes in Computer Science (including subseries Lecture Notes in Artificial Intelligence and Lecture Notes in Bioinformatics),2976, ,0,0,0,0,0,0,0,0,0,0,0,0,0,0,0,0,0,0,0,0,0,0,0,0,0,0,0,0,0,0,0,0,0,0,0,1,1,4,3,0,4,5,5,2,0,1,3,0,2,0,1,0,0,32
1989,The Optimal Control of Heterogeneous Queueing Systems: A Paradigm for Load-Sharing and Routing,"Shenker S., Weinrib A.",189340,IEEE Transactions on Computers,38,12,0,0,0,0,0,0,0,0,0,0,0,0,0,0,0,0,0,0,0,0,0,0,1,3,1,0,2,0,0,2,4,0,4,2,0,1,0,0,2,1,0,0,1,2,0,1,3,0,1,1,0,0,0,32
2017,Verifying reachability in networks with mutable datapaths,"Panda A., Lahav O., Argyraki K., Sagiv M., Shenker S.",,"Proceedings of the 14th USENIX Symposium on Networked Systems Design and Implementation, NSDI 2017",, ,0,0,0,0,0,0,0,0,0,0,0,0,0,0,0,0,0,0,0,0,0,0,0,0,0,0,0,0,0,0,0,0,0,0,0,0,0,0,0,0,0,0,0,0,0,0,0,0,6,10,14,1,0,31
1996,Congestion control for best-effort service: Why we need a new paradigm,"Lefelhocz C., Lyles B., Shenker S., Zhang L.",8908044,IEEE Network,10,1,0,0,0,0,0,0,0,0,0,0,0,0,0,0,0,0,0,0,0,0,0,0,0,0,0,0,0,1,2,8,4,0,3,4,3,0,0,1,1,0,1,0,1,0,1,0,0,0,0,0,1,0,0,31
2017,A high performance packet core for next generation cellular networks,"Qazi Z.A., Walls M., Panda A., Sekar V., Ratnasamy S., Shenker S.",,SIGCOMM 2017 - Proceedings of the 2017 Conference of the ACM Special Interest Group on Data Communication,, ,0,0,0,0,0,0,0,0,0,0,0,0,0,0,0,0,0,0,0,0,0,0,0,0,0,0,0,0,0,0,0,0,0,0,0,0,0,0,0,0,0,0,0,0,0,0,0,0,2,11,13,4,0,30
2016,SoftFlow: A middlebox architecture for open vswitch,"Jackson E.J., Walls M., Panda A., Pettit J., Pfaff B., Rajahalme J., Koponen T., Shenker S.",,"Proceedings of the 2016 USENIX Annual Technical Conference, USENIX ATC 2016",, ,0,0,0,0,0,0,0,0,0,0,0,0,0,0,0,0,0,0,0,0,0,0,0,0,0,0,0,0,0,0,0,0,0,0,0,0,0,0,0,0,0,0,0,0,0,0,0,0,12,10,7,1,0,30
2003,Host mobility using an internet indirection infrastructure,"Zhuang S., Lai K., Stoica I., Katz R., Shenker S.",,"Proceedings of the 1st International Conference on Mobile Systems, Applications and Services, MobiSys 2003",, ,0,0,0,0,0,0,0,0,0,0,0,0,0,0,0,0,0,0,0,0,0,0,0,0,0,0,0,0,0,0,0,0,0,0,0,2,7,3,5,0,2,1,1,7,2,0,0,0,0,0,0,0,0,30
2001,Internet path inflation due to policy routing,"Tangmunarunkit H., Govindan R., Shenker S.",0277786X,Proceedings of SPIE - The International Society for Optical Engineering,4526, ,0,0,0,0,0,0,0,0,0,0,0,0,0,0,0,0,0,0,0,0,0,0,0,0,0,0,0,0,0,0,0,0,1,1,5,3,4,2,5,1,3,1,0,1,1,0,0,0,1,0,1,0,0,30
2014,Keep Forwarding: Towards k-link failure resilient routing,"Yang B., Liu J., Shenker S., Li J., Zheng K.",0743166X,Proceedings - IEEE INFOCOM,, ,0,0,0,0,0,0,0,0,0,0,0,0,0,0,0,0,0,0,0,0,0,0,0,0,0,0,0,0,0,0,0,0,0,0,0,0,0,0,0,0,0,0,0,0,0,1,3,9,3,7,4,1,0,28
2010,Dynamic route computation considered harmful,"Caesar M., Rexford J., Casado M., Koponen T., Shenker S.",1464833,Computer Communication Review,40,2,0,0,0,0,0,0,0,0,0,0,0,0,0,0,0,0,0,0,0,0,0,0,0,0,0,0,0,0,0,0,0,0,0,0,0,0,0,0,0,0,0,0,1,6,4,4,2,4,2,4,1,0,0,28
2010,DDoS defense by offense,"Walfish M., Vutukuru M., Balakrishnan H., Karger D., Shenker S.",7342071,ACM Transactions on Computer Systems,28,1,0,0,0,0,0,0,0,0,0,0,0,0,0,0,0,0,0,0,0,0,0,0,0,0,0,0,0,0,0,0,0,0,0,0,0,0,0,0,0,0,1,0,4,3,1,7,1,2,3,1,3,2,0,28
2017,SCL: Simplifying distributed SDN control planes,"Panda A., Zheng W., Hu X., Krishnamurthy A., Shenker S.",,"Proceedings of the 14th USENIX Symposium on Networked Systems Design and Implementation, NSDI 2017",, ,0,0,0,0,0,0,0,0,0,0,0,0,0,0,0,0,0,0,0,0,0,0,0,0,0,0,0,0,0,0,0,0,0,0,0,0,0,0,0,0,0,0,0,0,0,0,0,0,1,13,8,3,0,25
2006,Observed structure of addresses in IP traffic,"Kohler E., Li J., Paxson V., Shenker S.",10636692,IEEE/ACM Transactions on Networking,14,6,0,0,0,0,0,0,0,0,0,0,0,0,0,0,0,0,0,0,0,0,0,0,0,0,0,0,0,0,0,0,0,0,0,0,0,0,0,0,1,2,4,1,4,1,2,3,2,1,2,0,1,1,0,25
1994,Architectural comparison of ST-II and RSVP,"Mitzel Danny J., Estrin Deborah, Shenker Scott, Zhang Lixia",0743166X,Proceedings - IEEE INFOCOM,2, ,0,0,0,0,0,0,0,0,0,0,0,0,0,0,0,0,0,0,0,0,0,0,0,0,0,2,1,1,6,5,1,0,3,1,0,1,0,1,1,0,1,0,0,0,1,0,0,0,0,0,0,0,0,25
2015,Troubleshooting blackbox SDN control software with minimal causal sequences,"Scott C., Wundsam A., Raghavan B., Panda A., Or A., Lai J., Huang E., Liu Z., El-Hassany A., Whitlock S., Acharya H.B., Zarifis K., Shenker S.",1464833,Computer Communication Review,44,4,0,0,0,0,0,0,0,0,0,0,0,0,0,0,0,0,0,0,0,0,0,0,0,0,0,0,0,0,0,0,0,0,0,0,0,0,0,0,0,0,0,0,0,0,0,0,0,1,9,7,5,2,0,24
2012,A new approach to interdomain routing based on secure multi-party computation,"Gupta D., Segal A., Panda A., Segev G., Schapira M., Feigenbaum J., Rexford J., Shenker S.",,"Proceedings of the 11th ACM Workshop on Hot Topics in Networks, HotNets-11",, ,0,0,0,0,0,0,0,0,0,0,0,0,0,0,0,0,0,0,0,0,0,0,0,0,0,0,0,0,0,0,0,0,0,0,0,0,0,0,0,0,0,0,0,0,4,1,3,5,5,3,3,0,0,24
2007,Achieving convergence-free routing using failure-carrying packets,"Lakshminarayanan K., Caesar M., Rangan M., Anderson T., Shenker S., Stoica I.",1464833,Computer Communication Review,37,4,0,0,0,0,0,0,0,0,0,0,0,0,0,0,0,0,0,0,0,0,0,0,0,0,0,0,0,0,0,0,0,0,0,0,0,0,0,0,0,0,0,2,0,0,2,4,2,0,3,10,0,1,0,24
2019,Elastic scaling of stateful network functions,"Woo S., Sherry J., Han S., Moon S., Ratnasamy S., Shenker S.",,"Proceedings of the 15th USENIX Symposium on Networked Systems Design and Implementation, NSDI 2018",, ,0,0,0,0,0,0,0,0,0,0,0,0,0,0,0,0,0,0,0,0,0,0,0,0,0,0,0,0,0,0,0,0,0,0,0,0,0,0,0,0,0,0,0,0,0,0,0,0,0,7,12,4,0,23
2016,Universal packet scheduling,"Mittal R., Agarwal R., Ratnasamy S., Shenker S.",,"Proceedings of the 13th USENIX Symposium on Networked Systems Design and Implementation, NSDI 2016",, ,0,0,0,0,0,0,0,0,0,0,0,0,0,0,0,0,0,0,0,0,0,0,0,0,0,0,0,0,0,0,0,0,0,0,0,0,0,0,0,0,0,0,0,0,0,0,0,4,6,5,5,3,0,23
2005,Towards an evolvable internet architecture,"Ratnasamy S., Shenker S., McCanne S.",1464833,Computer Communication Review,35,4,0,0,0,0,0,0,0,0,0,0,0,0,0,0,0,0,0,0,0,0,0,0,0,0,0,0,0,0,0,0,0,0,0,0,0,0,0,0,1,3,2,5,2,2,2,1,2,0,1,2,0,0,0,23
2014,Recursively cautious congestion control,"Mittal R., Sherry J., Ratnasamy S., Shenker S.",,"Proceedings of the 11th USENIX Symposium on Networked Systems Design and Implementation, NSDI 2014",, ,0,0,0,0,0,0,0,0,0,0,0,0,0,0,0,0,0,0,0,0,0,0,0,0,0,0,0,0,0,0,0,0,0,0,0,0,0,0,0,0,0,0,0,0,0,0,8,3,4,2,4,1,0,22
2007,Distributed algorithmic mechanism design,"Feigenbaum J., Schapira M., Shenker S.",,Algorithmic Game Theory,9.78052E+12, ,0,0,0,0,0,0,0,0,0,0,0,0,0,0,0,0,0,0,0,0,0,0,0,0,0,0,0,0,0,0,0,0,0,0,0,0,0,0,0,6,1,4,3,1,1,2,1,2,0,0,1,0,0,22
2004,Mechanism design for policy routing,"Feigenbaum J., Sami R., Shenker S.",,Proceedings of the Annual ACM Symposium on Principles of Distributed Computing,23, ,0,0,0,0,0,0,0,0,0,0,0,0,0,0,0,0,0,0,0,0,0,0,0,0,0,0,0,0,0,0,0,0,0,0,0,0,7,5,1,5,0,0,2,0,0,1,0,0,1,0,0,0,0,22
2002,Towards capturing representative AS-level Internet topologies,"Chang H., Govindan R., Jamin S., Shenker S.J., Willinger W.",1635999,Performance Evaluation Review,30,1,0,0,0,0,0,0,0,0,0,0,0,0,0,0,0,0,0,0,0,0,0,0,0,0,0,0,0,0,0,0,0,0,0,0,2,2,1,0,1,0,3,3,2,2,1,2,1,1,1,0,0,0,0,22
2002,Self-verifying CSFQ,"Stoica I., Zhang H., Shenker S.",0743166X,Proceedings - IEEE INFOCOM,1, ,0,0,0,0,0,0,0,0,0,0,0,0,0,0,0,0,0,0,0,0,0,0,0,0,0,0,0,0,0,0,0,0,0,1,0,1,1,2,5,2,1,2,3,1,1,0,0,1,0,0,0,0,0,21
2018,Revisiting network support for RDMA,"Mittal R., Shpiner A., Panda A., Zahavi E., Krishnamurthy A., Ratnasamy S., Shenker S.",,SIGCOMM 2018 - Proceedings of the 2018 Conference of the ACM Special Interest Group on Data Communication,, ,0,0,0,0,0,0,0,0,0,0,0,0,0,0,0,0,0,0,0,0,0,0,0,0,0,0,0,0,0,0,0,0,0,0,0,0,0,0,0,0,0,0,0,0,0,0,0,0,0,1,15,4,0,20
2016,Minimizing faulty executions of distributed systems,"Scott C., Panda A., Brajkovic V., Necula G., Krishnamurthy A., Shenker S.",,"Proceedings of the 13th USENIX Symposium on Networked Systems Design and Implementation, NSDI 2016",, ,0,0,0,0,0,0,0,0,0,0,0,0,0,0,0,0,0,0,0,0,0,0,0,0,0,0,0,0,0,0,0,0,0,0,0,0,0,0,0,0,0,0,0,0,0,0,0,3,7,6,4,0,0,20
2004,"Spurring adoption of DHTs with openhash, a public DHT service","Karp B., Ratnasamy S., Rhea S., Shenker S.",3029743,Lecture Notes in Computer Science,3279, ,0,0,0,0,0,0,0,0,0,0,0,0,0,0,0,0,0,0,0,0,0,0,0,0,0,0,0,0,0,0,0,0,0,0,0,0,2,0,2,0,4,4,3,0,1,1,0,1,0,0,1,1,0,20
2007,Resolving inter-domain policy disputes,"Ee C.T., Ramachandran V., Chun B.-G., Lakshminarayanan K., Shenker S.",,ACM SIGCOMM 2007: Conference on Computer Communications,, ,0,0,0,0,0,0,0,0,0,0,0,0,0,0,0,0,0,0,0,0,0,0,0,0,0,0,0,0,0,0,0,0,0,0,0,0,0,0,0,3,1,6,6,2,0,0,0,1,0,0,0,0,0,19
1996,Service architecture and content provision: The network provider as editor,"MacKie-Mason J., Shenker S., Varian H.R.",3085961,Telecommunications Policy,20,3,0,0,0,0,0,0,0,0,0,0,0,0,0,0,0,0,0,0,0,0,0,0,0,0,0,0,0,0,2,2,1,3,0,0,0,0,1,1,3,2,1,0,1,1,0,0,0,0,1,0,0,0,0,19
2006,Mechanism design for policy routing,"Feigenbaum J., Sami R., Shenker S.",1782770,Distributed Computing,18,4,0,0,0,0,0,0,0,0,0,0,0,0,0,0,0,0,0,0,0,0,0,0,0,0,0,0,0,0,0,0,0,0,0,0,0,0,0,0,4,4,2,2,4,1,0,0,0,0,0,1,0,0,0,18
2002,"Network topologies, power laws, and hierarchy","Tangmunarunkit H., Govindan R., Jamin S., Shenker S., Willinger W.",1464833,Computer Communication Review,32,1,0,0,0,0,0,0,0,0,0,0,0,0,0,0,0,0,0,0,0,0,0,0,0,0,0,0,0,0,0,0,0,0,0,0,0,0,1,2,0,1,0,0,4,2,0,1,2,1,2,1,1,0,0,18
1988,GREED IS NOT ENOUGH: ADAPTIVE LOAD SHARING IN LARGE HETEROGENEOUS SYSTEMS.,"Weinrig Abel, Shenker Scott",0743166X,Proceedings - IEEE INFOCOM,, ,0,0,0,0,0,0,0,0,0,0,0,0,0,0,0,0,0,0,0,0,1,0,1,1,2,1,0,0,1,0,0,0,2,1,0,1,1,1,0,0,0,0,0,0,1,2,1,0,1,0,0,0,0,18
2010,YAMR: Yet another multipath routing protocol,"Ganichev I., Dai B., Shenker S., Godfrey P.B.",1464833,Computer Communication Review,40,5,0,0,0,0,0,0,0,0,0,0,0,0,0,0,0,0,0,0,0,0,0,0,0,0,0,0,0,0,0,0,0,0,0,0,0,0,0,0,0,0,0,0,0,1,3,4,2,3,2,2,0,0,0,17
2001,Learning in Network Contexts: Experimental Results from Simulations,"Greenwald A., Friedman E.J., Shenker S.",8998256,Games and Economic Behavior,35, 1-2,0,0,0,0,0,0,0,0,0,0,0,0,0,0,0,0,0,0,0,0,0,0,0,0,0,0,0,0,0,0,0,0,0,2,0,2,1,1,2,2,2,1,1,2,0,0,0,0,1,0,0,0,0,17
2020,Why let resources idle? Aggressive cloning of jobs with Dolly,"Ananthanarayanan G., Ghodsi A., Shenker S., Stoica I.",,"4th USENIX Workshop on Hot Topics in Cloud Computing, HotCloud 2012",, ,0,0,0,0,0,0,0,0,0,0,0,0,0,0,0,0,0,0,0,0,0,0,0,0,0,0,0,0,0,0,0,0,0,0,0,0,0,0,0,0,0,0,0,1,2,0,0,4,6,2,1,0,0,16
2019,RESQ: Enabling SLOs in network function virtualization,"Tootoonchian A., Panda A., Lan C., Walls M., Argyraki K., Ratnasamy S., Shenker S.",,"Proceedings of the 15th USENIX Symposium on Networked Systems Design and Implementation, NSDI 2018",, ,0,0,0,0,0,0,0,0,0,0,0,0,0,0,0,0,0,0,0,0,0,0,0,0,0,0,0,0,0,0,0,0,0,0,0,0,0,0,0,0,0,0,0,0,0,0,0,0,0,2,11,3,0,16
2017,Monotasks: Architecting for Performance Clarity in Data Analytics Frameworks,"Ousterhout K., Ratnasamy S., Canel C., Shenker S.",,SOSP 2017 - Proceedings of the 26th ACM Symposium on Operating Systems Principles,, ,0,0,0,0,0,0,0,0,0,0,0,0,0,0,0,0,0,0,0,0,0,0,0,0,0,0,0,0,0,0,0,0,0,0,0,0,0,0,1,0,0,0,0,0,0,0,0,0,0,7,7,1,0,16
2016,The quest for resilient (static) forwarding tables,"Chiesa M., Nikolaevskiy I., Mitrovic S., Panda A., Gurtov A., Maidry A., Schapira M., Shenker S.",0743166X,Proceedings - IEEE INFOCOM,2016-, ,0,0,0,0,0,0,0,0,0,0,0,0,0,0,0,0,0,0,0,0,0,0,0,0,0,0,0,0,0,0,0,0,0,0,0,0,0,0,0,0,0,0,0,0,0,0,0,2,2,6,6,0,0,16
2014,PRAN: Programmable radio access networks,"Wu W., Li L.E., Panda A., Shenker S.",,"Proceedings of the 13th ACM Workshop on Hot Topics in Networks, HotNets 2014",, ,0,0,0,0,0,0,0,0,0,0,0,0,0,0,0,0,0,0,0,0,0,0,0,0,0,0,0,0,0,0,0,0,0,0,0,0,0,0,0,0,0,0,0,0,0,0,1,5,1,5,4,0,0,16
2011,Data-driven network connectivity,"Liu J., Yan B., Shenker S., Schapira M.",,"Proceedings of the 10th ACM Workshop on Hot Topics in Networks, HotNets-10",, ,0,0,0,0,0,0,0,0,0,0,0,0,0,0,0,0,0,0,0,0,0,0,0,0,0,0,0,0,0,0,0,0,0,0,0,0,0,0,0,0,0,0,0,1,1,3,1,3,2,2,3,0,0,16
1995,"Sharing the ""cost"" of multicast trees: An axiomatic analysis","Herzog S., Shenker S., Estrin D.",,"Proceedings of the Conference on Applications, Technologies, Architectures, and Protocols for Computer Communication, SIGCOMM 1995",, ,0,0,0,0,0,0,0,0,0,0,0,0,0,0,0,0,0,0,0,0,0,0,0,0,0,0,0,2,1,3,3,0,2,0,1,2,1,0,0,1,0,0,0,0,0,0,0,0,0,0,0,0,0,16
1991,Transient behavior in a flexible assembly system,"McCormick S.T., Pinedo M.L., Shenker S., Wolf B.",9206299,International Journal of Flexible Manufacturing Systems,3,1,0,0,0,0,0,0,0,0,0,0,0,0,0,0,0,0,0,0,0,0,0,0,0,3,1,1,0,0,0,1,1,1,0,1,0,0,0,0,1,1,1,0,0,1,0,1,1,1,0,0,0,0,0,16
2017,On the Resiliency of Static Forwarding Tables,"Chiesa M., Nikolaevskiy I., Mitrovic S., Gurtov A., Madry A., Schapira M., Shenker S.",10636692,IEEE/ACM Transactions on Networking,25,2,0,0,0,0,0,0,0,0,0,0,0,0,0,0,0,0,0,0,0,0,0,0,0,0,0,0,0,0,0,0,0,0,0,0,0,0,0,0,0,0,0,0,0,0,0,0,0,0,0,5,8,2,0,15
2004,"An experiment on learning with limited information: Nonconvergence, experimentation cascades, and the advantage of being slow","Friedman E., Shor M., Shenker S., Sopher B.",8998256,Games and Economic Behavior,47,2,0,0,0,0,0,0,0,0,0,0,0,0,0,0,0,0,0,0,0,0,0,0,0,0,0,0,0,0,0,0,0,0,0,0,0,1,1,0,2,2,0,0,1,1,2,1,0,0,2,2,0,0,0,15
1999,Measurement-based admission control: What is the research agenda?,"Breslau L., Jamin S., Shenker S.",1548615X,"IEEE International Workshop on Quality of Service, IWQoS",, ,0,0,0,0,0,0,0,0,0,0,0,0,0,0,0,0,0,0,0,0,0,0,0,0,0,0,0,0,0,0,0,3,2,0,0,2,1,3,3,1,0,0,0,0,0,0,0,0,0,0,0,0,0,15
2020,The datacenter needs an operating system,"Zaharia M., Hindman B., Konwinski A., Ghodsi A., Joseph A.D., Katz R., Shenker S., Stoica I.",,"3rd USENIX Workshop on Hot Topics in Cloud Computing, HotCloud 2011",, ,0,0,0,0,0,0,0,0,0,0,0,0,0,0,0,0,0,0,0,0,0,0,0,0,0,0,0,0,0,0,0,0,0,0,0,0,0,0,0,0,0,0,0,1,1,0,1,2,3,1,4,0,0,13
2011,Slick packets,"Nguyen G.T.K., Agarwal R., Liu J., Caesar M., Godfrey P.B., Shenker S.",1635999,Performance Evaluation Review,39,1,0,0,0,0,0,0,0,0,0,0,0,0,0,0,0,0,0,0,0,0,0,0,0,0,0,0,0,0,0,0,0,0,0,0,0,0,0,0,0,0,0,0,0,0,4,1,3,2,1,1,1,0,0,13
2004,Practical and robust geographic routing in wireless networks,"Kim Y.-J., Govindan R., Karp B., Shenker S.",,SenSys'04 - Proceedings of the Second International Conference on Embedded Networked Sensor Systems,, ,0,0,0,0,0,0,0,0,0,0,0,0,0,0,0,0,0,0,0,0,0,0,0,0,0,0,0,0,0,0,0,0,0,0,0,0,0,0,1,1,1,1,2,0,3,1,1,0,0,1,1,0,0,13
2001,Approximation and collusion in multicast cost sharing,"Feigenbaum J., Krishnamurthy A., Sami R., Shenker S.",,Proceedings of the ACM Conference on Electronic Commerce,, ,0,0,0,0,0,0,0,0,0,0,0,0,0,0,0,0,0,0,0,0,0,0,0,0,0,0,0,0,0,0,0,0,0,0,2,3,4,1,1,2,0,0,0,0,0,0,0,0,0,0,0,0,0,13
2016,On the resiliency of randomized routing against multiple edge failures,"Chiesa M., Gurtov A., Madry A., Mitrovic S., Nikolaevskiy I., Schapira M., Shenker S.",18688969,"Leibniz International Proceedings in Informatics, LIPIcs",55, ,0,0,0,0,0,0,0,0,0,0,0,0,0,0,0,0,0,0,0,0,0,0,0,0,0,0,0,0,0,0,0,0,0,0,0,0,0,0,0,0,0,0,0,0,0,0,0,0,4,3,5,0,0,12
2016,Some complexity results for stateful network verification,"Velner Y., Alpernas K., Panda A., Rabinovich A., Sagiv M., Shenker S., Shoham S.",3029743,Lecture Notes in Computer Science (including subseries Lecture Notes in Artificial Intelligence and Lecture Notes in Bioinformatics),9636, ,0,0,0,0,0,0,0,0,0,0,0,0,0,0,0,0,0,0,0,0,0,0,0,0,0,0,0,0,0,0,0,0,0,0,0,0,0,0,0,0,0,0,0,0,0,0,0,0,1,5,5,1,0,12
1998,Local error recovery in SRM: Comparison of two approaches,"Liu C.-G., Estrin D., Shenker S., Zhang L.",10636692,IEEE/ACM Transactions on Networking,6,6,0,0,0,0,0,0,0,0,0,0,0,0,0,0,0,0,0,0,0,0,0,0,0,0,0,0,0,0,0,0,0,0,0,3,1,2,0,2,2,1,1,0,0,0,0,0,0,0,0,0,0,0,0,12
2010,Incentive compatibility and dynamics of congestion control,"Godfrey P.B., Schapira M., Zohar A., Shenker S.",1635999,Performance Evaluation Review,38,1,0,0,0,0,0,0,0,0,0,0,0,0,0,0,0,0,0,0,0,0,0,0,0,0,0,0,0,0,0,0,0,0,0,0,0,0,0,0,0,0,0,0,1,0,4,2,2,0,1,1,0,0,0,11
2005,Reliable broadcast in unknown fixed-identity networks,"Subramanian L., Katz R.H., Roth V., Shenker S., Stoica I.",,Proceedings of the Annual ACM Symposium on Principles of Distributed Computing,24, ,0,0,0,0,0,0,0,0,0,0,0,0,0,0,0,0,0,0,0,0,0,0,0,0,0,0,0,0,0,0,0,0,0,0,0,0,0,3,1,0,3,0,2,0,1,0,1,0,0,0,0,0,0,11
1994,Services or infrastructure: Why we need a network service model,"Shenker S., Clark D.D., Zhang L.",,"Proceedings of the 1994 1st International Workshop on Community Networking: Integrated Multimedia Services to the Home, CN 1994",, ,0,0,0,0,0,0,0,0,0,0,0,0,0,0,0,0,0,0,0,0,0,0,0,0,0,0,1,3,0,0,0,0,2,1,0,1,0,0,2,0,0,1,0,0,0,0,0,0,0,0,0,0,0,11
2017,Verification in the Age of Microservices,"Panda A., Sagiv M., Shenker S.",,Proceedings of the Workshop on Hot Topics in Operating Systems - HOTOS,129307, ,0,0,0,0,0,0,0,0,0,0,0,0,0,0,0,0,0,0,0,0,0,0,0,0,0,0,0,0,0,0,0,0,0,0,0,0,0,0,0,0,0,0,0,0,0,0,0,0,2,2,4,2,0,10
2015,Stabilizing route selection in BGP,"Godfrey P.B., Caesar M., Haken I., Singer Y., Shenker S., Stoica I.",10636692,IEEE/ACM Transactions on Networking,23,1,0,0,0,0,0,0,0,0,0,0,0,0,0,0,0,0,0,0,0,0,0,0,0,0,0,0,0,0,0,0,0,0,0,0,0,0,0,0,0,0,0,0,0,0,0,0,1,1,4,3,1,0,0,10
2013,Enhancing rural connectivity with software defined networks,"Hasan S., Ben-David Y., Scott C., Brewer E., Shenker S.",,"Proceedings of the 3rd ACM Symposium on Computing for Development, DEV 2013",, ,0,0,0,0,0,0,0,0,0,0,0,0,0,0,0,0,0,0,0,0,0,0,0,0,0,0,0,0,0,0,0,0,0,0,0,0,0,0,0,0,0,0,0,0,1,2,3,1,3,0,0,0,0,10
2004,Using hierarchical location names for scalable routing and rendezvous in wireless sensor networks,"Bian F., Govindan R., Schenker S., Li X.",,SenSys'04 - Proceedings of the Second International Conference on Embedded Networked Sensor Systems,, ,0,0,0,0,0,0,0,0,0,0,0,0,0,0,0,0,0,0,0,0,0,0,0,0,0,0,0,0,0,0,0,0,0,0,0,0,0,0,1,1,0,1,3,0,0,1,2,0,0,1,0,0,0,10
1996,Asynchronous updates in large parallel systems,"Greenberg A.G., Shenker S., Stolyar A.L.",1635999,Performance Evaluation Review,24,1,0,0,0,0,0,0,0,0,0,0,0,0,0,0,0,0,0,0,0,0,0,0,0,0,0,0,0,0,0,0,0,2,0,2,3,1,1,1,0,0,0,0,0,0,0,0,0,0,0,0,0,0,0,10
2015,New directions for network verification,"Panda A., Argyraki K., Sagiv M., Schapira M., Shenker S.",18688969,"Leibniz International Proceedings in Informatics, LIPIcs",32, ,0,0,0,0,0,0,0,0,0,0,0,0,0,0,0,0,0,0,0,0,0,0,0,0,0,0,0,0,0,0,0,0,0,0,0,0,0,0,0,0,0,0,0,0,0,0,0,3,2,1,2,1,0,9
2010,Ripcord: A modular platform for data center networking,"Heller B., Erickson D., McKeown N., Griffith R., Ganichev I., Whyte S., Zarifis K., Moon D., Shenker S., Stuart S.",,SIGCOMM'10 - Proceedings of the SIGCOMM 2010 Conference,, ,0,0,0,0,0,0,0,0,0,0,0,0,0,0,0,0,0,0,0,0,0,0,0,0,0,0,0,0,0,0,0,0,0,0,0,0,0,0,0,0,0,0,2,1,2,2,1,1,0,0,0,0,0,9
1996,Study of reservation dynamics in integrated services packet networks,"Mitzel Danny J., Estrin Deborah, Shenker Scott, Zhang Lixia",0743166X,Proceedings - IEEE INFOCOM,2, ,0,0,0,0,0,0,0,0,0,0,0,0,0,0,0,0,0,0,0,0,0,0,0,0,0,0,0,0,1,2,1,1,1,1,1,0,0,1,0,0,0,0,0,0,0,0,0,0,0,0,0,0,0,9
1994,Asymptotic resource consumption in multicast reservation styles,"Mitzel D.J., Shenker S.",,"Proceedings of the Conference on Communications Architectures, Protocols and Applications, SIGCOMM 1994",, ,0,0,0,0,0,0,0,0,0,0,0,0,0,0,0,0,0,0,0,0,0,0,0,0,0,1,0,1,1,0,0,1,2,1,0,1,1,0,0,0,0,0,0,0,0,0,0,0,0,0,0,0,0,9
2016,Caching doesn't improve mobileweb performance (Much),"Vesuna J., Scott C., Buettner M., Krishnamurthy A., Shenker S.",,"Proceedings of the 2016 USENIX Annual Technical Conference, USENIX ATC 2016",, ,0,0,0,0,0,0,0,0,0,0,0,0,0,0,0,0,0,0,0,0,0,0,0,0,0,0,0,0,0,0,0,0,0,0,0,0,0,0,0,0,0,0,0,0,0,0,0,0,1,5,2,0,0,8
2007,Hidden-action in network routing,"Feldman M., Chuang J., Stoica I., Shenker S.",7338716,IEEE Journal on Selected Areas in Communications,25,6,0,0,0,0,0,0,0,0,0,0,0,0,0,0,0,0,0,0,0,0,0,0,0,0,0,0,0,0,0,0,0,0,0,0,0,0,0,0,0,2,0,4,0,0,1,0,0,0,0,1,0,0,0,8
2005,OverCite: A cooperative digital research library,"Stribling J., Councill I.G., Li J., Kaashoek M.F., Karger D.R., Morris R., Shenker S.",3029743,Lecture Notes in Computer Science (including subseries Lecture Notes in Artificial Intelligence and Lecture Notes in Bioinformatics),3640, ,0,0,0,0,0,0,0,0,0,0,0,0,0,0,0,0,0,0,0,0,0,0,0,0,0,0,0,0,0,0,0,0,0,0,0,0,0,1,1,1,0,2,0,0,0,1,2,0,0,0,0,0,0,8
1999,Distributive and additive costsharing of an homogeneous good,"Moulin H., Shenker S.",8998256,Games and Economic Behavior,27,2,0,0,0,0,0,0,0,0,0,0,0,0,0,0,0,0,0,0,0,0,0,0,0,0,0,0,0,0,0,0,1,0,0,2,0,1,0,1,0,0,0,0,1,0,0,1,0,0,0,1,0,0,0,8
1987,SOME CONJECTURES ON THE BEHAVIOR OF ACKNOWLEDGMENT-BASED TRANSMISSION CONTROL OF RANDOM ACCESS COMMUNICATION CHANNELS.,Shenker Scott,1635999,Performance Evaluation Review,15,1,0,0,0,0,0,0,0,0,0,0,0,0,0,0,0,0,0,0,0,0,0,1,0,0,0,0,0,1,0,0,1,0,0,0,0,0,0,1,1,0,0,1,1,1,0,0,0,0,0,0,0,0,0,8
2019,Cloud terminal: Secure access to sensitive applications from untrusted systems,"Martignoni L., Poosankam P., Zaharia M., Han J., McCamant S., Song D., Paxson V., Perrig A., Shenker S., Stoica I.",,"Proceedings of the 2012 USENIX Annual Technical Conference, USENIX ATC 2012",, ,0,0,0,0,0,0,0,0,0,0,0,0,0,0,0,0,0,0,0,0,0,0,0,0,0,0,0,0,0,0,0,0,0,0,0,0,0,0,0,0,0,0,0,1,2,0,2,0,0,0,2,0,0,7
2015,Universal packet scheduling,"Mittal R., Agarwal R., Ratnasamy S., Shenker S.",,"Proceedings of the 14th ACM Workshop on Hot Topics in Networks, HotNets-XIV 2015",, ,0,0,0,0,0,0,0,0,0,0,0,0,0,0,0,0,0,0,0,0,0,0,0,0,0,0,0,0,0,0,0,0,0,0,0,0,0,0,0,0,0,0,0,0,0,0,1,1,2,0,3,0,0,7
2016,Recursive SDN for carrier networks,"McCauley J., Liu Z., Panda A., Koponen T., Raghavan B., Rexford J., Shenker S.",1464833,Computer Communication Review,46,4,0,0,0,0,0,0,0,0,0,0,0,0,0,0,0,0,0,0,0,0,0,0,0,0,0,0,0,0,0,0,0,0,0,0,0,0,0,0,0,0,0,0,0,0,0,0,0,0,2,4,0,0,0,6
2013,Building dissent networks: Towards effective countermeasures against large-scale communications blackouts,"Hasan S., Ben-David Y., Fanti G., Brewer E., Shenker S.",,"3rd USENIX Workshop on Free and Open Communications on the Internet, FOCI 2013, co-located with USENIX Security 2013",, ,0,0,0,0,0,0,0,0,0,0,0,0,0,0,0,0,0,0,0,0,0,0,0,0,0,0,0,0,0,0,0,0,0,0,0,0,0,0,0,0,0,0,0,0,1,2,1,0,2,0,0,0,0,6
2010,YAMR: Yet another multipath routing protocol,"Ganichev I., Dai B., Godfrey P.B., Shenker S.",,SIGCOMM'10 - Proceedings of the SIGCOMM 2010 Conference,, ,0,0,0,0,0,0,0,0,0,0,0,0,0,0,0,0,0,0,0,0,0,0,0,0,0,0,0,0,0,0,0,0,0,0,0,0,0,0,0,0,0,0,1,5,0,0,0,0,0,0,0,0,0,6
2009,An investigation of the Internet's IP-layer connectivity,"Tang L., Li J., Li Y., Shenker S.",1403664,Computer Communications,32,5,0,0,0,0,0,0,0,0,0,0,0,0,0,0,0,0,0,0,0,0,0,0,0,0,0,0,0,0,0,0,0,0,0,0,0,0,0,0,0,0,0,2,0,2,0,0,0,1,1,0,0,0,0,6
2006,SmartSeer: Using a DHT to process continuous queries over peer-to-peer networks,"Kannan J., Yang B., Shenker S., Sharma P., Banerjee S., Basu S., Lee S.-J.",0743166X,Proceedings - IEEE INFOCOM,, ,0,0,0,0,0,0,0,0,0,0,0,0,0,0,0,0,0,0,0,0,0,0,0,0,0,0,0,0,0,0,0,0,0,0,0,0,0,0,2,1,0,0,1,2,0,0,0,0,0,0,0,0,0,6
2002,Hardness results for multicast cost sharing,"Feigenbaum J., Krishnamurthy A., Sami R., Shenker S.",3029743,Lecture Notes in Computer Science (including subseries Lecture Notes in Artificial Intelligence and Lecture Notes in Bioinformatics),2556, ,0,0,0,0,0,0,0,0,0,0,0,0,0,0,0,0,0,0,0,0,0,0,0,0,0,0,0,0,0,0,0,0,0,0,1,1,0,0,0,1,0,0,0,0,0,1,0,0,1,1,0,0,0,6
2012,Brief announcement: On the resilience of routing tables,"Feigenbaum J., Godfrey B., Panda A., Schapira M., Shenker S., Singla A.",,Proceedings of the Annual ACM Symposium on Principles of Distributed Computing,, ,0,0,0,0,0,0,0,0,0,0,0,0,0,0,0,0,0,0,0,0,0,0,0,0,0,0,0,0,0,0,0,0,0,0,0,0,0,0,0,0,0,0,0,0,0,1,0,0,0,2,2,0,0,5
2009,Tiered fault tolerance for long-term integrity,"Chun B.-G., Maniatis P., Shenker S., Kubiatowicz J.",,"Proceedings of the 7th USENIX Conference on File and Storage Technologies, FAST 2009",, ,0,0,0,0,0,0,0,0,0,0,0,0,0,0,0,0,0,0,0,0,0,0,0,0,0,0,0,0,0,0,0,0,0,0,0,0,0,0,0,0,0,0,1,0,2,0,1,1,0,0,0,0,0,5
2007,Resolving inter-domain policy disputes,"Ee C.T., Chun B.-G., Ramachandran V., Lakshminarayanan K., Shenker S.",1464833,Computer Communication Review,37,4,0,0,0,0,0,0,0,0,0,0,0,0,0,0,0,0,0,0,0,0,0,0,0,0,0,0,0,0,0,0,0,0,0,0,0,0,0,0,0,0,0,0,1,0,0,1,1,0,1,1,0,0,0,5
2003,Design guidelines for robust internet protocols,"Anderson T., Shenker S., Stoica I., Wetherall D.",1464833,Computer Communication Review,33,1,0,0,0,0,0,0,0,0,0,0,0,0,0,0,0,0,0,0,0,0,0,0,0,0,0,0,0,0,0,0,0,0,0,0,0,0,2,0,0,1,0,0,0,0,0,0,0,1,0,1,0,0,0,5
2002,Aggregate congestion control,"Mahajan R., Bellovin S.M., Floyd S., Ioannidis J., Paxson V., Shenker S.",1464833,Computer Communication Review,32,1,0,0,0,0,0,0,0,0,0,0,0,0,0,0,0,0,0,0,0,0,0,0,0,0,0,0,0,0,0,0,0,0,0,0,0,0,1,1,0,1,0,0,1,0,0,0,1,0,0,0,0,0,0,5
1991,Mostly parallel garbage collection,"Boehm H.-J., Demers A.J., Shenker S.",,Proceedings of the ACM SIGPLAN Conference on Programming Language Design and Implementation (PLDI),, ,0,0,0,0,0,0,0,0,0,0,0,0,0,0,0,0,0,0,0,0,0,0,0,1,0,0,0,0,0,0,0,0,0,0,0,0,0,0,0,0,0,0,0,1,0,1,0,0,0,1,1,0,0,5
2018,MONARCH: Gaining command on geo-distributed graph analytics,"Iyer A.P., Panda A., Chowdhury M., Akella A., Shenker S., Stoica I.",,"10th USENIX Workshop on Hot Topics in Cloud Computing, HotCloud 2018, co-located with USENIX ATC 2018",, ,0,0,0,0,0,0,0,0,0,0,0,0,0,0,0,0,0,0,0,0,0,0,0,0,0,0,0,0,0,0,0,0,0,0,0,0,0,0,0,0,0,0,0,0,0,0,0,0,0,2,1,1,0,4
2017,Performance clarity as a first-class design principle,"Ousterhout K., Canel C., Wolffe M., Ratnasamy S., Shenker S.",,Proceedings of the Workshop on Hot Topics in Operating Systems - HOTOS,129307, ,0,0,0,0,0,0,0,0,0,0,0,0,0,0,0,0,0,0,0,0,0,0,0,0,0,0,0,0,0,0,0,0,0,0,0,0,0,0,0,0,0,0,0,0,0,0,0,0,1,1,2,0,0,4
2016,Open network interfaces for carrier networks,"Panda A., McCauley J., Tootoonchian A., Sherry J., Koponen T., Ratnasamy S., Shenker S.",1464833,Computer Communication Review,46,1,0,0,0,0,0,0,0,0,0,0,0,0,0,0,0,0,0,0,0,0,0,0,0,0,0,0,0,0,0,0,0,0,0,0,0,0,0,0,0,0,0,0,0,0,0,0,0,1,1,1,1,0,0,4
2003,Profit-maximizing multicast pricing by approximating fixed points,"Mehta A., Shenker S., Vazirani V.V.",,Proceedings of the ACM Conference on Electronic Commerce,, ,0,0,0,0,0,0,0,0,0,0,0,0,0,0,0,0,0,0,0,0,0,0,0,0,0,0,0,0,0,0,0,0,0,0,0,0,1,1,0,1,0,0,1,0,0,0,0,0,0,0,0,0,0,4
2003,Erratum: Approximation and collusion in multicast cost sharing (ACM Conference on Electronic Commerce (2001)),"Feigenbaum J., Krishnamurthy A., Sami R., Shenker S.",,Proceedings of the ACM Conference on Electronic Commerce,, ,0,0,0,0,0,0,0,0,0,0,0,0,0,0,0,0,0,0,0,0,0,0,0,0,0,0,0,0,0,0,0,0,0,0,0,0,0,0,2,0,1,1,0,0,0,0,0,0,0,0,0,0,0,4
2003,Approximate fair allocation of link bandwidth,"Pan R., Prabhakar B., Breslau L., Shenker S.",2721732,IEEE Micro,23,1,0,0,0,0,0,0,0,0,0,0,0,0,0,0,0,0,0,0,0,0,0,0,0,0,0,0,0,0,0,0,0,0,0,0,0,0,0,0,0,2,1,0,1,0,0,0,0,0,0,0,0,0,0,4
2002,Internet indirection infrastructure,"Stoica I., Adkins D., Ratnasamy S., Shenker S., Surana S., Zhuang S.",3029743,Lecture Notes in Computer Science (including subseries Lecture Notes in Artificial Intelligence and Lecture Notes in Bioinformatics),2429, ,0,0,0,0,0,0,0,0,0,0,0,0,0,0,0,0,0,0,0,0,0,0,0,0,0,0,0,0,0,0,0,0,0,0,0,0,0,0,1,0,0,1,0,2,0,0,0,0,0,0,0,0,0,4
2002,Approximate fairness through differential dropping (summary),"Pan R., Breslau L., Prabhakar B., Shenker S.",1464833,Computer Communication Review,32,1,0,0,0,0,0,0,0,0,0,0,0,0,0,0,0,0,0,0,0,0,0,0,0,0,0,0,0,0,0,0,0,0,0,2,0,0,0,0,1,0,0,0,0,0,0,0,0,0,0,1,0,0,0,4
1998,Scheduling for reduced cpu energy,"Weiser M., Welch B., Demers A., Shenker S.",,Low-Power CMOS Design,, ,0,0,0,0,0,0,0,0,0,0,0,0,0,0,0,0,0,0,0,0,0,0,0,0,0,0,0,0,0,0,0,1,0,0,0,0,0,0,0,1,0,2,0,0,0,0,0,0,0,0,0,0,0,4
1998,Is service priority useful in networks?,"Bajaj S., Breslau L., Shenker S.",1635999,Performance Evaluation Review,26,1,0,0,0,0,0,0,0,0,0,0,0,0,0,0,0,0,0,0,0,0,0,0,0,0,0,0,0,0,0,0,0,0,1,2,0,0,0,0,0,0,1,0,0,0,0,0,0,0,0,0,0,0,0,4
1993,An admission control algorithm for predictive real-time service,"Jamin S., Shenker S., Zhang L., Clark D.D.",3029743,Lecture Notes in Computer Science (including subseries Lecture Notes in Artificial Intelligence and Lecture Notes in Bioinformatics),712, ,0,0,0,0,0,0,0,0,0,0,0,0,0,0,0,0,0,0,0,0,0,0,0,0,0,0,0,1,0,0,0,1,1,0,0,0,0,0,0,0,0,0,0,0,0,0,0,0,1,0,0,0,0,4
1990,Making greed work in networks. A game-theoretic analysis of gateway service disciplines,Shenker Scott,,,, ,0,0,0,0,0,0,0,0,0,0,0,0,0,0,0,0,0,0,0,0,0,0,0,0,1,0,0,0,0,0,0,0,0,0,0,0,0,0,1,0,0,0,0,0,2,0,0,0,0,0,0,0,0,4
2018,Open carrier interface: An open source edge computing framework,"Korner M., Runge T.M., Panda A., Ratnasamy S., Shenker S.",,"NEAT 2018 - Proceedings of the 2018 Workshop on Networking for Emerging Applications and Technologies, Part of SIGCOMM 2018",, ,0,0,0,0,0,0,0,0,0,0,0,0,0,0,0,0,0,0,0,0,0,0,0,0,0,0,0,0,0,0,0,0,0,0,0,0,0,0,0,0,0,0,0,0,0,0,0,0,0,0,3,0,0,3
2018,Bridging the GAP: Towards approximate graph analytics,"Iyer A.P., Panda A., Venkataraman S., Chowdhury M., Akella A., Shenker S., Stoica I.",,"Proceedings of the 1st ACM SIGMOD Joint International Workshop on Graph Data Management Experiences and Systems (GRADES) and Network Data Analytics (NDA), GRADES-NDA 2018",, ,0,0,0,0,0,0,0,0,0,0,0,0,0,0,0,0,0,0,0,0,0,0,0,0,0,0,0,0,0,0,0,0,0,0,0,0,0,0,0,0,0,0,0,0,0,0,0,0,0,1,2,0,0,3
2018,Abstract Interpretation of Stateful Networks,"Alpernas K., Manevich R., Panda A., Sagiv M., Shenker S., Shoham S., Velner Y.",3029743,Lecture Notes in Computer Science (including subseries Lecture Notes in Artificial Intelligence and Lecture Notes in Bioinformatics),11002, ,0,0,0,0,0,0,0,0,0,0,0,0,0,0,0,0,0,0,0,0,0,0,0,0,0,0,0,0,0,0,0,0,0,0,0,0,0,0,0,0,0,0,0,0,0,0,0,0,0,2,0,1,0,3
2015,Taking an AXE to L2 spanning trees,"McCauley J., Sheng A., Jackson E.J., Raghavan B., Ratnasamy S., Shenker S.",,"Proceedings of the 14th ACM Workshop on Hot Topics in Networks, HotNets-XIV 2015",, ,0,0,0,0,0,0,0,0,0,0,0,0,0,0,0,0,0,0,0,0,0,0,0,0,0,0,0,0,0,0,0,0,0,0,0,0,0,0,0,0,0,0,0,0,0,0,0,1,2,0,0,0,0,3
2015,SDX: Software defined internet exchange,"Gupta A., Vanbever L., Shahbaz M., Donovan S.P., Schlinker B., Feamster N., Rexford J., Shenker S., Clark R., Katz-Bassett E.",1464833,Computer Communication Review,44,4,0,0,0,0,0,0,0,0,0,0,0,0,0,0,0,0,0,0,0,0,0,0,0,0,0,0,0,0,0,0,0,0,0,0,0,0,0,0,0,0,0,0,0,0,0,0,0,0,0,2,1,0,0,3
2009,Minuet: Rethinking concurrency control in storage area networks,"Ermolinskiy A., Moon D., Chun B.-G., Shenker S.",,"Proceedings of the 7th USENIX Conference on File and Storage Technologies, FAST 2009",, ,0,0,0,0,0,0,0,0,0,0,0,0,0,0,0,0,0,0,0,0,0,0,0,0,0,0,0,0,0,0,0,0,0,0,0,0,0,0,0,0,1,0,1,0,1,0,0,0,0,0,0,0,0,3
2006,End-host controlled multicast routing,"Lakshminarayanan K., Rao A., Stoica I., Shenker S.",13891286,Computer Networks,50,6,0,0,0,0,0,0,0,0,0,0,0,0,0,0,0,0,0,0,0,0,0,0,0,0,0,0,0,0,0,0,0,0,0,0,0,0,0,0,1,0,0,2,0,0,0,0,0,0,0,0,0,0,0,3
2005,Peering peer-to-peer providers,"Balakrishnan H., Shenker S., Walfish M.",3029743,Lecture Notes in Computer Science (including subseries Lecture Notes in Artificial Intelligence and Lecture Notes in Bioinformatics),3640, ,0,0,0,0,0,0,0,0,0,0,0,0,0,0,0,0,0,0,0,0,0,0,0,0,0,0,0,0,0,0,0,0,0,0,0,0,0,0,1,1,1,0,0,0,0,0,0,0,0,0,0,0,0,3
1998,Asymptotic behavior of global recovery in SRM,"Raman S., McCanne S., Shenker S.",1635999,Performance Evaluation Review,26,1,0,0,0,0,0,0,0,0,0,0,0,0,0,0,0,0,0,0,0,0,0,0,0,0,0,0,0,0,0,1,2,0,0,0,0,0,0,0,0,0,0,0,0,0,0,0,0,0,0,0,0,0,0,3
2016,The deforestation of L2,"McCauley J., Zhao M., Jackson E.J., Raghavan B., Ratnasamy S., Shenker S.",,SIGCOMM 2016 - Proceedings of the 2016 ACM Conference on Special Interest Group on Data Communication,, ,0,0,0,0,0,0,0,0,0,0,0,0,0,0,0,0,0,0,0,0,0,0,0,0,0,0,0,0,0,0,0,0,0,0,0,0,0,0,0,0,0,0,0,0,0,0,0,0,1,1,0,0,0,2
2015,Dynamic budget-constrained pricing in the cloud,"Friedman E., Racz M.Z., Shenker S.",3029743,Lecture Notes in Computer Science (including subseries Lecture Notes in Artificial Intelligence and Lecture Notes in Bioinformatics),9091, ,0,0,0,0,0,0,0,0,0,0,0,0,0,0,0,0,0,0,0,0,0,0,0,0,0,0,0,0,0,0,0,0,0,0,0,0,0,0,0,0,0,0,0,0,0,0,0,0,1,0,1,0,0,2
2013,How to improve your network performance by asking your provider for worse service,"Mittal R., Sherry J., Ratnasamy S., Shenker S.",,"Proceedings of the 12th ACM Workshop on Hot Topics in Networks, HotNets 2013",, ,0,0,0,0,0,0,0,0,0,0,0,0,0,0,0,0,0,0,0,0,0,0,0,0,0,0,0,0,0,0,0,0,0,0,0,0,0,0,0,0,0,0,0,0,0,0,0,2,0,0,0,0,0,2
2005,On the pitfalls of geographic face routing,"Kim Y.-J., Govindan R., Karp B., Shenker S.",,"DIALM-POMC 2005 - Proceedings of the 2005 Joint Workshop on Foundations of Mobile Computing, Co-located with ACM/SIGMOBILE MobiCom 2005",, ,0,0,0,0,0,0,0,0,0,0,0,0,0,0,0,0,0,0,0,0,0,0,0,0,0,0,0,0,0,0,0,0,0,0,0,0,0,0,0,0,0,1,0,1,0,0,0,0,0,0,0,0,0,2
2002,A flow table-based design to approximate fairness,"Pan R., Breslau L., Prbhakar B., Shenker S.",15504794,"Proceedings - Symposium on the High Performance Interconnects, Hot Interconnects",2002-, ,0,0,0,0,0,0,0,0,0,0,0,0,0,0,0,0,0,0,0,0,0,0,0,0,0,0,0,0,0,0,0,0,0,0,0,0,1,0,1,0,0,0,0,0,0,0,0,0,0,0,0,0,0,2
1990,Making greed work in networks. A game-theoretic analysis of gateway service disciplines,Shenker Scott,,,, ,0,0,0,0,0,0,0,0,0,0,0,0,0,0,0,0,0,0,0,0,0,0,0,0,0,0,0,0,0,0,0,0,0,0,0,1,0,0,1,0,0,0,0,0,0,0,0,0,0,0,0,0,0,2
2019,Enabling a permanent revolution in internet architecture,"McCauley J., Harchol Y., Panda A., Raghavan B., Shenker S.",,SIGCOMM 2019 - Proceedings of the 2019 Conference of the ACM Special Interest Group on Data Communication,, ,0,0,0,0,0,0,0,0,0,0,0,0,0,0,0,0,0,0,0,0,0,0,0,0,0,0,0,0,0,0,0,0,0,0,0,0,0,0,0,0,0,0,0,0,0,0,0,0,0,0,1,0,0,1
2019,Datacenter congestion control: Identifying what is essential and making it practical,"Mushtaq A., Alizadeh M., Mittal R., Ratnasamy S., McCauley J., Shenker S.",1464833,Computer Communication Review,49,3,0,0,0,0,0,0,0,0,0,0,0,0,0,0,0,0,0,0,0,0,0,0,0,0,0,0,0,0,0,0,0,0,0,0,0,0,0,0,0,0,0,0,0,0,0,0,0,0,0,0,0,1,0,1
2019,Stable and practical as relationship inference with problink,"Jin Y., Scott C., Dhamdhere A., Giotsas V., Krishnamurthy A., Shenker S.",,"Proceedings of the 16th USENIX Symposium on Networked Systems Design and Implementation, NSDI 2019",, ,0,0,0,0,0,0,0,0,0,0,0,0,0,0,0,0,0,0,0,0,0,0,0,0,0,0,0,0,0,0,0,0,0,0,0,0,0,0,0,0,0,0,0,0,0,0,0,0,0,0,1,0,0,1
2019,Thoughts on load distribution and the role of programmable switches,"McCauley J., Krishnamurthy A., Panda A., Shenker S.",1464833,Computer Communication Review,49,1,0,0,0,0,0,0,0,0,0,0,0,0,0,0,0,0,0,0,0,0,0,0,0,0,0,0,0,0,0,0,0,0,0,0,0,0,0,0,0,0,0,0,0,0,0,0,0,0,0,0,1,0,0,1
2018,CESSNA: Resilient edge-computing,"Harchol Y., Mushtaq A., McCauley J., Panda A., Shenker S.",,"MECOMM 2018 - Proceedings of the 2018 Workshop on Mobile Edge Communications, Part of SIGCOMM 2018",, ,0,0,0,0,0,0,0,0,0,0,0,0,0,0,0,0,0,0,0,0,0,0,0,0,0,0,0,0,0,0,0,0,0,0,0,0,0,0,0,0,0,0,0,0,0,0,0,0,0,0,1,0,0,1
2014,Author retrospective for search and replication in unstructured peer-to-peer networks,"Lv Q., Cao P., Cohen E., Li K., Shenker S.",,Proceedings of the International Conference on Supercomputing,, ,0,0,0,0,0,0,0,0,0,0,0,0,0,0,0,0,0,0,0,0,0,0,0,0,0,0,0,0,0,0,0,0,0,0,0,0,0,1,0,0,0,0,0,0,0,0,0,0,0,0,0,0,0,1
2008,Asynchronous neighbor discovery: Finding needles of connectivity in haystacks of time,"Dutta P., Culler D., Shenker S.",,"Proceedings - 2008 International Conference on Information Processing in Sensor Networks, IPSN 2008",, ,0,0,0,0,0,0,0,0,0,0,0,0,0,0,0,0,0,0,0,0,0,0,0,0,0,0,0,0,0,0,0,0,0,0,0,0,0,0,0,1,0,0,0,0,0,0,0,0,0,0,0,0,0,1
2006,Posted price profit maximization for multicast by approximating fixed points,"Mehta A., Shenker S., Vazirani V.V.",1966774,Journal of Algorithms,58,2,0,0,0,0,0,0,0,0,0,0,0,0,0,0,0,0,0,0,0,0,0,0,0,0,0,0,0,0,0,0,0,0,0,0,0,0,0,0,1,0,0,0,0,0,0,0,0,0,0,0,0,0,0,1
2005,COPS: Quality of service vs. any service at all,"Katz R., Porter G., Shenker S., Stoica I., Tsai M.",3029743,Lecture Notes in Computer Science,3552, ,0,0,0,0,0,0,0,0,0,0,0,0,0,0,0,0,0,0,0,0,0,0,0,0,0,0,0,0,0,0,0,0,0,0,0,0,0,0,0,0,1,0,0,0,0,0,0,0,0,0,0,0,0,1
2003,Semantic-free referencing in linked distributed systems,"Balakrishnan H., Shenker S., Walfish M.",3029743,Lecture Notes in Computer Science (including subseries Lecture Notes in Artificial Intelligence and Lecture Notes in Bioinformatics),2735, ,0,0,0,0,0,0,0,0,0,0,0,0,0,0,0,0,0,0,0,0,0,0,0,0,0,0,0,0,0,0,0,0,0,0,0,0,0,1,0,0,0,0,0,0,0,0,0,0,0,0,0,0,0,1
1995,Analysis and simulation of a fair queueing algorithm,"Demers Alan, Keshav Srinivasan, Shenker Scott",1464833,Computer Communication Review,25,1,0,0,0,0,0,0,0,0,0,0,0,0,0,0,0,0,0,0,0,0,0,0,0,0,0,0,0,0,0,1,0,0,0,0,0,0,0,0,0,0,0,0,0,0,0,0,0,0,0,0,0,0,0,1
1994,Managing shared ephemeral teleconferencing state: Policy and mechanism,"Shenker S., Weinrib A., Schooler E.",3029743,Lecture Notes in Computer Science (including subseries Lecture Notes in Artificial Intelligence and Lecture Notes in Bioinformatics),882, ,0,0,0,0,0,0,0,0,0,0,0,0,0,0,0,0,0,0,0,0,0,0,0,0,0,0,0,0,0,1,0,0,0,0,0,0,0,0,0,0,0,0,0,0,0,0,0,0,0,0,0,0,0,1
1994,An architecture for the future internet,Shenker S.,15504794,"Proceedings - Symposium on the High Performance Interconnects, Hot Interconnects",, ,0,0,0,0,0,0,0,0,0,0,0,0,0,0,0,0,0,0,0,0,0,0,0,0,0,0,0,0,0,0,0,0,0,0,0,0,0,0,0,0,1,0,0,0,0,0,0,0,0,0,0,0,0,1
1990,Making flow control work in networks. A control-theoretic analysis of gateway service disciplines,Shenker Scott,,,, ,0,0,0,0,0,0,0,0,0,0,0,0,0,0,0,0,0,0,0,0,0,0,0,0,0,0,0,0,0,0,0,0,0,0,0,0,0,0,1,0,0,0,0,0,0,0,0,0,0,0,0,0,0,1
2019,Some complexity results for stateful network verification,"Alpernas K., Panda A., Rabinovich A., Sagiv M., Shenker S., Shoham S., Velner Y.",9259856,Formal Methods in System Design,54,2,0,0,0,0,0,0,0,0,0,0,0,0,0,0,0,0,0,0,0,0,0,0,0,0,0,0,0,0,0,0,0,0,0,0,0,0,0,0,0,0,0,0,0,0,0,0,0,0,0,0,0,0,0,0
2019,From ethane to SDN and beyond,"Casado M., McKeown N., Shenker S.",1464833,Computer Communication Review,49,5,0,0,0,0,0,0,0,0,0,0,0,0,0,0,0,0,0,0,0,0,0,0,0,0,0,0,0,0,0,0,0,0,0,0,0,0,0,0,0,0,0,0,0,0,0,0,0,0,0,0,0,0,0,0
2018,Preserving privacy at IXPS,"Hu X., Gupta A., Feamster N., Panda A., Shenker S.",,ACM International Conference Proceeding Series,, ,0,0,0,0,0,0,0,0,0,0,0,0,0,0,0,0,0,0,0,0,0,0,0,0,0,0,0,0,0,0,0,0,0,0,0,0,0,0,0,0,0,0,0,0,0,0,0,0,0,0,0,0,0,0
2017,An axiomatic approach to congestion control,"Zarchy D., Mittal R., Schapira M., Shenker S.",,HotNets 2017 - Proceedings of the 16th ACM Workshop on Hot Topics in Networks,, ,0,0,0,0,0,0,0,0,0,0,0,0,0,0,0,0,0,0,0,0,0,0,0,0,0,0,0,0,0,0,0,0,0,0,0,0,0,0,0,0,0,0,0,0,0,0,0,0,0,0,0,0,0,0
2013,Brief announcement: Techniques for programmatically troubleshooting distributed systems,"Whitlock S., Scott C., Shenker S.",,Proceedings of the Annual ACM Symposium on Principles of Distributed Computing,, ,0,0,0,0,0,0,0,0,0,0,0,0,0,0,0,0,0,0,0,0,0,0,0,0,0,0,0,0,0,0,0,0,0,0,0,0,0,0,0,0,0,0,0,0,0,0,0,0,0,0,0,0,0,0
2010,Ripcord: A modular platform for data center networking,"Heller B., Erickson D., McKeown N., Griffith R., Ganichev I., Shenker S., Zarifis K., Moon D., Whyte S., Stuart S.",1464833,Computer Communication Review,40,4,0,0,0,0,0,0,0,0,0,0,0,0,0,0,0,0,0,0,0,0,0,0,0,0,0,0,0,0,0,0,0,0,0,0,0,0,0,0,0,0,0,0,0,0,0,0,0,0,0,0,0,0,0,0
2006,Using hierarchical location names for scalable routing and rendezvous in wireless sensor networks,"Bian F., Li X., Govindan R., Shenker S.",17438225,International Journal of Ad Hoc and Ubiquitous Computing,1,4,0,0,0,0,0,0,0,0,0,0,0,0,0,0,0,0,0,0,0,0,0,0,0,0,0,0,0,0,0,0,0,0,0,0,0,0,0,0,0,0,0,0,0,0,0,0,0,0,0,0,0,0,0,0
2004,Querying at Internet scale,"Chun B., Hellerstein J.M., Huebsch R., Jeffery S.R., Loo B.T., Mardanbeigi S., Roscoe T., Rhea S., Shenker S., Stoica I.",7308078,Proceedings of the ACM SIGMOD International Conference on Management of Data,, ,0,0,0,0,0,0,0,0,0,0,0,0,0,0,0,0,0,0,0,0,0,0,0,0,0,0,0,0,0,0,0,0,0,0,0,0,0,0,0,0,0,0,0,0,0,0,0,0,0,0,0,0,0,0
1994,An architecture for the future internet,Shenker S.,15504794,"Proceedings - Symposium on the High Performance Interconnects, Hot Interconnects",, ,0,0,0,0,0,0,0,0,0,0,0,0,0,0,0,0,0,0,0,0,0,0,0,0,0,0,0,0,0,0,0,0,0,0,0,0,0,0,0,0,0,0,0,0,0,0,0,0,0,0,0,0,0,0
1990,Making flow control work in networks. A control-theoretic analysis of gateway service disciplines,Shenker Scott,,,, ,0,0,0,0,0,0,0,0,0,0,0,0,0,0,0,0,0,0,0,0,0,0,0,0,0,0,0,0,0,0,0,0,0,0,0,0,0,0,0,0,0,0,0,0,0,0,0,0,0,0,0,0,0,0
