," 作者:Simon, Herbert A.",,,,,,,,,,,,,,,,,,,,,,,,,,,,,,,,,,,,,,,,,,,,,,,,,,,,,,,,,,,
,,,,,,,,,,,,,,,,,,,,,,,,,,,,,,,,,,,,,,,,,,,,,,,,,,,,,,,,,,,,
,h-index = 69 (在纳入 h-Index 的 246 文献中，有 69 篇已被至少引用 69 次。),,,,,,,,,,,,,,,,,,,,,,,,,,,,,,,,,,,,,,,,,,,,,,,,,,,,,,,,,,,
,,,,,,,,,,,,,,,,,,,,,,,,,,,,,,,,,,,,,,,,,,,,,,,,,,,,,,,,,,,,
,,,,,,,,,,,,,,,,,,,,,,,,,,,,,,,,,,,,,,,,,,,,,,,,,,,,,,,,,,,,
,,,,,,,<1970,1970,1971,1972,1973,1974,1975,1976,1977,1978,1979,1980,1981,1982,1983,1984,1985,1986,1987,1988,1989,1990,1991,1992,1993,1994,1995,1996,1997,1998,1999,2000,2001,2002,2003,2004,2005,2006,2007,2008,2009,2010,2011,2012,2013,2014,2015,2016,2017,2018,2019,2020,小计,总计
出版年份,文献标题,作者,ISSN,期刊标题,卷,期,3,32,38,33,45,46,59,80,69,55,92,125,184,188,181,274,207,272,268,538,410,377,464,434,466,447,476,556,567,597,551,598,671,631,832,859,1063,1050,1114,1342,1428,1536,1658,2013,1962,1906,1733,1830,2036,1867,1820,538,24896,36621
1955,A behavioral model of rational choice,Simon H.A.,335533,Quarterly Journal of Economics,69,1,1,1,4,3,4,4,5,6,5,5,11,6,15,14,16,19,15,16,19,60,15,30,48,24,23,33,43,45,39,51,45,57,73,75,110,100,155,192,193,235,315,282,337,357,370,377,374,383,442,432,424,125,4993,6033
1956,Rational choice and the structure of the environment,Simon H.A.,0033295X,Psychological Review,63,2,0,2,1,1,0,0,0,0,0,3,2,2,17,4,4,4,4,4,6,6,4,6,5,4,6,6,15,15,12,29,18,21,30,24,30,43,46,54,64,76,80,90,131,173,169,185,202,182,209,178,164,62,2065,2393
1973,Perception in chess,"Chase W.G., Simon H.A.",100285,Cognitive Psychology,4,1,0,0,0,0,1,1,1,7,4,3,8,7,11,10,12,18,20,25,22,24,27,23,31,40,45,26,33,43,40,29,37,27,41,33,46,46,68,55,63,81,76,87,98,139,130,127,101,128,132,103,104,32,1524,2265
1980,Verbal reports as data,"Ericsson K.A., Simon H.A.",0033295X,Psychological Review,87,3,0,0,0,0,0,0,0,0,0,0,0,0,12,31,28,33,38,47,49,48,65,55,61,54,52,49,41,49,49,36,31,40,23,36,41,49,54,51,61,56,60,69,58,94,101,93,87,102,96,126,111,27,1246,2263
1987,Why a Diagram is (Sometimes) Worth Ten Thousand Words,"Larkin J.H., Simon H.A.",3640213,Cognitive Science,11,1,0,0,0,0,0,0,0,0,0,0,0,0,0,0,0,0,0,0,0,5,9,17,21,21,43,37,27,38,35,38,41,36,32,58,33,54,64,83,64,112,79,116,108,137,132,107,83,95,122,101,80,26,1509,2054
1979,Rational decision making in business organizations,Simon H.A.,28282,American Economic Review,69,4,0,0,0,0,0,0,0,0,0,0,0,7,4,10,9,7,12,11,7,17,17,11,11,12,7,18,14,19,18,17,10,14,24,12,37,25,33,42,40,42,49,66,54,62,75,75,52,64,95,76,95,20,940,1290
1973,The structure of ill structured problems,Simon H.A.,43702,Artificial Intelligence,4, 3-4,0,0,0,0,0,1,0,4,0,3,3,5,3,5,4,3,4,8,10,21,19,17,16,14,20,21,12,25,16,23,19,25,17,13,24,24,41,34,41,46,44,46,53,77,66,66,58,51,74,66,76,18,857,1236
1980,Expert and novice performance in solving physics problems,"Larkin J., McDermott J., Simon D.P., Simon H.A.",368075,Science,208,4450,0,0,0,0,0,0,0,0,0,0,0,2,11,14,21,48,14,23,21,20,28,33,31,29,34,22,20,23,37,24,20,17,11,22,23,16,24,28,27,35,36,38,27,35,46,41,37,37,29,34,36,7,517,1081
1978,Rationality as process and as product of thought,Simon H.A.,28282,American Economic Review,68,2,0,0,0,0,0,0,0,0,0,0,3,5,2,4,10,21,5,8,5,9,9,9,13,20,10,15,19,15,15,14,17,14,26,17,27,31,36,27,29,26,46,42,49,57,52,41,57,48,61,57,51,12,691,1034
1976,Computer Science as Empirical Inquiry: Symbols and Search,"Newell A., Simon H.A.",10782,Communications of the ACM,19,3,0,0,0,0,0,0,0,0,4,2,2,4,1,6,3,6,6,9,15,70,17,19,10,13,14,16,19,19,17,12,13,13,15,18,17,28,33,30,43,29,44,43,54,50,40,42,34,39,45,46,44,10,626,1014
1990,Invariants of human behavior,Simon H.A.,664308,Annual Review of Psychology,41,1,0,0,0,0,0,0,0,0,0,0,0,0,0,0,0,0,0,0,0,0,0,1,5,5,6,2,1,10,3,7,15,20,19,13,16,19,19,21,16,36,29,41,37,65,56,53,41,62,56,55,71,17,675,817
1985,Human Nature in Politics: The Dialogue of Psychology with Political Science,Simon H.A.,30554,American Political Science Review,79,2,0,0,0,0,0,0,0,0,0,0,0,0,0,0,0,0,0,6,6,8,12,10,14,13,9,8,10,18,8,14,16,13,11,9,17,17,18,15,22,33,34,30,38,36,33,38,28,43,41,36,37,7,489,708
1967,MOTIVATIONAL AND EMOTIONAL CONTROLS OF COGNITION,SIMON H.A.,0033295X,Psychological Review,74,1,0,1,0,1,3,0,1,2,4,5,1,3,4,3,2,1,2,3,8,9,2,5,3,8,4,3,5,6,8,10,9,15,18,19,20,25,28,23,21,18,27,36,32,43,32,33,35,28,28,45,26,13,468,681
1996,Situated learning and education1,"Anderson J.R., Reder L.M., Simon H.A.",0013189X,Educational Researcher,25,4,0,0,0,0,0,0,0,0,0,0,0,0,0,0,0,0,0,0,0,0,0,0,0,0,0,0,0,1,16,33,23,19,19,10,22,24,25,27,27,22,38,37,29,40,40,41,34,41,28,32,23,12,496,663
1974,How big is a chunk?,Simon H.A.,368075,Science,183,4124,0,0,0,0,0,1,4,7,6,6,10,10,5,9,7,18,9,6,6,11,12,7,4,8,14,10,9,11,11,11,14,15,11,11,17,16,17,19,11,23,18,20,28,28,27,23,24,21,23,23,14,2,321,617
1973,Skill in chess,"Simon H.A., Chase W.G.",30996,American Scientist,61,4,0,0,0,0,0,1,1,2,1,2,5,2,0,2,2,3,1,2,2,5,1,5,5,4,6,3,7,9,5,7,3,9,8,9,24,13,19,12,29,29,33,26,38,51,41,38,31,33,23,22,23,6,454,603
1958,Elements of a theory of human problem solving,"Newell A., Shaw J.C., Simon H.A.",0033295X,Psychological Review,65,3,1,4,8,2,3,6,5,5,3,3,2,2,4,6,1,4,4,5,4,44,4,1,6,8,6,7,13,5,6,5,3,5,6,4,15,6,14,9,19,12,13,14,19,17,21,26,19,20,21,19,16,3,262,478
1985,Why are some problems hard? Evidence from Tower of Hanoi,"Kotovsky K., Hayes J.R., Simon H.A.",100285,Cognitive Psychology,17,2,0,0,0,0,0,0,0,0,0,0,0,0,0,0,0,0,0,2,1,3,3,7,32,7,7,16,8,9,15,6,6,3,9,13,17,13,22,8,17,10,15,19,13,21,18,19,24,13,14,13,12,4,242,419
1975,The functional equivalence of problem solving skills,Simon H.A.,100285,Cognitive Psychology,7,2,0,0,0,0,0,0,0,2,2,4,2,3,7,5,11,5,5,3,2,4,7,4,7,3,8,2,9,3,9,5,8,12,18,13,17,11,16,13,8,14,13,11,17,21,13,18,12,20,11,9,13,5,214,405
1979,The theory of learning by doing,"Anzai Y., Simon H.A.",0033295X,Psychological Review,86,2,0,0,0,0,0,0,0,0,0,0,1,2,3,7,3,6,6,11,6,8,7,4,7,8,8,6,7,12,9,10,7,8,6,10,13,8,15,11,7,14,15,12,16,15,19,8,10,12,17,9,18,6,204,387
1990,A mechanism for social selection and successful altruism,Simon H.A.,368075,Science,250,4988,0,0,0,0,0,0,0,0,0,0,0,0,0,0,0,0,0,0,0,0,0,0,0,8,7,9,5,7,8,2,11,6,10,8,12,17,21,12,15,23,18,18,17,24,22,17,24,16,20,13,13,0,273,383
1996,Templates in chess memory: A mechanism for recalling several boards,"Gobet F., Simon H.A.",100285,Cognitive Psychology,31,1,0,0,0,0,0,0,0,0,0,0,0,0,0,0,0,0,0,0,0,0,0,0,0,0,0,0,0,1,2,8,7,9,12,11,6,6,15,12,16,15,18,12,26,22,33,20,19,19,24,19,18,5,293,355
1980,Models of Competence in Solving Physics Problems,"Larkin J.H., McDermott J., Simon D.P., Simon H.A.",3640213,Cognitive Science,4,4,0,0,0,0,0,0,0,0,0,0,0,0,0,0,2,9,3,6,9,50,3,14,10,7,9,13,3,7,11,8,8,5,4,3,6,5,8,7,4,7,6,15,11,10,13,5,4,8,4,6,6,2,116,311
1990,In search of insight,"Kaplan C.A., Simon H.A.",100285,Cognitive Psychology,22,3,0,0,0,0,0,0,0,0,0,0,0,0,0,0,0,0,0,0,0,0,0,0,1,2,6,2,5,6,8,3,9,5,6,2,7,12,13,7,8,16,7,16,18,13,22,25,19,18,17,13,16,6,234,308
1993,Situated action: A symbolic interpretation,"Vera A.H., Simon H.A.",3640213,Cognitive Science,17,1,0,0,0,0,0,0,0,0,0,0,0,0,0,0,0,0,0,0,0,0,0,0,0,0,8,10,5,18,10,16,12,8,8,11,11,9,6,12,8,15,9,7,3,9,6,12,10,8,10,7,3,5,130,256
1995,Applications of Machine Learning and Rule Induction,"Langley P., Simon H.A.",10782,Communications of the ACM,38,11,0,0,0,0,0,0,0,0,0,0,0,0,0,0,0,0,0,0,0,0,0,0,0,0,0,0,1,8,9,11,9,7,10,9,10,8,6,11,5,8,8,9,14,14,7,11,4,14,10,15,16,6,158,240
1998,How to study thinking in everyday life: Contrasting think-aloud protocols with descriptions and explanations of thinking,"Ericsson K.A., Simon H.A.",10749039,"Mind, Culture, and Activity",5,3,0,0,0,0,0,0,0,0,0,0,0,0,0,0,0,0,0,0,0,0,0,0,0,0,0,0,0,0,0,0,0,1,1,2,2,3,5,3,8,9,8,6,8,10,18,15,21,20,20,19,33,18,221,230
1973,A simulation of memory for chess positions,"Simon H.A., Gilmartin K.",100285,Cognitive Psychology,5,1,0,0,0,0,0,0,0,1,2,0,3,1,1,1,0,7,1,1,2,3,1,8,1,8,4,2,2,5,5,6,3,4,8,4,4,7,4,4,5,5,6,16,9,7,8,10,8,10,10,9,6,2,119,214
1954,Spurious Correlation: A Causal Interpretation*,Simon H.A.,1621459,Journal of the American Statistical Association,49,267,0,1,1,4,3,4,6,4,5,4,3,2,4,3,1,3,0,7,6,1,1,4,3,5,4,1,3,5,2,2,0,1,3,3,0,3,6,5,1,8,9,5,4,13,9,9,2,8,12,11,7,2,111,213
1987,Learning Mathematics From Examples and by Doing,"Zhu X., Simon H.A.",7370008,Cognition and Instruction,4,3,0,0,0,0,0,0,0,0,0,0,0,0,0,0,0,0,0,0,0,0,1,2,5,2,2,4,4,4,11,5,4,4,4,5,6,2,12,9,4,9,11,8,1,13,14,14,13,8,9,6,8,1,140,205
1998,Perceiving and managing business risks: Differences between entrepreneurs and bankers,"Sarasvathy D.K., Simon H.A., Lave L.",1672681,Journal of Economic Behavior and Organization,33,2,0,1,0,0,0,0,0,0,0,0,0,0,0,0,0,0,0,0,0,0,0,0,0,0,0,0,0,0,0,0,1,1,1,1,9,3,7,8,6,11,13,12,7,21,17,13,20,15,11,11,6,8,186,203
1997,Collaborative discovery in a scientific domain,"Okada T., Simon H.A.",3640213,Cognitive Science,21,2,0,0,0,0,0,0,0,0,0,0,0,0,0,0,0,0,0,0,0,0,0,0,0,0,0,0,0,0,0,3,4,5,12,5,5,10,10,10,13,11,19,7,12,13,13,9,8,9,5,7,5,5,156,200
1986,Causality in device behavior,"Iwasaki Y., Simon H.A.",43702,Artificial Intelligence,29,1,0,0,0,0,0,0,0,0,0,0,0,0,0,0,0,0,0,2,4,11,13,11,15,14,10,7,10,7,13,4,4,5,5,2,8,2,4,7,4,6,5,8,4,1,9,1,1,1,0,0,2,0,53,200
1976,The understanding process: Problem isomorphs,"Simon H.A., Hayes J.R.",100285,Cognitive Psychology,8,2,0,0,0,0,0,0,0,0,1,0,0,3,5,3,4,3,5,8,7,8,8,5,6,2,9,6,5,5,3,4,5,5,4,4,6,1,3,3,1,5,4,4,4,9,9,4,6,7,7,3,4,2,75,200
1992,What Is an Explanation of Behavior?,Simon H.A.,9567976,Psychological Science,3,3,0,0,0,0,0,0,0,0,0,0,0,0,0,0,0,0,0,0,0,0,0,0,0,0,4,2,6,7,3,1,2,1,5,4,7,1,4,2,2,6,5,6,8,18,13,19,11,15,16,14,15,2,156,199
1988,The processes of scientific discovery: The strategy of experimentation,"Kulkarni D., Simon H.A.",3640213,Cognitive Science,12,2,0,0,0,0,0,0,0,0,0,0,0,0,0,0,0,0,0,0,0,1,9,3,10,12,6,4,9,6,10,4,5,4,7,3,4,9,3,5,4,12,8,3,5,8,3,5,6,7,10,4,3,1,87,193
1963,Human acquisition of concepts for sequential patterns,"Simon H.A., Kotovsky K.",0033295X,Psychological Review,70,6,0,4,4,0,3,4,4,4,3,0,4,3,4,2,4,6,5,4,3,5,8,6,6,2,3,3,0,4,2,2,7,7,4,4,4,2,4,2,0,1,3,5,5,3,5,7,3,5,7,3,7,1,61,191
2000,Five seconds or sixty? Presentation time in expert memory,"Gobet F., Simon H.A.",3640213,Cognitive Science,24,4,0,0,0,0,0,0,0,0,0,0,0,0,0,0,0,0,0,0,0,0,0,0,0,0,0,0,0,0,0,0,1,1,8,5,4,5,12,5,9,11,8,7,13,14,10,11,4,6,17,8,5,2,142,166
1999,Studies of scientific discovery: Complementary approaches and convergent findings,"Klahr D., Simon H.A.",332909,Psychological Bulletin,125,5,0,0,0,0,0,0,0,0,0,0,0,0,0,0,0,0,0,0,0,0,0,0,0,0,0,0,0,0,0,0,0,1,3,3,10,17,4,7,5,9,14,16,9,16,8,7,8,4,12,7,5,1,132,166
1998,Expert Chess Memory: Revisiting the Chunking Hypothesis,"Gobet F., Simon H.A.",9658211,Memory,6,3,0,0,0,0,0,0,0,0,0,0,0,0,0,0,0,0,0,0,0,0,0,0,0,0,0,0,0,0,0,2,0,4,7,7,4,6,9,8,10,8,5,4,11,13,11,10,7,12,10,8,9,1,136,166
2014,Information-processing theory of human problem solving,Simon H.A.,,Handbook of Learning and Cognitive Processes: Volume 5 Human Information Processing,, ,0,0,0,0,0,0,0,0,0,0,0,1,0,0,2,0,0,4,3,2,2,3,3,2,2,3,2,3,3,3,2,4,4,2,6,5,5,4,4,1,2,3,3,11,4,9,9,7,11,13,14,3,103,164
1954,Bandwagon and underdog effects and the possibility of election predictions,Simon H.A.,0033362X,Public Opinion Quarterly,18,3,0,0,1,0,0,0,0,0,0,0,0,0,0,2,0,2,0,0,5,0,1,0,1,0,5,0,2,0,2,1,0,0,3,5,1,1,1,3,5,4,5,5,11,4,10,12,10,17,12,13,8,5,125,157
2000,"Perspectives on Learning, Thinking, and Activity","Anderson J.R., Greeno J.G., Reder L.M., Simon H.A.",0013189X,Educational Researcher,29,4,0,0,0,0,0,0,0,0,0,0,0,0,0,0,0,0,0,0,0,0,0,0,0,0,0,0,0,0,0,0,0,0,6,4,8,10,13,11,8,8,7,11,8,8,10,6,5,10,7,6,6,2,126,154
1985,STM capacity for Chinese words and idioms: Chunking and acoustical loop hypotheses,"Zhang G., Simon H.A.",0090502X,Memory &amp; Cognition,13,3,0,0,0,0,0,0,0,0,0,0,0,0,0,0,0,0,1,1,1,2,3,2,3,7,2,6,5,8,4,8,7,11,5,4,2,3,8,5,3,11,4,1,8,9,4,2,1,4,1,0,0,1,62,147
1956,The logic theory machine a complex information processing system,"Newell A., Simon H.A.",961000,IRE Transactions on Information Theory,2,3,1,0,1,1,1,0,1,1,1,0,1,2,3,3,0,1,0,2,0,2,1,0,1,0,3,0,0,3,1,0,2,1,0,2,2,2,5,3,8,7,4,6,8,6,3,3,8,6,8,13,11,3,102,141
1997,Situative versus cognitive perspectives: Form versus substance,"Anderson J.R., Reder L.M., Simon H.A.",0013189X,Educational Researcher,26,1,0,0,0,0,0,0,0,0,0,0,0,0,0,0,0,0,0,0,0,0,0,0,0,0,0,0,0,0,1,4,5,6,2,6,6,8,10,1,8,5,9,15,5,11,7,6,9,5,4,1,5,1,102,140
1972,Complexity and the representation of patterned sequences of symbols,Simon H.A.,0033295X,Psychological Review,79,5,0,0,0,1,2,7,3,2,4,1,1,5,2,3,4,0,5,2,1,1,3,1,4,0,2,1,1,4,3,1,3,5,1,2,5,1,1,3,2,1,4,4,1,9,2,9,3,3,2,5,3,1,53,134
1993,Strategy and organizational evolution,Simon H.A.,1432095,Strategic Management Journal,14, 2 S,0,0,0,0,0,0,0,0,0,0,0,0,0,0,0,0,0,0,0,0,0,0,0,0,0,0,0,2,0,5,1,4,3,2,5,5,10,8,8,8,6,5,7,4,8,6,3,6,7,6,7,3,102,129
1980,Cognitive science: The newest science of the artificial,Simon H.A.,3640213,Cognitive Science,4,1,0,0,0,0,0,0,0,0,0,0,0,0,34,4,1,3,1,1,1,0,3,3,2,2,2,0,3,2,1,1,0,1,0,1,0,1,4,2,5,1,1,4,1,1,6,4,4,2,7,4,9,1,56,123
1996,Recall of random and distorted chess positions: Implications for the theory of expertise,"Gobet F., Simon H.A.",0090502X,Memory and Cognition,24,4,0,0,0,0,0,0,0,0,0,0,0,0,0,0,0,0,0,0,0,0,0,0,0,0,0,0,0,0,0,7,7,4,9,3,5,6,6,5,4,5,6,4,9,10,6,5,2,4,7,3,4,0,80,121
1994,Causality and model abstraction,"Iwasaki Y., Simon H.A.",43702,Artificial Intelligence,67,1,0,0,0,0,0,0,0,0,0,0,0,0,0,0,0,0,0,0,0,0,0,0,0,0,0,0,3,2,4,3,0,3,6,2,4,2,6,2,5,3,4,7,2,6,8,11,11,8,7,3,6,1,90,119
1973,Empirical tests of a theory of human acquisition of concepts for sequential patterns,"Kotovsky K., Simon H.A.",100285,Cognitive Psychology,4,3,0,0,0,0,0,2,1,4,2,1,2,4,4,2,0,2,5,2,1,26,4,3,3,0,3,1,0,2,1,2,7,3,0,4,1,1,2,2,1,0,0,0,2,4,1,1,1,1,4,2,3,0,24,117
1996,Recall of rapidly presented random chess positions is a function of skill,"Gobet F., Simon H.A.",10699384,Psychonomic Bulletin and Review,3,2,0,0,0,0,0,0,0,0,0,0,0,0,0,0,0,0,0,0,0,0,0,0,0,0,0,0,0,0,2,5,1,6,6,5,5,2,8,3,5,4,3,5,8,9,5,7,3,5,8,5,3,3,84,116
1977,Problem solving in semantically rich domains: An example from engineering thermodynamics,"Bhaskar R., Simon H.A.",3640213,Cognitive Science,1,2,0,0,0,0,0,0,0,0,1,0,3,5,3,9,4,4,1,5,2,1,6,1,4,2,2,8,0,3,2,4,1,2,2,2,3,1,0,1,3,3,2,6,4,6,4,2,0,2,1,1,0,0,35,116
1953,Notes on the observation and measurement of political power,Simon H.A.,223816,The Journal of Politics,15,4,0,0,1,0,2,0,0,2,1,1,2,0,1,0,0,1,3,0,0,2,2,1,1,2,1,0,3,1,2,2,1,1,0,4,4,3,2,0,5,4,4,2,5,5,5,8,7,5,8,3,6,1,70,114
1967,The BUSINESS SCHOOL A PROBLEM IN ORGANIZATIONAL DESIGN,Simon H.A.,222380,Journal of Management Studies,4,1,0,1,0,0,0,0,0,0,0,0,0,0,0,0,0,0,0,0,0,1,0,0,1,1,0,1,0,0,0,1,0,0,0,1,0,1,3,4,5,4,4,4,6,7,6,6,7,14,15,11,8,1,105,113
1984,EPAM-like models of recognition and learning,"Feigenbaum E.A., Simon H.A.",3640213,Cognitive Science,8,4,0,0,0,0,0,0,0,0,0,0,0,0,0,0,0,0,1,1,1,0,1,2,1,2,5,1,5,2,2,4,1,4,8,1,5,1,2,5,3,5,5,4,8,4,1,3,2,5,2,2,1,2,54,102
1962,A theory of the serial position effect.,"FEIGENBAUM E.A., SIMON H.A.",71269,"British journal of psychology (London, England : 1953)",53, ,0,5,2,5,2,3,2,2,2,2,0,26,0,1,0,2,0,0,1,0,0,1,1,0,0,0,0,0,2,4,0,4,2,1,2,2,1,0,2,0,1,1,0,3,3,4,2,2,2,1,2,0,24,98
1996,The Roles of Recognition Processes and Look-Ahead Search in Time-Constrained Expert Problem Solving: Evidence from Grand-Master-Level Chess,"Gobet F., Simon H.A.",9567976,Psychological Science,7,1,0,0,0,0,0,0,0,0,0,0,0,0,0,0,0,0,0,0,0,0,0,0,0,0,0,0,0,1,3,4,3,2,3,2,3,4,1,4,4,6,4,1,6,8,5,8,8,1,4,2,5,1,68,93
1995,Simulation of expert memory using EPAM IV,"Richman H.B., Staszewski J.J., Simon H.A.",0033295X,Psychological Review,102,2,0,0,0,0,0,0,0,0,0,0,0,0,0,0,0,0,0,0,0,0,0,0,0,0,0,0,1,3,4,6,4,6,7,2,1,6,1,2,4,5,4,4,1,4,5,1,4,4,9,2,1,0,51,91
1990,Laboratory replication of scientific discovery processes,"Qin Y., Simon H.A.",3640213,Cognitive Science,14,2,0,0,0,0,0,0,0,0,0,0,0,0,0,0,0,0,0,0,0,0,0,0,1,2,6,4,4,3,10,5,6,5,2,0,1,4,3,2,4,4,2,2,2,6,1,2,1,3,2,2,2,0,38,91
1990,What makes some problems really hard: Explorations in the problem space of difficulty,"Kotovsky K., Simon H.A.",100285,Cognitive Psychology,22,2,0,0,0,0,0,0,0,0,0,0,0,0,0,0,0,0,0,0,0,0,0,0,0,2,1,5,2,2,7,2,2,1,1,4,3,6,4,2,1,6,3,3,4,5,4,6,4,1,3,5,1,1,53,91
1969,Information-processing analysis of perceptual processes in problem solving,"Simon H.A., Barenfeld M.",0033295X,Psychological Review,76,5,0,0,0,1,3,0,1,5,1,1,0,1,1,0,2,2,1,1,1,3,3,1,0,3,2,0,2,1,0,2,0,2,4,4,2,2,3,0,2,1,2,2,1,6,6,3,0,3,5,3,1,0,38,90
1961,Computer simulation of human thinking,"Newell A., Simon H.A.",368075,Science,134,3495,0,1,2,1,2,0,2,1,1,1,1,0,0,1,1,2,0,0,1,1,1,1,2,0,1,3,2,0,3,0,3,0,0,1,3,0,0,2,1,2,2,1,4,7,2,8,2,3,7,4,6,0,51,89
1984,On the behavioral and rational foundations of economic dynamics,Simon H.A.,1672681,Journal of Economic Behavior and Organization,5,1,0,0,0,0,0,0,0,0,0,0,0,0,0,0,0,0,1,1,2,4,6,0,1,2,2,1,1,1,0,4,0,2,1,2,2,4,0,3,1,3,5,2,3,4,3,7,4,3,3,3,5,1,50,87
1997,CaMeRa: A computational model of multiple representations,"Tabachneck-Schijf H.J.M., Leonardo A.M., Simon H.A.",3640213,Cognitive Science,21,3,0,0,0,0,0,0,0,0,0,0,0,0,0,0,0,0,0,0,0,0,0,0,0,0,0,0,0,0,0,0,4,3,1,6,5,5,3,4,2,5,3,4,7,5,6,3,2,0,6,5,3,2,60,84
1957,Empirical explorations of the logic theory machine: A case study in heuristic,"Newell A., Shaw J.C., Simon H.A.",,"Proceedings of the Western Joint Computer Conference, IRE-AIEE-ACM 1957",, ,0,2,0,3,1,0,0,0,0,0,0,0,3,0,1,0,3,3,3,1,1,0,0,1,0,2,2,1,2,1,2,0,0,2,1,1,1,2,3,4,4,2,7,3,3,3,5,4,4,2,1,0,48,84
1983,Search and Reasoning in problem solving,Simon H.A.,43702,Artificial Intelligence,21, 1-2,0,0,0,0,0,0,0,0,0,0,0,0,0,0,0,2,3,1,1,4,2,1,3,3,0,3,4,3,1,1,1,0,0,2,0,1,0,4,0,7,2,6,2,4,2,2,2,1,4,2,3,0,41,77
1967,Process models and stochastic theories of simple concept formation,"Gregg L.W., Simon H.A.",222496,Journal of Mathematical Psychology,4,2,0,3,5,2,7,3,3,4,2,0,4,3,2,2,2,0,0,0,2,1,2,0,0,3,1,1,2,0,0,0,1,2,0,0,0,0,1,0,0,0,0,0,2,1,0,2,1,1,3,1,2,0,14,71
1976,Modeling strategy shifts in a problem-solving task,"Simon H.A., Reed S.K.",100285,Cognitive Psychology,8,1,0,0,0,0,0,0,0,0,2,0,0,0,4,0,2,1,1,1,1,0,0,2,2,1,2,2,1,2,0,1,0,2,1,1,1,2,3,3,3,2,3,1,1,2,5,3,1,4,1,1,1,1,35,67
1990,Prediction and prescription in systems modeling,Simon Herbert A.,0030364X,Operations Research,38,1,0,0,0,0,0,0,0,0,0,0,0,0,0,0,0,0,0,0,0,0,0,0,0,0,1,3,5,2,0,2,1,1,1,0,2,3,2,4,3,0,2,1,5,4,7,3,6,1,3,2,2,0,45,66
1975,Optimal problem-solving search: All-or-none solutions,"Simon H.A., Kadane J.B.",43702,Artificial Intelligence,6,3,0,0,0,0,0,0,0,0,1,1,0,0,0,0,0,1,1,0,1,1,2,3,4,1,0,3,3,3,1,0,1,4,2,1,1,1,1,6,3,2,2,1,1,1,1,2,1,2,1,1,4,0,29,65
1981,Scientific discovery as problem solving,"Simon H.A., Langley P.W., Bradshaw G.L.",397857,Synthese,47,1,0,0,0,0,0,0,0,0,0,0,0,0,0,0,3,1,1,2,0,1,2,1,0,0,0,0,2,0,2,1,1,0,2,0,2,5,0,3,2,2,1,5,2,5,1,3,3,5,2,1,2,1,38,64
1987,TWO HEADS ARE BETTER THAN ONE: THE COLLABORATION BETWEEN AI AND OR.,Simon Herbert A.,922102,Interfaces,17,4,0,0,0,0,0,0,0,0,0,0,0,0,0,0,0,0,0,0,0,1,5,7,2,6,3,2,4,1,2,2,1,1,2,2,0,1,3,1,1,1,1,4,3,0,1,3,1,0,1,0,0,1,21,63
1964,"An information-processing theory of some effects of similarity, familiarization, and meaningfulness in verbal learning","Simon H.A., Feigenbaum E.A.",225371,Journal of Verbal Learning and Verbal Behavior,3,5,0,1,3,1,2,3,3,1,1,0,3,3,0,3,0,3,1,2,0,2,1,0,1,2,1,1,1,2,0,0,0,3,2,0,1,1,1,0,0,1,2,0,1,0,3,1,1,2,1,0,1,1,15,63
1995,Artificial intelligence: an empirical science,Simon H.A.,43702,Artificial Intelligence,77,1,0,0,0,0,0,0,0,0,0,0,0,0,0,0,0,0,0,0,0,0,0,0,0,0,0,0,0,1,3,0,3,0,0,2,3,1,1,1,0,2,3,6,2,3,2,3,2,1,4,9,5,4,48,61
1960,Some further notes on a class of skew distribution functions,Simon H.A.,199958,Information and Control,3,1,0,0,0,0,0,0,0,2,0,0,3,2,0,0,0,0,0,2,0,2,2,0,0,1,0,0,1,0,2,0,1,1,0,2,0,2,3,1,2,4,3,5,4,1,4,2,1,0,3,3,1,1,38,61
1983,Studying scientific discovery by computer simulation,"Bradshaw G.F., Langley P.W., Simon H.A.",368075,Science,222,4627,0,0,0,0,0,0,0,0,0,0,0,0,0,0,0,2,3,2,3,2,1,0,3,0,1,0,0,0,0,1,0,2,1,0,2,1,1,3,2,1,1,3,6,6,0,0,1,1,2,3,3,3,36,60
1995,Organizations and markets,Simon H.A.,10531858,Journal of Public Administration Research and Theory,5,3,0,0,0,0,0,0,0,0,0,0,0,0,0,0,0,0,0,0,0,0,0,0,0,0,0,0,1,0,1,0,0,1,1,1,3,2,0,2,2,2,7,9,6,3,4,3,5,0,0,1,2,1,47,57
1986,A Theory of Historical Discovery: The Construction of Componential Models,"Zytkow J.M., Simon H.A.",8856125,Machine Learning,1,1,0,0,0,0,0,0,0,0,0,0,0,0,0,0,0,0,0,2,1,3,28,0,4,2,0,0,1,0,0,1,0,3,2,0,0,0,0,0,0,1,0,1,1,0,1,0,0,0,0,0,0,0,4,51
1980,The behavioral and social sciences,Simon H.A.,368075,Science,209,4452,0,0,0,0,0,0,0,0,0,0,0,0,2,1,4,1,1,3,3,0,1,0,1,1,1,0,0,0,0,1,1,0,0,1,0,0,0,2,2,2,1,2,1,1,3,3,2,2,1,3,3,0,28,50
1967,Computer science,"Newell A., Perlis A.J., Simon H.A.",368075,Science,157,3795,0,1,0,0,0,1,1,3,0,0,0,0,0,2,0,0,1,0,1,1,0,0,0,0,0,0,1,0,0,0,0,0,1,1,1,0,1,2,2,1,2,1,1,3,4,5,1,2,3,3,3,0,34,49
1974,Processes for sequence production,"Greeno J.G., Simon H.A.",0033295X,Psychological Review,81,3,0,0,0,0,0,0,3,0,2,1,1,0,2,3,0,1,2,2,2,0,3,1,2,1,0,0,1,1,1,1,0,3,1,0,0,0,1,1,1,0,1,2,0,0,2,1,0,1,0,1,1,0,12,46
1973,Alternative Uses of Phonemic Information in Spelling,"Simon D.P., Simon H.A.",346543,Review of Educational Research,43,1,0,0,0,0,0,0,2,2,1,0,1,1,4,1,3,2,1,1,0,2,0,2,2,0,1,0,0,0,1,1,1,3,0,4,0,0,1,1,0,0,0,0,1,1,1,0,1,0,1,0,1,0,8,44
1952,Comments on the theory of organizations,Simon H.A.,30554,American Political Science Review,46,4,0,0,0,0,1,1,0,0,0,0,0,0,0,0,1,0,0,0,0,0,2,0,0,1,0,0,0,0,0,0,0,0,1,0,3,1,0,0,1,0,3,2,2,2,2,3,3,0,6,3,4,1,32,43
1981,Studying human intelligence by creating artificial intelligence,Simon H.A.,30996,American Scientist,69,3,0,0,0,0,0,0,0,0,0,0,0,0,0,2,1,0,1,1,3,2,1,4,1,0,2,0,0,3,2,0,0,0,0,1,0,2,2,1,1,1,0,1,0,0,1,1,1,2,1,0,1,0,13,39
1956,A comparison of game theory and learning theory,Simon H.A.,333123,Psychometrika,21,3,0,0,1,0,0,0,2,0,1,1,0,0,0,0,1,0,0,0,0,0,0,1,0,0,1,0,1,1,1,0,0,2,1,0,3,1,1,1,1,2,1,3,1,1,2,2,1,2,0,1,2,0,21,39
1993,Organizations revisited,"March J.G., Simon H.A.",9606491,Industrial and Corporate Change,2,1,0,0,0,0,0,0,0,0,0,0,0,0,0,0,0,0,0,0,0,0,0,0,0,0,0,0,0,1,1,0,1,1,2,0,1,1,2,3,1,2,1,3,3,2,0,1,2,0,2,4,3,1,30,38
1977,What computers mean for man and society,Simon H.A.,368075,Science,195,4283,0,0,0,0,0,0,0,0,0,1,6,0,0,3,1,3,5,1,0,3,0,0,0,0,1,1,1,1,0,0,0,0,0,0,0,1,0,1,0,0,0,0,1,0,0,0,1,0,0,4,2,1,10,38
1986,Theories of causal ordering. Reply to de Kleer and Brown,"Iwasaki Y., Simon H.A.",43702,Artificial Intelligence,29,1,0,0,0,0,0,0,0,0,0,0,0,0,0,0,0,0,0,0,0,2,2,4,2,6,0,4,3,0,1,1,0,0,0,0,1,3,0,0,2,2,0,0,0,1,1,0,1,0,0,1,0,0,8,37
1986,The information processing explanation of Gestalt phenomena,Simon H.A.,7475632,Computers in Human Behavior,2,4,0,0,0,0,0,0,0,0,0,0,0,0,0,0,0,0,0,0,0,0,0,1,0,0,0,1,1,0,2,2,0,0,0,2,3,1,0,1,1,1,2,0,2,2,5,3,2,1,1,2,1,0,24,37
1989,Context Effects in Letter Perception: Comparison of Two Theories,"Richman H.B., Simon H.A.",0033295X,Psychological Review,96,3,0,0,0,0,0,0,0,0,0,0,0,0,0,0,0,0,0,0,0,0,0,1,3,3,2,2,1,2,1,1,0,3,3,1,3,2,1,0,1,0,0,2,0,1,0,0,0,1,0,0,0,0,6,34
1991,Nonmonotonic reasoning and causation: Comment,Simon H.A.,3640213,Cognitive Science,15,2,0,0,0,0,0,0,0,0,0,0,0,0,0,0,0,0,0,0,0,0,0,0,1,1,0,2,1,0,1,0,0,0,0,0,0,4,3,1,3,4,4,3,4,0,0,1,0,0,0,0,0,0,23,33
1975,Some distributions associated with Bose Einstein statistics,"Ijiri Y., Simon H.A.",278424,Proceedings of the National Academy of Sciences of the United States of America,72,5,0,0,0,0,0,0,0,0,0,0,1,0,0,0,0,0,0,0,1,0,1,1,1,1,0,2,0,0,0,2,0,0,0,1,1,0,1,2,1,4,1,3,1,1,2,1,0,1,0,1,2,0,21,33
2000,Expertise effects in memory recall: Comment on Vicente and Wang (1998),"Simon H.A., Gobet F.",0033295X,Psychological Review,107,3,0,0,0,0,0,0,0,0,0,0,0,0,0,0,0,0,0,0,0,0,0,0,0,0,0,0,0,0,0,0,0,1,1,2,3,6,0,1,5,2,1,2,2,2,0,0,0,0,2,1,0,0,18,31
1994,The bottleneck of attention: connecting thought with motivation.,Simon H.A.,1467875,Nebraska Symposium on Motivation. Nebraska Symposium on Motivation,41, ,0,0,0,0,0,0,0,0,0,0,0,0,0,0,0,0,0,0,0,0,0,0,0,0,0,0,0,2,0,1,3,1,1,0,1,4,1,1,3,2,0,3,0,2,1,0,1,1,3,0,0,0,18,31
1964,INFORMATION PROCESSING IN COMPUTER AND MAN.,"SIMON H.A., NEWELL A.",30996,American scientist,52, ,0,0,0,1,2,0,1,0,0,0,0,0,0,1,0,2,0,0,1,0,1,0,1,1,0,1,0,0,0,0,1,0,1,1,0,0,0,4,1,0,0,0,0,0,2,1,3,1,2,1,1,0,16,31
1986,Whether Software Engineering Needs to Be Artificially Intelligent,Simon H.A.,985589,IEEE Transactions on Software Engineering,SE-12,7,0,0,0,0,0,0,0,0,0,0,0,0,0,0,0,0,0,0,1,2,5,5,3,4,1,3,1,0,1,0,0,0,1,0,0,0,1,0,0,1,0,0,1,0,0,0,0,0,0,0,0,0,3,30
1963,Experiments with a Heuristic Compiler,Simon H.A.,45411,Journal of the ACM (JACM),10,4,0,1,1,3,1,1,6,0,2,0,2,0,1,0,0,1,0,1,0,0,0,0,0,0,0,0,0,0,0,1,0,0,0,0,0,0,0,1,1,1,0,0,0,0,2,0,0,1,1,2,0,0,9,30
1968,On Judging the Plausibility of Theories,Simon H.A.,0049237X,Studies in Logic and the Foundations of Mathematics,52, C,0,0,0,0,0,1,0,1,2,0,0,1,0,1,0,1,0,0,0,0,1,0,0,1,0,0,1,0,0,0,0,1,0,0,1,1,0,1,0,0,2,2,0,2,4,1,2,0,1,0,1,0,16,29
1965,The logic of rational decision,Simon H.A.,70882,British Journal for the Philosophy of Science,16,63,0,0,0,2,0,1,0,1,0,0,0,0,0,0,0,0,0,0,0,0,1,0,2,1,2,0,1,0,2,0,0,0,0,0,1,0,0,0,0,2,0,2,1,1,2,2,2,1,2,0,0,0,15,29
2001,What have psychologists (and others) discovered about the process of scientific discovery?,"Klahr D., Simon H.A.",9637214,Current Directions in Psychological Science,10,3,0,0,0,0,0,0,0,0,0,0,0,0,0,0,0,0,0,0,0,0,0,0,0,0,0,0,0,0,0,0,0,0,0,0,2,2,0,2,0,3,6,0,4,1,1,0,2,3,1,1,0,0,24,28
1995,The information-processing theory of mind.,Simon H.A.,0003066X,The American psychologist,50,7,0,0,0,0,0,0,0,0,0,0,0,0,0,0,0,0,0,0,0,0,0,0,0,0,0,0,0,2,2,1,1,0,1,1,0,0,3,1,1,0,2,4,3,0,0,0,0,1,2,2,1,0,20,28
1985,STM capacity for Chinese and English language materials,"Yu B., Zhang W., Jing Q., Peng R., Zhang G., Simon H.A.",0090502X,Memory &amp; Cognition,13,3,0,0,0,0,0,0,0,0,0,0,0,0,0,0,0,0,0,1,0,1,1,1,0,1,2,0,1,1,0,0,2,2,0,0,1,0,1,0,0,0,3,2,3,2,0,1,1,1,0,0,0,0,14,28
1943,The incidence of a tax on urban real property,Simon H.A.,335533,Quarterly Journal of Economics,57,3,0,0,0,1,0,0,0,0,0,2,0,0,1,0,0,0,0,0,0,1,0,0,1,0,0,0,2,0,0,0,0,0,1,3,0,0,1,0,0,1,0,2,2,0,1,1,1,3,2,0,2,0,16,28
1991,The Mathematical Bases for Qualitative Reasoning,"Kalagnanam J., Simon H.A., Iwasaki Y.",8859000,IEEE Expert-Intelligent Systems and their Applications,6,2,0,0,0,0,0,0,0,0,0,0,0,0,0,0,0,0,0,0,0,0,0,0,0,1,2,1,1,1,1,1,1,1,2,1,1,1,2,0,0,0,0,3,4,0,1,0,0,1,0,0,0,1,12,27
1998,Pattern recognition makes search possible: Comments on Holding (1992),"Gobet F., Simon H.A.",3400727,Psychological Research,61,3,0,0,0,0,0,0,0,0,0,0,0,0,0,0,0,0,0,0,0,0,0,0,0,0,0,0,0,0,0,0,0,1,0,1,0,2,1,2,4,0,1,1,3,3,1,1,1,1,2,1,0,0,22,26
1992,Chapter 1 The game of chess,"Simon H.A., Schaeffer J.",15740005,Handbook of Game Theory with Economic Applications,1, ,0,0,0,0,0,0,0,0,0,0,0,0,0,0,0,0,0,0,0,0,0,0,0,0,0,0,1,1,0,0,0,0,0,0,0,1,1,3,1,1,0,3,2,2,3,1,1,1,0,3,1,0,23,26
1981,BACON. 5: THE DISCOVERY OF CONSERVATION LAWS.,"Langley Pat, Bradshaw Gary L., Simon Herbert A.",,,1, ,0,0,0,0,0,0,0,0,0,0,0,0,0,0,1,0,0,3,0,2,0,1,3,0,1,0,0,0,1,0,0,3,0,0,1,0,0,0,0,1,1,0,0,1,1,0,0,0,2,1,2,0,9,25
1993,Situated action: Reply to William Clancey,"Vera A.H., Simon H.A.",3640213,Cognitive Science,17,1,0,0,0,0,0,0,0,0,0,0,0,0,0,0,0,0,0,0,0,0,0,0,0,0,0,4,0,3,0,2,0,0,1,3,0,1,0,0,0,3,1,0,0,0,0,1,0,0,0,0,1,0,6,20
1988,Creativity and motivation: A response to Csikszentmihalyi,Simon H.A.,0732118X,New Ideas in Psychology,6,2,0,0,0,0,0,0,0,0,0,0,0,0,0,0,0,0,0,0,0,0,0,0,0,1,0,1,2,0,0,0,0,1,0,0,0,0,1,2,2,2,0,0,1,1,1,4,0,0,0,0,1,0,15,20
1997,"Goals, Representations, and Strategies in a Concept Attainment Task: The Epam Model","Gobet F., Richman H., Staszewski J., Simon H.A.",797421,Psychology of Learning and Motivation - Advances in Research and Theory,37, C,0,0,0,0,0,0,0,0,0,0,0,0,0,0,0,0,0,0,0,0,0,0,0,0,0,0,0,0,0,0,1,1,3,1,0,1,3,0,0,0,2,2,0,1,0,0,0,1,3,0,0,0,12,19
1991,"Artificial Intelligence: Where Has It Been, and Where is it Going?",Simon H.A.,10414347,IEEE Transactions on Knowledge and Data Engineering,3,2,0,0,0,0,0,0,0,0,0,0,0,0,0,0,0,0,0,0,0,0,0,0,0,1,0,4,2,2,1,2,1,0,0,0,0,0,0,0,1,0,0,2,0,0,0,0,1,1,0,0,1,0,6,19
1973,Technology and environment,Simon H.A.,251909,Management Science,19,10,0,0,0,0,0,0,0,1,0,1,1,0,0,0,0,0,0,0,0,0,1,0,0,0,0,0,0,1,0,1,2,0,0,0,1,1,0,0,0,1,0,0,3,0,1,0,0,1,1,2,0,0,9,19
1992,The game of chess,"Simon H.A., Schaeffer J.",15740005,Handbook of Game Theory with Economic Applications,1, C,0,0,0,0,0,0,0,0,0,0,0,0,0,0,0,0,0,0,0,0,0,0,0,0,1,0,0,1,0,1,0,0,0,0,3,0,1,0,1,2,1,2,0,1,1,2,0,1,0,0,0,0,12,18
1977,Modeling semantic memory: Effects of presenting semantic information in different modalities,"Rosenberg S., Simon H.A.",100285,Cognitive Psychology,9,3,0,0,0,0,0,0,0,0,0,0,0,1,2,1,1,2,1,0,0,0,1,0,1,2,0,0,1,0,0,0,1,0,0,0,0,0,0,0,1,1,0,1,1,0,0,0,0,0,0,0,0,0,4,18
1966,A note on Jost's law and exponential forgetting,Simon H.A.,333123,Psychometrika,31,4,0,0,0,0,0,0,0,0,0,0,0,0,0,1,0,0,1,1,0,0,0,0,0,0,1,0,0,0,2,0,1,0,1,1,0,1,1,1,1,1,0,2,1,0,1,0,0,0,0,0,0,0,8,18
2000,Observations on the Sciences of Science Learning,Simon H.A.,1933973,Journal of Applied Developmental Psychology,21,1,0,0,0,0,0,0,0,0,0,0,0,0,0,0,0,0,0,0,0,0,0,0,0,0,0,0,0,0,0,0,0,0,0,0,0,0,1,0,1,1,1,3,0,2,1,0,5,1,0,0,0,1,17,17
1993,The state of american political science: Professor lowi's view of our discipline,Simon H.A.,10490965,PS: Political Science &amp; Politics,26,1,0,0,0,0,0,0,0,0,0,0,0,0,0,0,0,0,0,0,0,0,0,0,0,0,0,0,1,1,0,11,0,1,0,0,0,0,0,0,0,0,0,0,0,0,0,1,0,0,1,1,0,0,3,17
1955,The effect of television upon voting behavior in iowa in the 1952 presidential election,"Simon H.A., Stern F.",30554,American Political Science Review,49,2,0,0,0,0,0,0,0,2,1,0,0,0,0,1,0,0,0,0,1,0,1,0,1,1,0,0,0,0,0,0,0,0,0,0,0,0,0,0,0,0,0,0,1,0,2,1,1,2,0,2,0,0,9,17
2005,"Darwinism, altruism and economics",Simon H.A.,,The Evolutionary Foundations of Economics,, ,0,0,0,0,0,0,0,0,0,0,0,0,0,0,0,0,0,0,0,0,0,0,0,0,0,0,0,0,0,0,0,0,0,0,0,0,0,0,1,1,2,3,1,1,2,0,1,0,2,1,1,0,16,16
2000,Barriers and bounds to rationality,Simon H.A.,0954349X,Structural Change and Economic Dynamics,11, 1-2,0,0,0,0,0,0,0,0,0,0,0,0,0,0,0,0,0,0,0,0,0,0,0,0,0,0,0,0,0,0,0,0,2,0,0,1,1,0,2,0,0,2,1,0,0,0,1,0,0,4,0,2,13,16
1981,Information‐processing models of cognition,Simon H.A.,28231,Journal of the American Society for Information Science,32,5,0,0,0,0,0,0,0,0,0,0,0,0,0,0,0,3,0,0,0,2,0,2,0,0,0,0,0,0,0,1,0,0,0,0,0,0,0,0,1,0,0,0,2,2,0,0,0,2,0,0,1,0,8,16
1997,The future of information systems,Simon H.A.,2545330,Annals of Operations Research,71, ,0,0,0,0,0,0,0,0,0,0,0,0,0,0,0,0,0,0,0,0,0,0,0,0,0,0,0,0,0,0,0,0,1,0,1,0,0,0,2,1,1,1,2,1,2,0,0,1,0,1,1,0,13,15
1983,The behavioral approach: With emphasis on economics,"Cyert R.M., Simon H.A.",57940,Behavioral Science,28,2,0,0,0,0,0,0,0,0,0,0,0,0,0,0,0,0,0,2,0,0,0,1,0,0,0,1,0,0,0,0,0,0,2,0,0,0,1,0,0,1,1,1,1,0,0,2,0,0,0,2,0,0,9,15
1966,A chess mating combinations program,"Baylor G.W., Simon H.A.",,"AFIPS Conference Proceedings - 1966 Spring Joint Computer Conference, AFIPS 1966",, ,0,1,2,0,2,0,0,1,1,0,0,0,0,0,0,0,0,0,0,0,0,0,0,0,0,0,0,1,1,0,0,1,0,1,0,1,0,0,0,0,0,0,0,0,1,0,0,1,1,0,0,0,3,15
1996,Cue recognition and cue elaboration in learning from examples,"Zhu X., Lee Y., Simon H.A., Zhu D.",278424,Proceedings of the National Academy of Sciences of the United States of America,93,3,0,0,0,0,0,0,0,0,0,0,0,0,0,0,0,0,0,0,0,0,0,0,0,0,0,0,0,0,0,1,1,1,1,2,0,0,1,0,0,0,2,1,0,1,0,0,1,0,0,0,2,0,8,14
1995,Internal Representation and Rule Development in Object-Oriented Design,"Kim J., Lerch F.J., Simon H.A.",10730516,ACM Transactions on Computer-Human Interaction (TOCHI),2,4,0,0,0,0,0,0,0,0,0,0,0,0,0,0,0,0,0,0,0,0,0,0,0,0,0,0,0,1,3,0,0,0,0,0,0,1,1,1,1,2,2,0,0,1,0,0,0,0,1,0,0,0,9,14
1993,Situated action: Reply to reviewers,"Vera A.H., Simon H.A.",3640213,Cognitive Science,17,1,0,0,0,0,0,0,0,0,0,0,0,0,0,0,0,0,0,0,0,0,0,0,0,0,0,1,2,2,0,4,1,0,0,0,0,1,0,0,0,2,0,0,0,0,0,0,0,0,0,0,1,0,3,14
1967,An information-processing explanation of one-trial and incremental learning,"Gregg L.W., Simon H.A.",225371,Journal of Verbal Learning and Verbal Behavior,6,5,0,1,0,0,0,1,1,1,0,0,0,0,0,0,0,1,0,0,0,0,0,0,0,0,0,0,1,0,1,0,0,0,1,1,0,0,0,0,0,0,0,1,1,0,1,1,0,1,0,0,0,0,5,14
2002,Organizing and coordinating talk and silence in organizations,Simon H.A.,9606491,Industrial and Corporate Change,11,3,0,0,0,0,0,0,0,0,0,0,0,0,0,0,0,0,0,0,0,0,0,0,0,0,0,0,0,0,0,0,0,0,0,0,0,1,2,1,2,0,0,1,0,0,2,2,1,0,0,0,1,0,12,13
1988,Normative systems of discovery and logic of search,"Zytkow J.M., Simon H.A.",397857,Synthese,74,1,0,0,0,0,0,0,0,0,0,0,0,0,0,0,0,0,0,0,0,0,2,0,1,1,1,3,0,0,0,0,0,0,0,0,0,0,0,0,0,1,0,0,0,1,0,1,1,0,1,0,0,0,5,13
1982,The rural-urban population balance again,Simon H.A.,1660462,Regional Science and Urban Economics,12,4,0,0,0,0,0,0,0,0,0,0,0,0,0,0,0,1,0,0,0,3,0,1,1,0,1,0,0,2,0,1,1,0,0,0,0,0,0,0,0,0,0,0,0,0,2,0,0,0,0,0,0,0,2,13
1993,Fitness requirements for scientific theories containing recursive theoretical terms,"Shen W.M., Simon H.A.",70882,British Journal for the Philosophy of Science,44,4,0,0,0,0,0,0,0,0,0,0,0,0,0,0,0,0,0,0,0,0,0,0,0,0,0,0,4,0,0,1,0,0,1,0,1,0,0,0,0,0,0,0,0,0,0,1,0,1,1,2,0,0,5,12
1992,Scientific discovery as problem solving,Simon H.A.,2698595,International Studies in the Philosophy of Science,6,1,0,0,0,0,0,0,0,0,0,0,0,0,0,0,0,0,0,0,0,0,0,0,0,1,0,0,2,0,0,0,0,0,1,0,0,0,0,0,1,1,0,0,0,0,2,1,0,1,1,0,1,0,8,12
1993,Scientific model-building as search in matrix spaces,"Valdes-Perez Raul E., Zytkow Jan M., Simon Herbert A.",,Proceedings of the National Conference on Artificial Intelligence,, ,0,0,0,0,0,0,0,0,0,0,0,0,0,0,0,0,0,0,0,0,0,0,0,0,0,1,2,2,0,0,1,0,1,0,0,0,0,0,0,1,1,1,0,0,0,1,0,0,0,0,0,0,4,11
1995,Machine discovery,Simon H.,12331821,Foundations of Science,1,2,0,0,0,0,0,0,0,0,0,0,0,0,0,0,0,0,0,0,0,0,0,0,0,0,0,0,0,0,1,0,0,0,1,0,0,1,0,2,2,0,0,0,0,0,1,1,0,1,0,0,0,0,7,10
1994,Reply to Touretzky and Pomerleau: Reconstructing physical symbol systems,"Vera A.H., Simon H.A.",3640213,Cognitive Science,18,2,0,0,0,0,0,0,0,0,0,0,0,0,0,0,0,0,0,0,0,0,0,0,0,0,0,0,0,0,1,1,0,0,1,0,0,1,0,1,0,1,0,0,0,0,0,1,1,0,1,0,1,0,6,10
1997,Al Lessons,"Simon H.A., Munakata T.",10782,Communications of the ACM,40,8,0,0,0,0,0,0,0,0,0,0,0,0,0,0,0,0,0,0,0,0,0,0,0,0,0,0,0,0,0,1,1,0,0,0,0,0,1,0,1,2,1,0,0,0,0,0,0,0,0,1,1,0,7,9
1961,"Reply to ""final note"" by Benoit Mandelbrot",Simon H.A.,199958,Information and Control,4, 2-3,0,0,0,0,0,0,0,0,0,0,0,0,0,0,0,0,0,0,0,0,0,0,0,0,0,0,0,0,1,0,0,1,1,0,0,1,0,0,0,2,0,0,0,0,0,0,1,1,1,0,0,0,5,9
1997,Logic and Thought,"Eisenstadt S.A., Simon H.A.",9246495,Minds and Machines,7,3,0,0,0,0,0,0,0,0,0,0,0,0,0,0,0,0,0,0,0,0,0,0,0,0,0,0,0,0,0,2,2,0,0,0,0,0,0,0,0,0,0,0,0,1,0,2,0,0,0,0,1,0,4,8
1962,Computer simulation of human thinking and problem solving.,"SIMON H.A., NEWELL A.",0037976X,Monographs of the Society for Research in Child Development,27, ,0,0,0,0,0,0,0,0,0,0,0,0,0,0,0,0,0,0,0,0,0,0,0,0,0,0,0,0,0,0,0,0,0,0,0,0,0,0,0,0,2,0,1,1,0,0,1,1,1,0,1,0,8,8
1991,Comments on the Symposium on ‘Computer Discovery and the Sociology of Scientific Knowledge’,Simon H.A.,3063127,Social Studies of Science,21,1,0,0,0,0,0,0,0,0,0,0,0,0,0,0,0,0,0,0,0,0,0,0,0,0,0,0,1,0,0,0,0,0,1,0,1,0,0,0,3,0,0,0,0,0,0,0,0,1,0,0,0,0,4,7
1984,Computer modeling of scientific and mathematical discovery processes,Simon H.A.,2730979,Bulletin of the American Mathematical Society,11,2,0,0,0,0,0,0,0,0,0,0,0,0,0,0,0,0,1,1,0,0,0,0,0,0,0,0,0,0,0,0,0,0,0,0,0,0,0,0,0,0,0,1,0,0,1,1,1,0,0,0,0,1,5,7
1973,Computing in China: A travel report,"Cheatham Jr. T.E., Clark W.A., Holt A.W., Ornstein S.M., Perlis A.J., Simon H.A.",368075,Science,182,4108,0,0,0,0,0,0,0,0,0,0,0,1,0,0,0,0,0,0,0,2,0,0,0,0,0,0,0,0,0,0,0,0,0,0,0,0,0,0,0,0,0,0,0,1,1,1,0,1,0,0,0,0,4,7
1961,Modeling human mental processes,Simon H.A.,,"Proceedings of the Western Joint Computer Conference: Extending Man's Intellect, IRE-AIEE-ACM 1961",, ,0,1,0,0,0,0,0,0,0,0,0,0,0,0,0,0,0,0,0,0,0,0,0,0,0,0,0,0,0,0,0,0,0,0,0,0,0,0,1,0,0,1,0,0,0,1,0,0,1,2,0,0,6,7
1997,"[Explain the ineffable: Artificial intelligence with regard to intuition, insight and inspiration, Spiegare l'ineffabile: L'intelligenza artificiale a proposito di intuizione, insight e ispirazione]",Simon H.A.,11209550,Sistemi Intelligenti,9,2,0,0,0,0,0,0,0,0,0,0,0,0,0,0,0,0,0,0,0,0,0,0,0,0,0,0,0,0,0,1,1,0,1,0,1,0,0,1,0,0,0,0,1,0,0,0,0,0,0,0,0,0,2,6
1975,Retention of visually presented information in children's spelling,"Farnham-Diggory S., Simon H.A.",0090502X,Memory &amp; Cognition,3,6,0,0,0,0,0,0,0,0,0,1,0,0,0,0,1,1,0,0,0,0,1,0,0,0,0,0,0,0,0,0,0,0,0,0,0,0,0,0,0,0,0,0,0,0,0,0,0,1,0,1,0,0,2,6
1974,The psychological concept of 'losing move' in a game of perfect information,Simon H.A.,278424,Proceedings of the National Academy of Sciences of the United States of America,71,6,0,0,0,0,0,0,0,0,0,0,0,0,0,0,0,0,0,0,0,0,0,0,0,0,0,0,0,0,0,1,0,0,0,0,1,3,0,0,0,0,0,0,0,0,0,1,0,0,0,0,0,0,1,6
1961,Reply to Dr. Mandelbrot's post scriptum,Simon H.A.,199958,Information and Control,4, 2-3,0,0,0,0,0,0,0,0,0,0,0,0,0,0,0,0,0,0,0,0,0,0,0,0,0,0,0,0,0,0,0,1,0,0,0,1,0,0,0,2,1,0,0,0,0,0,0,0,1,0,0,0,4,6
1955,A MODEL OF SHORT- AND LONG-RUN MECHANISMS INVOLVED IN PRESSURES TOWARD UNIFORMITY IN GROUPS,"Simon H.A., Guetzkow H.",0033295X,Psychological Review,62,1,0,0,0,0,0,0,0,0,0,0,0,0,0,0,0,0,0,0,0,0,0,0,0,0,0,0,0,0,0,0,0,0,0,0,0,0,0,1,0,0,0,1,1,0,0,0,2,1,0,0,0,0,6,6
2013,The theory of human problem solving,"Newell A., Simon H.A.",,Readings in Cognitive Science: A Perspective from Psychology and Artificial Intelligence,, ,0,0,0,0,0,0,0,0,0,0,0,0,0,0,0,0,0,0,0,0,0,0,0,0,0,0,0,0,0,0,0,0,0,0,1,1,0,0,0,1,0,1,0,0,0,0,0,0,0,1,0,0,3,5
2013,The mind's eye in chess,"Chase W.G., Simon H.A.",,Readings in Cognitive Science: A Perspective from Psychology and Artificial Intelligence,, ,0,0,0,0,0,0,0,0,0,0,0,0,0,0,0,0,0,0,0,0,0,0,0,0,0,0,0,0,1,0,0,0,0,0,0,2,0,0,0,0,0,0,0,0,1,0,0,0,1,0,0,0,2,5
1992,Scientific discovery as problem solving: Reply to critics,Simon H.A.,2698595,International Studies in the Philosophy of Science,6,1,0,0,0,0,0,0,0,0,0,0,0,0,0,0,0,0,0,0,0,0,0,0,0,0,0,0,0,0,0,0,0,0,1,0,0,0,0,1,0,0,0,1,0,0,0,0,1,1,0,0,0,0,4,5
1990,Optimal Probe Selection in Diagnostic Search,"Bhandari I.S., Simon H.A., Siewiorek D.P.",189472,"IEEE Transactions on Systems, Man and Cybernetics",20,5,0,0,0,0,0,0,0,0,0,0,0,0,0,0,0,0,0,0,0,0,0,0,1,0,0,0,1,0,0,0,0,0,0,1,1,1,0,0,0,0,0,0,0,0,0,0,0,0,0,0,0,0,0,5
1986,Information Processing Language V on the IBM 650,"Simon H.A., Newell A.",1641239,Annals of the History of Computing,8,1,0,0,0,0,0,0,0,0,0,0,0,0,0,0,0,0,0,0,1,0,0,0,0,0,0,0,0,0,0,1,0,0,0,0,0,0,0,0,0,0,0,0,1,1,0,0,0,0,1,0,0,0,3,5
1985,Quantification of theoretical terms and the falsifiability of theories,Simon H.A.,70882,British Journal for the Philosophy of Science,36,3,0,0,0,0,0,0,0,0,0,0,0,0,0,0,0,0,0,1,0,0,0,0,0,0,1,0,0,0,0,0,1,0,0,0,0,0,0,0,0,0,0,0,0,0,0,1,0,0,1,0,0,0,2,5
1984,Mutual deterrence or nuclear suicide,Simon H.A.,368075,Science,223,4638,0,0,0,0,0,0,0,0,0,0,0,0,0,0,0,1,2,0,1,0,0,0,1,0,0,0,0,0,0,0,0,0,0,0,0,0,0,0,0,0,0,0,0,0,0,0,0,0,0,0,0,0,0,5
1983,THREE FACETS OF SCIENTIFIC DISCOVERY.,"Langley Pat, Zytkow Jan M., Bradshaw Gary L., Simon Herbert A.",,,1, ,0,0,0,0,0,0,0,0,0,0,0,0,0,0,0,0,0,0,0,1,1,0,0,0,0,0,0,0,0,0,0,1,0,0,0,0,1,0,0,0,0,0,0,0,0,0,0,1,0,0,0,0,2,5
1962,Strengthening the behavioral sciences,"Miller N.E., Clark K.E., Coleman J.S., Hopkins J., Festinger L., Goodenough W.H., Leighton A.H., Miller G.A., Simon H.A., Tukey J.W., Katz E., Orlansky J., Riecken H.W., Hartgering J.B., Wiesner J.B.",368075,Science,136,3512,0,0,0,0,0,0,0,0,0,0,0,0,0,0,0,0,0,0,1,0,0,0,0,0,0,0,0,0,0,0,1,1,1,0,0,0,0,0,0,0,0,0,0,1,0,0,0,0,0,0,0,0,1,5
2000,Reply to Lassiter,"Gobet F., Simon H.A.",9567976,Psychological Science,11,2,0,0,0,0,0,0,0,0,0,0,0,0,0,0,0,0,0,0,0,0,0,0,0,0,0,0,0,0,0,0,0,0,0,0,1,2,0,0,1,0,0,0,0,0,0,0,0,0,0,0,0,0,1,4
1973,Ramsey eliminability and the testability of scientific theories,"Simon H.A., Groen G.J.",70882,British Journal for the Philosophy of Science,24,4,0,0,0,0,0,0,0,0,0,0,0,0,1,0,1,0,0,0,0,0,0,0,0,0,0,0,1,0,0,0,0,0,0,0,0,0,0,0,0,0,0,0,0,0,0,1,0,0,0,0,0,0,1,4
1945,Statistical Tests as a Basis for “Yes-No” Choices,Simon H.A.,1621459,Journal of the American Statistical Association,40,229,0,0,0,0,0,0,0,0,0,0,0,0,0,0,0,0,0,0,0,0,0,1,0,0,0,0,0,0,0,0,0,0,0,0,1,0,0,0,0,0,0,0,0,0,1,1,0,0,0,0,0,0,2,4
2013,"GPS, a program that simulates human thought","Newell A., Simon H.A.",,Readings in Cognitive Science: A Perspective from Psychology and Artificial Intelligence,, ,0,0,0,0,0,0,0,0,0,0,0,0,0,0,0,0,0,0,0,0,0,0,0,0,1,0,0,0,0,0,0,0,0,0,0,0,0,0,0,1,0,0,0,0,0,0,0,0,0,1,0,0,2,3
2008,The confirmatory research on representative method of knowledge work process,"Jinkun L., Bo W., Yongjian L., Simon H.A., Selten R., Hao F.",,"Proceedings - International Conference on Information Technology: New Generations, ITNG 2008",, ,0,0,0,0,0,0,0,0,0,0,0,0,0,0,0,0,0,0,0,0,0,0,0,0,0,0,0,0,0,0,0,0,0,0,0,0,0,0,0,0,0,0,2,0,1,0,0,0,0,0,0,0,3,3
1997,What we know about learning,Simon Herbert A.,1905848,Proceedings - Frontiers in Education Conference,2, ,0,0,0,0,0,0,0,0,0,0,0,0,0,0,0,0,0,0,0,0,0,0,0,0,0,0,0,0,0,0,0,0,1,0,0,0,0,0,0,0,1,0,0,0,0,0,0,0,0,1,0,0,2,3
1997,The Implications of Kasparov Vs. Deep Blue,"Simon H.A., Munakata T.",10782,Communications of the ACM,40,8,0,0,0,0,0,0,0,0,0,0,0,0,0,0,0,0,0,0,0,0,0,0,0,0,0,0,0,0,0,0,0,0,0,0,0,0,1,1,0,0,0,0,0,0,0,0,0,0,1,0,0,0,3,3
1993,"Retrospective on ""Causality in device behavior""","Iwasaki Y., Simon H.A.",43702,Artificial Intelligence,59, 1-2,0,0,0,0,0,0,0,0,0,0,0,0,0,0,0,0,0,0,0,0,0,0,0,0,0,0,1,0,1,1,0,0,0,0,0,0,0,0,0,0,0,0,0,0,0,0,0,0,0,0,0,0,0,3
1992,DIRECTIONS FOR QUALITATIVE REASONING,"Kalagnanam J.Are., Simon H.A.",8247935,Computational Intelligence,8,2,0,0,0,0,0,0,0,0,0,0,0,0,0,0,0,0,0,0,0,0,0,0,0,0,0,0,0,0,0,0,0,0,0,0,0,0,0,0,0,0,0,0,2,0,1,0,0,0,0,0,0,0,3,3
1985,Situated action: A symbolic interpretation,"Vera A.H., Simon H.A.",1650114,Fuzzy Sets and Systems,17,1,0,0,0,0,0,0,0,0,0,0,0,0,0,0,0,0,0,0,0,0,0,0,0,0,0,0,0,0,0,0,1,0,1,0,0,0,0,0,0,0,0,0,0,0,0,0,0,1,0,0,0,0,1,3
1983,Fitness requirements for scientific theories,Simon H.A.,70882,British Journal for the Philosophy of Science,34,4,0,0,0,0,0,0,0,0,0,0,0,0,0,0,0,0,0,0,0,0,0,0,0,0,0,0,1,0,0,0,1,0,0,0,0,0,0,0,0,0,0,0,0,0,0,1,0,0,0,0,0,0,1,3
1982,Election predictions: Reply,Simon H.A.,0020174X,Inquiry (United Kingdom),25,3,0,0,0,0,0,0,0,0,0,0,0,0,0,0,0,0,0,0,0,0,0,0,0,0,0,0,1,0,0,0,0,0,1,0,0,0,0,0,0,0,0,0,0,0,0,0,0,1,0,0,0,0,1,3
1981,Prometheus or Pandora: The Influence of Automation on Society,Simon H.A.,189162,Computer,14,11,0,0,0,0,0,0,0,0,0,0,0,0,0,2,0,0,0,0,0,0,0,0,0,0,0,0,0,0,0,0,0,0,0,0,0,0,0,0,0,0,0,0,0,0,0,0,0,0,0,1,0,0,1,3
1980,Models of competence in solving physics problems,"Larkin J.H., McDermott J., Simon D.P., Simon H.A.",3640213,Cognitive Science,4,4,0,0,0,0,0,0,0,0,0,0,0,0,0,0,0,0,0,0,0,0,0,0,0,0,1,1,0,1,0,0,0,0,0,0,0,0,0,0,0,0,0,0,0,0,0,0,0,0,0,0,0,0,0,3
1954,Productivity among American psychologists: an explanation,Simon H.A.,0003066X,American Psychologist,9,12,0,0,0,0,0,0,0,0,0,0,0,0,0,0,0,0,0,0,0,0,0,0,0,0,0,0,1,0,0,0,1,0,0,0,0,0,0,0,0,0,0,0,0,0,0,0,0,0,1,0,0,0,1,3
1997,On the possibility of accurate public prediction,Simon H.A.,10535357,Journal of Socio-Economics,26,2,0,0,0,0,0,0,0,0,0,0,0,0,0,0,0,0,0,0,0,0,0,0,0,0,0,0,0,0,0,0,0,0,0,0,0,0,0,0,0,0,1,0,0,1,0,0,0,0,0,0,0,0,2,2
1995,Models of Test Selection,"Bhandari I., Simon H.A., Siewiorek D.P.",189472,"IEEE Transactions on Systems, Man and Cybernetics",25,10,0,0,0,0,0,0,0,0,0,0,0,0,0,0,0,0,0,0,0,0,0,0,0,0,0,0,0,0,0,0,0,0,0,1,1,0,0,0,0,0,0,0,0,0,0,0,0,0,0,0,0,0,0,2
1993,Artificial intelligence as an experimental science,Simon Herbert A.,,Proceedings of the National Conference on Artificial Intelligence,, ,0,0,0,0,0,0,0,0,0,0,0,0,0,0,0,0,0,0,0,0,0,0,0,0,0,0,1,0,0,0,0,0,0,0,0,0,0,0,0,0,0,1,0,0,0,0,0,0,0,0,0,0,1,2
1993,Allen Newell: the entry into complex information processing,Simon H.A.,43702,Artificial Intelligence,59, 1-2,0,0,0,0,0,0,0,0,0,0,0,0,0,0,0,0,0,0,0,0,0,0,0,0,0,0,0,0,0,0,0,0,0,0,0,0,0,1,1,0,0,0,0,0,0,0,0,0,0,0,0,0,2,2
1991,Public administration revisited,"Simon H.A., Thompson V.A.",1472011,Society,28,5,0,0,0,0,0,0,0,0,0,0,0,0,0,0,0,0,0,0,0,0,0,0,0,0,1,0,0,0,0,1,0,0,0,0,0,0,0,0,0,0,0,0,0,0,0,0,0,0,0,0,0,0,0,2
1980,Horizons and limits,Simon H.A.,1472011,Society,17,6,0,0,0,0,0,0,0,0,0,0,0,0,0,0,0,1,0,0,0,0,0,0,0,0,0,0,0,0,0,0,0,0,0,0,0,0,0,0,0,0,0,0,0,0,0,0,0,0,0,0,1,0,1,2
1978,The uses of mathematics in the social sciences,Simon H.A.,3784754,Mathematics and Computers in Simulation,20,3,0,0,0,0,0,0,0,0,0,0,0,0,1,0,0,0,0,0,0,0,0,0,0,0,0,0,0,0,0,0,0,0,0,0,0,0,0,0,1,0,0,0,0,0,0,0,0,0,0,0,0,0,1,2
1962,A note on mathematical models for learning,Simon H.A.,333123,Psychometrika,27,4,0,0,0,0,0,0,0,0,0,0,0,0,0,0,0,0,0,1,0,0,0,0,0,0,0,0,0,0,0,0,0,0,0,0,0,0,0,0,0,0,0,0,0,0,1,0,0,0,0,0,0,0,1,2
2013,Causality in Device Behavior,"Iwasaki Y., Simon H.A.",,Readings in Qualitative Reasoning About Physical Systems,, ,0,0,0,0,0,0,0,0,0,0,0,0,0,0,0,0,0,0,0,0,0,0,0,0,0,0,0,0,0,0,0,0,0,0,0,0,1,0,0,0,0,0,0,0,0,0,0,0,0,0,0,0,1,1
2001,The role of software engineering in systems for design and process control,Simon N.L.H.A.,10920617,Journal of Integrated Design and Process Science,5,3,0,0,0,0,0,0,0,0,0,0,0,0,0,0,0,0,0,0,0,0,0,0,0,0,0,0,0,0,0,0,0,0,0,0,0,0,0,0,0,0,0,1,0,0,0,0,0,0,0,0,0,0,1,1
1998,"[The logic of discovery: A criticism of Petroni's positions, La logica della scoperta: Una critica delle posizioni di Petroni]",Simon H.A.,11209550,Sistemi Intelligenti,10,1,0,0,0,0,0,0,0,0,0,0,0,0,0,0,0,0,0,0,0,0,0,0,0,0,0,0,0,0,0,0,1,0,0,0,0,0,0,0,0,0,0,0,0,0,0,0,0,0,0,0,0,0,0,1
1998,"[Reply to Viale, Rlsposta a Vlale]",Simon H.A.,11209550,Sistemi Intelligenti,10,1,0,0,0,0,0,0,0,0,0,0,0,0,0,0,0,0,0,0,0,0,0,0,0,0,0,0,0,0,0,0,1,0,0,0,0,0,0,0,0,0,0,0,0,0,0,0,0,0,0,0,0,0,0,1
1994,Foreword papers in honor of chester i. barnard,Simon H.A.,1900692,International Journal of Public Administration,17,6,0,0,0,0,0,0,0,0,0,0,0,0,0,0,0,0,0,0,0,0,0,0,0,0,0,0,0,0,0,0,0,0,0,0,0,0,0,0,0,0,0,0,0,0,1,0,0,0,0,0,0,0,1,1
1994,What you see is what you get - But do you get what you see?,"Tabachneck H.J.M., Simon H.A.",,Conference on Human Factors in Computing Systems - Proceedings,1994-, ,0,0,0,0,0,0,0,0,0,0,0,0,0,0,0,0,0,0,0,0,0,0,0,0,0,0,0,0,0,0,0,0,0,0,0,0,0,0,0,0,0,0,0,0,1,0,0,0,0,0,0,0,1,1
1992,Herbert Simon responds,Simon H.A.,10531858,Journal of Public Administration Research and Theory,2,2,0,0,0,0,0,0,0,0,0,0,0,0,0,0,0,0,0,0,0,0,0,0,0,0,0,0,0,0,0,0,0,0,0,0,0,0,0,0,0,0,0,0,1,0,0,0,0,0,0,0,0,0,1,1
1991,Black ravens and a white shoe,Simon H.A.,70882,British Journal for the Philosophy of Science,42,3,0,0,0,0,0,0,0,0,0,0,0,0,0,0,0,0,0,0,0,0,0,0,0,0,0,0,0,0,0,0,0,0,0,0,0,1,0,0,0,0,0,0,0,0,0,0,0,0,0,0,0,0,0,1
1988,Opinion,"Simon H.A., Koblitz N.",3436993,The Mathematical Intelligencer,10,2,0,0,0,0,0,0,0,0,0,0,0,0,0,0,0,0,0,0,0,0,0,0,0,0,0,0,0,0,0,0,0,0,0,0,0,0,0,0,0,0,1,0,0,0,0,0,0,0,0,0,0,0,1,1
1973,Administrative Decision Making,Simon H.A.,3608581,IEEE Engineering Management Review,1,1,0,0,0,0,0,0,0,0,0,0,0,0,0,0,0,0,0,0,0,0,0,0,0,0,0,0,0,0,0,0,0,0,0,0,0,0,0,0,0,0,0,0,0,0,1,0,0,0,0,0,0,0,1,1
1970,Computers as chess partners [3],Simon H.A.,368075,Science,169,3946,0,0,1,0,0,0,0,0,0,0,0,0,0,0,0,0,0,0,0,0,0,0,0,0,0,0,0,0,0,0,0,0,0,0,0,0,0,0,0,0,0,0,0,0,0,0,0,0,0,0,0,0,0,1
1962,Simulation of human verbal learning behavior,"Feigenbaum E.A., Simon H.A.",10782,Communications of the ACM,5,4,0,0,0,0,0,0,0,0,0,0,0,0,0,0,0,0,0,0,0,0,0,0,0,0,0,0,0,0,0,0,0,0,0,0,0,0,0,1,0,0,0,0,0,0,0,0,0,0,0,0,0,0,1,1
1959,Definable Terms and Primitives in Axiom Systems,Simon H.A.,0049237X,Studies in Logic and the Foundations of Mathematics,27, C,0,0,0,0,0,0,0,0,0,0,0,0,0,0,0,0,0,0,0,0,0,0,0,0,0,0,0,0,0,0,0,0,0,0,0,0,0,0,0,0,0,0,0,0,0,0,0,0,0,0,1,0,1,1
1957,Amounts of fixation and discovery in maze learning behavior,Simon H.A.,333123,Psychometrika,22,3,0,0,0,0,0,0,0,0,0,0,0,0,0,0,0,0,0,1,0,0,0,0,0,0,0,0,0,0,0,0,0,0,0,0,0,0,0,0,0,0,0,0,0,0,0,0,0,0,0,0,0,0,0,1
1955,MECHANISMS INVOLVED IN GROUP PRESSURES ON DEVIATE‐MEMBERS,"SIMON H.A., GUETZKOW H.",0950561X,British Journal of Statistical Psychology,8,2,0,0,0,0,0,0,0,0,0,0,0,0,0,0,0,0,0,0,0,0,0,0,0,0,0,0,0,0,0,0,0,0,0,0,0,0,0,0,0,0,0,0,0,0,0,0,1,0,0,0,0,0,1,1
1954,Staff and Management Controls,Simon H.A.,27162,The Annals of the American Academy of Political and Social Science,292,1,0,0,0,0,0,0,0,0,0,0,0,0,0,0,0,0,0,0,0,0,0,0,0,0,0,0,0,0,0,0,0,0,0,0,0,0,0,0,0,0,0,0,0,0,0,0,1,0,0,0,0,0,1,1
1941,Further comment,Simon H.A.,335533,Quarterly Journal of Economics,55,2,0,0,0,0,0,0,0,0,0,0,0,0,0,0,0,0,0,0,0,0,0,0,0,0,0,0,0,0,0,0,0,0,0,0,0,0,0,0,0,0,0,1,0,0,0,0,0,0,0,0,0,0,1,1
2013,Theories of Causal Ordering: Reply to de Kleer and Brown,"Iwasaki Y., Simon H.A.",,Readings in Qualitative Reasoning About Physical Systems,, ,0,0,0,0,0,0,0,0,0,0,0,0,0,0,0,0,0,0,0,0,0,0,0,0,0,0,0,0,0,0,0,0,0,0,0,0,0,0,0,0,0,0,0,0,0,0,0,0,0,0,0,0,0,0
1999,Information technology research [3],Simon H.A.,368075,Science,285,5435,0,0,0,0,0,0,0,0,0,0,0,0,0,0,0,0,0,0,0,0,0,0,0,0,0,0,0,0,0,0,0,0,0,0,0,0,0,0,0,0,0,0,0,0,0,0,0,0,0,0,0,0,0,0
1999,A time for talk and a time for silence,Simon H.A.,3029743,Lecture Notes in Computer Science (including subseries Lecture Notes in Artificial Intelligence and Lecture Notes in Bioinformatics),1670, ,0,0,0,0,0,0,0,0,0,0,0,0,0,0,0,0,0,0,0,0,0,0,0,0,0,0,0,0,0,0,0,0,0,0,0,0,0,0,0,0,0,0,0,0,0,0,0,0,0,0,0,0,0,0
1998,Human and machine interpretation of expressions in formal systems,"Simon H.A., Eisenstadt S.A.",397857,Synthese,116,3,0,0,0,0,0,0,0,0,0,0,0,0,0,0,0,0,0,0,0,0,0,0,0,0,0,0,0,0,0,0,0,0,0,0,0,0,0,0,0,0,0,0,0,0,0,0,0,0,0,0,0,0,0,0
1991,Response [5],Simon H.A.,368075,Science,252,5003,0,0,0,0,0,0,0,0,0,0,0,0,0,0,0,0,0,0,0,0,0,0,0,0,0,0,0,0,0,0,0,0,0,0,0,0,0,0,0,0,0,0,0,0,0,0,0,0,0,0,0,0,0,0
1989,ECHO and STAHL: On the theory of combustion,Simon H.A.,0140525X,Behavioral and Brain Sciences,12,3,0,0,0,0,0,0,0,0,0,0,0,0,0,0,0,0,0,0,0,0,0,0,0,0,0,0,0,0,0,0,0,0,0,0,0,0,0,0,0,0,0,0,0,0,0,0,0,0,0,0,0,0,0,0
1988,Letters to the editor,"Aubert K.E., Todorov A., Lazarus A.J., Simon H.A., Akin E., Koblitz N.",3436993,The Mathematical Intelligencer,10,4,0,0,0,0,0,0,0,0,0,0,0,0,0,0,0,0,0,0,0,0,0,0,0,0,0,0,0,0,0,0,0,0,0,0,0,0,0,0,0,0,0,0,0,0,0,0,0,0,0,0,0,0,0,0
1988,Letters to the editor,"Weintraub S.H., Simon H.A., Mac Lane S.",3436993,The Mathematical Intelligencer,10,3,0,0,0,0,0,0,0,0,0,0,0,0,0,0,0,0,0,0,0,0,0,0,0,0,0,0,0,0,0,0,0,0,0,0,0,0,0,0,0,0,0,0,0,0,0,0,0,0,0,0,0,0,0,0
1987,"Erratum: Academy rejects Huntington nomination (Science (1987) 236, 4804)",Simon H.,368075,Science,236,4804,0,0,0,0,0,0,0,0,0,0,0,0,0,0,0,0,0,0,0,0,0,0,0,0,0,0,0,0,0,0,0,0,0,0,0,0,0,0,0,0,0,0,0,0,0,0,0,0,0,0,0,0,0,0
1986,Letters to the Editor,"Neubauer H., Simon H.A., Kneser M., Bruce J.W.",3436993,The Mathematical Intelligencer,8,1,0,0,0,0,0,0,0,0,0,0,0,0,0,0,0,0,0,0,0,0,0,0,0,0,0,0,0,0,0,0,0,0,0,0,0,0,0,0,0,0,0,0,0,0,0,0,0,0,0,0,0,0,0,0
1985,Situated action: Reply to William Clancey,"Vera A.H., Simon H.A.",1650114,Fuzzy Sets and Systems,17,1,0,0,0,0,0,0,0,0,0,0,0,0,0,0,0,0,0,0,0,0,0,0,0,0,0,0,0,0,0,0,0,0,0,0,0,0,0,0,0,0,0,0,0,0,0,0,0,0,0,0,0,0,0,0
1985,Situated action: Reply to reviewers,"Vera A.H., Simon H.A.",1650114,Fuzzy Sets and Systems,17,1,0,0,0,0,0,0,0,0,0,0,0,0,0,0,0,0,0,0,0,0,0,0,0,0,0,0,0,0,0,0,0,0,0,0,0,0,0,0,0,0,0,0,0,0,0,0,0,0,0,0,0,0,0,0
1983,I. Mathematical modeling of election predictions: Final reply to professor aubert,Simon H.A.,0020174X,Inquiry (United Kingdom),26,2,0,0,0,0,0,0,0,0,0,0,0,0,0,0,0,0,0,0,0,0,0,0,0,0,0,0,0,0,0,0,0,0,0,0,0,0,0,0,0,0,0,0,0,0,0,0,0,0,0,0,0,0,0,0
1979,Phenomenological reports as data,"Ericsson K.A., Chase W.G., Simon H.A.",0140525X,Behavioral and Brain Sciences,2,4,0,0,0,0,0,0,0,0,0,0,0,0,0,0,0,0,0,0,0,0,0,0,0,0,0,0,0,0,0,0,0,0,0,0,0,0,0,0,0,0,0,0,0,0,0,0,0,0,0,0,0,0,0,0
1973,Relevance - There and here,Simon H.A.,368075,Science,181,4100,0,0,0,0,0,0,0,0,0,0,0,0,0,0,0,0,0,0,0,0,0,0,0,0,0,0,0,0,0,0,0,0,0,0,0,0,0,0,0,0,0,0,0,0,0,0,0,0,0,0,0,0,0,0
1966,Computer-time allocation,Simon H.A.,368075,Science,153,3732,0,0,0,0,0,0,0,0,0,0,0,0,0,0,0,0,0,0,0,0,0,0,0,0,0,0,0,0,0,0,0,0,0,0,0,0,0,0,0,0,0,0,0,0,0,0,0,0,0,0,0,0,0,0
1962,TPM 2.1: Experiments with a heuristic compiler,Simon H.A.,,"Proceedings of the 1962 ACM National Conference, ACM 1962 - Digest of Technical Papers",, ,0,0,0,0,0,0,0,0,0,0,0,0,0,0,0,0,0,0,0,0,0,0,0,0,0,0,0,0,0,0,0,0,0,0,0,0,0,0,0,0,0,0,0,0,0,0,0,0,0,0,0,0,0,0
1962,Simulation of cognitive processes,"Taube M., Newell A., Simon H.",368075,Science,136,3511,0,0,0,0,0,0,0,0,0,0,0,0,0,0,0,0,0,0,0,0,0,0,0,0,0,0,0,0,0,0,0,0,0,0,0,0,0,0,0,0,0,0,0,0,0,0,0,0,0,0,0,0,0,0
1961,Comment: The distinctiveness of stimuli,"Feigenbaum E.A., Simon H.A.",0033295X,Psychological Review,68,4,0,0,0,0,0,0,0,0,0,0,0,0,0,0,0,0,0,0,0,0,0,0,0,0,0,0,0,0,0,0,0,0,0,0,0,0,0,0,0,0,0,0,0,0,0,0,0,0,0,0,0,0,0,0
1961,Comment: The meaning and uses of models,Simon H.A.,397857,Synthese,13,2,0,0,0,0,0,0,0,0,0,0,0,0,0,0,0,0,0,0,0,0,0,0,0,0,0,0,0,0,0,0,0,0,0,0,0,0,0,0,0,0,0,0,0,0,0,0,0,0,0,0,0,0,0,0
1958,A command structure for complex information processing,"Shaw J.C., Newell A., Simon H.A., Ellis T.O.",,"Proceedings of the Western Joint Computer Conference: Contrasts in Computers, IRE-AIEE-ACM 1958",, ,0,0,0,0,0,0,0,0,0,0,0,0,0,0,0,0,0,0,0,0,0,0,0,0,0,0,0,0,0,0,0,0,0,0,0,0,0,0,0,0,0,0,0,0,0,0,0,0,0,0,0,0,0,0
1958,Communications,Simon H.A.,30554,American Political Science Review,52,2,0,0,0,0,0,0,0,0,0,0,0,0,0,0,0,0,0,0,0,0,0,0,0,0,0,0,0,0,0,0,0,0,0,0,0,0,0,0,0,0,0,0,0,0,0,0,0,0,0,0,0,0,0,0
1956,Selected articles and documents on: Methodology and research in the social sciences,Simon H.A.,30554,American Political Science Review,50,1,0,0,0,0,0,0,0,0,0,0,0,0,0,0,0,0,0,0,0,0,0,0,0,0,0,0,0,0,0,0,0,0,0,0,0,0,0,0,0,0,0,0,0,0,0,0,0,0,0,0,0,0,0,0
1956,Selected articles and documents on: Methodology and research in the social sciences,Simon H.A.,30554,American Political Science Review,50,4,0,0,0,0,0,0,0,0,0,0,0,0,0,0,0,0,0,0,0,0,0,0,0,0,0,0,0,0,0,0,0,0,0,0,0,0,0,0,0,0,0,0,0,0,0,0,0,0,0,0,0,0,0,0
1956,Selected articles and documents on: Methodology and research in the social sciences,Simon H.A.,30554,American Political Science Review,50,3,0,0,0,0,0,0,0,0,0,0,0,0,0,0,0,0,0,0,0,0,0,0,0,0,0,0,0,0,0,0,0,0,0,0,0,0,0,0,0,0,0,0,0,0,0,0,0,0,0,0,0,0,0,0
1956,Selected articles and documents on: Methodology and research in the social sciences,Simon H.A.,30554,American Political Science Review,50,2,0,0,0,0,0,0,0,0,0,0,0,0,0,0,0,0,0,0,0,0,0,0,0,0,0,0,0,0,0,0,0,0,0,0,0,0,0,0,0,0,0,0,0,0,0,0,0,0,0,0,0,0,0,0
1955,Selected articles and documents on: Methodology and research in the social sciences,Simon H.A.,30554,American Political Science Review,49,4,0,0,0,0,0,0,0,0,0,0,0,0,0,0,0,0,0,0,0,0,0,0,0,0,0,0,0,0,0,0,0,0,0,0,0,0,0,0,0,0,0,0,0,0,0,0,0,0,0,0,0,0,0,0
1955,Selected articles and documents on: Methodology and research in the social sciences,Simon H.A.,30554,American Political Science Review,49,2,0,0,0,0,0,0,0,0,0,0,0,0,0,0,0,0,0,0,0,0,0,0,0,0,0,0,0,0,0,0,0,0,0,0,0,0,0,0,0,0,0,0,0,0,0,0,0,0,0,0,0,0,0,0
1955,Selected articles and documents on: Methodology and research in the social sciences,Simon H.A.,30554,American Political Science Review,49,3,0,0,0,0,0,0,0,0,0,0,0,0,0,0,0,0,0,0,0,0,0,0,0,0,0,0,0,0,0,0,0,0,0,0,0,0,0,0,0,0,0,0,0,0,0,0,0,0,0,0,0,0,0,0
1955,Selected articles and documents on: Methodology and research in the social sciences,Simon H.A.,30554,American Political Science Review,49,1,0,0,0,0,0,0,0,0,0,0,0,0,0,0,0,0,0,0,0,0,0,0,0,0,0,0,0,0,0,0,0,0,0,0,0,0,0,0,0,0,0,0,0,0,0,0,0,0,0,0,0,0,0,0
1954,Selected articles and documents on: Methodology and research in the social sciences,Simon H.A.,30554,American Political Science Review,48,1,0,0,0,0,0,0,0,0,0,0,0,0,0,0,0,0,0,0,0,0,0,0,0,0,0,0,0,0,0,0,0,0,0,0,0,0,0,0,0,0,0,0,0,0,0,0,0,0,0,0,0,0,0,0
1954,Selected articles and documents on: Methodology and research in the social sciences,Simon H.A.,30554,American Political Science Review,48,4,0,0,0,0,0,0,0,0,0,0,0,0,0,0,0,0,0,0,0,0,0,0,0,0,0,0,0,0,0,0,0,0,0,0,0,0,0,0,0,0,0,0,0,0,0,0,0,0,0,0,0,0,0,0
1954,Selected articles and documents on: Methodology and research in the social sciences,Simon H.A.,30554,American Political Science Review,48,3,0,0,0,0,0,0,0,0,0,0,0,0,0,0,0,0,0,0,0,0,0,0,0,0,0,0,0,0,0,0,0,0,0,0,0,0,0,0,0,0,0,0,0,0,0,0,0,0,0,0,0,0,0,0
1954,Selected articles and documents on: Methodology and research in the social sciences,Simon H.A.,30554,American Political Science Review,48,2,0,0,0,0,0,0,0,0,0,0,0,0,0,0,0,0,0,0,0,0,0,0,0,0,0,0,0,0,0,0,0,0,0,0,0,0,0,0,0,0,0,0,0,0,0,0,0,0,0,0,0,0,0,0
1953,Selected articles and documents on methodology and research in the social sciences,Simon H.A.,30554,American Political Science Review,47,3,0,0,0,0,0,0,0,0,0,0,0,0,0,0,0,0,0,0,0,0,0,0,0,0,0,0,0,0,0,0,0,0,0,0,0,0,0,0,0,0,0,0,0,0,0,0,0,0,0,0,0,0,0,0
1953,Selected articles and documents on methodology and research in the social sciences,Simon H.A.,30554,American Political Science Review,47,1,0,0,0,0,0,0,0,0,0,0,0,0,0,0,0,0,0,0,0,0,0,0,0,0,0,0,0,0,0,0,0,0,0,0,0,0,0,0,0,0,0,0,0,0,0,0,0,0,0,0,0,0,0,0
1953,Selected articles and documents on methodology and research in the social sciences,Simon H.A.,30554,American Political Science Review,47,4,0,0,0,0,0,0,0,0,0,0,0,0,0,0,0,0,0,0,0,0,0,0,0,0,0,0,0,0,0,0,0,0,0,0,0,0,0,0,0,0,0,0,0,0,0,0,0,0,0,0,0,0,0,0
1953,Selected articles and documents on methodology and research in the social sciences,Simon H.A.,30554,American Political Science Review,47,2,0,0,0,0,0,0,0,0,0,0,0,0,0,0,0,0,0,0,0,0,0,0,0,0,0,0,0,0,0,0,0,0,0,0,0,0,0,0,0,0,0,0,0,0,0,0,0,0,0,0,0,0,0,0
1952,Selected Articles on,Simon H.A.,30554,American Political Science Review,46,3,0,0,0,0,0,0,0,0,0,0,0,0,0,0,0,0,0,0,0,0,0,0,0,0,0,0,0,0,0,0,0,0,0,0,0,0,0,0,0,0,0,0,0,0,0,0,0,0,0,0,0,0,0,0
1952,Selected articles and documents on methodology and research in the social sciences,Simon H.A.,30554,American Political Science Review,46,2,0,0,0,0,0,0,0,0,0,0,0,0,0,0,0,0,0,0,0,0,0,0,0,0,0,0,0,0,0,0,0,0,0,0,0,0,0,0,0,0,0,0,0,0,0,0,0,0,0,0,0,0,0,0
1952,Selected articles and documents on: Methodology and research in the social sciences,Simon H.A.,30554,American Political Science Review,46,1,0,0,0,0,0,0,0,0,0,0,0,0,0,0,0,0,0,0,0,0,0,0,0,0,0,0,0,0,0,0,0,0,0,0,0,0,0,0,0,0,0,0,0,0,0,0,0,0,0,0,0,0,0,0
1952,Selected Articles on: Methodology and research in the social sciences,Simon H.A.,30554,American Political Science Review,46,4,0,0,0,0,0,0,0,0,0,0,0,0,0,0,0,0,0,0,0,0,0,0,0,0,0,0,0,0,0,0,0,0,0,0,0,0,0,0,0,0,0,0,0,0,0,0,0,0,0,0,0,0,0,0
1951,Articles and documents on: Methodology and research in the social sciences,Simon H.A.,30554,American Political Science Review,45,2,0,0,0,0,0,0,0,0,0,0,0,0,0,0,0,0,0,0,0,0,0,0,0,0,0,0,0,0,0,0,0,0,0,0,0,0,0,0,0,0,0,0,0,0,0,0,0,0,0,0,0,0,0,0
1951,Articles and documents on methodology and research in the social sciences,Simon H.A.,30554,American Political Science Review,45,1,0,0,0,0,0,0,0,0,0,0,0,0,0,0,0,0,0,0,0,0,0,0,0,0,0,0,0,0,0,0,0,0,0,0,0,0,0,0,0,0,0,0,0,0,0,0,0,0,0,0,0,0,0,0
1951,Articles and documents on methodology and research in the social sciences,Simon H.A.,30554,American Political Science Review,45,3,0,0,0,0,0,0,0,0,0,0,0,0,0,0,0,0,0,0,0,0,0,0,0,0,0,0,0,0,0,0,0,0,0,0,0,0,0,0,0,0,0,0,0,0,0,0,0,0,0,0,0,0,0,0
1951,Selected articles and documents on methodology and research in the social sciences,Simon H.A.,30554,American Political Science Review,45,4,0,0,0,0,0,0,0,0,0,0,0,0,0,0,0,0,0,0,0,0,0,0,0,0,0,0,0,0,0,0,0,0,0,0,0,0,0,0,0,0,0,0,0,0,0,0,0,0,0,0,0,0,0,0
