," 作者:Spong, Mark William",,,,,,,,,,,,,,,,,,,,,,,,,,,,,,,,,,,,,,,,,,,,,,,,,,,,,,,,,,,
,,,,,,,,,,,,,,,,,,,,,,,,,,,,,,,,,,,,,,,,,,,,,,,,,,,,,,,,,,,,
,h-index = 59 (在纳入 h-Index 的 277 文献中，有 59 篇已被至少引用 59 次。),,,,,,,,,,,,,,,,,,,,,,,,,,,,,,,,,,,,,,,,,,,,,,,,,,,,,,,,,,,
,,,,,,,,,,,,,,,,,,,,,,,,,,,,,,,,,,,,,,,,,,,,,,,,,,,,,,,,,,,,
,,,,,,,,,,,,,,,,,,,,,,,,,,,,,,,,,,,,,,,,,,,,,,,,,,,,,,,,,,,,
,,,,,,,<1970,1970,1971,1972,1973,1974,1975,1976,1977,1978,1979,1980,1981,1982,1983,1984,1985,1986,1987,1988,1989,1990,1991,1992,1993,1994,1995,1996,1997,1998,1999,2000,2001,2002,2003,2004,2005,2006,2007,2008,2009,2010,2011,2012,2013,2014,2015,2016,2017,2018,2019,2020,>2020,总计
出版年份,文献标题,作者,ISSN,期刊标题,卷,期,0,0,0,0,0,0,0,0,0,0,0,0,0,0,1,3,12,10,25,31,56,62,59,136,144,88,140,150,129,163,135,185,216,223,251,337,422,562,576,737,847,926,996,1114,1133,1062,1065,965,1004,1129,1064,306,0,16464
1989,Bilateral Control of Teleoperators with Time Delay,"Anderson R.J., Spong M.W.",189286,IEEE Transactions on Automatic Control,34,5,0,0,0,0,0,0,0,0,0,0,0,0,0,0,0,0,0,0,0,0,0,0,1,3,5,2,4,2,6,13,5,27,31,29,52,61,73,113,101,109,106,98,93,98,93,92,82,64,73,85,80,22,0,1623
2006,Bilateral teleoperation: An historical survey,"Hokayem P.F., Spong M.W.",51098,Automatica,42,12,0,0,0,0,0,0,0,0,0,0,0,0,0,0,0,0,0,0,0,0,0,0,0,0,0,0,0,0,0,0,0,0,0,0,0,0,0,3,22,41,55,93,76,106,111,100,104,95,86,120,102,24,0,1138
1987,Modeling and control of elastic joint robots,Spong M.W.,220434,"Journal of Dynamic Systems, Measurement and Control, Transactions of the ASME",109,4,0,0,0,0,0,0,0,0,0,0,0,0,0,0,0,0,0,0,0,1,7,11,9,24,20,17,22,20,29,21,15,15,13,17,17,23,20,32,22,30,36,35,38,55,51,63,57,54,62,73,70,15,0,994
1989,Adaptive motion control of rigid robots: A tutorial,"Ortega R., Spong M.W.",51098,Automatica,25,6,0,0,0,0,0,0,0,0,0,0,0,0,0,0,0,0,0,0,0,0,0,2,2,14,21,19,29,27,23,19,20,21,24,21,15,22,26,26,29,32,26,39,31,21,28,31,36,25,37,30,29,5,0,730
1995,The Swing Up Control Problem For The Acrobot,Spong M.W.,1066033X,IEEE Control Systems,15,1,0,0,0,0,0,0,0,0,0,0,0,0,0,0,0,0,0,0,0,0,0,0,0,0,0,0,0,0,6,13,12,17,24,31,19,23,37,45,36,41,53,31,37,36,40,28,28,29,39,26,31,15,0,697
2002,Stabilization of a class of underactuated mechanical systems via interconnection and damping assignment,"Ortega R., Spong M.W., Gomez-Estern F., Blankenstein G.",189286,IEEE Transactions on Automatic Control,47,8,0,0,0,0,0,0,0,0,0,0,0,0,0,0,0,0,0,0,0,0,0,0,0,0,0,0,0,0,0,0,0,0,0,7,6,16,22,15,30,42,25,34,22,45,37,34,34,35,39,34,39,10,0,526
2006,Passive bilateral teleoperation with constant time delay,"Lee D., Spong M.W.",15523098,IEEE Transactions on Robotics,22,2,0,0,0,0,0,0,0,0,0,0,0,0,0,0,0,0,0,0,0,0,0,0,0,0,0,0,0,0,0,0,0,0,0,0,0,0,0,8,7,21,21,28,22,36,32,37,45,40,28,28,40,12,0,405
2000,Energy based control of the Pendubot,"Fantoni I., Lozano R., Spong M.W.",189286,IEEE Transactions on Automatic Control,45,4,0,0,0,0,0,0,0,0,0,0,0,0,0,0,0,0,0,0,0,0,0,0,0,0,0,0,0,0,0,0,0,1,9,8,7,14,21,25,27,25,27,13,34,21,21,23,22,17,20,13,13,11,0,372
2006,Passivity-based control of multi-agent systems,"Chopra N., Spong M.W.",,Advances in Robot Control: From Everyday Physics to Human-Like Movements,, ,0,0,0,0,0,0,0,0,0,0,0,0,0,0,0,0,0,0,0,0,0,0,0,0,0,0,0,0,0,0,0,0,0,0,0,0,0,0,3,12,18,24,25,42,21,40,38,21,22,27,23,3,0,319
1987,An Integral Manifold Approach to the Feedback Control of Flexible Joint Robots,"Spong M.W., Khorasani K., Kokotovic P.V.",8824967,IEEE Journal on Robotics and Automation,3,4,0,0,0,0,0,0,0,0,0,0,0,0,0,0,0,0,0,0,1,3,9,7,4,9,10,7,7,10,5,8,6,9,7,8,7,8,6,8,7,8,13,13,12,8,11,11,11,12,19,15,13,2,0,294
2008,Synchronization of bilateral teleoperators with time delay,"Chopra N., Spong M.W., Lozano R.",51098,Automatica,44,8,0,0,0,0,0,0,0,0,0,0,0,0,0,0,0,0,0,0,0,0,0,0,0,0,0,0,0,0,0,0,0,0,0,0,0,0,0,0,0,0,1,21,27,26,30,25,29,32,26,26,27,7,0,277
1992,On the Robust Control of Robot Manipulators,Spong M.W.,189286,IEEE Transactions on Automatic Control,37,11,0,0,0,0,0,0,0,0,0,0,0,0,0,0,0,0,0,0,0,0,0,0,0,0,1,4,2,11,10,10,7,7,13,7,11,9,11,23,12,13,11,15,15,8,11,13,21,5,5,7,4,1,0,267
2008,Formation control and collision avoidance for multi-agent non-holonomic systems: Theory and experiments,"Mastellone S., Stipanovic D.M., Graunke C.R., Intlekofer K.A., Spong M.W.",2783649,International Journal of Robotics Research,27,1,0,0,0,0,0,0,0,0,0,0,0,0,0,0,0,0,0,0,0,0,0,0,0,0,0,0,0,0,0,0,0,0,0,0,0,0,0,0,0,4,16,19,24,20,18,17,19,18,19,28,28,4,0,234
2009,On exponential synchronization of Kuramoto oscillators,"Chopra N., Spong M.W.",189286,IEEE Transactions on Automatic Control,54,2,0,0,0,0,0,0,0,0,0,0,0,0,0,0,0,0,0,0,0,0,0,0,0,0,0,0,0,0,0,0,0,0,0,0,0,0,0,0,0,0,4,13,17,16,31,30,24,17,22,29,21,9,0,233
2001,Hybrid control for global stabilization of the cart-pendulum system,"Zhao J., Spong Mark.W.",51098,Automatica,37,12,0,0,0,0,0,0,0,0,0,0,0,0,0,0,0,0,0,0,0,0,0,0,0,0,0,0,0,0,0,0,0,0,0,2,8,8,12,10,14,23,23,19,13,10,21,13,10,10,7,10,12,2,0,227
1992,Asymptotic Stability for Force Reflecting Teleoperators with Time Delay,"Anderson R.J., Spong M.W.",2783649,The International Journal of Robotics Research,11,2,0,0,0,0,0,0,0,0,0,0,0,0,0,0,0,0,0,0,0,0,0,0,0,0,2,1,1,1,1,1,3,6,13,7,12,14,13,8,7,12,13,8,11,11,10,12,6,12,8,9,7,3,0,212
2005,Controlled symmetries and passive walking,"Spong M.W., Bullo F.",189286,IEEE Transactions on Automatic Control,50,7,0,0,0,0,0,0,0,0,0,0,0,0,0,0,0,0,0,0,0,0,0,0,0,0,0,0,0,0,0,0,0,0,0,0,0,0,0,7,15,20,12,16,21,25,12,18,15,11,12,12,9,3,0,208
2007,Stable flocking of multiple inertial agents on balanced graphs,"Lee D., Spong M.W.",189286,IEEE Transactions on Automatic Control,52,8,0,0,0,0,0,0,0,0,0,0,0,0,0,0,0,0,0,0,0,0,0,0,0,0,0,0,0,0,0,0,0,0,0,0,0,0,0,1,1,17,18,26,19,19,26,16,16,10,9,15,10,2,0,205
1988,Hybrid Impedance Control of Robotic Manipulators,"Anderson R.J., Spong M.W.",8824967,IEEE Journal on Robotics and Automation,4,5,0,0,0,0,0,0,0,0,0,0,0,0,0,0,0,0,0,0,0,0,1,0,1,1,2,4,4,2,1,5,4,5,5,2,2,6,6,9,5,3,11,12,5,14,10,6,12,10,13,14,19,5,0,199
1995,Pendubot: a mechatronic system for control research and education,"Spong Mark W., Block Daniel J.",1912216,Proceedings of the IEEE Conference on Decision and Control,1, ,0,0,0,0,0,0,0,0,0,0,0,0,0,0,0,0,0,0,0,0,0,0,0,0,0,0,0,0,0,0,1,4,7,12,4,6,10,14,10,10,9,10,15,8,12,9,16,6,11,10,11,3,0,198
2001,Nonlinear control of the Reaction Wheel Pendulum,"Spong M.W., Corke P., Lozano R.",51098,Automatica,37,11,0,0,0,0,0,0,0,0,0,0,0,0,0,0,0,0,0,0,0,0,0,0,0,0,0,0,0,0,0,0,0,0,4,1,4,4,6,6,9,15,12,8,10,16,13,14,16,16,11,13,11,6,0,195
2003,Bilateral Teleoperation over the Internet: The Time Varying Delay Problem,"Chopra N., Spong M.W., Hirche S., Buss M.",7431619,Proceedings of the American Control Conference,1, ,0,0,0,0,0,0,0,0,0,0,0,0,0,0,0,0,0,0,0,0,0,0,0,0,0,0,0,0,0,0,0,0,0,0,2,7,17,22,15,14,17,16,16,17,9,3,10,5,5,4,12,3,0,194
1988,Adaptive motion control of rigid robots: A tutorial,"Ortega Romeo, Spong Mark W.",1912216,Proceedings of the IEEE Conference on Decision and Control,, ,0,0,0,0,0,0,0,0,0,0,0,0,0,0,0,0,0,0,0,0,2,5,6,13,12,4,6,8,2,8,1,4,5,3,3,5,5,7,1,4,2,1,12,8,5,5,6,6,5,8,11,3,0,176
2006,On tracking performance in bilateral teleoperation,"Chopra N., Spong M.W., Ortega R., Barabanov N.E.",15523098,IEEE Transactions on Robotics,22,4,0,0,0,0,0,0,0,0,0,0,0,0,0,0,0,0,0,0,0,0,0,0,0,0,0,0,0,0,0,0,0,0,0,0,0,0,0,0,5,11,13,14,12,12,17,22,12,10,13,11,14,4,0,170
2007,Cooperative avoidance control for multiagent systems,"Stipanovic D.M., Hokayem P.F., Spong M.W., Siljak D.D.",220434,"Journal of Dynamic Systems, Measurement and Control, Transactions of the ASME",129,5,0,0,0,0,0,0,0,0,0,0,0,0,0,0,0,0,0,0,0,0,0,0,0,0,0,0,0,0,0,0,0,0,0,0,0,0,0,0,4,8,14,13,16,16,16,11,11,12,11,18,12,5,0,167
2009,Position tracking for non-linear teleoperators with variable time delay,"Nuo E., Basaez L., Ortega R., Spong M.W.",2783649,International Journal of Robotics Research,28,7,0,0,0,0,0,0,0,0,0,0,0,0,0,0,0,0,0,0,0,0,0,0,0,0,0,0,0,0,0,0,0,0,0,0,0,0,0,0,0,0,1,7,7,20,11,21,20,15,19,20,16,6,0,163
2006,Agreement with non-uniform information delays,"Lee D., Spong M.W.",7431619,Proceedings of the American Control Conference,2006, ,0,0,0,0,0,0,0,0,0,0,0,0,0,0,0,0,0,0,0,0,0,0,0,0,0,0,0,0,0,0,0,0,0,0,0,0,0,0,7,15,15,25,17,10,10,13,18,7,9,1,3,1,0,151
1989,Adaptive Control of Flexible-Joint Manipulators,"Ghorbel F., Hung J.Y., Spong M.W.",2721708,IEEE Control Systems Magazine,9,7,0,0,0,0,0,0,0,0,0,0,0,0,0,0,0,0,0,0,0,0,0,0,2,2,4,1,4,5,1,5,1,0,1,1,1,0,2,2,3,4,9,10,9,9,13,7,9,10,12,12,6,2,0,147
1989,Adaptive control of flexible joint manipulators,Spong M.W.,1676911,Systems and Control Letters,13,1,0,0,0,0,0,0,0,0,0,0,0,0,0,0,0,0,0,0,0,0,1,1,1,4,6,1,9,5,2,4,4,5,2,1,1,8,2,7,4,4,6,4,3,2,2,2,4,6,6,12,6,3,0,128
2008,Bilateral teleoperation over unreliable communication networks,"Chopra N., Berestesky P., Spong M.W.",10636536,IEEE Transactions on Control Systems Technology,16,2,0,0,0,0,0,0,0,0,0,0,0,0,0,0,0,0,0,0,0,0,0,0,0,0,0,0,0,0,0,0,0,0,0,0,0,0,0,0,0,0,5,8,13,19,17,10,9,9,10,7,11,1,0,119
2006,Output synchronization of nonlinear systems with time delay in communication,"Chopra N., Spong M.W.",1912216,Proceedings of the IEEE Conference on Decision and Control,, ,0,0,0,0,0,0,0,0,0,0,0,0,0,0,0,0,0,0,0,0,0,0,0,0,0,0,0,0,0,0,0,0,0,0,0,0,0,1,4,5,7,14,13,19,6,12,9,8,2,6,6,1,0,113
2009,Passivity-based attitude synchronization in SE(3),"Igarashi Y., Hatanaka T., Fujita M., Spong M.W.",10636536,IEEE Transactions on Control Systems Technology,17,5,0,0,0,0,0,0,0,0,0,0,0,0,0,0,0,0,0,0,0,0,0,0,0,0,0,0,0,0,0,0,0,0,0,0,0,0,0,0,0,0,1,5,9,12,11,10,14,9,8,13,13,4,0,109
2007,Passivity - Based control of bipedal locomotion,"Spong M.W., Holm J.K., Lee D.",10709932,IEEE Robotics and Automation Magazine,14,2,0,0,0,0,0,0,0,0,0,0,0,0,0,0,0,0,0,0,0,0,0,0,0,0,0,0,0,0,0,0,0,0,0,0,0,0,0,0,0,3,6,7,14,12,8,13,12,8,8,5,9,3,0,108
2010,Bilateral teleoperation of multiple mobile agents: Coordinated motion and collision avoidance,"Rodriguez-Seda E.J., Troy J.J., Erignac C.A., Murray P., Stipanovic D.M., Spong M.W.",10636536,IEEE Transactions on Control Systems Technology,18,4,0,0,0,0,0,0,0,0,0,0,0,0,0,0,0,0,0,0,0,0,0,0,0,0,0,0,0,0,0,0,0,0,0,0,0,0,0,0,0,0,0,1,9,10,22,4,13,6,14,18,8,2,0,107
1996,An experimental comparison of robust control algorithms on a direct drive manipulator,"Jaritz A., Spong M.W.",10636536,IEEE Transactions on Control Systems Technology,4,6,0,0,0,0,0,0,0,0,0,0,0,0,0,0,0,0,0,0,0,0,0,0,0,0,0,0,0,0,1,3,2,3,5,10,3,8,9,13,7,6,8,5,2,3,2,1,4,3,1,3,1,0,0,103
1994,Swing up control of the acrobot,Spong Mark W.,10504729,Proceedings - IEEE International Conference on Robotics and Automation,,3,0,0,0,0,0,0,0,0,0,0,0,0,0,0,0,0,0,0,0,0,0,0,0,0,0,1,1,2,2,3,6,7,5,3,4,3,7,5,3,6,4,4,4,4,8,2,3,2,6,3,1,2,0,101
1990,On Adaptive Inverse Dynamics Control of Rigid Robots,"Spong M.W., Ortega R.",189286,IEEE Transactions on Automatic Control,35,1,0,0,0,0,0,0,0,0,0,0,0,0,0,0,0,0,0,0,0,0,0,0,4,1,3,2,2,6,5,4,0,3,2,1,5,4,8,3,3,3,4,1,8,3,3,3,4,4,3,3,3,3,0,101
1987,Robust Linear Compensator Design for Nonlinear Robotic Control,"Spong M.W., Vidyasagar M.",8824967,IEEE Journal on Robotics and Automation,3,4,0,0,0,0,0,0,0,0,0,0,0,0,0,0,0,0,0,0,0,2,3,3,3,6,8,3,4,5,3,2,4,0,3,0,3,4,5,5,2,1,5,4,2,4,1,3,0,0,2,1,5,1,0,97
2006,Bilateral teleoperation of a wheeled mobile robot over delayed communication network,"Lee D., Martinez-Palafox O., Spong M.W.",10504729,Proceedings - IEEE International Conference on Robotics and Automation,2006, ,0,0,0,0,0,0,0,0,0,0,0,0,0,0,0,0,0,0,0,0,0,0,0,0,0,0,0,0,0,0,0,0,0,0,0,0,0,2,7,2,5,7,8,10,9,6,7,14,2,5,5,1,0,90
2007,Passivity-based dynamic visual feedback control for three-dimensional target tracking: Stability and L<inf>2</inf>-gain performance analysis,"Fujita M., Kawai H., Spong M.W.",10636536,IEEE Transactions on Control Systems Technology,15,1,0,0,0,0,0,0,0,0,0,0,0,0,0,0,0,0,0,0,0,0,0,0,0,0,0,0,0,0,0,0,0,0,0,0,0,0,0,0,4,8,7,8,10,11,8,5,7,5,4,5,6,1,0,89
2008,Output synchronization of nonlinear systems with relative degree one,"Chopra N., Spong M.W.",1708643,Lecture Notes in Control and Information Sciences,371, ,0,0,0,0,0,0,0,0,0,0,0,0,0,0,0,0,0,0,0,0,0,0,0,0,0,0,0,0,0,0,0,0,0,0,0,0,0,0,0,0,2,5,4,9,11,14,10,9,8,6,8,1,0,87
2015,Passivity-based control and estimation in networked robotics,"Hatanaka T., Chopra N., Fujita M., Spong M.W.",1785354,Communications and Control Engineering,,9.78332E+12,0,0,0,0,0,0,0,0,0,0,0,0,0,0,0,0,0,0,0,0,0,0,0,0,0,0,0,0,0,0,0,0,0,0,0,0,0,0,0,0,0,0,0,0,0,0,1,6,18,25,24,10,0,84
2005,Bilateral teleoperation of multiple cooperative robots over delayed communication networks: Theory,"Lee D., Spong M.W.",10504729,Proceedings - IEEE International Conference on Robotics and Automation,2005, ,0,0,0,0,0,0,0,0,0,0,0,0,0,0,0,0,0,0,0,0,0,0,0,0,0,0,0,0,0,0,0,0,0,0,0,0,1,8,5,0,6,4,8,5,12,3,9,5,5,7,3,1,0,82
2004,Discrete time passivity in bilateral teleoperation over the internet,"Berestesky P., Chopra N., Spong M.W.",10504729,Proceedings - IEEE International Conference on Robotics and Automation,2004,5,0,0,0,0,0,0,0,0,0,0,0,0,0,0,0,0,0,0,0,0,0,0,0,0,0,0,0,0,0,0,0,0,0,0,0,3,3,7,12,9,9,6,4,5,8,5,4,2,0,3,1,1,0,82
2005,Bilateral teleoperation of multiple cooperative robots over delayed communication networks: Application,"Lee D., Martinez-Palafox O., Spong M.W.",10504729,Proceedings - IEEE International Conference on Robotics and Automation,2005, ,0,0,0,0,0,0,0,0,0,0,0,0,0,0,0,0,0,0,0,0,0,0,0,0,0,0,0,0,0,0,0,0,0,0,0,0,5,7,6,2,4,4,7,2,5,3,5,5,5,12,7,2,0,81
1989,On the Force Control Problem for Flexible Joint Manipulators,Spong M.W.,189286,IEEE Transactions on Automatic Control,34,1,0,0,0,0,0,0,0,0,0,0,0,0,0,0,0,0,0,0,0,0,0,0,1,4,2,3,1,3,2,3,2,1,2,3,1,2,2,4,4,6,3,4,1,7,2,4,5,3,0,0,5,0,0,80
1990,Comments on “Adaptive Manipulator Control: A Case Study”,"Spong M.W., Ortega R., Kelly R.",189286,IEEE Transactions on Automatic Control,35,6,0,0,0,0,0,0,0,0,0,0,0,0,0,0,0,0,0,0,0,0,2,0,0,7,5,1,1,2,0,3,0,1,1,0,7,1,15,5,1,2,3,2,3,1,2,1,3,1,1,2,2,3,0,78
2004,Adaptive coordination control of bilateral teleoperators with time delay,"Chopra N., Spong M.W., Lozano R.",1912216,Proceedings of the IEEE Conference on Decision and Control,5, ,0,0,0,0,0,0,0,0,0,0,0,0,0,0,0,0,0,0,0,0,0,0,0,0,0,0,0,0,0,0,0,0,0,0,0,1,1,4,6,0,4,5,6,6,5,12,8,5,6,4,1,1,0,75
2009,Experimental comparison study of control architectures for bilateral teleoperators,"Rodriguez-Seda E.J., Lee D., Spong M.W.",15523098,IEEE Transactions on Robotics,25,6,0,0,0,0,0,0,0,0,0,0,0,0,0,0,0,0,0,0,0,0,0,0,0,0,0,0,0,0,0,0,0,0,0,0,0,0,0,0,0,0,0,1,8,12,9,11,7,10,3,1,6,2,0,70
1995,Adaptive control of flexible joint manipulators: Comments on two papers,Spong M.W.,51098,Automatica,31,4,0,0,0,0,0,0,0,0,0,0,0,0,0,0,0,0,0,0,0,0,0,0,0,0,0,0,0,0,1,4,0,1,0,3,1,3,1,1,3,3,2,2,5,5,7,3,2,6,3,6,6,2,0,70
1998,Control of redundant manipulators using logic-based switching,"Bishop Bradley E., Spong Mark W.",1912216,Proceedings of the IEEE Conference on Decision and Control,2, ,0,0,0,0,0,0,0,0,0,0,0,0,0,0,0,0,0,0,0,0,0,0,0,0,0,0,0,0,0,0,0,3,2,1,1,1,1,1,0,5,3,2,7,7,10,9,2,1,0,3,5,3,0,67
2003,Further Results on Control of the Compass Gait Biped,"Spong M.W., Bhatia G.",,IEEE International Conference on Intelligent Robots and Systems,2, ,0,0,0,0,0,0,0,0,0,0,0,0,0,0,0,0,0,0,0,0,0,0,0,0,0,0,0,0,0,0,0,0,0,0,0,1,3,4,4,10,6,4,4,3,7,3,2,3,5,5,2,0,0,66
1994,Robotica: A Mathematica Package for Robot Analysis,"Nethery J.F., Spong M.W.",10709932,IEEE Robotics &amp; Automation Magazine,1,1,0,0,0,0,0,0,0,0,0,0,0,0,0,0,0,0,0,0,0,0,0,0,0,0,0,1,1,5,3,3,0,1,1,3,1,3,0,1,3,2,1,5,4,9,3,1,3,2,4,3,1,1,0,65
2012,Passivity-based pose synchronization in three dimensions,"Hatanaka T., Igarashi Y., Fujita M., Spong M.W.",189286,IEEE Transactions on Automatic Control,57,2,0,0,0,0,0,0,0,0,0,0,0,0,0,0,0,0,0,0,0,0,0,0,0,0,0,0,0,0,0,0,0,0,0,0,0,0,0,0,0,0,0,0,0,3,9,12,9,6,5,12,4,4,0,64
1998,On the uniform boundedness of the inertia matrix of serial robot manipulators,"Ghorbel F., Srinivasan B., Spong M.W.",7412223,Journal of Robotic Systems,15,1,0,0,0,0,0,0,0,0,0,0,0,0,0,0,0,0,0,0,0,0,0,0,0,0,0,0,0,0,0,0,3,1,1,0,0,1,2,2,1,0,5,2,3,4,2,6,2,6,3,9,6,4,0,63
2007,On persistent coverage control,"Hokayem P.F., Stipanovic D., Spong M.W.",1912216,Proceedings of the IEEE Conference on Decision and Control,, ,0,0,0,0,0,0,0,0,0,0,0,0,0,0,0,0,0,0,0,0,0,0,0,0,0,0,0,0,0,0,0,0,0,0,0,0,0,0,0,3,4,1,4,4,11,6,6,6,3,4,7,1,0,60
1986,The Control of Robot Manipulators with Bounded Input,"Spong M.W., Thorp J.S., Kleinwaks J.M.",189286,IEEE Transactions on Automatic Control,31,6,0,0,0,0,0,0,0,0,0,0,0,0,0,0,0,0,0,0,2,3,4,6,2,2,2,1,6,1,1,2,1,3,1,0,0,0,3,1,0,2,0,1,0,0,0,0,3,1,2,5,2,3,0,60
2000,Integral manifolds of singularity perturbed systems with application to rigid-link flexible-joint multibody systems,"Ghorbel F., Spong M.W.",207462,International Journal of Non-Linear Mechanics,35,1,0,0,0,0,0,0,0,0,0,0,0,0,0,0,0,0,0,0,0,0,0,0,0,0,0,0,0,0,0,0,0,0,0,1,3,1,1,1,3,4,8,4,3,3,6,4,3,4,4,2,4,0,0,59
1989,Asymptotic stability for force reflecting teleoperators with time delay,"Anderson Robert J., Spong Mark W.",,,, ,0,0,0,0,0,0,0,0,0,0,0,0,0,0,0,0,0,0,0,0,0,0,1,3,4,1,2,0,0,1,1,0,1,0,2,4,3,6,4,0,1,3,1,7,3,2,1,3,1,0,4,0,0,59
2014,Trajectory tracking with collision avoidance for nonholonomic vehicles with acceleration constraints and limited sensing,"Rodriguez-Seda E.J., Tang C., Spong M.W., Stipanovic D.M.",2783649,International Journal of Robotics Research,33,12,0,0,0,0,0,0,0,0,0,0,0,0,0,0,0,0,0,0,0,0,0,0,0,0,0,0,0,0,0,0,0,0,0,0,0,0,0,0,0,0,0,0,0,0,0,1,3,10,15,11,14,3,0,57
2013,Robust optimal control of quadrotor UAVs,"Satici A.C., Poonawala H., Spong M.W.",21693536,IEEE Access,1, ,0,0,0,0,0,0,0,0,0,0,0,0,0,0,0,0,0,0,0,0,0,0,0,0,0,0,0,0,0,0,0,0,0,0,0,0,0,0,0,0,0,0,0,0,1,2,6,6,10,10,21,1,0,57
2010,Reduction-based control of three-dimensional bipedal walking robots,"Gregg R.D., Spong M.W.",2783649,International Journal of Robotics Research,29,6,0,0,0,0,0,0,0,0,0,0,0,0,0,0,0,0,0,0,0,0,0,0,0,0,0,0,0,0,0,0,0,0,0,0,0,0,0,0,0,0,0,3,2,6,8,5,6,5,6,8,6,2,0,57
2009,Semiautonomous control of multiple networked lagrangian systems,"Hokayem P.F., Stipanovic D.M., Spong M.W.",10498923,International Journal of Robust and Nonlinear Control,19,18,0,0,0,0,0,0,0,0,0,0,0,0,0,0,0,0,0,0,0,0,0,0,0,0,0,0,0,0,0,0,0,0,0,0,0,0,0,0,0,0,0,4,5,7,5,7,10,4,5,4,5,1,0,57
1985,Invariant manifolds and their application to robot manipulators with flexible joints,"Khorasani K., Spong M.W.",10504729,Proceedings - IEEE International Conference on Robotics and Automation,, ,0,0,0,0,0,0,0,0,0,0,0,0,0,0,0,0,1,0,3,1,3,6,1,8,4,1,2,3,3,1,2,2,0,2,2,1,1,0,0,0,3,1,2,1,1,0,0,0,2,0,0,0,0,57
2007,Synchronization of networked lagrangian systems,"Spong M.W., Chopra N.",1708643,Lecture Notes in Control and Information Sciences,366, ,0,0,0,0,0,0,0,0,0,0,0,0,0,0,0,0,0,0,0,0,0,0,0,0,0,0,0,0,0,0,0,0,0,0,0,0,0,0,0,0,0,2,8,5,10,9,4,7,4,3,3,0,0,55
1986,NONLINEAR CONTROL TECHNIQUES FOR FLEXIBLE JOINT MANIPULATORS: A SINGLE LINK CASE STUDY.,"Marino R., Spong M.W.",,,, ,0,0,0,0,0,0,0,0,0,0,0,0,0,0,0,0,0,0,2,4,3,2,1,4,4,0,1,1,1,2,1,2,3,1,2,0,0,5,1,2,2,1,0,0,0,2,6,0,1,1,0,0,0,55
2008,On synchronization and collision avoidance for mechanical systems,"Chopra N., Stipanovic D.M., Spong M.W.",7431619,Proceedings of the American Control Conference,, ,0,0,0,0,0,0,0,0,0,0,0,0,0,0,0,0,0,0,0,0,0,0,0,0,0,0,0,0,0,0,0,0,0,0,0,0,0,0,0,1,2,2,9,9,9,3,8,4,3,2,0,0,0,52
1987,Robust microprocessor control of robot manipulators,"Spong M.W., Thorp J.S., Kleinwaks J.M.",51098,Automatica,23,3,0,0,0,0,0,0,0,0,0,0,0,0,0,0,0,0,0,0,0,2,0,3,1,3,2,0,2,2,3,3,5,0,0,1,3,1,3,6,3,0,2,0,1,1,2,0,1,1,1,0,0,0,0,52
1984,A several complex variables approach to feedback stabilization of linear neutral delay-differential systems,"Byrnes C.I., Spong M.W., Tarn T.-J.",255661,Mathematical Systems Theory,17,1,0,0,0,0,0,0,0,0,0,0,0,0,0,0,0,0,2,4,0,1,0,0,0,3,1,3,1,3,2,2,0,1,1,3,3,2,1,1,1,0,1,1,2,1,4,1,1,1,2,1,0,0,0,50
2005,On synchronization of kuramoto oscillators,"Chopra N., Spong M.W.",,"Proceedings of the 44th IEEE Conference on Decision and Control, and the European Control Conference, CDC-ECC '05",2005, ,0,0,0,0,0,0,0,0,0,0,0,0,0,0,0,0,0,0,0,0,0,0,0,0,0,0,0,0,0,0,0,0,0,0,0,0,0,3,7,5,5,2,6,3,0,5,2,3,3,2,1,0,0,47
2005,On synchronization of networked passive systems with time delays and application to bilateral teleoperation,"Chopra N., Spong M.W.",,Proceedings of the SICE Annual Conference,, ,0,0,0,0,0,0,0,0,0,0,0,0,0,0,0,0,0,0,0,0,0,0,0,0,0,0,0,0,0,0,0,0,0,0,0,0,0,3,3,7,6,5,6,3,2,5,3,1,0,1,2,0,0,47
2009,A passive 2-DOF walker: Hunting for gaits using virtual holonomic constraints,"Freidovich L.B., Mettin U., Shiriaev A.S., Spong M.W.",15523098,IEEE Transactions on Robotics,25,5,0,0,0,0,0,0,0,0,0,0,0,0,0,0,0,0,0,0,0,0,0,0,0,0,0,0,0,0,0,0,0,0,0,0,0,0,0,0,0,0,0,3,2,4,5,8,2,3,6,4,6,2,0,45
1996,On noncollocated control of a single flexible link,"Chodavarapu Prasad A., Spong Mark W.",10504729,Proceedings - IEEE International Conference on Robotics and Automation,2, ,0,0,0,0,0,0,0,0,0,0,0,0,0,0,0,0,0,0,0,0,0,0,0,0,0,0,0,0,0,1,0,6,0,0,4,2,0,2,5,4,2,1,2,2,3,2,0,1,4,2,2,0,0,45
1987,HYBRID IMPEDANCE CONTROL OF ROBOTIC MANIPULATORS.,"Anderson Robert J., Spong Mark W.",,,, ,0,0,0,0,0,0,0,0,0,0,0,0,0,0,0,0,0,0,0,0,1,1,1,0,2,1,1,3,1,0,2,1,0,1,1,3,2,0,2,3,5,2,1,0,2,2,1,1,1,2,2,0,0,45
2008,Kinetic energy shaping for gait regulation of underactuated bipeds,"Holm J.K., Spong M.W.",,Proceedings of the IEEE International Conference on Control Applications,, ,0,0,0,0,0,0,0,0,0,0,0,0,0,0,0,0,0,0,0,0,0,0,0,0,0,0,0,0,0,0,0,0,0,0,0,0,0,0,0,0,2,2,4,3,2,4,6,4,6,7,2,1,0,43
1992,Remarks on robot dynamics: Canonical transformations and Riemannian geometry,Spong Mark W.,,Proceedings - IEEE International Conference on Robotics and Automation,1, ,0,0,0,0,0,0,0,0,0,0,0,0,0,0,0,0,0,0,0,0,0,0,0,0,0,0,4,1,0,0,2,2,1,2,0,1,1,2,2,7,5,2,1,3,2,0,1,3,0,0,1,0,0,43
2015,Collision-free formation control with decentralized connectivity preservation for nonholonomic-wheeled mobile robots,"Poonawala H.A., Satici A.C., Eckert H., Spong M.W.",23255870,IEEE Transactions on Control of Network Systems,2,2,0,0,0,0,0,0,0,0,0,0,0,0,0,0,0,0,0,0,0,0,0,0,0,0,0,0,0,0,0,0,0,0,0,0,0,0,0,0,0,0,0,0,0,0,0,0,0,3,13,12,9,5,0,42
2010,Coordination and collision avoidance for Lagrangian systems with disturbances,"Hokayem P.F., Stipanovic D.M., Spong M.W.",963003,Applied Mathematics and Computation,217,3,0,0,0,0,0,0,0,0,0,0,0,0,0,0,0,0,0,0,0,0,0,0,0,0,0,0,0,0,0,0,0,0,0,0,0,0,0,0,0,0,0,0,3,4,6,3,3,2,8,5,4,4,0,42
2008,Controllability and observability of leader-based multi-agent systems,"Lozano R., Spong M.W., Guerrero J.A., Chopra N.",1912216,Proceedings of the IEEE Conference on Decision and Control,, ,0,0,0,0,0,0,0,0,0,0,0,0,0,0,0,0,0,0,0,0,0,0,0,0,0,0,0,0,0,0,0,0,0,0,0,0,0,0,0,0,0,6,2,6,4,2,3,4,3,7,1,2,0,40
2004,Model predictive control for bilateral teleopertion systems with time delays,"Sheng J., Spong M.W.",8407789,Canadian Conference on Electrical and Computer Engineering,4, ,0,0,0,0,0,0,0,0,0,0,0,0,0,0,0,0,0,0,0,0,0,0,0,0,0,0,0,0,0,0,0,0,0,0,0,0,0,2,7,5,2,1,1,1,0,4,2,4,2,7,2,0,0,40
1988,Bilateral control of teleoperators with time delay,"Anderson Robert J., Spong Mark W.",1912216,Proceedings of the IEEE Conference on Decision and Control,, ,0,0,0,0,0,0,0,0,0,0,0,0,0,0,0,0,0,0,0,0,0,0,1,1,3,1,1,0,0,1,0,0,0,0,1,2,2,2,1,1,5,1,5,1,1,3,1,3,1,1,1,0,0,40
2011,Formation control and coordinated tracking via asymptotic decoupling for Lagrangian multi-agent systems,"Mastellone S., Mejia J.S., Stipanovi D.M., Spong M.W.",51098,Automatica,47,11,0,0,0,0,0,0,0,0,0,0,0,0,0,0,0,0,0,0,0,0,0,0,0,0,0,0,0,0,0,0,0,0,0,0,0,0,0,0,0,0,0,0,0,0,7,4,6,10,2,3,5,2,0,39
2006,Stable flocking of multiple inertial agents on balanced graphs,"Lee D., Spong M.W.",7431619,Proceedings of the American Control Conference,2006, ,0,0,0,0,0,0,0,0,0,0,0,0,0,0,0,0,0,0,0,0,0,0,0,0,0,0,0,0,0,0,0,0,0,0,0,0,0,1,9,12,4,4,1,3,2,0,1,0,0,2,0,0,0,39
2004,On position tracking in bilateral teleoperation,"Chopra N., Spong M.W., Ortega R., Barabanov N.E.",7431619,Proceedings of the American Control Conference,6, ,0,0,0,0,0,0,0,0,0,0,0,0,0,0,0,0,0,0,0,0,0,0,0,0,0,0,0,0,0,0,0,0,0,0,0,1,2,8,4,1,4,0,7,3,1,0,3,1,2,1,1,0,0,39
2014,Controlled invariants and trajectory planning for underactuated mechanical systems,"Shiriaev A.S., Freidovich L.B., Spong M.W.",189286,IEEE Transactions on Automatic Control,59,9,0,0,0,0,0,0,0,0,0,0,0,0,0,0,0,0,0,0,0,0,0,0,0,0,0,0,0,0,0,0,0,0,0,0,0,0,0,0,0,0,0,0,0,0,0,0,2,4,5,17,10,0,0,38
1989,Adaptive control of flexible joint manipulators,"Ghorbel Fathi, Hung John Y., Spong Mark W.",,,, ,0,0,0,0,0,0,0,0,0,0,0,0,0,0,0,0,0,0,0,0,0,0,5,6,3,1,3,0,1,2,0,0,1,1,0,0,0,1,0,2,1,1,2,1,0,0,2,1,3,1,0,0,0,38
2007,A geometric approach to three-dimensional hipped bipedal robotic walking,"Ames A.D., Gregg R.D., Spong M.W.",1912216,Proceedings of the IEEE Conference on Decision and Control,, ,0,0,0,0,0,0,0,0,0,0,0,0,0,0,0,0,0,0,0,0,0,0,0,0,0,0,0,0,0,0,0,0,0,0,0,0,0,0,0,1,5,5,3,2,2,3,2,5,1,3,3,2,0,37
2001,Feedback linearization and stabilization of second-order non-holonomic chained systems,"Ge S.S., Sun Z., Lee T.H., Spong M.W.",207179,International Journal of Control,74,14,0,0,0,0,0,0,0,0,0,0,0,0,0,0,0,0,0,0,0,0,0,0,0,0,0,0,0,0,0,0,0,0,0,3,1,8,1,2,3,2,2,2,1,3,3,1,1,1,1,1,1,0,0,37
2014,Unified cooperative control of multiple agents on a sphere for different spherical patterns,"Li W., Spong M.W.",189286,IEEE Transactions on Automatic Control,59,5,0,0,0,0,0,0,0,0,0,0,0,0,0,0,0,0,0,0,0,0,0,0,0,0,0,0,0,0,0,0,0,0,0,0,0,0,0,0,0,0,0,0,0,0,0,1,2,9,7,8,5,4,0,36
2007,Remote formation control and collision avoidance for multi-agent nonholonomic systems,"Mastellone S., Stipanovic D.M., Spong M.W.",10504729,Proceedings - IEEE International Conference on Robotics and Automation,, ,0,0,0,0,0,0,0,0,0,0,0,0,0,0,0,0,0,0,0,0,0,0,0,0,0,0,0,0,0,0,0,0,0,0,0,0,0,0,0,1,2,4,6,2,5,3,1,3,2,2,5,0,0,36
1985,ROBUST NONLINEAR CONTROL OF ROBOT MANIPULATORS.,"Spong Mark W., Vidyasagar M.",1912216,Proceedings of the IEEE Conference on Decision and Control,, ,0,0,0,0,0,0,0,0,0,0,0,0,0,0,0,0,0,0,3,5,2,2,3,2,4,1,3,2,2,1,0,1,1,0,0,1,0,0,0,0,0,1,1,0,1,0,0,0,0,0,0,0,0,36
1985,Robust robot control with bounded input torques,"Slotine J.E., Spong M.W.",7412223,Journal of Robotic Systems,2,4,0,0,0,0,0,0,0,0,0,0,0,0,0,0,0,0,0,0,0,0,1,1,0,0,1,1,1,1,0,1,0,2,3,0,4,1,0,1,1,0,1,1,0,0,1,0,1,1,1,5,5,1,0,36
2012,Control and planning of 3-D dynamic walking with asymptotically stable gait primitives,"Gregg R.D., Tilton A.K., Candido S., Bretl T., Spong M.W.",15523098,IEEE Transactions on Robotics,28,6,0,0,0,0,0,0,0,0,0,0,0,0,0,0,0,0,0,0,0,0,0,0,0,0,0,0,0,0,0,0,0,0,0,0,0,0,0,0,0,0,0,0,0,0,3,3,3,6,9,3,6,0,0,33
2010,Stability of general coupled inertial agents,"Li W., Spong M.W.",189286,IEEE Transactions on Automatic Control,55,6,0,0,0,0,0,0,0,0,0,0,0,0,0,0,0,0,0,0,0,0,0,0,0,0,0,0,0,0,0,0,0,0,0,0,0,0,0,0,0,0,0,0,0,1,4,6,4,10,3,4,1,0,0,33
2002,Invariance control for a class of cascade nonlinear systems,"Mareczek J., Buss M., Spong M.W.",189286,IEEE Transactions on Automatic Control,47,4,0,0,0,0,0,0,0,0,0,0,0,0,0,0,0,0,0,0,0,0,0,0,0,0,0,0,0,0,0,0,0,0,1,0,2,1,3,0,1,0,2,0,3,4,7,1,2,1,1,2,2,0,0,33
1992,Adaptive integral manifold control of flexible joint robot manipulators,"Ghorbel Fathi, Spong Mark W.",,Proceedings - IEEE International Conference on Robotics and Automation,1, ,0,0,0,0,0,0,0,0,0,0,0,0,0,0,0,0,0,0,0,0,0,0,0,0,2,0,3,0,2,0,2,0,0,1,1,2,0,1,2,4,3,0,1,2,4,0,0,0,0,0,3,0,0,33
2000,Remote laboratories for control education,"Hahn H.H., Spong M.W.",1912216,Proceedings of the IEEE Conference on Decision and Control,1, ,0,0,0,0,0,0,0,0,0,0,0,0,0,0,0,0,0,0,0,0,0,0,0,0,0,0,0,0,0,0,0,0,2,1,0,6,4,1,4,2,2,1,1,1,1,0,0,2,0,1,2,0,0,31
2007,Delay-independent stability for interconnected nonlinear systems with finite ℒ<inf>2</inf> gain,"Chopra N., Spong M.W.",1912216,Proceedings of the IEEE Conference on Decision and Control,, ,0,0,0,0,0,0,0,0,0,0,0,0,0,0,0,0,0,0,0,0,0,0,0,0,0,0,0,0,0,0,0,0,0,0,0,0,0,0,0,1,4,9,4,6,4,1,0,1,0,0,0,0,0,30
2000,Control of planar rigid body sliding with impacts and friction,"Partridge C.B., Spong M.W.",2783649,International Journal of Robotics Research,19,4,0,0,0,0,0,0,0,0,0,0,0,0,0,0,0,0,0,0,0,0,0,0,0,0,0,0,0,0,0,0,0,2,3,1,1,1,1,3,2,0,2,0,2,1,4,0,1,2,1,2,1,0,0,30
2007,Time-scaling trajectories of passive-dynamic bipedal robots,"Holm J.K., Lee D., Spong M.W.",10504729,Proceedings - IEEE International Conference on Robotics and Automation,, ,0,0,0,0,0,0,0,0,0,0,0,0,0,0,0,0,0,0,0,0,0,0,0,0,0,0,0,0,0,0,0,0,0,0,0,0,0,0,1,1,2,3,2,4,1,5,3,3,3,1,0,0,0,29
1984,CONTROL OF ROBOT MANIPULATORS WITH BOUNDED INPUT--II: ROBUSTNESS AND DISTURBANCE REJECTION.,"Spong Mark W., Thorp James S., Kleinwaks Jeffrey M.",1912216,Proceedings of the IEEE Conference on Decision and Control,, ,0,0,0,0,0,0,0,0,0,0,0,0,0,0,0,0,3,2,5,0,4,1,0,2,0,0,0,4,1,0,3,1,0,0,0,0,0,0,0,0,0,0,1,0,1,0,0,0,0,1,0,0,0,29
2007,Convergence analysis of bilateral teleoperation with constant human input,"Lozano R., Chopra N., Spong M.W.",7431619,Proceedings of the American Control Conference,, ,0,0,0,0,0,0,0,0,0,0,0,0,0,0,0,0,0,0,0,0,0,0,0,0,0,0,0,0,0,0,0,0,0,0,0,0,0,0,0,2,3,0,3,2,5,6,3,1,0,1,1,0,0,27
2009,Bilateral teleoperation of a formation of nonholonomic mobile robots under constant time delay,"Palafox O.M., Spong M.W.",,"2009 IEEE/RSJ International Conference on Intelligent Robots and Systems, IROS 2009",, ,0,0,0,0,0,0,0,0,0,0,0,0,0,0,0,0,0,0,0,0,0,0,0,0,0,0,0,0,0,0,0,0,0,0,0,0,0,0,0,0,0,1,2,4,3,2,2,3,2,6,1,0,0,26
2005,Passive bilateral control of teleoperators under constant time-delay,"Lee D., Spong M.W.",14746670,IFAC Proceedings Volumes (IFAC-PapersOnline),16, ,0,0,0,0,0,0,0,0,0,0,0,0,0,0,0,0,0,0,0,0,0,0,0,0,0,0,0,0,0,0,0,0,0,0,0,0,1,8,4,2,0,1,2,2,0,1,0,1,4,0,0,0,0,26
2001,Impact controllability of an air hockey puck,W. Spong M.,1676911,Systems and Control Letters,42,5,0,0,0,0,0,0,0,0,0,0,0,0,0,0,0,0,0,0,0,0,0,0,0,0,0,0,0,0,0,0,0,0,1,0,2,1,2,5,3,2,1,1,0,0,2,2,1,1,1,1,0,0,0,26
1999,Vision-Based Control of an Air Hockey Playing Robot,"Bishop B.E., Spong M.W.",1066033X,IEEE Control Systems,19,3,0,0,0,0,0,0,0,0,0,0,0,0,0,0,0,0,0,0,0,0,0,0,0,0,0,0,0,0,0,0,0,3,3,2,1,0,1,0,0,0,1,1,4,0,2,0,2,0,3,2,1,0,0,26
1999,Adaptive calibration and control of 2D monocular visual servo systems,"Bishop B.E., Spong M.W.",9670661,Control Engineering Practice,7,3,0,0,0,0,0,0,0,0,0,0,0,0,0,0,0,0,0,0,0,0,0,0,0,0,0,0,0,0,0,0,0,0,0,0,0,4,2,0,2,0,1,1,0,2,0,2,3,3,1,1,3,0,0,25
1996,Camera modelling for visual servo control applications,"Bishop B., Hutchinson S., Spong M.",8957177,Mathematical and Computer Modelling,24, 5-6,0,0,0,0,0,0,0,0,0,0,0,0,0,0,0,0,0,0,0,0,0,0,0,0,0,0,0,0,0,0,1,0,1,1,1,0,3,5,2,2,1,2,0,1,2,0,0,1,1,1,0,0,0,25
1994,Quadratic optimization of impedance control,"Johansson Rolf, Spong Mark W.",10504729,Proceedings - IEEE International Conference on Robotics and Automation,,1,0,0,0,0,0,0,0,0,0,0,0,0,0,0,0,0,0,0,0,0,0,0,0,0,0,0,0,0,0,0,1,0,0,0,1,1,2,0,1,0,2,1,0,1,1,2,3,0,3,1,4,1,0,25
2014,Analysis of flocking of cooperative multiple inertial agents via a geometric decomposition technique,"Li W., Spong M.W.",10834427,"IEEE Transactions on Systems, Man, and Cybernetics: Systems",44,12,0,0,0,0,0,0,0,0,0,0,0,0,0,0,0,0,0,0,0,0,0,0,0,0,0,0,0,0,0,0,0,0,0,0,0,0,0,0,0,0,0,0,0,0,0,1,2,5,8,4,0,2,0,22
1985,Robust linear compensator design for nonlinear robotic control,"Spong M.W., Vidyasagar M.",10504729,Proceedings - IEEE International Conference on Robotics and Automation,, ,0,0,0,0,0,0,0,0,0,0,0,0,0,0,0,0,1,2,4,3,2,2,2,1,1,0,1,0,0,0,0,1,1,0,0,0,0,0,0,0,0,0,0,0,1,0,0,0,0,0,0,0,0,22
2006,Robot modeling and control,"Spong M.W., Hutchinson S., Vidyasagar M.",1066033X,IEEE Control Systems,26,6,0,0,0,0,0,0,0,0,0,0,0,0,0,0,0,0,0,0,0,0,0,0,0,0,0,0,0,0,0,0,0,0,0,0,0,0,0,0,1,2,0,0,0,3,3,1,0,0,0,2,4,5,0,21
1994,Swinging up the acrobot: an example of intelligent control,"DeJong Gerald, Spong Mark W.",7431619,Proceedings of the American Control Conference,2, ,0,0,0,0,0,0,0,0,0,0,0,0,0,0,0,0,0,0,0,0,0,0,0,0,0,0,1,0,0,0,1,0,0,1,0,2,2,0,1,2,2,1,2,1,0,1,0,1,0,1,2,0,0,21
1990,Stability analysis of adaptively controlled flexible joint manipulators,"Ghorbel Fathi, Spong Mark W.",1912216,Proceedings of the IEEE Conference on Decision and Control,4, ,0,0,0,0,0,0,0,0,0,0,0,0,0,0,0,0,0,0,0,0,0,0,0,1,2,1,2,0,2,0,2,0,0,3,1,2,0,1,0,1,1,0,1,0,0,0,0,1,0,0,0,0,0,21
1993,On the positive definiteness and uniform boundedness of the inertia matrix of robot manipulators,"Ghorbel Fathi, Srinivasan B., Spong Mark W.",1912216,Proceedings of the IEEE Conference on Decision and Control,2, ,0,0,0,0,0,0,0,0,0,0,0,0,0,0,0,0,0,0,0,0,0,0,0,0,0,0,1,3,2,1,1,0,0,0,0,1,0,1,0,0,1,0,2,1,1,0,0,3,0,1,0,1,0,20
2011,Collision avoidance control with sensing uncertainties,"Rodriguez-Seda E.J., Stipanovic D.M., Spong M.W.",7431619,Proceedings of the American Control Conference,, ,0,0,0,0,0,0,0,0,0,0,0,0,0,0,0,0,0,0,0,0,0,0,0,0,0,0,0,0,0,0,0,0,0,0,0,0,0,0,0,0,0,0,1,4,4,2,3,1,2,2,0,0,0,19
2007,Passivity-based 3D attitude coordination: Convergence and connectivity,"Igarashi Y., Hatanaka T., Fujita M., Spong M.W.",1912216,Proceedings of the IEEE Conference on Decision and Control,, ,0,0,0,0,0,0,0,0,0,0,0,0,0,0,0,0,0,0,0,0,0,0,0,0,0,0,0,0,0,0,0,0,0,0,0,0,0,0,0,4,6,0,2,2,2,1,2,0,0,0,0,0,0,19
2010,Asymptotically stable gait primitives for planning dynamic bipedal locomotion in three dimensions,"Gregg R.D., Bretl T., Spong M.W.",10504729,Proceedings - IEEE International Conference on Robotics and Automation,, ,0,0,0,0,0,0,0,0,0,0,0,0,0,0,0,0,0,0,0,0,0,0,0,0,0,0,0,0,0,0,0,0,0,0,0,0,0,0,0,0,1,3,3,6,1,1,0,1,0,1,1,0,0,18
2010,Bifurcations and chaos in passive walking of a compass-gait biped with asymmetries,"Moon J.-S., Spong M.W.",10504729,Proceedings - IEEE International Conference on Robotics and Automation,, ,0,0,0,0,0,0,0,0,0,0,0,0,0,0,0,0,0,0,0,0,0,0,0,0,0,0,0,0,0,0,0,0,0,0,0,0,0,0,0,0,0,0,4,5,1,2,1,1,2,1,1,0,0,18
2008,Reduction-based control with application to three-dimensional bipedal walking robots,"Gregg R.D., Spong M.W.",7431619,Proceedings of the American Control Conference,, ,0,0,0,0,0,0,0,0,0,0,0,0,0,0,0,0,0,0,0,0,0,0,0,0,0,0,0,0,0,0,0,0,0,0,0,0,0,0,0,1,2,3,3,2,1,1,2,2,1,0,0,0,0,18
1995,Feedback linearization of robot manipulators and riemannian curvature,"Bedrossian N.S., Spong M.W.",7412223,Journal of Robotic Systems,12,8,0,0,0,0,0,0,0,0,0,0,0,0,0,0,0,0,0,0,0,0,0,0,0,0,0,0,0,1,0,0,3,0,0,1,3,2,0,0,0,0,0,0,2,1,0,0,0,2,1,1,1,0,0,18
1988,Bilateral control of teleoperators with time delay,"Anderson Robert J., Spong Mark W.",,,, ,0,0,0,0,0,0,0,0,0,0,0,0,0,0,0,0,0,0,0,0,0,0,1,1,1,0,0,1,0,1,2,0,2,0,0,0,0,0,0,1,2,2,1,0,1,0,0,0,0,1,1,0,0,18
1986,ROBUST CONTROL DESIGN TECHNIQUES FOR A CLASS OF NONLINEAR SYSTEMS.,"Spong Mark W., Sira-Ramirez Herbertt",7431619,Proceedings of the American Control Conference,, ,0,0,0,0,0,0,0,0,0,0,0,0,0,0,0,0,0,0,1,3,5,2,1,1,0,1,0,1,0,0,0,0,0,0,0,0,0,0,0,1,0,0,0,1,0,1,0,0,0,0,0,0,0,18
2013,Connectivity preserving formation control with collision avoidance for nonholonomic wheeled mobile robots,"Satici A.C., Poonawala H., Eckert H., Spong M.W.",21530858,IEEE International Conference on Intelligent Robots and Systems,, ,0,0,0,0,0,0,0,0,0,0,0,0,0,0,0,0,0,0,0,0,0,0,0,0,0,0,0,0,0,0,0,0,0,0,0,0,0,0,0,0,0,0,0,0,0,1,4,2,4,3,3,0,0,17
2011,Classification of periodic and chaotic passive limit cycles for a compass-gait biped with gait asymmetries,"Moon J.-S., Spong M.W.",2635747,Robotica,29,7,0,0,0,0,0,0,0,0,0,0,0,0,0,0,0,0,0,0,0,0,0,0,0,0,0,0,0,0,0,0,0,0,0,0,0,0,0,0,0,0,0,0,0,1,1,4,0,5,4,1,1,0,0,17
2007,Reliable control of multi-agent formations,"Hokayem P.F., Stipanovic D., Spong M.W.",7431619,Proceedings of the American Control Conference,, ,0,0,0,0,0,0,0,0,0,0,0,0,0,0,0,0,0,0,0,0,0,0,0,0,0,0,0,0,0,0,0,0,0,0,0,0,0,0,0,1,2,4,3,4,2,1,0,0,0,0,0,0,0,17
2006,Master-slave synchronization with switching communication through passive model-based control design,"Mastellone S., Lee D., Spong M.W.",7431619,Proceedings of the American Control Conference,2006, ,0,0,0,0,0,0,0,0,0,0,0,0,0,0,0,0,0,0,0,0,0,0,0,0,0,0,0,0,0,0,0,0,0,0,0,0,0,0,0,3,1,1,1,3,0,3,0,0,2,2,1,0,0,17
2002,Controlled symmetries and passive walking,"Spong M.W., Bullo F.",14746670,IFAC Proceedings Volumes (IFAC-PapersOnline),15,1,0,0,0,0,0,0,0,0,0,0,0,0,0,0,0,0,0,0,0,0,0,0,0,0,0,0,0,0,0,0,0,0,0,0,2,3,1,1,2,1,0,1,1,1,0,0,0,0,2,1,0,1,0,17
2008,Passivity-based output synchronization in SE(3),"Igarashi Y., Hatanaka T., Fujita M., Spong M.W.",7431619,Proceedings of the American Control Conference,, ,0,0,0,0,0,0,0,0,0,0,0,0,0,0,0,0,0,0,0,0,0,0,0,0,0,0,0,0,0,0,0,0,0,0,0,0,0,0,0,1,1,2,2,3,1,3,1,2,0,0,0,0,0,16
2007,Dynamic coverage control with limited communication,"Hokayem P.F., Stipanovic D., Spong M.W.",7431619,Proceedings of the American Control Conference,, ,0,0,0,0,0,0,0,0,0,0,0,0,0,0,0,0,0,0,0,0,0,0,0,0,0,0,0,0,0,0,0,0,0,0,0,0,0,0,1,2,1,2,0,0,4,2,1,0,1,2,0,0,0,16
2006,Practical issues in networked control systems,"Lopez I., Piovesan J.L., Abdallah C.T., Lee D., Martinez O., Spong M., Sandoval R.",7431619,Proceedings of the American Control Conference,2006, ,0,0,0,0,0,0,0,0,0,0,0,0,0,0,0,0,0,0,0,0,0,0,0,0,0,0,0,0,0,0,0,0,0,0,0,0,0,1,2,2,3,1,1,3,0,2,0,1,0,0,0,0,0,16
1996,Fixed-camera visual servo control for planar robots,"Kelly Rafael, Shirkey Paul, Spong Mark W.",10504729,Proceedings - IEEE International Conference on Robotics and Automation,3, ,0,0,0,0,0,0,0,0,0,0,0,0,0,0,0,0,0,0,0,0,0,0,0,0,0,0,0,1,1,1,1,1,2,4,0,0,0,3,0,0,2,0,0,0,0,0,0,0,0,0,0,0,0,16
1981,On the Spectral Controllability of Delay-Differential Equations,"Spong M.W., Tarn T.J.",189286,IEEE Transactions on Automatic Control,26,2,0,0,0,0,0,0,0,0,0,0,0,0,0,0,1,2,2,1,0,0,0,1,0,1,1,0,0,0,0,4,0,0,1,0,0,1,0,0,0,0,0,0,0,0,0,0,0,0,1,0,0,0,0,16
2009,On a stochastic robotic surveillance problem,"Srivastava K., Stipanovic D.M., Spong M.W.",1912216,Proceedings of the IEEE Conference on Decision and Control,, ,0,0,0,0,0,0,0,0,0,0,0,0,0,0,0,0,0,0,0,0,0,0,0,0,0,0,0,0,0,0,0,0,0,0,0,0,0,0,0,0,0,0,1,0,1,2,4,2,0,1,3,1,0,15
2007,Passive dynamic walking with symmetric fixed flat feet,"Kim J., Choi C.-H., Spong M.W.",,"2007 IEEE International Conference on Control and Automation, ICCA",, ,0,0,0,0,0,0,0,0,0,0,0,0,0,0,0,0,0,0,0,0,0,0,0,0,0,0,0,0,0,0,0,0,0,0,0,0,0,0,0,2,1,2,1,1,2,1,2,1,1,1,0,0,0,15
2000,Some aspects of switching control in robot locomotion,Spong M.W.,1782312,At-Automatisierungstechnik,48,4,0,0,0,0,0,0,0,0,0,0,0,0,0,0,0,0,0,0,0,0,0,0,0,0,0,0,0,0,0,0,0,1,1,0,0,2,2,2,0,1,3,2,0,0,0,0,1,0,0,0,0,0,0,15
1999,Passivity based control of the Pendubot,"Fantoni Isabelle, Lozano Rogelio, Spong Mark W.",7431619,Proceedings of the American Control Conference,1, ,0,0,0,0,0,0,0,0,0,0,0,0,0,0,0,0,0,0,0,0,0,0,0,0,0,0,0,0,0,0,0,2,0,1,1,0,1,1,2,0,1,2,2,0,0,0,2,0,0,0,0,0,0,15
1986,LOCALIZED RESPONSE PERFORMANCE OF THE DECOUPLED Q-V NETWORK.,"Ilic-Spong Marija, Thorp James S., Spong Mark W.",984094,IEEE transactions on circuits and systems,33,3,0,0,0,0,0,0,0,0,0,0,0,0,0,0,0,0,0,0,1,0,1,1,1,2,0,0,1,0,0,0,0,1,0,0,0,0,2,0,1,2,1,0,0,0,1,0,0,0,0,0,0,0,0,15
1985,The No-Gain Theorem and Localized Response for the Decoupled P ― θ Power Network with Active Power Losses Included,"Ilic-Spong M., Spong M.W., Fischl R.",984094,IEEE Transactions on Circuits and Systems,32,2,0,0,0,0,0,0,0,0,0,0,0,0,0,0,0,0,0,1,0,0,0,1,1,1,0,0,0,0,2,0,0,0,0,0,0,0,2,1,1,0,2,1,1,0,0,1,0,0,0,0,0,0,0,15
2016,Globally asymptotically stable distributed control for distance and bearing based multi-agent formations,"Fathian K., Rachinskii D.I., Spong M.W., Gans N.R.",7431619,Proceedings of the American Control Conference,2016-, ,0,0,0,0,0,0,0,0,0,0,0,0,0,0,0,0,0,0,0,0,0,0,0,0,0,0,0,0,0,0,0,0,0,0,0,0,0,0,0,0,0,0,0,0,0,0,0,1,2,3,8,0,0,14
1989,Comparison of feedback linearization and singular perturbation techniques for the control of flexible joint robots,"Spong Mark W., Hung John Y., Bortoff Scott A., Ghorbel Fathi",,,, ,0,0,0,0,0,0,0,0,0,0,0,0,0,0,0,0,0,0,0,0,0,0,1,0,0,0,0,0,1,2,1,0,0,1,1,0,0,0,0,1,0,0,0,0,1,1,1,0,1,2,0,0,0,14
2012,Teleoperation of multi-agent systems with nonuniform control input delays,"Rodriguez-Seda E.J., Stipanovic D.M., Spong M.W.",10692509,Integrated Computer-Aided Engineering,19,2,0,0,0,0,0,0,0,0,0,0,0,0,0,0,0,0,0,0,0,0,0,0,0,0,0,0,0,0,0,0,0,0,0,0,0,0,0,0,0,0,0,0,0,0,8,4,0,1,0,0,0,0,0,13
2003,Switching Control for Multi-Input Cascade Nonlinear Systems,"Cronin B., Spong M.W.",1912216,Proceedings of the IEEE Conference on Decision and Control,4, ,0,0,0,0,0,0,0,0,0,0,0,0,0,0,0,0,0,0,0,0,0,0,0,0,0,0,0,0,0,0,0,0,0,0,0,0,0,0,1,0,2,0,0,3,5,1,0,1,0,0,0,0,0,13
2000,An almost linear biped,"Spong M.W., Lozano R., Mahony R.",1912216,Proceedings of the IEEE Conference on Decision and Control,5, ,0,0,0,0,0,0,0,0,0,0,0,0,0,0,0,0,0,0,0,0,0,0,0,0,0,0,0,0,0,0,0,0,1,1,1,2,1,1,1,1,0,1,0,1,0,1,0,0,1,0,0,0,0,13
1986,ROBUST STABILIZATION FOR A CLASS OF NONLINEAR SYSTEMS.,Spong Mark W.,,,, ,0,0,0,0,0,0,0,0,0,0,0,0,0,0,0,0,0,0,1,1,1,0,1,2,1,1,1,1,1,0,0,1,0,1,0,0,0,0,0,0,0,0,0,0,0,0,0,0,0,0,0,0,0,13
2012,Guaranteed safe motion of multiple lagrangian systems with limited actuation,"Rodriguez-Seda E.J., Spong M.W.",1912216,Proceedings of the IEEE Conference on Decision and Control,, ,0,0,0,0,0,0,0,0,0,0,0,0,0,0,0,0,0,0,0,0,0,0,0,0,0,0,0,0,0,0,0,0,0,0,0,0,0,0,0,0,0,0,0,0,1,2,3,1,0,2,1,2,0,12
2007,Adaptive synchronization of bilateral teleoperators with time delay,"Chopra N., Spong M.W.",16107438,Springer Tracts in Advanced Robotics,31, ,0,0,0,0,0,0,0,0,0,0,0,0,0,0,0,0,0,0,0,0,0,0,0,0,0,0,0,0,0,0,0,0,0,0,0,0,0,0,0,3,4,2,1,1,0,1,0,0,0,0,0,0,0,12
2006,Passive bilateral teleoperation with constant time delays,"Lee D., Spong M.W.",10504729,Proceedings - IEEE International Conference on Robotics and Automation,2006, ,0,0,0,0,0,0,0,0,0,0,0,0,0,0,0,0,0,0,0,0,0,0,0,0,0,0,0,0,0,0,0,0,0,0,0,0,0,1,0,0,2,1,2,3,0,1,0,0,1,1,0,0,0,12
2004,Theory and experiments in bilateral teleoperation over the internet,"Berestesky P., Chopra N., Spong M.W.",,Proceedings of the IEEE International Conference on Control Applications,1, ,0,0,0,0,0,0,0,0,0,0,0,0,0,0,0,0,0,0,0,0,0,0,0,0,0,0,0,0,0,0,0,0,0,0,0,0,3,1,2,1,2,1,1,1,0,0,0,0,0,0,0,0,0,12
2004,On compensation of wave reflections in transmission lines and applications to the overvoltage problem AC motor drives,"Ortega R., de Rinaldis A., Spong M.W., Lee S., Nam K.",189286,IEEE Transactions on Automatic Control,49,10,0,0,0,0,0,0,0,0,0,0,0,0,0,0,0,0,0,0,0,0,0,0,0,0,0,0,0,0,0,0,0,0,0,0,0,0,2,3,0,0,0,1,1,1,2,0,0,0,0,0,2,0,0,12
2001,The mechatronics control kit for education and research,"Spong M.W., Block D.J., Astrom K.J.",,IEEE Conference on Control Applications - Proceedings,, ,0,0,0,0,0,0,0,0,0,0,0,0,0,0,0,0,0,0,0,0,0,0,0,0,0,0,0,0,0,0,0,0,0,2,0,2,1,0,0,0,0,0,0,0,1,0,0,2,2,1,1,0,0,12
1997,A stable control scheme for teleoperators with time delay,"Alvarez-Gallegos J., Cortes Rodriguez D., Spong M.W.",8268185,International Journal of Robotics and Automation,12,3,0,0,0,0,0,0,0,0,0,0,0,0,0,0,0,0,0,0,0,0,0,0,0,0,0,0,0,0,0,0,0,0,0,0,3,3,2,1,0,1,1,1,0,0,0,0,0,0,0,0,0,0,0,12
1995,Mechanical design and control of the Pendubot,"Block D.J., Spong M.W.",1487191,SAE Technical Papers,, ,0,0,0,0,0,0,0,0,0,0,0,0,0,0,0,0,0,0,0,0,0,0,0,0,0,0,0,0,0,0,0,2,0,1,0,1,1,2,0,0,0,0,1,0,0,0,1,0,0,0,2,1,0,12
2016,Guaranteed Collision Avoidance for Autonomous Systems with Acceleration Constraints and Sensing Uncertainties,"Rodriguez-Seda E.J., Stipanovic D.M., Spong M.W.",223239,Journal of Optimization Theory and Applications,168,3,0,0,0,0,0,0,0,0,0,0,0,0,0,0,0,0,0,0,0,0,0,0,0,0,0,0,0,0,0,0,0,0,0,0,0,0,0,0,0,0,0,0,0,0,0,0,0,1,0,4,3,3,0,11
2015,Decentralized estimation of the algebraic connectivity for strongly connected networks,"Poonawala H.A., Spong M.W.",7431619,Proceedings of the American Control Conference,2015-, ,0,0,0,0,0,0,0,0,0,0,0,0,0,0,0,0,0,0,0,0,0,0,0,0,0,0,0,0,0,0,0,0,0,0,0,0,0,0,0,0,0,0,0,0,0,0,0,0,5,1,4,1,0,11
2011,Lyapunov-based cooperative avoidance control for multiple Lagrangian systems with bounded sensing uncertainties,"Rodriguez-Seda E.J., Stipanovic D.M., Spong M.W.",1912216,Proceedings of the IEEE Conference on Decision and Control,, ,0,0,0,0,0,0,0,0,0,0,0,0,0,0,0,0,0,0,0,0,0,0,0,0,0,0,0,0,0,0,0,0,0,0,0,0,0,0,0,0,0,0,0,1,1,2,1,1,2,2,0,1,0,11
2010,Visual feedback attitude synchronization in leader-follower type visibility structures,"Ibuki T., Hatanaka T., Fujita M., Spong M.W.",1912216,Proceedings of the IEEE Conference on Decision and Control,, ,0,0,0,0,0,0,0,0,0,0,0,0,0,0,0,0,0,0,0,0,0,0,0,0,0,0,0,0,0,0,0,0,0,0,0,0,0,0,0,0,0,1,3,1,2,1,0,2,1,0,0,0,0,11
2010,A control theoretic approach to robot-assisted locomotor therapy,"Gregg R.D., Bred T.W., Spong M.W.",1912216,Proceedings of the IEEE Conference on Decision and Control,, ,0,0,0,0,0,0,0,0,0,0,0,0,0,0,0,0,0,0,0,0,0,0,0,0,0,0,0,0,0,0,0,0,0,0,0,0,0,0,0,0,0,0,0,0,2,3,1,2,0,3,0,0,0,11
2009,A time-varying wave impedance approach for transparency compensation in bilateral teleoperation,"Rodriguez-Seda E.J., Spong M.W.",,"2009 IEEE/RSJ International Conference on Intelligent Robots and Systems, IROS 2009",, ,0,0,0,0,0,0,0,0,0,0,0,0,0,0,0,0,0,0,0,0,0,0,0,0,0,0,0,0,0,0,0,0,0,0,0,0,0,0,0,0,0,0,0,2,1,2,3,1,1,1,0,0,0,11
2009,Bringing the compass-gait bipedal walker to three dimensions,"Gregg R.D., Spong M.W.",,"2009 IEEE/RSJ International Conference on Intelligent Robots and Systems, IROS 2009",, ,0,0,0,0,0,0,0,0,0,0,0,0,0,0,0,0,0,0,0,0,0,0,0,0,0,0,0,0,0,0,0,0,0,0,0,0,0,0,0,0,1,3,0,2,1,0,0,0,3,1,0,0,0,11
2005,"An Interdisciplinary, Interdepartmental Control Systems Laboratory: The advantages of college-wide labs","Alleyne A.G., Block D.I., Meyn S.P., Perkins W.R., Spong M.W.",1066033X,IEEE Control Systems,25,1,0,0,0,0,0,0,0,0,0,0,0,0,0,0,0,0,0,0,0,0,0,0,0,0,0,0,0,0,0,0,0,0,0,0,0,0,2,1,3,1,1,1,1,0,0,1,0,0,0,0,0,0,0,11
1985,SLOW MANIFOLD APPROACH TO FEEDBACK CONTROL OF NONLINEAR FLEXIBLE SYSTEMS.,"Spong Mark W., Khorasani K., Kokotovic Petar V.",7431619,Proceedings of the American Control Conference,, ,0,0,0,0,0,0,0,0,0,0,0,0,0,0,0,0,0,0,1,1,0,4,0,1,1,0,0,0,0,1,0,0,0,0,0,0,0,0,0,0,0,0,0,0,0,0,0,0,0,1,1,0,0,11
2017,Time-optimal velocity tracking control for differential drive robots,"Poonawala H.A., Spong M.W.",51098,Automatica,85, ,0,0,0,0,0,0,0,0,0,0,0,0,0,0,0,0,0,0,0,0,0,0,0,0,0,0,0,0,0,0,0,0,0,0,0,0,0,0,0,0,0,0,0,0,0,0,0,0,0,4,5,1,0,10
2013,Leader-follower formation control of nonholonomic wheeled mobile robots using only position measurements,"Poonawala H.A., Satici A.C., Spong M.W.",,"2013 9th Asian Control Conference, ASCC 2013",, ,0,0,0,0,0,0,0,0,0,0,0,0,0,0,0,0,0,0,0,0,0,0,0,0,0,0,0,0,0,0,0,0,0,0,0,0,0,0,0,0,0,0,0,0,0,0,3,0,4,1,1,1,0,10
2012,Formation control of wheeled robots with vision-based position measurement,"Poonawala H., Satici A.C., Gans N., Spong M.W.",7431619,Proceedings of the American Control Conference,, ,0,0,0,0,0,0,0,0,0,0,0,0,0,0,0,0,0,0,0,0,0,0,0,0,0,0,0,0,0,0,0,0,0,0,0,0,0,0,0,0,0,0,0,0,1,0,1,1,3,2,1,1,0,10
2008,Multi-agent coordination under connectivity constraints,"Srivastava K., Spong M.W.",7431619,Proceedings of the American Control Conference,, ,0,0,0,0,0,0,0,0,0,0,0,0,0,0,0,0,0,0,0,0,0,0,0,0,0,0,0,0,0,0,0,0,0,0,0,0,0,0,0,0,1,2,2,0,1,0,1,0,1,0,2,0,0,10
2006,Bilateral teleoperation of mobile robot over delayed communication network: Implementation,"Martinez-Palafox O., Lee D., Spong M.W., Lopez I., Abdallah C.T.",,IEEE International Conference on Intelligent Robots and Systems,, ,0,0,0,0,0,0,0,0,0,0,0,0,0,0,0,0,0,0,0,0,0,0,0,0,0,0,0,0,0,0,0,0,0,0,0,0,0,0,1,0,2,1,2,1,2,0,0,0,0,0,0,1,0,10
2006,Semi-autonomous teleoperation of multiple cooperative robots for human-robot lunar exploration,"Lee D., Spong M.W.",,AAAI Spring Symposium - Technical Report,SS-06-07, ,0,0,0,0,0,0,0,0,0,0,0,0,0,0,0,0,0,0,0,0,0,0,0,0,0,0,0,0,0,0,0,0,0,0,0,0,0,0,1,0,2,0,1,1,1,2,0,0,0,1,0,1,0,10
1999,Control education crossing department boundaries,Spong Mark W.,7431619,Proceedings of the American Control Conference,2, ,0,0,0,0,0,0,0,0,0,0,0,0,0,0,0,0,0,0,0,0,0,0,0,0,0,0,0,0,0,0,0,2,1,1,2,0,0,0,1,1,0,2,0,0,0,0,0,0,0,0,0,0,0,10
1992,Robustness of adaptive control of robots,"Ghorbel F., Spong M.W.",9210296,Journal of Intelligent and Robotic Systems,6,1,0,0,0,0,0,0,0,0,0,0,0,0,0,0,0,0,0,0,0,0,0,0,0,0,0,1,1,0,0,0,1,1,0,1,0,0,0,0,0,0,0,1,0,0,1,1,0,1,0,1,0,0,0,10
1985,A theorem on neutral delay systems,Spong M.W.,1676911,Systems and Control Letters,6,4,0,0,0,0,0,0,0,0,0,0,0,0,0,0,0,0,0,0,0,0,0,0,0,0,0,0,0,1,0,0,0,0,0,2,2,0,0,0,0,0,0,0,0,1,0,0,0,3,0,1,0,0,0,10
2006,A compensator for attenuation of wave reflections in long cable actuator-plant interconnections with guaranteed stability,"de Rinaldis A., Ortega R., Spong M.W.",51098,Automatica,42,10,0,0,0,0,0,0,0,0,0,0,0,0,0,0,0,0,0,0,0,0,0,0,0,0,0,0,0,0,0,0,0,0,0,0,0,0,0,0,0,5,1,0,1,0,0,0,0,0,0,0,2,0,0,9
2005,Position and Force Tracking in Bilateral Teleoperation,"Chopra N., Spong M.W., Ortega R., Barabanov N.E.",1708643,Lecture Notes in Control and Information Sciences,308, ,0,0,0,0,0,0,0,0,0,0,0,0,0,0,0,0,0,0,0,0,0,0,0,0,0,0,0,0,0,0,0,0,0,0,0,0,0,1,1,0,0,2,1,1,0,0,1,0,0,0,1,1,0,9
2001,Stabilization of the reaction wheel pendulum using an energy approach,"Fantoni I., Lozano R., Spong M.W.",,"2001 European Control Conference, ECC 2001",, ,0,0,0,0,0,0,0,0,0,0,0,0,0,0,0,0,0,0,0,0,0,0,0,0,0,0,0,0,0,0,0,0,0,0,0,0,1,1,0,0,0,0,0,0,0,0,1,0,0,4,2,0,0,9
2015,Decomposition frameworks for cooperative manipulation of a planar rigid body with multiple unilateral thrusters,"Li W., Spong M.W.",0924090X,Nonlinear Dynamics,79,1,0,0,0,0,0,0,0,0,0,0,0,0,0,0,0,0,0,0,0,0,0,0,0,0,0,0,0,0,0,0,0,0,0,0,0,0,0,0,0,0,0,0,0,0,0,0,1,5,0,2,0,0,0,8
2009,Visual motion observer-based pose synchronization: A passivity approach,"Fujita M., Hatanaka T., Kobayashi N., Ibuki T., Spong M.W.",1912216,Proceedings of the IEEE Conference on Decision and Control,, ,0,0,0,0,0,0,0,0,0,0,0,0,0,0,0,0,0,0,0,0,0,0,0,0,0,0,0,0,0,0,0,0,0,0,0,0,0,0,0,0,0,2,2,2,0,0,0,0,0,0,1,1,0,8
2007,Stability and convergence for systems with switching equilibria,"Mastellone S., Stipanovic D.M., Spong M.W.",1912216,Proceedings of the IEEE Conference on Decision and Control,, ,0,0,0,0,0,0,0,0,0,0,0,0,0,0,0,0,0,0,0,0,0,0,0,0,0,0,0,0,0,0,0,0,0,0,0,0,0,0,0,0,0,0,0,1,2,1,0,1,1,1,1,0,0,8
1989,Discrete-time observer for flexible-joint manipulators,"Bortoff Scott A., Hung John Y., Spong Mark W.",1912216,Proceedings of the IEEE Conference on Decision and Control,3, ,0,0,0,0,0,0,0,0,0,0,0,0,0,0,0,0,0,0,0,0,0,0,0,0,0,0,1,1,0,1,1,0,0,0,0,0,0,1,0,0,0,1,0,0,0,1,1,0,0,0,0,0,0,8
2016,Gait Generation and Stabilization for Nearly Passive Dynamic Walking Using Auto-distributed Impulses,"Moon J.-S., Stipanovic D.M., Spong M.W.",15618625,Asian Journal of Control,18,4,0,0,0,0,0,0,0,0,0,0,0,0,0,0,0,0,0,0,0,0,0,0,0,0,0,0,0,0,0,0,0,0,0,0,0,0,0,0,0,0,0,0,0,0,0,0,0,1,3,2,1,0,0,7
2015,Passivity-based control of robots: Historical perspective and contemporary issues,"Hatanaka T., Chopra N., Spong M.W.",7431546,Proceedings of the IEEE Conference on Decision and Control,54, ,0,0,0,0,0,0,0,0,0,0,0,0,0,0,0,0,0,0,0,0,0,0,0,0,0,0,0,0,0,0,0,0,0,0,0,0,0,0,0,0,0,0,0,0,0,0,0,1,0,5,1,0,0,7
2011,Visual feedback pose synchronization with a generalized camera model,"Ibuki T., Hatanaka T., Fujita M., Spong M.W.",1912216,Proceedings of the IEEE Conference on Decision and Control,, ,0,0,0,0,0,0,0,0,0,0,0,0,0,0,0,0,0,0,0,0,0,0,0,0,0,0,0,0,0,0,0,0,0,0,0,0,0,0,0,0,0,0,0,1,1,0,0,0,1,0,3,1,0,7
2009,Reduction-based control of branched chains: Application to three-dimensional bipedal torso robots,"Gregg R.D., Spong M.W.",1912216,Proceedings of the IEEE Conference on Decision and Control,, ,0,0,0,0,0,0,0,0,0,0,0,0,0,0,0,0,0,0,0,0,0,0,0,0,0,0,0,0,0,0,0,0,0,0,0,0,0,0,0,0,1,3,1,1,1,0,0,0,0,0,0,0,0,7
2008,Passivity-based output synchronization and flocking algorithm in SE(3),"Igarashi Y., Hatanaka T., Fujita M., Spong M.W.",1912216,Proceedings of the IEEE Conference on Decision and Control,, ,0,0,0,0,0,0,0,0,0,0,0,0,0,0,0,0,0,0,0,0,0,0,0,0,0,0,0,0,0,0,0,0,0,0,0,0,0,0,0,0,2,1,4,0,0,0,0,0,0,0,0,0,0,7
2001,Trajectory planning and control of a novel walking biped,"McGee T.G., Spong M.W.",,IEEE Conference on Control Applications - Proceedings,, ,0,0,0,0,0,0,0,0,0,0,0,0,0,0,0,0,0,0,0,0,0,0,0,0,0,0,0,0,0,0,0,0,0,0,2,0,0,0,1,2,0,1,0,1,0,0,0,0,0,0,0,0,0,7
2001,Invariance control of normal forms with input driven internal dynamics,"Mareczek J., Buss M., Spong M.W.",7431619,Proceedings of the American Control Conference,5, ,0,0,0,0,0,0,0,0,0,0,0,0,0,0,0,0,0,0,0,0,0,0,0,0,0,0,0,0,0,0,0,0,0,1,1,1,2,0,0,0,0,0,0,1,0,1,0,0,0,0,0,0,0,7
1998,Toward 3D uncalibrated monocular visual servo,"Bishop B.E., Spong M.W.",10504729,Proceedings - IEEE International Conference on Robotics and Automation,3, ,0,0,0,0,0,0,0,0,0,0,0,0,0,0,0,0,0,0,0,0,0,0,0,0,0,0,0,0,0,0,0,1,1,0,0,0,0,0,1,0,1,1,0,0,0,0,1,0,0,0,1,0,0,7
1993,Adaptive control of robot manipulators: Design and robustness,Spong Mark W.,,American Control Conference,, ,0,0,0,0,0,0,0,0,0,0,0,0,0,0,0,0,0,0,0,0,0,0,0,0,0,1,1,1,0,0,1,0,0,0,0,0,0,0,0,0,1,0,0,1,1,0,0,0,0,0,0,0,0,7
2017,Preserving Strong Connectivity in Directed Proximity Graphs,"Poonawala H.A., Spong M.W.",189286,IEEE Transactions on Automatic Control,62,9,0,0,0,0,0,0,0,0,0,0,0,0,0,0,0,0,0,0,0,0,0,0,0,0,0,0,0,0,0,0,0,0,0,0,0,0,0,0,0,0,0,0,0,0,0,0,0,0,2,1,3,0,0,6
2012,Passive dynamic walking with knee and fixed flat feet,"Kim J., Choi C.-H., Spong M.W.",1062922X,"Conference Proceedings - IEEE International Conference on Systems, Man and Cybernetics",, ,0,0,0,0,0,0,0,0,0,0,0,0,0,0,0,0,0,0,0,0,0,0,0,0,0,0,0,0,0,0,0,0,0,0,0,0,0,0,0,0,0,2,0,0,0,1,0,1,0,1,1,0,0,6
2006,Suboptimal master-slave teleoperation control with delays,"Hokayem P.F., Stipanovic D.M., Spong M.W.",7431619,Proceedings of the American Control Conference,2006, ,0,0,0,0,0,0,0,0,0,0,0,0,0,0,0,0,0,0,0,0,0,0,0,0,0,0,0,0,0,0,0,0,0,0,0,0,0,0,0,1,0,1,0,0,2,1,1,0,0,0,0,0,0,6
1994,On the performance of state estimation for visual servo systems,"Bishop Brad, Hutchinson Seth, Spong Mark",10504729,Proceedings - IEEE International Conference on Robotics and Automation,,1,0,0,0,0,0,0,0,0,0,0,0,0,0,0,0,0,0,0,0,0,0,0,0,0,0,0,0,1,0,1,0,1,0,0,0,0,1,0,0,0,0,1,0,0,0,0,0,1,0,0,0,0,0,6
1987,FEEDBACK LINEARIZATION OF FLEXIBLE JOINT ROBOT MANIPULATORS.,"Bortoff Scott A., Spong Mark W.",1912216,Proceedings of the IEEE Conference on Decision and Control,, ,0,0,0,0,0,0,0,0,0,0,0,0,0,0,0,0,0,0,0,0,0,0,0,1,2,0,0,1,0,1,0,0,0,0,0,0,0,1,0,0,0,0,0,0,0,0,0,0,0,0,0,0,0,6
2017,Distributed formation control under arbitrarily changing topology,"Fathian K., Rachinskii D.I., Summers T.H., Spong M.W., Gans N.R.",7431619,Proceedings of the American Control Conference,, ,0,0,0,0,0,0,0,0,0,0,0,0,0,0,0,0,0,0,0,0,0,0,0,0,0,0,0,0,0,0,0,0,0,0,0,0,0,0,0,0,0,0,0,0,0,0,0,0,0,2,3,0,0,5
2013,A remark on Controlled Lagrangian approach,"Shiriaev A.S., Freidovich L.B., Spong M.W.",9473580,European Journal of Control,19,6,0,0,0,0,0,0,0,0,0,0,0,0,0,0,0,0,0,0,0,0,0,0,0,0,0,0,0,0,0,0,0,0,0,0,0,0,0,0,0,0,0,0,0,0,0,2,0,1,0,0,2,0,0,5
2007,Multi-agent formation control and trajectory tracking via singular perturbation,"Mastellone S., Stipanovic D.M., Spong M.W.",,Proceedings of the IEEE International Conference on Control Applications,, ,0,0,0,0,0,0,0,0,0,0,0,0,0,0,0,0,0,0,0,0,0,0,0,0,0,0,0,0,0,0,0,0,0,0,0,0,0,0,0,0,0,0,0,0,0,1,1,0,1,0,2,0,0,5
1995,Experimental testbed for intelligent control,"Bishop Brad, Shirkey Paul, Spong Mark W.",7431619,Proceedings of the American Control Conference,2, ,0,0,0,0,0,0,0,0,0,0,0,0,0,0,0,0,0,0,0,0,0,0,0,0,0,0,0,0,0,0,2,0,1,0,0,0,1,0,0,1,0,0,0,0,0,0,0,0,0,0,0,0,0,5
1992,Adaptive integral manifold control of flexible joint robots with configuration invariant inertia,"Ghorbel Fathi, Spong Mark W.",7431619,Proceedings of the American Control Conference,4, ,0,0,0,0,0,0,0,0,0,0,0,0,0,0,0,0,0,0,0,0,0,0,0,0,1,0,1,2,0,0,1,0,0,0,0,0,0,0,0,0,0,0,0,0,0,0,0,0,0,0,0,0,0,5
1986,MODELING AND CONTROL OF ELASTIC JOINT ROBOTS.,Spong M.W.,,"American Society of Mechanical Engineers, Dynamic Systems and Control Division (Publication) DSC",3, ,0,0,0,0,0,0,0,0,0,0,0,0,0,0,0,0,0,0,0,0,2,0,1,1,0,0,0,0,0,0,0,0,0,0,0,0,0,0,0,0,0,0,1,0,0,0,0,0,0,0,0,0,0,5
2011,Visual feedback leader-following pose synchronization: Convergence analysis,"Ibuki T., Hatanaka T., Fujita M., Spong M.W.",7431619,Proceedings of the American Control Conference,, ,0,0,0,0,0,0,0,0,0,0,0,0,0,0,0,0,0,0,0,0,0,0,0,0,0,0,0,0,0,0,0,0,0,0,0,0,0,0,0,0,0,0,1,0,1,0,0,0,1,1,0,0,0,4
2007,An experimental comparison study for bilateral Internet-based teleoperation,"Rodriguez-Seda E.J., Lee D., Spong M.W.",,Proceedings of the IEEE International Conference on Control Applications,, ,0,0,0,0,0,0,0,0,0,0,0,0,0,0,0,0,0,0,0,0,0,0,0,0,0,0,0,0,0,0,0,0,0,0,0,0,0,0,0,2,2,0,0,0,0,0,0,0,0,0,0,0,0,4
2006,An experimental comparison study for bilateral internet-based teleoperation,"Rodriguez-Seda E.J., Lee D., Spong M.W.",,Proceedings of the IEEE International Conference on Control Applications,, ,0,0,0,0,0,0,0,0,0,0,0,0,0,0,0,0,0,0,0,0,0,0,0,0,0,0,0,0,0,0,0,0,0,0,0,0,0,0,0,0,0,0,1,1,0,0,2,0,0,0,0,0,0,4
2006,Stability of quantized and delayed bilateral teleoperators,"Hokayem P.F., Spong M.W.",1912216,Proceedings of the IEEE Conference on Decision and Control,, ,0,0,0,0,0,0,0,0,0,0,0,0,0,0,0,0,0,0,0,0,0,0,0,0,0,0,0,0,0,0,0,0,0,0,0,0,0,1,1,0,0,1,1,0,0,0,0,0,0,0,0,0,0,4
2003,Nearly passive dynamic walking of a biped robot,"Khraief N., M'Sirdi N.K., Spong M.W.",,"European Control Conference, ECC 2003",, ,0,0,0,0,0,0,0,0,0,0,0,0,0,0,0,0,0,0,0,0,0,0,0,0,0,0,0,0,0,0,0,0,0,0,0,0,0,1,1,0,0,1,0,0,0,0,0,0,0,1,0,0,0,4
2001,Neural network-based state prediction for strategy planning o an air hockey robot,"Park J.I., Partridge C.B., Spong M.W.",7412223,Journal of Robotic Systems,18,4,0,0,0,0,0,0,0,0,0,0,0,0,0,0,0,0,0,0,0,0,0,0,0,0,0,0,0,0,0,0,0,0,0,0,0,1,0,0,0,0,0,0,2,0,1,0,0,0,0,0,0,0,0,4
1991,Robustness of adaptive control of robots. Theory and experiment,"Ghorbel Fathi, Fitzmorris Alan, Spong Mark W.",1708643,Lecture Notes in Control and Information Sciences,162, ,0,0,0,0,0,0,0,0,0,0,0,0,0,0,0,0,0,0,0,0,0,0,0,0,1,0,1,0,0,1,0,0,0,0,0,0,0,0,0,0,0,0,0,0,0,0,0,0,0,0,1,0,0,4
1983,CONTROL OF ROBOT MANIPULATORS USING AN OPTIMAL DECISION STRATEGY.,"Spong Mark W., Kheradpir Shaygan, Thorp James S.",7326181,"Proceedings - Annual Allerton Conference on Communication, Control, and Computing",, ,0,0,0,0,0,0,0,0,0,0,0,0,0,0,0,0,0,0,1,1,2,0,0,0,0,0,0,0,0,0,0,0,0,0,0,0,0,0,0,0,0,0,0,0,0,0,0,0,0,0,0,0,0,4
2015,From nonholonomy to holonomy: Time-optimal velocity control of differential drive robots,"Poonawala H.A., Spong M.W.",,"2015 10th International Workshop on Robot Motion and Control, RoMoCo 2015",, ,0,0,0,0,0,0,0,0,0,0,0,0,0,0,0,0,0,0,0,0,0,0,0,0,0,0,0,0,0,0,0,0,0,0,0,0,0,0,0,0,0,0,0,0,0,0,0,0,1,2,0,0,0,3
2008,Bilateral teleoperation experiments: Scattering transformation and passive output synchronization re,"Nuno E., Basanez L., Rodriguez-Seda E.J., Spong M.W.",14746670,IFAC Proceedings Volumes (IFAC-PapersOnline),17,1,0,0,0,0,0,0,0,0,0,0,0,0,0,0,0,0,0,0,0,0,0,0,0,0,0,0,0,0,0,0,0,0,0,0,0,0,0,0,0,0,3,0,0,0,0,0,0,0,0,0,0,0,0,3
2001,Feedback linearization and discontinuous control of second-order nonholonomic chained systems,"Ge S.S., Sun Z., Lee T.H., Spong M.W.",,IEEE Conference on Control Applications - Proceedings,, ,0,0,0,0,0,0,0,0,0,0,0,0,0,0,0,0,0,0,0,0,0,0,0,0,0,0,0,0,0,0,0,0,0,0,0,1,0,0,1,0,0,0,0,0,1,0,0,0,0,0,0,0,0,3
1996,Collegewide laboratory-based program in control systems technology at the University of Illinois at Urbana-Champaign,"Alleyne A., Bamieh B., Block D., Meyn S., Perkins W., Sreenivas R.S., Spong M., Tsao T.C., Voulgaris P.",1912216,Proceedings of the IEEE Conference on Decision and Control,4, ,0,0,0,0,0,0,0,0,0,0,0,0,0,0,0,0,0,0,0,0,0,0,0,0,0,0,0,0,0,0,0,2,0,0,0,0,1,0,0,0,0,0,0,0,0,0,0,0,0,0,0,0,0,3
1993,"A modular, interdisciplinary approach to undergraduate robotics education","Welton E., Hutchinson S., Spong M.",15394565,"Proceedings - Frontiers in Education Conference, FIE",, ,0,0,0,0,0,0,0,0,0,0,0,0,0,0,0,0,0,0,0,0,0,0,0,0,0,0,0,0,0,0,0,0,0,0,0,0,0,1,0,0,0,1,0,0,1,0,0,0,0,0,0,0,0,3
2012,Energy plane analysis for passive dynamic walking,"Moon J.-S., Spong M.W.",21640572,IEEE-RAS International Conference on Humanoid Robots,, ,0,0,0,0,0,0,0,0,0,0,0,0,0,0,0,0,0,0,0,0,0,0,0,0,0,0,0,0,0,0,0,0,0,0,0,0,0,0,0,0,0,0,0,0,0,1,0,1,0,0,0,0,0,2
2012,Nonholonomic cooperative manipulation of polygonal objects in the plane,"Satici A.C., Spong M.W.",1912216,Proceedings of the IEEE Conference on Decision and Control,, ,0,0,0,0,0,0,0,0,0,0,0,0,0,0,0,0,0,0,0,0,0,0,0,0,0,0,0,0,0,0,0,0,0,0,0,0,0,0,0,0,0,0,0,0,0,1,1,0,0,0,0,0,0,2
2010,Passivity-based model reference robust control for a class of nonlinear systems with input and state measurement delays,"Rodriguez-Seda E.J., Lopez-Montesinos P.O., Stipanovic D.M., Spong M.W.",,"Proceedings of the 2010 American Control Conference, ACC 2010",, ,0,0,0,0,0,0,0,0,0,0,0,0,0,0,0,0,0,0,0,0,0,0,0,0,0,0,0,0,0,0,0,0,0,0,0,0,0,0,0,0,0,0,0,1,0,1,0,0,0,0,0,0,0,2
2008,A passive 2DOF walker: Finding gait cycles using virtual holonomic constraints,"Freidovich L.B., Mettin U., Shiriaev A.S., Spong M.W.",1912216,Proceedings of the IEEE Conference on Decision and Control,, ,0,0,0,0,0,0,0,0,0,0,0,0,0,0,0,0,0,0,0,0,0,0,0,0,0,0,0,0,0,0,0,0,0,0,0,0,0,0,0,0,0,0,0,2,0,0,0,0,0,0,0,0,0,2
2004,Decision and Control,"Schrader C.B., Spong M.W.",1066033X,IEEE Control Systems,24,6,0,0,0,0,0,0,0,0,0,0,0,0,0,0,0,0,0,0,0,0,0,0,0,0,0,0,0,0,0,0,0,0,0,0,0,0,1,0,0,0,0,0,1,0,0,0,0,0,0,0,0,0,0,2
1991,Integral manifold control of flexible joint robots. The known parameter case,"Ghorbel Fathi, Spong Mark W.",,"American Society of Mechanical Engineers, Dynamic Systems and Control Division (Publication) DSC",31, ,0,0,0,0,0,0,0,0,0,0,0,0,0,0,0,0,0,0,0,0,0,0,0,0,0,0,0,0,0,0,1,1,0,0,0,0,0,0,0,0,0,0,0,0,0,0,0,0,0,0,0,0,0,2
1990,Parameter identification for nonlinear systems,"Bortoff Scott A., Spong Mark W.",1912216,Proceedings of the IEEE Conference on Decision and Control,2, ,0,0,0,0,0,0,0,0,0,0,0,0,0,0,0,0,0,0,0,0,0,0,0,0,0,0,0,0,0,0,0,0,2,0,0,0,0,0,0,0,0,0,0,0,0,0,0,0,0,0,0,0,0,2
1986,A semistate approach to feedback stabilization of neutral delay systems,Spong M.W.,0278081X,"Circuits, Systems, and Signal Processing",5,1,0,0,0,0,0,0,0,0,0,0,0,0,0,0,0,0,0,0,0,0,0,0,0,1,0,0,0,0,0,0,0,0,0,0,0,0,0,0,0,0,0,0,0,1,0,0,0,0,0,0,0,0,0,2
1982,STRUCTURE AND REGULATION OF LINEAR NEUTRAL DELAY DIFFERENTIAL SYSTEMS.,"Spong Mark W., Tarn Tzyh-Jong",1912216,Proceedings of the IEEE Conference on Decision and Control,3, ,0,0,0,0,0,0,0,0,0,0,0,0,0,0,0,1,1,0,0,0,0,0,0,0,0,0,0,0,0,0,0,0,0,0,0,0,0,0,0,0,0,0,0,0,0,0,0,0,0,0,0,0,0,2
2019,Distributed formation control via mixed barycentric coordinate and distance-based approach,"Fathian K., Rachinskii D.I., Spong M.W., Summers T.H., Gans N.R.",7431619,Proceedings of the American Control Conference,2019-, ,0,0,0,0,0,0,0,0,0,0,0,0,0,0,0,0,0,0,0,0,0,0,0,0,0,0,0,0,0,0,0,0,0,0,0,0,0,0,0,0,0,0,0,0,0,0,0,0,0,0,1,0,0,1
2018,Path Following Control of Swimming Magnetic Helical Microrobots Subject to Step-Out Frequencies,"Mohammadi A., Spong M.W.",,"2018 IEEE Conference on Control Technology and Applications, CCTA 2018",, ,0,0,0,0,0,0,0,0,0,0,0,0,0,0,0,0,0,0,0,0,0,0,0,0,0,0,0,0,0,0,0,0,0,0,0,0,0,0,0,0,0,0,0,0,0,0,0,0,0,0,1,0,0,1
2017,On maintaining visibility in multi-robot-networks with limited field-of-view sensors,"Poonawala H.A., Spong M.W.",7431619,Proceedings of the American Control Conference,, ,0,0,0,0,0,0,0,0,0,0,0,0,0,0,0,0,0,0,0,0,0,0,0,0,0,0,0,0,0,0,0,0,0,0,0,0,0,0,0,0,0,0,0,0,0,0,0,0,1,0,0,0,0,1
2017,Passivity-based switching control in teleoperation systems with time-varying communication delay,"Jafari B.H., Spong M.W.",7431619,Proceedings of the American Control Conference,, ,0,0,0,0,0,0,0,0,0,0,0,0,0,0,0,0,0,0,0,0,0,0,0,0,0,0,0,0,0,0,0,0,0,0,0,0,0,0,0,0,0,0,0,0,0,0,0,0,0,0,1,0,0,1
2015,Scattering Variables-Based Control of Bilateral Teleoperators,"Hatanaka T., Chopra N., Fujita M., Spong M.W.",1785354,Communications and Control Engineering,,9.78332E+12,0,0,0,0,0,0,0,0,0,0,0,0,0,0,0,0,0,0,0,0,0,0,0,0,0,0,0,0,0,0,0,0,0,0,0,0,0,0,0,0,0,0,0,0,0,0,0,0,0,1,0,0,0,1
2015,Cooperative Estimation for Visual Sensor Networks,"Hatanaka T., Chopra N., Fujita M., Spong M.W.",1785354,Communications and Control Engineering,,9.78332E+12,0,0,0,0,0,0,0,0,0,0,0,0,0,0,0,0,0,0,0,0,0,0,0,0,0,0,0,0,0,0,0,0,0,0,0,0,0,0,0,0,0,0,0,0,0,0,0,0,1,0,0,0,0,1
2015,Pose Synchronization for Rigid Body Networks,"Hatanaka T., Chopra N., Fujita M., Spong M.W.",1785354,Communications and Control Engineering,,9.78332E+12,0,0,0,0,0,0,0,0,0,0,0,0,0,0,0,0,0,0,0,0,0,0,0,0,0,0,0,0,0,0,0,0,0,0,0,0,0,0,0,0,0,0,0,0,0,0,0,1,0,0,0,0,0,1
2014,Global swarming while preserving connectivity via lagrange-poincarè equations,"Satici A.C., Spong M.W.",14746670,IFAC Proceedings Volumes (IFAC-PapersOnline),19, ,0,0,0,0,0,0,0,0,0,0,0,0,0,0,0,0,0,0,0,0,0,0,0,0,0,0,0,0,0,0,0,0,0,0,0,0,0,0,0,0,0,0,0,0,0,0,0,1,0,0,0,0,0,1
2013,Connectivity control on Lie groups,"Satici A.C., Spong M.W.",,"2013 9th Asian Control Conference, ASCC 2013",, ,0,0,0,0,0,0,0,0,0,0,0,0,0,0,0,0,0,0,0,0,0,0,0,0,0,0,0,0,0,0,0,0,0,0,0,0,0,0,0,0,0,0,0,0,0,0,0,1,0,0,0,0,0,1
2010,Robotic project-based pre-training for in-coming undergraduate mechanical engineering students,"Tang C.P., Goeckner M., Spong M.W.",,Proceedings of the ASME Design Engineering Technical Conference,2, ,0,0,0,0,0,0,0,0,0,0,0,0,0,0,0,0,0,0,0,0,0,0,0,0,0,0,0,0,0,0,0,0,0,0,0,0,0,0,0,0,0,0,0,0,0,1,0,0,0,0,0,0,0,1
2008,Stabilization of delayed linear systems via signal reconstruction,"Mastellone S., Spong M.W.",1912216,Proceedings of the IEEE Conference on Decision and Control,, ,0,0,0,0,0,0,0,0,0,0,0,0,0,0,0,0,0,0,0,0,0,0,0,0,0,0,0,0,0,0,0,0,0,0,0,0,0,0,0,0,0,0,0,0,1,0,0,0,0,0,0,0,0,1
2005,A compensator for attenuation of wave reflections in long cable actuator-plant interconnections with guaranteed transient performance improvement,"De Rinaldis A., Ortega R., Spong M.",14746670,IFAC Proceedings Volumes (IFAC-PapersOnline),16, ,0,0,0,0,0,0,0,0,0,0,0,0,0,0,0,0,0,0,0,0,0,0,0,0,0,0,0,0,0,0,0,0,0,0,0,0,1,0,0,0,0,0,0,0,0,0,0,0,0,0,0,0,0,1
2005,A switched-resistors implementation of compensators for wave reflections in transmission lines,"De Rinaldis A., Astolfi A., Ortega R., Spong M.W.",,"Proceedings of the 44th IEEE Conference on Decision and Control, and the European Control Conference, CDC-ECC '05",2005, ,0,0,0,0,0,0,0,0,0,0,0,0,0,0,0,0,0,0,0,0,0,0,0,0,0,0,0,0,0,0,0,0,0,0,0,0,0,0,0,0,0,0,0,0,1,0,0,0,0,0,0,0,0,1
2005,"Education, Instruction, and Motivation","Spong M.W., Shakespeare W.",1066033X,IEEE Control Systems,25,4,0,0,0,0,0,0,0,0,0,0,0,0,0,0,0,0,0,0,0,0,0,0,0,0,0,0,0,0,0,0,0,0,0,0,0,0,0,0,0,0,0,0,0,0,0,1,0,0,0,0,0,0,0,1
2005,Implicit controller for classes of nonlinear systems,"Ge S.S., Spong M.W.",14746670,IFAC Proceedings Volumes (IFAC-PapersOnline),38,1,0,0,0,0,0,0,0,0,0,0,0,0,0,0,0,0,0,0,0,0,0,0,0,0,0,0,0,0,0,0,0,0,0,0,0,0,0,0,0,0,0,1,0,0,0,0,0,0,0,0,0,0,0,1
2004,A hybrid active filter implementation of an overvoltage suppression scheme,"Ortega R., De Rinaldis A., Escobar G., Spong M.W.",,IEEE International Symposium on Industrial Electronics,2, ,0,0,0,0,0,0,0,0,0,0,0,0,0,0,0,0,0,0,0,0,0,0,0,0,0,0,0,0,0,0,0,0,0,0,0,0,1,0,0,0,0,0,0,0,0,0,0,0,0,0,0,0,0,1
2004,Some new results in passivity based control of robots,Spong M.W.,14746670,IFAC Proceedings Volumes (IFAC-PapersOnline),37,13,0,0,0,0,0,0,0,0,0,0,0,0,0,0,0,0,0,0,0,0,0,0,0,0,0,0,0,0,0,0,0,0,0,0,0,0,0,0,0,0,0,0,0,0,0,0,0,0,0,1,0,0,0,1
1987,FORCE FEEDBACK CONTROL OF FLEXIBLE JOINT MANIPULATORS.,Spong M.W.,,"American Society of Mechanical Engineers, Dynamic Systems and Control Division (Publication) DSC",6, ,0,0,0,0,0,0,0,0,0,0,0,0,0,0,0,0,0,0,0,0,0,0,0,0,0,1,0,0,0,0,0,0,0,0,0,0,0,0,0,0,0,0,0,0,0,0,0,0,0,0,0,0,0,1
1984,ON POINTWISE OPTIMAL CONTROL STRATEGIES FOR ROBOT MANIPULATORS.,"Spong Mark W., Thorp James S., Kleinwaks Jeffrey M.",,,, ,0,0,0,0,0,0,0,0,0,0,0,0,0,0,0,0,1,0,0,0,0,0,0,0,0,0,0,0,0,0,0,0,0,0,0,0,0,0,0,0,0,0,0,0,0,0,0,0,0,0,0,0,0,1
1982,NO-GAIN THEOREM FOR STEADY STATE ELECTRIC POWER SYSTEMS WITH LOSSES.,"Ilic'-Spong Marija, Spong Mark W., Fischl Robert",,,, ,0,0,0,0,0,0,0,0,0,0,0,0,0,0,0,0,1,0,0,0,0,0,0,0,0,0,0,0,0,0,0,0,0,0,0,0,0,0,0,0,0,0,0,0,0,0,0,0,0,0,0,0,0,1
2017,Editorial: Special issue dedicated to the occasion of Prof. Tzyh-Jong Tarn’s 80th birthday,"Cheng D., Lewis F.L., Spong M.W., Liu J., Zhang J.",20956983,Control Theory and Technology,15,4,0,0,0,0,0,0,0,0,0,0,0,0,0,0,0,0,0,0,0,0,0,0,0,0,0,0,0,0,0,0,0,0,0,0,0,0,0,0,0,0,0,0,0,0,0,0,0,0,0,0,0,0,0,0
2017,Cooperative visibility maintenance in SE(3) for multi-robot-networks with limited field-of-view sensors,"Poonawala H.A., Spong M.W.",20956983,Control Theory and Technology,15,4,0,0,0,0,0,0,0,0,0,0,0,0,0,0,0,0,0,0,0,0,0,0,0,0,0,0,0,0,0,0,0,0,0,0,0,0,0,0,0,0,0,0,0,0,0,0,0,0,0,0,0,0,0,0
2016,Global swarming while preserving connectivity via Lagrange-Poincarè equations,"Satici A.C., Spong M.W.",51098,Automatica,71, ,0,0,0,0,0,0,0,0,0,0,0,0,0,0,0,0,0,0,0,0,0,0,0,0,0,0,0,0,0,0,0,0,0,0,0,0,0,0,0,0,0,0,0,0,0,0,0,0,0,0,0,0,0,0
2015,Preface,"Hatanaka T., Chopra N., Fujita M., Spong M.W.",1785354,Communications and Control Engineering,,9.78332E+12,0,0,0,0,0,0,0,0,0,0,0,0,0,0,0,0,0,0,0,0,0,0,0,0,0,0,0,0,0,0,0,0,0,0,0,0,0,0,0,0,0,0,0,0,0,0,0,0,0,0,0,0,0,0
2015,Passivity-Based Visual Feedback Estimation,"Hatanaka T., Chopra N., Fujita M., Spong M.W.",1785354,Communications and Control Engineering,,9.78332E+12,0,0,0,0,0,0,0,0,0,0,0,0,0,0,0,0,0,0,0,0,0,0,0,0,0,0,0,0,0,0,0,0,0,0,0,0,0,0,0,0,0,0,0,0,0,0,0,0,0,0,0,0,0,0
2015,Attitude Synchronization for Rigid Body Networks,"Hatanaka T., Chopra N., Fujita M., Spong M.W.",1785354,Communications and Control Engineering,,9.78332E+12,0,0,0,0,0,0,0,0,0,0,0,0,0,0,0,0,0,0,0,0,0,0,0,0,0,0,0,0,0,0,0,0,0,0,0,0,0,0,0,0,0,0,0,0,0,0,0,0,0,0,0,0,0,0
2015,Passivity-Based Visual Feedback Control,"Hatanaka T., Chopra N., Fujita M., Spong M.W.",1785354,Communications and Control Engineering,,9.78332E+12,0,0,0,0,0,0,0,0,0,0,0,0,0,0,0,0,0,0,0,0,0,0,0,0,0,0,0,0,0,0,0,0,0,0,0,0,0,0,0,0,0,0,0,0,0,0,0,0,0,0,0,0,0,0
2015,Synchronization of Bilateral Teleoperators,"Hatanaka T., Chopra N., Fujita M., Spong M.W.",1785354,Communications and Control Engineering,,9.78332E+12,0,0,0,0,0,0,0,0,0,0,0,0,0,0,0,0,0,0,0,0,0,0,0,0,0,0,0,0,0,0,0,0,0,0,0,0,0,0,0,0,0,0,0,0,0,0,0,0,0,0,0,0,0,0
2015,Introduction,"Hatanaka T., Chopra N., Fujita M., Spong M.W.",1785354,Communications and Control Engineering,,9.78332E+12,0,0,0,0,0,0,0,0,0,0,0,0,0,0,0,0,0,0,0,0,0,0,0,0,0,0,0,0,0,0,0,0,0,0,0,0,0,0,0,0,0,0,0,0,0,0,0,0,0,0,0,0,0,0
2015,Output Synchronization for Network of Passive Systems,"Hatanaka T., Chopra N., Fujita M., Spong M.W.",1785354,Communications and Control Engineering,,9.78332E+12,0,0,0,0,0,0,0,0,0,0,0,0,0,0,0,0,0,0,0,0,0,0,0,0,0,0,0,0,0,0,0,0,0,0,0,0,0,0,0,0,0,0,0,0,0,0,0,0,0,0,0,0,0,0
2015,"Foundation: Passivity, Stability and Passivity-Based Motion Control","Hatanaka T., Chopra N., Fujita M., Spong M.W.",1785354,Communications and Control Engineering,,9.78332E+12,0,0,0,0,0,0,0,0,0,0,0,0,0,0,0,0,0,0,0,0,0,0,0,0,0,0,0,0,0,0,0,0,0,0,0,0,0,0,0,0,0,0,0,0,0,0,0,0,0,0,0,0,0,0
2015,Foundation: Rigid Motions and Image Formation,"Hatanaka T., Chopra N., Fujita M., Spong M.W.",1785354,Communications and Control Engineering,,9.78332E+12,0,0,0,0,0,0,0,0,0,0,0,0,0,0,0,0,0,0,0,0,0,0,0,0,0,0,0,0,0,0,0,0,0,0,0,0,0,0,0,0,0,0,0,0,0,0,0,0,0,0,0,0,0,0
2013,A signal reconstruction approach for control systems with unknown time-varying delays,"Mastellone S., Spong M.W.",1676911,Systems and Control Letters,62,11,0,0,0,0,0,0,0,0,0,0,0,0,0,0,0,0,0,0,0,0,0,0,0,0,0,0,0,0,0,0,0,0,0,0,0,0,0,0,0,0,0,0,0,0,0,0,0,0,0,0,0,0,0,0
2013,Multiagent Coordination Strategies,"Guerrero J.A., Lozano R., Spong M.W., Chopra N.",,Flight Formation Control,, ,0,0,0,0,0,0,0,0,0,0,0,0,0,0,0,0,0,0,0,0,0,0,0,0,0,0,0,0,0,0,0,0,0,0,0,0,0,0,0,0,0,0,0,0,0,0,0,0,0,0,0,0,0,0
2013,Controlled invariants and trajectory planning for underactuated mechanical systems,"Shiriaev A.S., Freidovich L.B., Spong M.W.",1912216,Proceedings of the IEEE Conference on Decision and Control,, ,0,0,0,0,0,0,0,0,0,0,0,0,0,0,0,0,0,0,0,0,0,0,0,0,0,0,0,0,0,0,0,0,0,0,0,0,0,0,0,0,0,0,0,0,0,0,0,0,0,0,0,0,0,0
2012,"Experiments of bilateral teleoperation of nonholonomic mobile robots in formation, through constant delay communications","Palafox O.M., Spong M.W.",,"2012 IEEE International Conference on Information and Automation, ICIA 2012",, ,0,0,0,0,0,0,0,0,0,0,0,0,0,0,0,0,0,0,0,0,0,0,0,0,0,0,0,0,0,0,0,0,0,0,0,0,0,0,0,0,0,0,0,0,0,0,0,0,0,0,0,0,0,0
2012,A remark on controlled Lagrangian approach for completely integrable mechanical systems,"Shiriaev A., Freidovich L., Spong M.W.",14746670,IFAC Proceedings Volumes (IFAC-PapersOnline),45,19,0,0,0,0,0,0,0,0,0,0,0,0,0,0,0,0,0,0,0,0,0,0,0,0,0,0,0,0,0,0,0,0,0,0,0,0,0,0,0,0,0,0,0,0,0,0,0,0,0,0,0,0,0,0
2010,Welcome from the CDC General Chair,Spong M.W.,1912216,Proceedings of the IEEE Conference on Decision and Control,, ,0,0,0,0,0,0,0,0,0,0,0,0,0,0,0,0,0,0,0,0,0,0,0,0,0,0,0,0,0,0,0,0,0,0,0,0,0,0,0,0,0,0,0,0,0,0,0,0,0,0,0,0,0,0
2010,"CDC 2010 in Atlanta, Georgia",Spong M.W.,8880611,IEEE Control Systems Magazine,30,3,0,0,0,0,0,0,0,0,0,0,0,0,0,0,0,0,0,0,0,0,0,0,0,0,0,0,0,0,0,0,0,0,0,0,0,0,0,0,0,0,0,0,0,0,0,0,0,0,0,0,0,0,0,0
2005,Welcome from the presidents of IEEE CSS and EUCA,"Maciejowski J., Spong M.W.",,"Proceedings of the 44th IEEE Conference on Decision and Control, and the European Control Conference, CDC-ECC '05",2005, ,0,0,0,0,0,0,0,0,0,0,0,0,0,0,0,0,0,0,0,0,0,0,0,0,0,0,0,0,0,0,0,0,0,0,0,0,0,0,0,0,0,0,0,0,0,0,0,0,0,0,0,0,0,0
2005,Looking Back and Forward,Spong M.W.,1066033X,IEEE Control Systems,25,1,0,0,0,0,0,0,0,0,0,0,0,0,0,0,0,0,0,0,0,0,0,0,0,0,0,0,0,0,0,0,0,0,0,0,0,0,0,0,0,0,0,0,0,0,0,0,0,0,0,0,0,0,0,0
2005,Relevancy and No-Shows,Spong M.W.,1066033X,IEEE Control Systems,25,2,0,0,0,0,0,0,0,0,0,0,0,0,0,0,0,0,0,0,0,0,0,0,0,0,0,0,0,0,0,0,0,0,0,0,0,0,0,0,0,0,0,0,0,0,0,0,0,0,0,0,0,0,0,0
2000,On the controllability of an air hockey puck,Spong Mark W.,,IEEE Conference on Control Applications - Proceedings,1, ,0,0,0,0,0,0,0,0,0,0,0,0,0,0,0,0,0,0,0,0,0,0,0,0,0,0,0,0,0,0,0,0,0,0,0,0,0,0,0,0,0,0,0,0,0,0,0,0,0,0,0,0,0,0
1996,Undergraduate research in robotics and automation at the University of Illinois at Urbana-Champaign,Spong Mark W.,1912216,Proceedings of the IEEE Conference on Decision and Control,4, ,0,0,0,0,0,0,0,0,0,0,0,0,0,0,0,0,0,0,0,0,0,0,0,0,0,0,0,0,0,0,0,0,0,0,0,0,0,0,0,0,0,0,0,0,0,0,0,0,0,0,0,0,0,0
1994,Correction to 'Robustness of Adaptive Control of Robots' by F. Ghorbel and M.W. Spong,"Ghorbel F., Spong M.W.",9210296,Journal of Intelligent &amp; Robotic Systems,10,2,0,0,0,0,0,0,0,0,0,0,0,0,0,0,0,0,0,0,0,0,0,0,0,0,0,0,0,0,0,0,0,0,0,0,0,0,0,0,0,0,0,0,0,0,0,0,0,0,0,0,0,0,0,0
1993,Integration of machine learning and sensor-based control in intelligent robotic systems,"DeJong Gerald, Hutchinson Seth, Spong Mark W.",,American Control Conference,, ,0,0,0,0,0,0,0,0,0,0,0,0,0,0,0,0,0,0,0,0,0,0,0,0,0,0,0,0,0,0,0,0,0,0,0,0,0,0,0,0,0,0,0,0,0,0,0,0,0,0,0,0,0,0
1992,Pseudolinearization of the acrobot using spline functions,"Bortoff Scott A., Spong Mark W.",,,, ,0,0,0,0,0,0,0,0,0,0,0,0,0,0,0,0,0,0,0,0,0,0,0,0,0,0,0,0,0,0,0,0,0,0,0,0,0,0,0,0,0,0,0,0,0,0,0,0,0,0,0,0,0,0
1992,Observer-based pseudo-linearization using splines: The rolling acrobot example,"Bortoff Scott A., Spong Mark V.",,"American Society of Mechanical Engineers, Dynamic Systems and Control Division (Publication) DSC",42, ,0,0,0,0,0,0,0,0,0,0,0,0,0,0,0,0,0,0,0,0,0,0,0,0,0,0,0,0,0,0,0,0,0,0,0,0,0,0,0,0,0,0,0,0,0,0,0,0,0,0,0,0,0,0
1990,Parameter identification using nonlinear observer theory,"Bortoff Scott A., Spong Mark W.",7431619,Proceedings of the American Control Conference,, ,0,0,0,0,0,0,0,0,0,0,0,0,0,0,0,0,0,0,0,0,0,0,0,0,0,0,0,0,0,0,0,0,0,0,0,0,0,0,0,0,0,0,0,0,0,0,0,0,0,0,0,0,0,0
1989,Review article. Modeling and control of elastic joint robots,Spong M.W.,8957177,Mathematical and Computer Modelling,12,7,0,0,0,0,0,0,0,0,0,0,0,0,0,0,0,0,0,0,0,0,0,0,0,0,0,0,0,0,0,0,0,0,0,0,0,0,0,0,0,0,0,0,0,0,0,0,0,0,0,0,0,0,0,0
1988,Network representation for robots,"Anderson R.J., Spong M.W.",,"American Society of Mechanical Engineers, Dynamic Systems and Control Division (Publication) DSC",10, ,0,0,0,0,0,0,0,0,0,0,0,0,0,0,0,0,0,0,0,0,0,0,0,0,0,0,0,0,0,0,0,0,0,0,0,0,0,0,0,0,0,0,0,0,0,0,0,0,0,0,0,0,0,0
1987,COMPENSATOR DESIGN FOR ROBOT MANIPULATORS WITH FLEXIBLE JOINTS.,"Albert Markus, Spong Mark W.",,,, ,0,0,0,0,0,0,0,0,0,0,0,0,0,0,0,0,0,0,0,0,0,0,0,0,0,0,0,0,0,0,0,0,0,0,0,0,0,0,0,0,0,0,0,0,0,0,0,0,0,0,0,0,0,0
1987,FEEDBACK LINEARIZATION CONTROL OF FLEXIBLE JOINT ROBOT MANIPULATORS.,Spong Mark W.,,,, ,0,0,0,0,0,0,0,0,0,0,0,0,0,0,0,0,0,0,0,0,0,0,0,0,0,0,0,0,0,0,0,0,0,0,0,0,0,0,0,0,0,0,0,0,0,0,0,0,0,0,0,0,0,0
1984,Hereditary realizations of linear neutral delay differential systems,Spong M.W.,1676911,Systems and Control Letters,4,1,0,0,0,0,0,0,0,0,0,0,0,0,0,0,0,0,0,0,0,0,0,0,0,0,0,0,0,0,0,0,0,0,0,0,0,0,0,0,0,0,0,0,0,0,0,0,0,0,0,0,0,0,0,0
1983,FEEDBACK EQUIVALENCE OF RETARDED AND NEUTRAL DELAY-DIFFERENTIAL EQUATIONS.,Spong Mark W.,7326181,"Proceedings - Annual Allerton Conference on Communication, Control, and Computing",, ,0,0,0,0,0,0,0,0,0,0,0,0,0,0,0,0,0,0,0,0,0,0,0,0,0,0,0,0,0,0,0,0,0,0,0,0,0,0,0,0,0,0,0,0,0,0,0,0,0,0,0,0,0,0
1983,ON SYSTEM TYPE FOR LINEAR MULTIVARIABLE NON-UNITY FEEDBACK CONTROL SYSTEMS.,"Spong Mark W., Johnson Jr. C.Richard",,,, ,0,0,0,0,0,0,0,0,0,0,0,0,0,0,0,0,0,0,0,0,0,0,0,0,0,0,0,0,0,0,0,0,0,0,0,0,0,0,0,0,0,0,0,0,0,0,0,0,0,0,0,0,0,0
1982,REALIZATION OF LINEAR NEUTRAL DELAY-DIFFERENTIAL SYSTEMS.,"Spong Mark W., Tarn Tzyh-Jong",,,, ,0,0,0,0,0,0,0,0,0,0,0,0,0,0,0,0,0,0,0,0,0,0,0,0,0,0,0,0,0,0,0,0,0,0,0,0,0,0,0,0,0,0,0,0,0,0,0,0,0,0,0,0,0,0
