," 作者:Szeliski, Richard",,,,,,,,,,,,,,,,,,,,,,,,,,,,,,,,,,,,,,,,,,,,,,,,,,,,,,,,,,,
,,,,,,,,,,,,,,,,,,,,,,,,,,,,,,,,,,,,,,,,,,,,,,,,,,,,,,,,,,,,
,h-index = 82 (在纳入 h-Index 的 216 文献中，有 82 篇已被至少引用 82 次。),,,,,,,,,,,,,,,,,,,,,,,,,,,,,,,,,,,,,,,,,,,,,,,,,,,,,,,,,,,
,,,,,,,,,,,,,,,,,,,,,,,,,,,,,,,,,,,,,,,,,,,,,,,,,,,,,,,,,,,,
,,,,,,,,,,,,,,,,,,,,,,,,,,,,,,,,,,,,,,,,,,,,,,,,,,,,,,,,,,,,
,,,,,,,<1970,1970,1971,1972,1973,1974,1975,1976,1977,1978,1979,1980,1981,1982,1983,1984,1985,1986,1987,1988,1989,1990,1991,1992,1993,1994,1995,1996,1997,1998,1999,2000,2001,2002,2003,2004,2005,2006,2007,2008,2009,2010,2011,2012,2013,2014,2015,2016,2017,2018,2019,2020,>2020,总计
出版年份,文献标题,作者,ISSN,期刊标题,卷,期,0,0,0,0,0,0,0,0,0,0,0,0,0,0,0,0,0,0,0,1,3,13,32,38,44,69,83,94,139,225,217,325,545,587,668,975,974,1168,1231,1360,1696,2185,2443,2703,2864,2585,2946,2658,2604,2604,2345,587,0,37011
2002,A taxonomy and evaluation of dense two-frame stereo correspondence algorithms,"Scharstein D., Szeliski R.",9205691,International Journal of Computer Vision,47, 1-3,0,0,0,0,0,0,0,0,0,0,0,0,0,0,0,0,0,0,0,0,0,0,0,0,0,0,0,0,0,0,0,0,0,13,46,110,139,195,181,233,292,357,376,457,386,375,388,350,325,324,289,68,0,4904
2006,A comparison and evaluation of multi-view stereo reconstruction algorithms,"Seitz S.M., Curless B., Diebel J., Scharstein D., Szeliski R.",10636919,Proceedings of the IEEE Computer Society Conference on Computer Vision and Pattern Recognition,1, ,0,0,0,0,0,0,0,0,0,0,0,0,0,0,0,0,0,0,0,0,0,0,0,0,0,0,0,0,0,0,0,0,0,0,0,0,0,3,41,50,91,96,130,138,129,140,143,123,137,104,127,29,0,1481
1996,Lumigraph,"Gortler Steven J., Grzeszczuk Radek, Szeliski Richard, Cohen Michael F.",,Proceedings of the ACM SIGGRAPH Conference on Computer Graphics,, ,0,0,0,0,0,0,0,0,0,0,0,0,0,0,0,0,0,0,0,0,0,0,0,0,0,0,0,0,14,30,28,44,78,96,98,113,103,79,65,81,62,58,51,52,48,50,59,76,60,43,41,17,0,1446
2006,Photo tourism: Exploring photo collections in 3D,"Snavely N., Seitz S.M., Szeliski R.",7300301,ACM Transactions on Graphics,25,3,0,0,0,0,0,0,0,0,0,0,0,0,0,0,0,0,0,0,0,0,0,0,0,0,0,0,0,0,0,0,0,0,0,0,0,0,0,4,6,20,15,16,44,118,153,144,176,116,156,171,124,34,0,1297
2008,Modeling the world from Internet photo collections,"Snavely N., Seitz S.M., Szeliski R.",9205691,International Journal of Computer Vision,80,2,0,0,0,0,0,0,0,0,0,0,0,0,0,0,0,0,0,0,0,0,0,0,0,0,0,0,0,0,0,0,0,0,0,0,0,0,0,0,0,0,27,53,84,93,115,112,168,126,153,171,153,35,0,1290
2003,High-accuracy stereo depth maps using structured light,"Scharstein D., Szeliski R.",10636919,Proceedings of the IEEE Computer Society Conference on Computer Vision and Pattern Recognition,1, ,0,0,0,0,0,0,0,0,0,0,0,0,0,0,0,0,0,0,0,0,0,0,0,0,0,0,0,0,0,0,0,0,0,0,0,6,32,26,41,37,48,59,82,89,89,78,90,98,79,100,82,31,0,1067
2011,A database and evaluation methodology for optical flow,"Baker S., Scharstein D., Lewis J.P., Roth S., Black M.J., Szeliski R.",9205691,International Journal of Computer Vision,92,1,0,0,0,0,0,0,0,0,0,0,0,0,0,0,0,0,0,0,0,0,0,0,0,0,0,0,0,0,0,0,0,0,0,0,0,0,0,0,0,1,0,3,21,67,99,110,144,139,144,117,160,33,0,1038
2006,Photo tourism: Exploring photo collections in 3D,"Snavely N., Seitz S.M., Szeliski R.",,"ACM SIGGRAPH 2006 Papers, SIGGRAPH '06",, ,0,0,0,0,0,0,0,0,0,0,0,0,0,0,0,0,0,0,0,0,0,0,0,0,0,0,0,0,0,0,0,0,0,0,0,0,0,1,28,65,97,120,131,82,73,60,76,86,26,23,12,2,0,882
2004,High-quality video view interpolation using a layered representation,"Zitnick C.L., Kang S.B., Uyttendaele M., Winder S., Szeliski R.",7300301,ACM Transactions on Graphics,23,3,0,0,0,0,0,0,0,0,0,0,0,0,0,0,0,0,0,0,0,0,0,0,0,0,0,0,0,0,0,0,0,0,0,0,0,4,15,32,61,42,73,77,96,88,86,66,43,21,45,43,39,8,0,839
2006,Image alignment and stitching: A tutorial,Szeliski R.,15722740,Foundations and Trends in Computer Graphics and Vision,2,1,0,0,0,0,0,0,0,0,0,0,0,0,0,0,0,0,0,0,0,0,0,0,0,0,0,0,0,0,0,0,0,0,0,0,0,0,0,0,7,28,29,50,59,63,77,67,88,87,72,90,92,29,0,838
2009,Building Rome in a day,"Agarwal S., Snavely N., Simon I., Seitz S.M., Szeliski R.",,Proceedings of the IEEE International Conference on Computer Vision,, ,0,0,0,0,0,0,0,0,0,0,0,0,0,0,0,0,0,0,0,0,0,0,0,0,0,0,0,0,0,0,0,0,0,0,0,0,0,0,0,0,1,49,81,78,107,79,88,66,60,46,62,12,0,729
2008,A comparative study of energy minimization methods for Markov random fields with smoothness-based priors,"Szeliski R., Zabih R., Scharstein D., Veksler O., Kolmogorov V., Agarwala A., Tappen M., Rother C.",1628828,IEEE Transactions on Pattern Analysis and Machine Intelligence,30,6,0,0,0,0,0,0,0,0,0,0,0,0,0,0,0,0,0,0,0,0,0,0,0,0,0,0,0,0,0,0,0,0,0,0,0,0,0,0,0,10,48,63,79,79,68,83,77,72,53,45,29,10,0,716
2008,Edge-preserving decompositions for multi-scale tone and detail manipulation,"Farbman Z., Fattal R., Lischinski D., Szeliski R.",7300301,ACM Transactions on Graphics,27,3,0,0,0,0,0,0,0,0,0,0,0,0,0,0,0,0,0,0,0,0,0,0,0,0,0,0,0,0,0,0,0,0,0,0,0,0,0,0,0,0,14,18,30,31,65,67,72,92,85,102,87,27,0,690
1997,Creating full view panoramic image mosaics and environment maps,"Szeliski Richard, Shum Heung-Yeung",,Proceedings of the ACM SIGGRAPH Conference on Computer Graphics,, ,0,0,0,0,0,0,0,0,0,0,0,0,0,0,0,0,0,0,0,0,0,0,0,0,0,0,0,0,1,14,10,22,47,37,30,59,37,46,34,25,36,32,17,42,39,30,23,32,24,17,20,4,0,678
1998,Layered depth images,"Shade Jonathan, Gortler Steven, He Li-wei, Szeliski Richard",,Proceedings of the ACM SIGGRAPH Conference on Computer Graphics,, ,0,0,0,0,0,0,0,0,0,0,0,0,0,0,0,0,0,0,0,0,0,0,0,0,0,0,0,0,0,3,13,24,37,40,50,55,34,47,38,32,31,54,33,34,34,19,17,13,16,12,9,3,0,648
2001,A Bayesian approach to digital matting,"Chuang Y.-Y., Curless B., Salesin D.H., Szeliski R.",10636919,Proceedings of the IEEE Computer Society Conference on Computer Vision and Pattern Recognition,2, ,0,0,0,0,0,0,0,0,0,0,0,0,0,0,0,0,0,0,0,0,0,0,0,0,0,0,0,0,0,0,0,0,0,6,2,24,29,39,47,33,55,55,48,48,58,22,25,35,28,21,25,12,0,612
1996,Video mosaics for virtual environments,Szeliski R.,2721716,IEEE Computer Graphics and Applications,16,2,0,0,0,0,0,0,0,0,0,0,0,0,0,0,0,0,0,0,0,0,0,0,0,0,0,0,0,2,6,19,12,25,31,34,29,36,40,45,32,38,24,25,24,23,26,24,8,16,16,13,10,3,0,561
1998,Synthesizing realistic facial expressions from photographs,"Pighin Frederic, Hecker Jamie, Lischinski Dani, Szeliski Richard, Salesin David H.",,Proceedings of the ACM SIGGRAPH Conference on Computer Graphics,, ,0,0,0,0,0,0,0,0,0,0,0,0,0,0,0,0,0,0,0,0,0,0,0,0,0,0,0,0,0,1,5,16,41,35,33,55,50,37,38,36,22,32,34,30,15,9,2,3,6,4,3,1,0,508
2010,Towards internet-scale multi-view stereo,"Furukawa Y., Curless B., Seitz S.M., Szeliski R.",10636919,Proceedings of the IEEE Computer Society Conference on Computer Vision and Pattern Recognition,, ,0,0,0,0,0,0,0,0,0,0,0,0,0,0,0,0,0,0,0,0,0,0,0,0,0,0,0,0,0,0,0,0,0,0,0,0,0,0,0,0,0,9,30,38,54,56,54,60,53,60,49,10,0,473
2007,City-scale location recognition,"Schindler G., Brown M., Szeliski R.",10636919,Proceedings of the IEEE Computer Society Conference on Computer Vision and Pattern Recognition,, ,0,0,0,0,0,0,0,0,0,0,0,0,0,0,0,0,0,0,0,0,0,0,0,0,0,0,0,0,0,0,0,0,0,0,0,0,0,0,1,13,30,36,48,39,45,41,59,34,41,31,31,3,0,452
2011,Building rome in a day,"Agarwal S., Furukawa Y., Snavely N., Simon I., Curless B., Seitz S.M., Szeliski R.",10782,Communications of the ACM,54,10,0,0,0,0,0,0,0,0,0,0,0,0,0,0,0,0,0,0,0,0,0,0,0,0,0,0,0,0,0,0,0,0,0,0,0,0,0,0,0,0,0,0,0,7,20,29,89,68,80,77,54,17,0,441
1989,Kalman filter-based algorithms for estimating depth from image sequences,"Matthies L., Kanade T., Szeliski R.",9205691,International Journal of Computer Vision,3,3,0,0,0,0,0,0,0,0,0,0,0,0,0,0,0,0,0,0,0,0,0,3,6,15,14,18,12,17,13,11,13,15,21,15,12,15,10,12,11,20,19,24,17,25,21,15,15,9,7,17,13,0,0,435
2000,Video textures,"Schodl A., Szeliski R., Salesin D.H., Essa I.",,Proceedings of the ACM SIGGRAPH Conference on Computer Graphics,, ,0,0,0,0,0,0,0,0,0,0,0,0,0,0,0,0,0,0,0,0,0,0,0,0,0,0,0,0,0,0,0,0,8,21,27,30,24,36,35,36,16,19,26,22,23,24,19,14,16,12,12,3,0,423
2007,A database and evaluation methodology for optical flow,"Baker S., Roth S., Scharstein D., Black M.J., Lewis J.P., Szeliski R.",,Proceedings of the IEEE International Conference on Computer Vision,, ,0,0,0,0,0,0,0,0,0,0,0,0,0,0,0,0,0,0,0,0,0,0,0,0,0,0,0,0,0,0,0,0,0,0,0,0,0,0,0,28,39,77,87,52,44,28,21,9,10,8,11,4,0,418
2008,PSF estimation using sharp edge prediction,"Joshi N., Szeliski R., Kriegman D.J.",,"26th IEEE Conference on Computer Vision and Pattern Recognition, CVPR",, ,0,0,0,0,0,0,0,0,0,0,0,0,0,0,0,0,0,0,0,0,0,0,0,0,0,0,0,0,0,0,0,0,0,0,0,0,0,0,0,0,15,25,33,33,54,43,44,39,36,39,37,12,0,410
2004,Digital photography with flash and no-flash image pairs,"Petschnigg G., Szeliski R., Agrawala M., Cohen M., Hoppe H., Toyama K.",7300301,ACM Transactions on Graphics,23,3,0,0,0,0,0,0,0,0,0,0,0,0,0,0,0,0,0,0,0,0,0,0,0,0,0,0,0,0,0,0,0,0,0,0,0,2,4,10,10,21,26,43,33,31,17,8,18,39,56,32,38,6,0,394
2000,Systems and experiment paper: Construction of panoramic image mosaics with global and local alignment,"Shum H.-Y., Szeliski R.",9205691,International Journal of Computer Vision,36,2,0,0,0,0,0,0,0,0,0,0,0,0,0,0,0,0,0,0,0,0,0,0,0,0,0,0,0,0,0,0,0,2,10,14,21,22,22,28,19,29,20,19,25,24,22,18,14,15,13,12,13,2,0,364
2004,Digital photography with flash and no-flash image pairs,"Petschnigg G., Agrawala M., Hoppe H., Szeliski R., Cohen M., Toyama K.",,"ACM SIGGRAPH 2004 Papers, SIGGRAPH 2004",, ,0,0,0,0,0,0,0,0,0,0,0,0,0,0,0,0,0,0,0,0,0,0,0,0,0,0,0,0,0,0,0,0,0,0,0,0,2,4,6,1,2,9,2,18,44,66,71,43,9,40,32,11,0,360
1993,Rapid Octree Construction from Image Sequences,Szeliski R.,10499660,CVGIP: Image Understanding,58,1,0,0,0,0,0,0,0,0,0,0,0,0,0,0,0,0,0,0,0,0,0,0,0,0,0,3,2,3,2,4,5,14,17,12,29,26,21,24,19,10,20,16,18,18,17,13,11,4,9,8,4,0,0,329
2008,Automatic estimation and removal of noise from a single image,"Liu C., Szeliski R., Kang S.B., Zitnick C.L., Freeman W.T.",1628828,IEEE Transactions on Pattern Analysis and Machine Intelligence,30,2,0,0,0,0,0,0,0,0,0,0,0,0,0,0,0,0,0,0,0,0,0,0,0,0,0,0,0,0,0,0,0,0,0,0,0,0,0,0,0,1,15,23,29,31,42,37,33,27,20,29,27,10,0,324
2001,A taxonomy and evaluation of dense two-frame stereo correspondence algorithms,"Scharstein D., Szeliski R., Zabih R.",,"Proceedings - IEEE Workshop on Stereo and Multi-Baseline Vision, SMBV 2001",, ,0,0,0,0,0,0,0,0,0,0,0,0,0,0,0,0,0,0,0,0,0,0,0,0,0,0,0,0,0,0,0,0,0,3,6,11,9,5,10,6,14,13,16,18,29,20,22,15,27,41,32,3,0,300
2005,Multi-image matching using multi-scale oriented patches,"Brown M., Szeliski R., Winder S.",,"Proceedings - 2005 IEEE Computer Society Conference on Computer Vision and Pattern Recognition, CVPR 2005",I, ,0,0,0,0,0,0,0,0,0,0,0,0,0,0,0,0,0,0,0,0,0,0,0,0,0,0,0,0,0,0,0,0,0,0,0,0,2,5,18,21,20,20,26,26,24,12,18,19,24,18,16,3,0,272
2004,High-quality video view interpolation using a layered representation,"Zitnick C.L., Kang S.B., Uyttendaele M., Winder S., Szeliski R.",,"ACM SIGGRAPH 2004 Papers, SIGGRAPH 2004",, ,0,0,0,0,0,0,0,0,0,0,0,0,0,0,0,0,0,0,0,0,0,0,0,0,0,0,0,0,0,0,0,0,0,0,0,2,8,17,24,21,23,30,21,15,19,11,18,26,12,10,9,0,0,266
2001,Eliminating ghosting and exposure artifacts in image mosaics,"Uyttendaele M., Eden A., Szeliski R.",10636919,Proceedings of the IEEE Computer Society Conference on Computer Vision and Pattern Recognition,2, ,0,0,0,0,0,0,0,0,0,0,0,0,0,0,0,0,0,0,0,0,0,0,0,0,0,0,0,0,0,0,0,0,0,0,5,7,9,25,13,11,15,15,11,28,17,14,20,17,10,18,18,2,0,255
2001,Handling occlusions in dense multi-view stereo,"Kang S.B., Szeliski R., Chai J.",10636919,Proceedings of the IEEE Computer Society Conference on Computer Vision and Pattern Recognition,1, ,0,0,0,0,0,0,0,0,0,0,0,0,0,0,0,0,0,0,0,0,0,0,0,0,0,0,0,0,0,0,0,0,1,7,11,17,10,23,10,17,15,24,9,15,14,8,12,16,12,17,12,0,0,250
2009,Manhattan-world stereo,"Furukawa Y., Curless B., Seitz S.M., Szeliski R.",,"2009 IEEE Computer Society Conference on Computer Vision and Pattern Recognition Workshops, CVPR Workshops 2009",2009, ,0,0,0,0,0,0,0,0,0,0,0,0,0,0,0,0,0,0,0,0,0,0,0,0,0,0,0,0,0,0,0,0,0,0,0,0,0,0,0,0,1,16,28,21,33,20,38,21,21,26,18,3,0,246
2003,High dynamic range video,"Kang S.B., Uyttendaele M., Winder S., Szeliski R.",,"ACM SIGGRAPH 2003 Papers, SIGGRAPH '03",, ,0,0,0,0,0,0,0,0,0,0,0,0,0,0,0,0,0,0,0,0,0,0,0,0,0,0,0,0,0,0,0,0,0,0,0,18,20,14,21,11,13,18,16,36,16,22,18,14,2,2,2,0,0,243
2006,Noise estimation from a single image,"Liu C., Freeman W.T., Szeliski R., Kang S.B.",10636919,Proceedings of the IEEE Computer Society Conference on Computer Vision and Pattern Recognition,1, ,0,0,0,0,0,0,0,0,0,0,0,0,0,0,0,0,0,0,0,0,0,0,0,0,0,0,0,0,0,0,0,0,0,0,0,0,0,0,13,17,12,19,19,23,19,12,15,16,24,22,17,6,0,234
2008,Edge-preserving decompositions for multi-scale tone and detail manipulation,"Farbman Z., Fattal R., Lischinski D., Szeliski R.",,"SIGGRAPH'08: International Conference on Computer Graphics and Interactive Techniques, ACM SIGGRAPH 2008 Papers 2008",, ,0,0,0,0,0,0,0,0,0,0,0,0,0,0,0,0,0,0,0,0,0,0,1,0,0,0,0,0,0,0,0,0,0,0,0,0,0,0,0,0,3,15,6,4,8,9,21,25,37,48,29,9,0,215
2008,Skeletal graphs for efficient structure from motion,"Snavely N., Seitz S.M., Szeliski R.",,"26th IEEE Conference on Computer Vision and Pattern Recognition, CVPR",, ,0,0,0,0,0,0,0,0,0,0,0,0,0,0,0,0,0,0,0,0,0,0,0,0,0,0,0,0,0,0,0,0,0,0,0,0,0,0,0,0,7,24,16,23,21,19,24,14,16,21,12,2,0,199
1992,Surface modeling with oriented particle systems,"Szeliski Richard, Tonnesen David",978930,Computer Graphics (ACM),26,2,0,0,0,0,0,0,0,0,0,0,0,0,0,0,0,0,0,0,0,0,0,0,0,0,2,12,2,8,6,9,5,7,11,9,20,14,13,17,15,8,4,7,2,5,1,5,5,4,2,1,2,1,0,197
2010,Image deblurring using inertial measurement sensors,"Joshi N., Kang S.B., Zitnick C.L., Szeliski R.",7300301,ACM Transactions on Graphics,29,4,0,0,0,0,0,0,0,0,0,0,0,0,0,0,0,0,0,0,0,0,0,0,0,0,0,0,0,0,0,0,0,0,0,0,0,0,0,0,0,0,0,5,19,26,35,38,21,18,18,8,4,1,0,193
1995,Recovering the Position and Orientation of Free-Form Objects from Image Contours Using 3D Distance Maps,"Lavallee S., Szeliski R.",1628828,IEEE Transactions on Pattern Analysis and Machine Intelligence,17,4,0,0,0,0,0,0,0,0,0,0,0,0,0,0,0,0,0,0,0,0,0,0,0,0,0,0,3,5,9,8,13,4,14,11,16,9,15,17,9,8,6,9,6,3,5,3,5,1,3,4,1,1,0,188
1998,Stereo Matching with Nonlinear Diffusion,"Scharstein D., Szeliski R.",9205691,International Journal of Computer Vision,28,2,0,0,0,0,0,0,0,0,0,0,0,0,0,0,0,0,0,0,0,0,0,0,0,0,0,0,0,0,0,0,2,2,10,12,6,17,9,15,11,11,12,17,10,15,7,4,5,5,2,4,4,1,0,181
2010,Bundle adjustment in the large,"Agarwal S., Snavely N., Seitz S.M., Szeliski R.",3029743,Lecture Notes in Computer Science (including subseries Lecture Notes in Artificial Intelligence and Lecture Notes in Bioinformatics),6312,2,0,0,0,0,0,0,0,0,0,0,0,0,0,0,0,0,0,0,0,0,0,0,0,0,0,0,0,0,0,0,0,0,0,0,0,0,0,0,0,0,0,0,3,12,7,20,19,30,31,25,23,7,0,177
1994,Image mosaicing for tele-reality applications,Szeliski Richard,,IEEE Workshop on Applications of Computer Vision - Proceedings,, ,0,0,0,0,0,0,0,0,0,0,0,0,0,0,0,0,0,0,0,0,0,0,0,0,0,0,0,2,4,5,5,4,8,8,4,12,20,18,10,7,10,6,4,9,10,7,6,4,5,2,6,1,0,177
2006,A comparative study of energy minimization methods for Markov random fields,"Szeliski R., Zabih R., Scharstein D., Veksler O., Kolmogorov V., Agarwala A., Tappen M., Rother G.",3029743,Lecture Notes in Computer Science (including subseries Lecture Notes in Artificial Intelligence and Lecture Notes in Bioinformatics),3952, ,0,0,0,0,0,0,0,0,0,0,0,0,0,0,0,0,0,0,0,0,0,0,0,0,0,0,0,0,0,0,0,0,0,0,0,0,0,0,10,11,7,24,12,17,20,15,12,11,13,12,6,1,0,171
2006,Interactive local adjustment of tonal values,"Lischinski D., Farbman Z., Uyttendaele M., Szeliski R.",,"ACM SIGGRAPH 2006 Papers, SIGGRAPH '06",, ,0,0,0,0,0,0,0,0,0,0,0,0,0,0,0,0,0,0,0,0,0,0,1,0,0,0,0,0,0,0,0,0,0,0,0,0,0,1,5,14,19,23,20,18,19,22,14,9,0,1,0,0,0,166
1996,Matching 3-D anatomical surfaces with non-rigid deformations using octree-splines,"Szeliski R., Lavallee S.",9205691,International Journal of Computer Vision,18,2,0,0,0,0,0,0,0,0,0,0,0,0,0,0,0,0,0,0,0,0,0,0,0,0,0,0,0,1,4,6,9,11,6,14,15,7,12,11,9,7,5,5,4,7,6,4,7,3,5,6,1,1,0,166
2000,Layer extraction from multiple images containing reflections and transparency,"Szeliski Richard, Avidan Shai, Anandan P.",10636919,Proceedings of the IEEE Computer Society Conference on Computer Vision and Pattern Recognition,1, ,0,0,0,0,0,0,0,0,0,0,0,0,0,0,0,0,0,0,0,0,0,0,0,0,0,0,0,0,0,0,0,0,1,6,9,8,7,10,8,7,9,7,10,6,9,8,9,6,14,13,13,3,0,163
1997,Spline-Based Image Registration,"Szeliski R., Coughlan J.",9205691,International Journal of Computer Vision,22,3,0,0,0,0,0,0,0,0,0,0,0,0,0,0,0,0,0,0,0,0,0,0,0,0,0,0,0,0,0,1,3,5,8,9,10,9,12,11,6,10,17,5,8,5,11,7,7,2,4,6,4,3,0,163
1999,Resynthesizing facial animation through 3D model-based tracking,"Pighin Frederic, Szeliski Richard, Salesin David H.",,Proceedings of the IEEE International Conference on Computer Vision,1, ,0,0,0,0,0,0,0,0,0,0,0,0,0,0,0,0,0,0,0,0,0,0,0,0,0,0,0,0,0,0,0,1,9,8,8,15,17,11,12,7,7,7,20,4,8,3,8,5,2,2,3,0,0,157
1996,The lumigraph,"Gortler S.J., Grzeszczuk R., Szeliski R., Cohen M.F.",,"Proceedings of the 23rd Annual Conference on Computer Graphics and Interactive Techniques, SIGGRAPH 1996",, ,0,0,0,0,0,0,0,0,0,0,0,0,0,0,0,0,0,0,0,0,0,0,0,0,0,0,0,0,1,2,3,1,2,4,5,5,2,7,5,2,4,1,5,2,2,4,2,6,13,34,35,8,0,155
2006,"Reconstructing occluded surfaces using synthetic apertures: Stereo, focus and robust measures","Vaish V., Szeliski R., Zitnick C.L., Kang S.B., Levoy M.",10636919,Proceedings of the IEEE Computer Society Conference on Computer Vision and Pattern Recognition,2, ,0,0,0,0,0,0,0,0,0,0,0,0,0,0,0,0,0,0,0,0,0,0,0,0,0,0,0,0,0,0,0,0,0,0,0,0,0,1,4,2,11,5,13,11,20,14,13,13,16,15,14,2,0,154
1994,Recovering 3d shape and motion from image streams using nonlinear least squares,"Szeliski R., Kang S.B.",10473203,Journal of Visual Communication and Image Representation,5,1,0,0,0,0,0,0,0,0,0,0,0,0,0,0,0,0,0,0,0,0,0,0,0,0,0,0,4,2,6,6,7,13,11,12,11,6,5,10,4,9,2,4,2,4,3,2,5,3,7,6,4,2,0,150
2002,Video matting of complex scenes,"Chuang Y.-Y., Agarwala A., Curless B., Salesin D.H., Szeliski R.",7300301,ACM Transactions on Graphics,21,3,0,0,0,0,0,0,0,0,0,0,0,0,0,0,0,0,0,0,0,0,0,0,0,0,0,0,0,0,0,0,0,0,0,0,4,11,6,10,9,6,11,14,8,14,14,12,9,6,9,2,4,0,0,149
2009,Image deblurring and denoising using color priors,"Joshi N., Zitnick C.L., Szeliski R., Kriegman D.J.",,"2009 IEEE Computer Society Conference on Computer Vision and Pattern Recognition Workshops, CVPR Workshops 2009",2009, ,0,0,0,0,0,0,0,0,0,0,0,0,0,0,0,0,0,0,0,0,0,0,0,0,0,0,0,0,0,0,0,0,0,0,0,0,0,0,0,0,2,8,14,16,19,17,14,6,11,13,13,6,0,139
1990,Fast Surface Interpolation Using Hierarchical Basis Functions,Szeliski R.,1628828,IEEE Transactions on Pattern Analysis and Machine Intelligence,12,6,0,0,0,0,0,0,0,0,0,0,0,0,0,0,0,0,0,0,0,0,0,1,8,5,7,7,3,4,10,9,0,2,11,5,4,8,10,5,8,3,2,5,9,0,2,0,1,4,1,0,1,1,0,136
2008,Interactive 3D architectural modeling from unordered photo collections,"Sinha S.N., Steedly D., Szeliski R., Agrawala M., Pollefeys M.",7300301,ACM Transactions on Graphics,27,5,0,0,0,0,0,0,0,0,0,0,0,0,0,0,0,0,0,0,0,0,0,0,0,0,0,0,0,0,0,0,0,0,0,0,0,0,0,0,0,0,8,12,11,10,18,9,12,13,7,11,9,0,0,120
2005,Panoramic video textures,"Agarwala A., Zheng K.C., Pal C., Agrawala M., Cohen M., Curless B., Salesin D., Szeliski R.",7300301,ACM Transactions on Graphics,24,3,0,0,0,0,0,0,0,0,0,0,0,0,0,0,0,0,0,0,0,0,0,0,0,0,0,0,0,0,0,0,0,0,0,0,0,0,2,12,10,9,4,8,7,16,10,12,8,5,6,5,6,0,0,120
2006,Interactive local adjustment of tonal values,"Lischinski D., Farbman Z., Uyttendaele M., Szeliski R.",7300301,ACM Transactions on Graphics,25,3,0,0,0,0,0,0,0,0,0,0,0,0,0,0,0,0,0,0,0,0,0,0,0,0,0,0,0,0,0,0,0,0,0,0,0,0,0,1,2,3,3,4,6,2,8,4,5,18,20,19,19,5,0,119
1998,Construction and refinement of panoramic mosaics with global and local alignment,"Shum Heung-Yeung, Szeliski Richard",,Proceedings of the IEEE International Conference on Computer Vision,, ,0,0,0,0,0,0,0,0,0,0,0,0,0,0,0,0,0,0,0,0,0,0,0,0,0,0,0,0,1,1,4,4,6,7,9,5,7,12,10,6,4,9,4,3,5,4,3,4,3,0,2,4,0,117
1998,Layered approach to stereo reconstruction,"Baker Simon, Szeliski Richard, Anandan P.",10636919,Proceedings of the IEEE Computer Society Conference on Computer Vision and Pattern Recognition,, ,0,0,0,0,0,0,0,0,0,0,0,0,0,0,0,0,0,0,0,0,0,0,0,0,0,0,0,0,0,3,3,3,6,4,4,17,10,11,11,3,9,5,3,2,6,2,1,2,1,2,2,0,0,110
2005,Extracting layers and analyzing their specular properties using epipolar-plane-image analysis,"Criminisi A., Kang S.B., Swaminathan R., Szeliski R., Anandan P.",10773142,Computer Vision and Image Understanding,97,1,0,0,0,0,0,0,0,0,0,0,0,0,0,0,0,0,0,0,0,0,0,0,0,0,0,0,0,0,0,0,0,0,0,0,0,0,1,3,5,5,9,2,3,2,11,7,8,17,14,17,3,1,0,108
2001,An integrated Bayesian approach to layer extraction from image sequences,"Torr P.H.S., Szeliski R., Anandan P.",1628828,IEEE Transactions on Pattern Analysis and Machine Intelligence,23,3,0,0,0,0,0,0,0,0,0,0,0,0,0,0,0,0,0,0,0,0,0,0,0,0,0,0,0,0,0,0,0,0,2,5,9,12,9,11,15,6,10,6,3,5,1,4,2,2,2,2,1,0,0,107
2003,High dynamic range video,"Kang S.B., Uyttendaele M., Winder S., Szeliski R.",7300301,ACM Transactions on Graphics,22,3,0,0,0,0,0,0,0,0,0,0,0,0,0,0,0,0,0,0,0,0,0,0,0,0,0,0,0,0,0,0,0,0,0,0,0,2,4,2,4,5,2,5,2,1,4,6,3,10,23,15,12,5,0,105
2006,Seamless image stitching of scenes with large motions and exposure differences,"Eden A., Uyttendaele M., Szeliski R.",10636919,Proceedings of the IEEE Computer Society Conference on Computer Vision and Pattern Recognition,2, ,0,0,0,0,0,0,0,0,0,0,0,0,0,0,0,0,0,0,0,0,0,0,0,0,0,0,0,0,0,0,0,0,0,0,0,0,0,2,4,3,3,8,6,15,5,5,11,6,9,10,12,4,0,103
2008,Finding paths through the world's photos,"Snavely N., Garg R., Seitz S.M., Szeliski R.",7300301,ACM Transactions on Graphics,27,3,0,0,0,0,0,0,0,0,0,0,0,0,0,0,0,0,0,0,0,0,0,0,0,0,0,0,0,0,0,0,0,0,0,0,0,0,0,0,0,0,10,15,11,9,12,9,14,11,4,3,3,0,0,101
2014,First-person hyper-lapse videos,"Kopf J., Cohen M.F., Szeliski R.",7342071,ACM Transactions on Graphics,33,4,0,0,0,0,0,0,0,0,0,0,0,0,0,0,0,0,0,0,0,0,0,0,0,0,0,0,0,0,0,0,0,0,0,0,0,0,0,0,0,0,0,0,0,0,0,1,17,20,22,22,15,3,0,100
2000,Environment matting extensions: Towards higher accuracy and real-time capture,"Chuang Y.-Y., Zongker D.E., Hindorff J., Curless B., Salesin D.H., Szeliski R.",,Proceedings of the ACM SIGGRAPH Conference on Computer Graphics,, ,0,0,0,0,0,0,0,0,0,0,0,0,0,0,0,0,0,0,0,0,0,0,0,0,0,0,0,0,0,0,0,1,1,8,7,8,9,13,3,9,6,6,7,7,3,0,4,1,2,3,1,0,0,99
2012,Image restoration by matching gradient distributions,"Cho T.S., Zitnick C.L., Joshi N., Kang S.B., Szeliski R., Freeman W.T.",1628828,IEEE Transactions on Pattern Analysis and Machine Intelligence,34,4,0,0,0,0,0,0,0,0,0,0,0,0,0,0,0,0,0,0,0,0,0,0,0,0,0,0,0,0,0,0,0,0,0,0,0,0,0,0,0,0,0,0,0,2,14,19,19,13,8,10,10,2,0,97
2002,Video matting of complex scenes,"Chuang Y.-Y., Agarwala A., Curless B., Salesin D.H., Szeliski R.",,"Proceedings of the 29th Annual Conference on Computer Graphics and Interactive Techniques, SIGGRAPH '02",, ,0,0,0,0,0,0,0,0,0,0,0,0,0,0,0,0,0,0,0,0,0,0,0,0,0,0,0,0,0,0,0,0,0,0,2,5,9,8,5,4,8,16,10,8,2,3,3,7,1,1,2,0,0,94
1999,Stereo reconstruction from multiperspective panoramas,"Shum Heung-Yeung, Szeliski Richard",,Proceedings of the IEEE International Conference on Computer Vision,1, ,0,0,0,0,0,0,0,0,0,0,0,0,0,0,0,0,0,0,0,0,0,0,0,0,0,0,0,0,0,0,0,2,15,8,9,9,7,6,3,4,4,7,2,3,4,1,2,1,2,2,1,0,0,92
1998,Interactive construction of 3D models from panoramic mosaics,"Shum Heung-Yeung, Han Mei, Szeliski Richard",10636919,Proceedings of the IEEE Computer Society Conference on Computer Vision and Pattern Recognition,, ,0,0,0,0,0,0,0,0,0,0,0,0,0,0,0,0,0,0,0,0,0,0,0,0,0,0,0,0,0,2,3,7,11,5,7,11,7,4,5,5,2,2,3,5,4,1,4,2,1,0,1,0,0,92
1998,Synthesizing realistic facial expressions from photographs,"Pighin F., Hecker J., Lischinski D., Szeliski R., Salesin D.H.",,"Proceedings of the 25th Annual Conference on Computer Graphics and Interactive Techniques, SIGGRAPH 1998",, ,0,0,0,0,0,0,0,0,0,0,0,0,0,0,0,0,0,0,0,0,0,0,0,0,0,0,0,0,0,0,2,5,5,8,4,3,3,9,2,6,3,1,1,1,1,11,12,6,6,2,0,1,0,92
1990,Bayesian modeling of uncertainty in low-level vision,Szeliski R.,9205691,International Journal of Computer Vision,5,3,0,0,0,0,0,0,0,0,0,0,0,0,0,0,0,0,0,0,0,0,0,0,0,1,1,3,4,2,2,2,2,2,7,6,3,6,4,1,4,8,6,4,6,5,1,1,2,4,0,1,2,0,0,90
1997,A layered video object coding system using sprite and affine motion model,"Lee M.-C., Chen W.-G., Lin C.-L.B., Gu C., Markoc T., Zabinsky S.I., Szeliski R.",10518215,IEEE Transactions on Circuits and Systems for Video Technology,7,1,0,0,0,0,0,0,0,0,0,0,0,0,0,0,0,0,0,0,0,0,0,0,0,0,0,0,0,0,1,8,3,5,6,9,5,10,8,4,3,7,2,1,4,8,2,0,1,0,0,2,0,0,0,89
1993,Modeling surfaces of arbitrary topology with dynamic particles,"Szeliski Richard, Tonnesen David, Terzopoulos Demetri",,IEEE Computer Vision and Pattern Recognition,, ,0,0,0,0,0,0,0,0,0,0,0,0,0,0,0,0,0,0,0,0,0,0,0,0,0,2,5,5,10,7,4,2,2,5,4,4,5,6,1,2,5,6,2,4,0,1,2,1,2,0,2,0,0,89
2010,Scene reconstruction and visualization from community photo collections,"Snavely N., Simon I., Goesele M., Szeliski R., Seitz S.M.",189219,Proceedings of the IEEE,98,8,0,0,0,0,0,0,0,0,0,0,0,0,0,0,0,0,0,0,0,0,0,0,0,0,0,0,0,0,0,0,0,0,0,0,0,0,0,0,0,0,0,2,5,7,19,9,10,6,11,9,6,3,0,87
1994,Hierarchical spline-based image registration,"Szeliski Richard, Coughlan James",10636919,Proceedings of the IEEE Computer Society Conference on Computer Vision and Pattern Recognition,, ,0,0,0,0,0,0,0,0,0,0,0,0,0,0,0,0,0,0,0,0,0,0,0,0,0,2,1,3,5,10,5,4,4,6,3,10,5,6,2,1,4,2,4,2,1,0,1,3,1,0,0,0,0,85
2005,Animating pictures with stochastic motion textures,"Chuang Y.-Y., Goldman D.B., Zheng K.C., Curless B., Salesin D.H., Szeliski R.",7300301,ACM Transactions on Graphics,24,3,0,0,0,0,0,0,0,0,0,0,0,0,0,0,0,0,0,0,0,0,0,0,0,0,0,0,0,0,0,0,0,0,0,0,0,0,1,2,4,7,7,6,9,8,4,4,5,7,9,3,8,0,0,84
2006,Photographing long scenes with multi-viewpoint panoramas,"Agarwala A., Agrawala M., Cohen M., Salesin D., Szeliski R.",,"ACM SIGGRAPH 2006 Papers, SIGGRAPH '06",, ,0,0,0,0,0,0,0,0,0,0,0,0,0,0,0,0,0,0,0,0,0,0,0,0,0,0,0,0,0,0,0,0,0,0,0,0,0,0,9,14,17,13,9,7,0,4,4,6,0,0,0,0,0,83
2004,Image-based interactive exploration of real-world environments,"Uyttendaele M., Criminisi A., Kang S.B., Winder S., Szeliski R., Hartley R.",2721716,IEEE Computer Graphics and Applications,24,3,0,0,0,0,0,0,0,0,0,0,0,0,0,0,0,0,0,0,0,0,0,0,0,0,0,0,0,0,0,0,0,0,0,0,0,2,5,11,6,11,5,4,3,4,3,4,4,7,6,5,1,0,0,81
1999,Prediction error as a quality metric for motion and stereo,Szeliski Richard,,Proceedings of the IEEE International Conference on Computer Vision,2, ,0,0,0,0,0,0,0,0,0,0,0,0,0,0,0,0,0,0,0,0,0,0,0,0,0,0,0,0,0,0,0,3,6,3,3,4,3,4,5,2,8,1,9,12,1,0,2,1,3,2,9,0,0,81
2006,Photographing long scenes with multi-viewpoint panoramas,"Agarwala A., Agrawala M., Cohen M., Salesin D., Szeliski R.",7300301,ACM Transactions on Graphics,25,3,0,0,0,0,0,0,0,0,0,0,0,0,0,0,0,0,0,0,0,0,0,0,0,0,0,0,0,0,0,0,0,0,0,0,0,0,0,1,1,4,2,6,2,8,12,11,5,3,5,8,9,1,0,78
2014,Efficient high-resolution stereo matching using local plane sweeps,"Sinha S.N., Scharstein D., Szeliski R.",10636919,Proceedings of the IEEE Computer Society Conference on Computer Vision and Pattern Recognition,, ,0,0,0,0,0,0,0,0,0,0,0,0,0,0,0,0,0,0,0,0,0,0,0,0,0,0,0,0,0,0,0,0,0,0,0,0,0,0,0,0,0,0,0,0,0,0,11,16,13,18,14,4,0,76
2010,A content-aware image prior,"Cho T.S., Joshi N., Zitnick C.L., Kang S.B., Szeliski R., Freeman W.T.",10636919,Proceedings of the IEEE Computer Society Conference on Computer Vision and Pattern Recognition,, ,0,0,0,0,0,0,0,0,0,0,0,0,0,0,0,0,0,0,0,0,0,0,0,0,0,0,0,0,0,0,0,0,0,0,0,0,0,0,0,0,0,0,7,10,13,11,10,7,5,5,4,4,0,76
1995,Direct methods for visual scene reconstruction,"Szeliski Richard, Kang Sing Bing",,Proceedings of the IEEE Workshop on Representation of Visual Scenes,, ,0,0,0,0,0,0,0,0,0,0,0,0,0,0,0,0,0,0,0,0,0,0,0,0,0,0,0,1,2,3,2,5,4,3,6,4,3,2,5,1,5,0,7,4,4,2,3,4,4,1,1,0,0,76
2010,Removing rolling shutter wobble,"Baker S., Bennett E., Kang S.B., Szeliski R.",10636919,Proceedings of the IEEE Computer Society Conference on Computer Vision and Pattern Recognition,, ,0,0,0,0,0,0,0,0,0,0,0,0,0,0,0,0,0,0,0,0,0,0,0,0,0,0,0,0,0,0,0,0,0,0,0,0,0,0,0,0,0,0,6,5,10,10,11,14,7,7,4,1,0,75
1996,Motion estimation with quadtree splines,"Szeliski R., Shum H.-Y.",1628828,IEEE Transactions on Pattern Analysis and Machine Intelligence,18,12,0,0,0,0,0,0,0,0,0,0,0,0,0,0,0,0,0,0,0,0,0,0,1,0,0,0,0,0,3,5,0,4,3,6,5,7,5,3,6,3,3,3,4,0,4,2,2,2,2,0,0,0,0,73
1992,From accurate range imaging sensor calibration to accurate model-based 3D object localization,"Champleboux G., Lavallee S., Szeliski R., Brunie L.",10636919,Proceedings of the IEEE Computer Society Conference on Computer Vision and Pattern Recognition,1992-, ,0,0,0,0,0,0,0,0,0,0,0,0,0,0,0,0,0,0,0,0,0,0,0,1,1,2,8,5,3,7,1,4,4,2,5,5,2,2,2,2,2,2,0,0,4,0,1,3,0,3,2,0,0,73
2006,Finding people in repeated shots of the same scene,"Sivic J., Zitnick C.L., Szeliski R.",,BMVC 2006 - Proceedings of the British Machine Vision Conference 2006,, ,0,0,0,0,0,0,0,0,0,0,0,0,0,0,0,0,0,0,0,0,0,0,0,0,0,0,0,0,0,0,0,0,0,0,0,0,0,0,6,7,5,7,9,8,10,8,4,4,1,2,1,0,0,72
2008,Interactive 3D architectural modeling from unordered photo collections,"Sinha S.N., Steedly D., Szeliski R., Agrawala M., Pollefeys M.",,"ACM SIGGRAPH Asia 2008 Papers, SIGGRAPH Asia'08",, ,0,0,0,0,0,0,0,0,0,0,0,0,0,0,0,0,0,0,0,0,0,0,0,0,0,0,0,0,0,0,0,0,0,0,0,0,0,0,0,0,6,3,10,10,8,6,5,6,4,6,5,2,0,71
2005,Efficiently registering video into panoramic mosaics,"Steedly D., Pal C., Szeliski R.",,Proceedings of the IEEE International Conference on Computer Vision,II, ,0,0,0,0,0,0,0,0,0,0,0,0,0,0,0,0,0,0,0,0,0,0,0,0,0,0,0,0,0,0,0,0,0,0,0,0,0,2,1,3,5,10,4,7,7,8,6,5,4,3,5,0,0,70
1999,Stereo matching with transparency and matting,"Szeliski R., Golland P.",9205691,International Journal of Computer Vision,32,1,0,0,0,0,0,0,0,0,0,0,0,0,0,0,0,0,0,0,0,0,0,0,0,0,0,0,0,0,0,0,1,1,2,3,6,10,3,5,11,3,3,5,1,2,0,1,1,2,5,2,2,0,0,69
2009,Alignment of 3d point clouds to overhead images,"Kaminsky R.S., Snavely N., Seitz S.M., Szeliski R.",,"2009 IEEE Conference on Computer Vision and Pattern Recognition, CVPR 2009",, ,0,0,0,0,0,0,0,0,0,0,0,0,0,0,0,0,0,0,0,0,0,0,0,0,0,0,0,0,0,0,0,0,0,0,0,0,0,0,0,0,1,6,4,9,10,8,11,9,2,3,5,0,0,68
2004,Visual odometry and map correlation,"Levin A., Szeliski R.",10636919,Proceedings of the IEEE Computer Society Conference on Computer Vision and Pattern Recognition,1, ,0,0,0,0,0,0,0,0,0,0,0,0,0,0,0,0,0,0,0,0,0,0,0,0,0,0,0,0,0,0,0,0,0,0,0,0,2,4,7,6,7,5,8,11,7,2,5,0,2,1,1,0,0,68
2004,Extracting view-dependent depth maps from a collection of images,"Kang S.B., Szeliski R.",9205691,International Journal of Computer Vision,58,2,0,0,0,0,0,0,0,0,0,0,0,0,0,0,0,0,0,0,0,0,0,0,0,0,0,0,0,0,0,0,0,0,0,0,0,0,1,3,3,6,3,4,7,5,9,4,9,7,6,0,1,0,0,68
2004,Stereo Reconstruction from Multiperspective Panoramas,"Li Y., Shum H.-Y., Tang C.-K., Szeliski R.",1628828,IEEE Transactions on Pattern Analysis and Machine Intelligence,26,1,0,0,0,0,0,0,0,0,0,0,0,0,0,0,0,0,0,0,0,0,0,0,0,0,0,0,0,0,0,0,0,0,0,0,0,1,3,12,9,7,6,5,2,4,3,3,4,3,2,2,2,0,0,68
1998,Layered depth images,"Shade J., Gortler S., He L.-W., Szeliski R.",,"Proceedings of the 25th Annual Conference on Computer Graphics and Interactive Techniques, SIGGRAPH 1998",, ,0,0,0,0,0,0,0,0,0,0,0,0,0,0,0,0,0,0,0,0,0,0,0,0,0,0,0,0,0,0,2,1,0,5,1,0,2,4,3,3,4,1,1,1,3,3,4,8,6,6,8,2,0,68
1998,Geometrically constrained structure from motion: Points on planes,"Szeliski R., Torr P.H.S.",3029743,Lecture Notes in Computer Science (including subseries Lecture Notes in Artificial Intelligence and Lecture Notes in Bioinformatics),1506, ,0,0,0,0,0,0,0,0,0,0,0,0,0,0,0,0,0,0,0,0,0,0,0,0,0,0,0,0,0,0,0,5,5,6,2,4,3,4,3,3,1,3,2,3,3,4,6,2,3,2,3,0,0,67
1997,3-D Scene Data Recovery Using Omnidirectional Multibaseline Stereo,"Kang S.B., Szeliski R.",9205691,International Journal of Computer Vision,25,2,0,0,0,0,0,0,0,0,0,0,0,0,0,0,0,0,0,0,0,0,0,0,0,0,0,0,0,0,0,1,1,3,9,2,1,5,3,5,6,6,2,5,4,1,4,3,1,2,0,0,2,0,0,66
1991,Fast shape from shading,Szeliski R.,10499660,CVGIP: Image Understanding,53,2,0,0,0,0,0,0,0,0,0,0,0,0,0,0,0,0,0,0,0,0,0,0,1,1,2,3,2,4,4,0,5,1,7,1,4,2,1,3,6,5,1,0,3,1,3,1,0,1,4,0,0,0,0,66
1989,From splines to fractals,"Szeliski R., Terzopoulos D.",,"Proceedings of the 16th Annual Conference on Computer Graphics and Interactive Techniques, SIGGRAPH 1989",, ,0,0,0,0,0,0,0,0,0,0,0,0,0,0,0,0,0,0,0,0,0,2,5,2,1,3,1,1,2,2,4,1,2,3,1,1,1,4,5,2,5,5,4,2,1,1,1,0,1,1,0,0,0,64
2010,Street slide: Browsing street level imagery,"Kopf J., Chen B., Szeliski R., Cohen M.",7300301,ACM Transactions on Graphics,29,4,0,0,0,0,0,0,0,0,0,0,0,0,0,0,0,0,0,0,0,0,0,0,0,0,0,0,0,0,0,0,0,0,0,0,0,0,0,0,0,0,0,1,9,10,12,10,8,3,4,1,5,0,0,63
2004,Sampling the Disparity Space Image,"Szeliski R., Scharstein D.",1628828,IEEE Transactions on Pattern Analysis and Machine Intelligence,26,3,0,0,0,0,0,0,0,0,0,0,0,0,0,0,0,0,0,0,0,0,0,0,0,0,0,0,0,0,0,0,0,0,0,0,0,0,3,1,4,3,6,8,2,5,8,5,5,5,3,4,1,0,0,63
1998,Stereo matching with transparency and matting,"Szeliski Richard, Golland Polina",,Proceedings of the IEEE International Conference on Computer Vision,, ,0,0,0,0,0,0,0,0,0,0,0,0,0,0,0,0,0,0,0,0,0,0,0,0,0,0,0,0,0,2,2,4,2,8,4,13,7,3,2,0,1,0,1,1,0,1,4,3,1,2,0,0,0,61
2011,Structure from motion for scenes with large duplicate structures,"Roberts R., Sinha S.N., Szeliski R., Steedly D.",10636919,Proceedings of the IEEE Computer Society Conference on Computer Vision and Pattern Recognition,, ,0,0,0,0,0,0,0,0,0,0,0,0,0,0,0,0,0,0,0,0,0,0,0,0,0,0,0,0,0,0,0,0,0,0,0,0,0,0,0,0,0,0,3,6,7,7,9,8,5,9,4,2,0,60
2013,Efficient preconditioning of laplacian matrices for computer graphics,"Krishnan D., Fattal R., Szeliski R.",7300301,ACM Transactions on Graphics,32,4,0,0,0,0,0,0,0,0,0,0,0,0,0,0,0,0,0,0,0,0,0,0,0,0,0,0,0,0,0,0,0,0,0,0,0,0,0,0,0,0,0,0,0,0,1,4,14,11,12,7,6,3,0,58
2002,Modeling and animating realistic faces from images,"Pighin F., Szeliski R., Salesin D.H.",9205691,International Journal of Computer Vision,50,2,0,0,0,0,0,0,0,0,0,0,0,0,0,0,0,0,0,0,0,0,0,0,0,0,0,0,0,0,0,0,0,0,0,0,1,13,8,8,4,3,0,6,2,5,1,1,1,1,1,1,0,0,0,56
2010,Reconstructing Rome,"Agarwal S., Furukawa Y., Snavely N., Curless B., Seitz S.M., Szeliski R.",189162,Computer,43,6,0,0,0,0,0,0,0,0,0,0,0,0,0,0,0,0,0,0,0,0,0,0,0,0,0,0,0,0,0,0,0,0,0,0,0,0,0,0,0,0,0,1,7,10,6,5,1,3,10,6,5,1,0,55
2000,Performance-driven hand-drawn animation,"Buck I., Finkelstein A., Jacobs C., Klein A., Salesin D.H., Seims J., Szeliski R., Toyama K.",,Proceedings first International Symposium on Non Photorealistic Animation and Rendering,, ,0,0,0,0,0,0,0,0,0,0,0,0,0,0,0,0,0,0,0,0,0,0,0,0,0,0,0,0,0,0,0,1,3,1,4,9,7,3,1,2,0,2,6,2,1,3,2,3,1,4,0,0,0,55
1997,Shape Ambiguities in Structure from Motion,"Szeliski R., Kang S.B.",1628828,IEEE Transactions on Pattern Analysis and Machine Intelligence,19,5,0,0,0,0,0,0,0,0,0,0,0,0,0,0,0,0,0,0,0,0,0,0,0,0,0,0,0,0,0,2,3,5,5,2,1,2,4,7,6,3,2,0,1,0,1,1,2,3,3,0,1,1,0,55
1996,3-D scene data recovery using omnidirectional multibaseline stereo,"Kang Sing Bing, Szeliski Richard",10636919,Proceedings of the IEEE Computer Society Conference on Computer Vision and Pattern Recognition,, ,0,0,0,0,0,0,0,0,0,0,0,0,0,0,0,0,0,0,0,0,0,0,0,0,0,0,0,0,2,3,7,7,12,4,4,2,5,0,4,1,0,0,1,0,0,0,0,0,1,0,0,0,0,53
1991,Matching 3-D Smooth Surfaces with their 2-D Projections using 3-D Distance Maps,"Lavallee S., Szeliski R., Brunie L.",0277786X,Proceedings of SPIE - The International Society for Optical Engineering,1570, ,0,0,0,0,0,0,0,0,0,0,0,0,0,0,0,0,0,0,0,0,0,0,0,3,5,4,11,6,3,5,5,3,2,0,1,1,1,0,2,0,0,0,0,0,0,0,1,0,0,0,0,0,0,53
2012,Image-based rendering for scenes with reflections,"Sinha S.N., Kopf J., Goesele M., Scharstein D., Szeliski R.",7300301,ACM Transactions on Graphics,31,4,0,0,0,0,0,0,0,0,0,0,0,0,0,0,0,0,0,0,0,0,0,0,0,0,0,0,0,0,0,0,0,0,0,0,0,0,0,0,0,0,0,0,0,0,6,4,5,4,8,12,9,1,0,49
2006,Locally adapted hierarchical basis preconditioning,Szeliski R.,7300301,ACM Transactions on Graphics,25,3,0,0,0,0,0,0,0,0,0,0,0,0,0,0,0,0,0,0,0,0,0,0,0,0,0,0,0,0,0,0,0,0,0,0,0,0,0,3,3,8,2,9,7,0,0,0,1,1,5,5,3,1,0,48
2006,Locally adapted hierarchical basis preconditioning,Szeliski R.,,"ACM SIGGRAPH 2006 Papers, SIGGRAPH '06",, ,0,0,0,0,0,0,0,0,0,0,0,0,0,0,0,0,0,0,0,0,0,0,1,0,0,0,0,0,0,0,0,0,0,0,0,0,0,1,1,1,3,5,10,6,7,4,3,4,0,0,1,0,0,47
2012,Pushing the envelope of modern methods for bundle adjustment,"Jeong Y., Nister D., Steedly D., Szeliski R., Kweon I.-S.",1628828,IEEE Transactions on Pattern Analysis and Machine Intelligence,34,8,0,0,0,0,0,0,0,0,0,0,0,0,0,0,0,0,0,0,0,0,0,0,0,0,0,0,0,0,0,0,0,0,0,0,0,0,0,0,0,0,0,0,0,0,3,6,9,10,9,4,5,0,0,46
1994,Matching 3-D anatomical surfaces with non-rigid deformations using octree-splines,"Szeliski Richard, Lavallee Stephane",,,, ,0,0,0,0,0,0,0,0,0,0,0,0,0,0,0,0,0,0,0,0,0,0,0,0,0,1,9,4,5,7,2,2,1,1,4,2,2,4,0,0,0,0,0,0,0,0,1,0,1,0,0,0,0,46
2003,Shadow matting and compositing,"Chuang Y.-Y., Goldman D.B., Curless B., Salesin D.H., Szeliski R.",,"ACM SIGGRAPH 2003 Papers, SIGGRAPH '03",, ,0,0,0,0,0,0,0,0,0,0,0,0,0,0,0,0,0,0,0,0,0,0,0,0,0,0,0,0,0,0,0,0,0,0,0,3,5,5,6,2,3,8,5,2,3,1,1,1,0,0,0,0,0,45
1999,VideoMouse: a camera-based multi-degree-of-freedom input device,"Hinckley Ken, Sinclair Mike, Hanson Erik, Szeliski Richard, Conway Matt",,UIST (User Interface Software and Technology): Proceedings of the ACM Symposium,1,1,0,0,0,0,0,0,0,0,0,0,0,0,0,0,0,0,0,0,0,0,0,0,0,0,0,0,0,0,0,0,0,0,1,0,1,1,3,2,3,2,3,2,1,2,6,4,3,3,4,2,2,0,0,45
1997,Creating full view panoramic image mosaics and environment maps,"Szeliski R., Shum H.-Y.",,"Proceedings of the 24th Annual Conference on Computer Graphics and Interactive Techniques, SIGGRAPH 1997",, ,0,0,0,0,0,0,0,0,0,0,0,0,0,0,0,0,0,0,0,0,0,0,0,0,0,0,0,0,0,0,2,0,0,0,0,0,0,1,0,0,0,1,0,1,1,4,0,1,8,12,12,1,0,44
2002,Symmetric sub-pixel stereo matching,"Szeliski R., Scharstein D.",3029743,Lecture Notes in Computer Science (including subseries Lecture Notes in Artificial Intelligence and Lecture Notes in Bioinformatics),2351, ,0,0,0,0,0,0,0,0,0,0,0,0,0,0,0,0,0,0,0,0,0,0,0,0,0,0,0,0,0,0,0,0,0,0,2,8,6,8,3,3,1,0,2,3,0,1,4,1,0,1,0,0,0,43
2001,Optimal texture map reconstruction from multiple views,"Wang L., Kang S.B., Szeliski R., Shum H.-Y.",10636919,Proceedings of the IEEE Computer Society Conference on Computer Vision and Pattern Recognition,1, ,0,0,0,0,0,0,0,0,0,0,0,0,0,0,0,0,0,0,0,0,0,0,0,0,0,0,0,0,0,0,0,0,0,2,1,1,1,1,6,3,4,1,0,3,1,3,7,3,2,1,2,1,0,43
2010,Image deblurring using inertial measurement sensors,"Joshi N., Kang S.B., Zitnick C.L., Szeliski R.",,"ACM SIGGRAPH 2010 Papers, SIGGRAPH 2010",, ,0,0,0,0,0,0,0,0,0,0,0,0,0,0,0,0,0,0,0,0,0,0,0,0,0,0,0,0,0,0,0,0,0,0,0,0,0,0,0,0,0,1,5,2,5,2,4,3,3,6,10,0,0,41
2005,Synthesizing realistic facial expressions from photographs,"Pighin F., Hecker J., Lischinski D., Szeliski R., Salesin D.H.",,"ACM SIGGRAPH 2005 Courses, SIGGRAPH 2005",, ,0,0,0,0,0,0,0,0,0,0,0,0,0,0,0,0,0,0,0,0,0,0,0,0,0,0,0,0,0,0,4,1,0,0,1,1,0,6,0,2,1,1,0,1,2,3,7,2,1,6,2,0,0,41
1993,Rapid Octree Construction from Image Sequences,Szeliski R.,10773142,Computer Vision and Image Understanding,58,1,0,0,0,0,0,0,0,0,0,0,0,0,0,0,0,0,0,0,0,0,0,0,0,0,0,0,0,0,0,0,0,0,0,4,2,0,0,1,3,5,6,9,1,0,0,0,1,7,0,1,1,0,0,41
2008,Finding paths through the world's photos,"Snavely N., Garg R., Seitz S.M., Szeliski R.",,"SIGGRAPH'08: International Conference on Computer Graphics and Interactive Techniques, ACM SIGGRAPH 2008 Papers 2008",, ,0,0,0,0,0,0,0,0,0,0,0,0,0,0,0,0,0,0,0,0,0,0,0,0,0,0,0,0,0,0,0,0,0,0,0,0,0,0,0,0,5,10,4,4,5,5,3,1,1,2,0,0,0,40
2006,Stereo matching with linear superposition of layers,"Tsin Y., Kang S.B., Szeliski R.",1628828,IEEE Transactions on Pattern Analysis and Machine Intelligence,28,2,0,0,0,0,0,0,0,0,0,0,0,0,0,0,0,0,0,0,0,0,0,0,0,0,0,0,0,0,0,0,0,0,0,0,0,0,0,1,1,5,6,1,3,3,5,5,3,4,3,0,0,0,0,40
1999,Multi-view approach to motion and stereo,Szeliski Richard,10636919,Proceedings of the IEEE Computer Society Conference on Computer Vision and Pattern Recognition,1, ,0,0,0,0,0,0,0,0,0,0,0,0,0,0,0,0,0,0,0,0,0,0,0,0,0,0,0,0,0,0,1,0,6,2,1,3,2,1,4,1,3,2,1,1,4,2,1,1,2,1,0,1,0,40
2017,Low-Cost 360 stereo photography and video capture,"Matzen K., Cohen M.F., Evans B., Kopf J., Szeliski R.",7300301,ACM Transactions on Graphics,36,4,0,0,0,0,0,0,0,0,0,0,0,0,0,0,0,0,0,0,0,0,0,0,0,0,0,0,0,0,0,0,0,0,0,0,0,0,0,0,0,0,0,0,0,0,0,0,0,0,3,19,12,3,0,37
2010,Pushing the envelope of modern methods for bundle adjustment,"Jeong Y., Nister D., Steedly D., Szeliski R., Kweon I.-S.",10636919,Proceedings of the IEEE Computer Society Conference on Computer Vision and Pattern Recognition,, ,0,0,0,0,0,0,0,0,0,0,0,0,0,0,0,0,0,0,0,0,0,0,0,0,0,0,0,0,0,0,0,0,0,0,0,0,0,0,0,0,0,0,10,12,2,3,2,4,1,2,0,1,0,37
2011,Fast poisson blending using multi-splines,"Szeliski R., Uyttendaele M., Steedly D.",,"2011 IEEE International Conference on Computational Photography, ICCP 2011",, ,0,0,0,0,0,0,0,0,0,0,0,0,0,0,0,0,0,0,0,0,0,0,0,0,0,0,0,0,0,0,0,0,0,0,0,0,0,0,0,0,0,0,4,3,2,3,1,8,4,5,5,1,0,36
2006,Image alignment and stitching,Szeliski R.,,Handbook of Mathematical Models in Computer Vision,, ,0,0,0,0,0,0,0,0,0,0,0,0,0,0,0,0,0,0,0,0,0,0,0,0,0,0,0,0,0,0,0,0,0,0,0,0,0,0,1,2,2,7,2,3,3,2,0,3,2,4,4,1,0,36
2004,Probability models for high dynamic range imaging,"Pal C., Szeliski R., Uyttendaele M., Jojic N.",10636919,Proceedings of the IEEE Computer Society Conference on Computer Vision and Pattern Recognition,2, ,0,0,0,0,0,0,0,0,0,0,0,0,0,0,0,0,0,0,0,0,0,0,0,0,0,0,0,0,0,0,0,0,0,0,0,0,5,4,4,4,0,1,3,5,2,3,1,1,2,0,1,0,0,36
2000,The geometry-image representation tradeoff for rendering,"Kang S.B., Szeliski R., Anandan P.",,IEEE International Conference on Image Processing,2, ,0,0,0,0,0,0,0,0,0,0,0,0,0,0,0,0,0,0,0,0,0,0,0,0,0,0,0,0,0,0,0,0,1,0,1,4,4,3,1,1,2,2,1,4,2,2,2,1,1,2,1,0,0,35
1996,Stereo matching with non-linear diffusion,"Scharstein Daniel, Szeliski Richard",10636919,Proceedings of the IEEE Computer Society Conference on Computer Vision and Pattern Recognition,, ,0,0,0,0,0,0,0,0,0,0,0,0,0,0,0,0,0,0,0,0,0,0,0,0,0,0,0,0,2,3,4,3,2,0,1,5,3,1,0,2,2,1,1,1,2,0,0,0,1,0,0,0,0,34
2013,Image-based rendering in the gradient domain,"Kopf J., Langguth F., Scharstein D., Szeliski R., Goesele M.",7300301,ACM Transactions on Graphics,32,6,0,0,0,0,0,0,0,0,0,0,0,0,0,0,0,0,0,0,0,0,0,0,0,0,0,0,0,0,0,0,0,0,0,0,0,0,0,0,0,0,0,0,0,0,0,1,6,4,9,7,4,1,0,32
2003,Stereo matching with reflections and translucency,"Tsin Y., Kang S.B., Szeliski R.",10636919,Proceedings of the IEEE Computer Society Conference on Computer Vision and Pattern Recognition,1, ,0,0,0,0,0,0,0,0,0,0,0,0,0,0,0,0,0,0,0,0,0,0,0,0,0,0,0,0,0,0,0,0,0,0,2,7,2,1,6,2,3,0,1,1,1,1,1,0,4,0,0,0,0,32
2002,On the motion and appearance of specularities in image sequences,"Swaminathan R., Kang S.B., Szeliski R., Criminisi A., Nayar S.K.",3029743,Lecture Notes in Computer Science (including subseries Lecture Notes in Artificial Intelligence and Lecture Notes in Bioinformatics),2350, ,0,0,0,0,0,0,0,0,0,0,0,0,0,0,0,0,0,0,0,0,0,0,0,0,0,0,0,0,0,0,0,0,0,0,0,3,1,2,3,0,0,4,2,0,4,1,4,3,2,3,0,0,0,32
2014,Refocusing plenoptic images using depth-adaptive splatting,"Fiss J., Curless B., Szeliski R.",,"2014 IEEE International Conference on Computational Photography, ICCP 2014",, ,0,0,0,0,0,0,0,0,0,0,0,0,0,0,0,0,0,0,0,0,0,0,0,0,0,0,0,0,0,0,0,0,0,0,0,0,0,0,0,0,0,0,0,0,0,1,6,4,5,6,7,1,0,30
2012,A multi-stage linear approach to structure from motion,"Sinha S.N., Steedly D., Szeliski R.",3029743,Lecture Notes in Computer Science (including subseries Lecture Notes in Artificial Intelligence and Lecture Notes in Bioinformatics),6554,2,0,0,0,0,0,0,0,0,0,0,0,0,0,0,0,0,0,0,0,0,0,0,0,0,0,0,0,0,0,0,0,0,0,0,0,0,0,0,0,0,0,0,0,0,0,1,15,4,5,4,0,1,0,30
2010,Ambient point clouds for view interpolation,"Goesele M., Ackermann J., Fuhrmann S., Haubold C., Klowsky R., Steedly D., Szeliski R.",7300301,ACM Transactions on Graphics,29,4,0,0,0,0,0,0,0,0,0,0,0,0,0,0,0,0,0,0,0,0,0,0,0,0,0,0,0,0,0,0,0,0,0,0,0,0,0,0,0,0,0,0,2,4,6,2,5,3,4,2,2,0,0,30
2003,Using character recognition and segmentation to tell computer from humans,"Simard P.Y., Szeliski R., Benaloh J., Couvreur J., Calinov I.",15205363,"Proceedings of the International Conference on Document Analysis and Recognition, ICDAR",2003-, ,0,0,0,0,0,0,0,0,0,0,0,0,0,0,0,0,0,0,0,0,0,0,0,0,0,0,0,0,0,0,0,0,0,0,0,1,5,3,2,3,0,0,3,2,3,2,2,0,1,0,2,1,0,30
1993,Recovering 3D shape and motion from image streams using non-linear least squares,"Szeliski Richard, Kang Sing Bing",,IEEE Computer Vision and Pattern Recognition,, ,0,0,0,0,0,0,0,0,0,0,0,0,0,0,0,0,0,0,0,0,0,0,0,0,0,1,2,1,1,0,1,0,1,0,2,1,2,1,1,0,2,1,0,3,1,1,1,2,2,2,0,1,0,30
1991,Shape from rotation,Szeliski Richard,,,, ,0,0,0,0,0,0,0,0,0,0,0,0,0,0,0,0,0,0,0,0,0,0,3,1,2,0,0,0,0,2,2,0,1,2,2,2,1,2,0,3,2,1,1,1,2,0,0,0,0,0,0,0,0,30
2006,Boundary matting for view synthesis,"Hasinoff S.W., Kang S.B., Szeliski R.",10773142,Computer Vision and Image Understanding,103,1,0,0,0,0,0,0,0,0,0,0,0,0,0,0,0,0,0,0,0,0,0,0,0,0,0,0,0,0,0,0,0,0,0,0,0,0,0,0,0,2,3,2,5,5,2,3,0,1,4,2,0,0,0,29
1992,Using force fields derived from 3D distance maps for inferring the attitude of a 3D rigid object,"Brunie L., Lavallee S., Szeliski R.",3029743,Lecture Notes in Computer Science (including subseries Lecture Notes in Artificial Intelligence and Lecture Notes in Bioinformatics),588, ,0,0,0,0,0,0,0,0,0,0,0,0,0,0,0,0,0,0,0,0,0,0,0,0,3,3,0,4,0,1,0,2,1,1,0,1,2,0,2,0,1,2,0,1,2,0,1,0,0,2,0,0,0,29
2000,An experimental comparison of stereo algorithms,"Szeliski R., Zabih R.",3029743,Lecture Notes in Computer Science (including subseries Lecture Notes in Artificial Intelligence and Lecture Notes in Bioinformatics),1883, ,0,0,0,0,0,0,0,0,0,0,0,0,0,0,0,0,0,0,0,0,0,0,0,0,0,0,0,0,0,0,0,0,1,3,2,1,3,2,0,0,1,1,2,3,3,3,2,1,0,0,0,0,0,28
1998,Robust Shape Recovery from Occluding Contours Using a Linear Smoother,"Szeliski R., Weiss R.",9205691,International Journal of Computer Vision,28,1,0,0,0,0,0,0,0,0,0,0,0,0,0,0,0,0,0,0,0,0,0,0,0,0,0,0,0,0,0,0,1,1,4,1,3,4,3,1,3,1,2,0,1,0,0,0,1,0,0,0,2,0,0,28
2012,Multiple view object cosegmentation using appearance and stereo cues,"Kowdle A., Sinha S.N., Szeliski R.",3029743,Lecture Notes in Computer Science (including subseries Lecture Notes in Artificial Intelligence and Lecture Notes in Bioinformatics),7576,5,0,0,0,0,0,0,0,0,0,0,0,0,0,0,0,0,0,0,0,0,0,0,0,0,0,0,0,0,0,0,0,0,0,0,0,0,0,0,0,0,0,0,0,0,0,2,6,8,5,4,1,1,0,27
1999,Integrated Bayesian approach to layer extraction from image sequences,"Tort P.H.S., Szeliski R., Anandan P.",,Proceedings of the IEEE International Conference on Computer Vision,2, ,0,0,0,0,0,0,0,0,0,0,0,0,0,0,0,0,0,0,0,0,0,0,0,0,0,0,0,0,0,0,0,2,5,4,7,2,2,1,0,0,0,2,1,0,0,1,0,0,0,0,0,0,0,27
1988,Estimating motion from sparse range data without correspondence,Szeliski Richard,,,, ,0,0,0,0,0,0,0,0,0,0,0,0,0,0,0,0,0,0,0,0,1,2,3,1,2,1,2,0,2,1,0,3,2,3,1,0,0,0,2,0,0,0,0,0,0,0,0,0,0,0,0,0,0,26
1995,Building a hybrid patient's model for augmented reality in surgery: A registration problem,"Lavallee S., Cinquin P., Szeliski R., Peria O., Hamadeh A., Champleboux G., Troccaz J.",104825,Computers in Biology and Medicine,25,2,0,0,0,0,0,0,0,0,0,0,0,0,0,0,0,0,0,0,0,0,0,0,0,0,0,0,1,0,1,5,0,5,1,0,2,1,0,0,0,0,0,0,1,0,0,0,0,1,1,3,2,0,0,24
1988,Incremental estimation of dense depth maps from image sequences.,"Matthies Larry, Szeliski Richard, Kanade Takeo",,,, ,0,0,0,0,0,0,0,0,0,0,0,0,0,0,0,0,0,0,0,0,1,1,1,6,2,1,1,0,2,1,1,0,0,1,0,1,0,0,1,0,0,0,0,0,1,1,1,0,0,0,1,0,0,24
2014,Car make and model recognition using 3D curve alignments,"Hsiao E., Sinha S.N., Ramnath K., Baker S., Zitnick L., Szeliski R.",,"2014 IEEE Winter Conference on Applications of Computer Vision, WACV 2014",, ,0,0,0,0,0,0,0,0,0,0,0,0,0,0,0,0,0,0,0,0,0,0,0,0,0,0,0,0,0,0,0,0,0,0,0,0,0,0,0,0,0,0,0,0,0,0,2,4,8,4,5,0,0,23
2003,Shadow matting and compositing,"Chuang Y.-Y., Goldman D.B., Curless B., Salesin D.H., Szeliski R.",7300301,ACM Transactions on Graphics,22,3,0,0,0,0,0,0,0,0,0,0,0,0,0,0,0,0,0,0,0,0,0,0,0,0,0,0,0,0,0,0,0,0,0,0,0,0,1,4,2,1,0,2,1,1,1,0,2,1,2,0,4,0,0,22
2017,Casual 3D photography,"Hedman P., Alsisan S., Szeliski R., Kopf J.",7300301,ACM Transactions on Graphics,36,6,0,0,0,0,0,0,0,0,0,0,0,0,0,0,0,0,0,0,0,0,0,0,0,0,0,0,0,0,0,0,0,0,0,0,0,0,0,0,0,0,0,0,0,0,0,0,0,0,0,9,10,2,0,21
2011,Multigrid and multilevel preconditioners for computational photography,"Krishnan D., Szeliski R.",7300301,ACM Transactions on Graphics,30,6,0,0,0,0,0,0,0,0,0,0,0,0,0,0,0,0,0,0,0,0,0,0,0,0,0,0,0,0,0,0,0,0,0,0,0,0,0,0,0,0,0,0,0,2,2,1,4,3,4,2,1,1,0,20
2007,Layered depth panoramas,"Zheng K.C., Kang S.B., Cohen M.F., Szeliski R.",10636919,Proceedings of the IEEE Computer Society Conference on Computer Vision and Pattern Recognition,, ,0,0,0,0,0,0,0,0,0,0,0,0,0,0,0,0,0,0,0,0,0,0,0,0,0,0,0,0,0,0,0,0,0,0,0,0,0,0,0,1,0,1,1,2,2,1,2,1,1,3,1,2,0,18
1993,Matching 3D anatomical surfaces with nonrigid deformations using octree splines,"Szeliski Richard, Lavallee Stephane",0277786X,Proceedings of SPIE - The International Society for Optical Engineering,2031, ,0,0,0,0,0,0,0,0,0,0,0,0,0,0,0,0,0,0,0,0,0,0,0,0,0,2,1,3,1,1,2,1,2,2,0,0,0,0,0,0,1,0,0,0,0,0,0,2,0,0,0,0,0,18
1991,Physically-based and probabilistic models for computer vision,"Szeliski R., Terzopou1osl D.",0277786X,Proceedings of SPIE - The International Society for Optical Engineering,1570, ,0,0,0,0,0,0,0,0,0,0,0,0,0,0,0,0,0,0,0,0,0,0,0,0,1,0,4,2,2,2,1,1,0,1,0,0,0,1,0,0,0,0,0,0,0,0,1,0,0,0,0,0,0,16
2006,The moment camera,"Cohen M.F., Szeliski R.",189162,Computer,39,8,0,0,0,0,0,0,0,0,0,0,0,0,0,0,0,0,0,0,0,0,0,0,0,0,0,0,0,0,0,0,0,0,0,0,0,0,0,0,0,2,3,2,2,1,1,2,2,0,0,0,0,0,0,15
2006,Synthesizing realistic facial expressions from photographs,"Pighin F., Hecker J., Lischinski D., Szeliski R., Salesin D.H.",,SIGGRAPH 2006 - ACM SIGGRAPH 2006 Courses,, ,0,0,0,0,0,0,0,0,0,0,0,0,0,0,0,0,0,0,0,0,0,0,0,0,0,0,0,0,0,0,0,0,0,0,0,0,0,0,0,0,0,0,0,0,0,0,1,1,2,4,3,4,0,15
2004,Boundary matting for view synthesis,"Hasinoff S.W., Kang S.B., Szeliski R.",21607508,IEEE Computer Society Conference on Computer Vision and Pattern Recognition Workshops,2004-, January,0,0,0,0,0,0,0,0,0,0,0,0,0,0,0,0,0,0,0,0,0,0,0,0,0,0,0,0,0,0,0,0,0,0,0,0,6,1,4,0,0,2,0,2,0,0,0,0,0,0,0,0,0,15
1985,SOLVING RANDOM-DOT STEREOGRAMS USING THE HEAT EQUATION.,"Szeliski Richard, Hinton Geoffrey",,,, ,0,0,0,0,0,0,0,0,0,0,0,0,0,0,0,0,0,0,0,1,1,0,1,1,0,0,0,1,0,4,1,0,0,1,1,1,0,0,0,0,1,0,0,0,0,0,0,1,0,0,0,0,0,15
2010,Street slide: Browsing Street level imagery,"Kopf J., Chen B., Szeliski R., Cohen M.",,"ACM SIGGRAPH 2010 Papers, SIGGRAPH 2010",, ,0,0,0,0,0,0,0,0,0,0,0,0,0,0,0,0,0,0,0,0,0,0,0,0,0,0,0,0,0,0,0,0,0,0,0,0,0,0,0,0,0,0,0,1,1,1,1,1,2,5,1,1,0,14
2007,Digital photography with flash and no-flash image pairs,"Petschnigg G., Agrawala M., Hoppe H., Szeliski R., Cohen M., Toyama K.",,ACM SIGGRAPH 2007 Papers - International Conference on Computer Graphics and Interactive Techniques,, ,0,0,0,0,0,0,0,0,0,0,0,0,0,0,0,0,0,0,0,0,0,0,0,0,0,0,0,0,0,0,0,0,0,0,0,0,0,0,0,1,0,3,1,1,1,1,2,1,3,0,0,0,0,14
2006,Video and image Bayesian demosaicing with a two color image prior,"Bennett E.P., Uyttendaele M., Zitnick C.L., Szeliski R., Kang S.B.",3029743,Lecture Notes in Computer Science (including subseries Lecture Notes in Artificial Intelligence and Lecture Notes in Bioinformatics),3951, ,0,0,0,0,0,0,0,0,0,0,0,0,0,0,0,0,0,0,0,0,0,0,0,0,0,0,0,0,0,0,0,0,0,0,0,0,0,0,1,1,2,0,1,2,3,2,0,0,1,0,1,0,0,14
2002,Erratum: Construction of panoramic image Mosaics with global and local alignment (IJCV (2000) 36 2),"Shum H.-Y., Szeliski R.",9205691,International Journal of Computer Vision,48,2,0,0,0,0,0,0,0,0,0,0,0,0,0,0,0,0,0,0,0,0,0,0,0,0,0,0,0,0,0,0,0,0,0,0,0,0,1,0,1,0,1,1,0,0,2,3,1,0,1,0,2,1,0,14
2017,Video segmentation with background motion models,"Wehrwein S., Szeliski R.",,"British Machine Vision Conference 2017, BMVC 2017",, ,0,0,0,0,0,0,0,0,0,0,0,0,0,0,0,0,0,0,0,0,0,0,0,0,0,0,0,0,0,0,0,0,0,0,0,0,0,0,0,0,0,0,0,0,0,0,0,0,0,4,7,0,0,11
2015,Model-based tracking at 300hz using raw time-of-flight observations,"Stuhmer J., Nowozin S., Fitzgibbon A., Szeliski R., Perry T., Acharya S., Cremers D., Shotton J.",15505499,Proceedings of the IEEE International Conference on Computer Vision,2015, ,0,0,0,0,0,0,0,0,0,0,0,0,0,0,0,0,0,0,0,0,0,0,0,0,0,0,0,0,0,0,0,0,0,0,0,0,0,0,0,0,0,0,0,0,0,0,0,0,5,3,3,0,0,11
2014,Car make and model recognition using 3D curve alignment,"Ramnath K., Sinha S.N., Szeliski R., Hsiao E.",,"2014 IEEE Winter Conference on Applications of Computer Vision, WACV 2014",, ,0,0,0,0,0,0,0,0,0,0,0,0,0,0,0,0,0,0,0,0,0,0,0,0,0,0,0,0,0,0,0,0,0,0,0,0,0,0,0,0,0,0,0,0,0,2,2,2,1,1,3,0,0,11
2012,Detecting and reconstructing 3D mirror symmetric objects,"Sinha S.N., Ramnath K., Szeliski R.",3029743,Lecture Notes in Computer Science (including subseries Lecture Notes in Artificial Intelligence and Lecture Notes in Bioinformatics),7573,2,0,0,0,0,0,0,0,0,0,0,0,0,0,0,0,0,0,0,0,0,0,0,0,0,0,0,0,0,0,0,0,0,0,0,0,0,0,0,0,0,0,0,0,0,2,1,2,1,5,0,0,0,0,11
2010,Ambient point clouds for view interpolation,"Goesele M., Ackermann J., Fuhrmann S., Haubold C., Klowsky R., Steedly D., Szeliski R.",,"ACM SIGGRAPH 2010 Papers, SIGGRAPH 2010",, ,0,0,0,0,0,0,0,0,0,0,0,0,0,0,0,0,0,0,0,0,0,0,0,0,0,0,0,0,0,0,0,0,0,0,0,0,0,0,0,0,0,0,3,0,0,0,0,1,3,1,2,0,0,10
1995,Parallel feature tracker for extended image sequences,"Szeliski Richard, Kang Sing Bing, Shum Heung-Yeung",,Proceedings of the IEEE International Conference on Computer Vision,, ,0,0,0,0,0,0,0,0,0,0,0,0,0,0,0,0,0,0,0,0,0,0,0,0,0,0,0,2,2,1,0,0,1,2,1,0,0,0,0,0,0,0,0,0,0,0,0,0,1,0,0,0,0,10
1995,Anatomy-based registration for computer-integrated surgery,"Hamadeh A., Lavallee S., Szeliski R., Cinquin P., Peria O.",3029743,Lecture Notes in Computer Science (including subseries Lecture Notes in Artificial Intelligence and Lecture Notes in Bioinformatics),905, ,0,0,0,0,0,0,0,0,0,0,0,0,0,0,0,0,0,0,0,0,0,0,0,0,0,0,0,3,1,1,0,2,1,0,1,0,0,0,0,0,1,0,0,0,0,0,0,0,0,0,0,0,0,10
1993,Robust shape recovery from occluding contours using a linear smoother,"Szeliski Richard, Weiss Richard",,IEEE Computer Vision and Pattern Recognition,, ,0,0,0,0,0,0,0,0,0,0,0,0,0,0,0,0,0,0,0,0,0,0,0,0,0,0,3,1,1,0,1,1,0,0,0,0,0,0,0,0,1,0,0,0,1,0,1,0,0,0,0,0,0,10
1999,From 2D images to 2.5D sprites: a layered approach to modeling 3D scenes,"Szeliski Richard, Anandan P., Baker Simon",,International Conference on Multimedia Computing and Systems -Proceedings,1, ,0,0,0,0,0,0,0,0,0,0,0,0,0,0,0,0,0,0,0,0,0,0,0,0,0,0,0,0,0,0,0,0,0,1,3,1,0,0,1,0,1,0,0,1,0,0,0,0,0,0,0,0,0,8
1998,Interactive 3d modeling from multiple images using scene regularities,"Shum H.-Y., Szeliski R., Baker S., Han M., Anandan P.",3029743,Lecture Notes in Computer Science (including subseries Lecture Notes in Artificial Intelligence and Lecture Notes in Bioinformatics),1506, ,0,0,0,0,0,0,0,0,0,0,0,0,0,0,0,0,0,0,0,0,0,0,0,0,0,0,0,0,0,0,0,2,0,1,0,0,1,0,0,1,1,0,0,0,0,0,0,0,0,2,0,0,0,8
1991,Probabilistic modeling of surfaces,Szeliski R.,0277786X,Proceedings of SPIE - The International Society for Optical Engineering,1570, ,0,0,0,0,0,0,0,0,0,0,0,0,0,0,0,0,0,0,0,0,0,0,0,0,1,0,1,0,1,0,0,0,0,0,0,0,0,2,2,0,0,0,0,0,0,0,0,0,1,0,0,0,0,8
2015,Light field layer matting,"Fiss J., Curless B., Szeliski R.",10636919,Proceedings of the IEEE Computer Society Conference on Computer Vision and Pattern Recognition,07-12-, ,0,0,0,0,0,0,0,0,0,0,0,0,0,0,0,0,0,0,0,0,0,0,0,0,0,0,0,0,0,0,0,0,0,0,0,0,0,0,0,0,0,0,0,0,0,0,0,1,4,2,0,0,0,7
1995,Motion estimation with quadtree splines,"Szeliski Richard, Shum Heung-Yeung",,IEEE International Conference on Computer Vision,, ,0,0,0,0,0,0,0,0,0,0,0,0,0,0,0,0,0,0,0,0,0,0,0,0,0,0,0,1,1,2,0,1,0,1,0,0,0,0,0,0,0,1,0,0,0,0,0,0,0,0,0,0,0,7
2007,Guest editors' introduction: Computational photography,"Durand F., Szeliski R.",2721716,IEEE Computer Graphics and Applications,27,2,0,0,0,0,0,0,0,0,0,0,0,0,0,0,0,0,0,0,0,0,0,0,0,0,0,0,0,0,0,0,0,0,0,0,0,0,0,0,0,0,0,0,1,1,1,0,1,0,0,0,2,0,0,6
1990,Fast shape from shading,Szeliski R.,3029743,Lecture Notes in Computer Science (including subseries Lecture Notes in Artificial Intelligence and Lecture Notes in Bioinformatics),427, ,0,0,0,0,0,0,0,0,0,0,0,0,0,0,0,0,0,0,0,0,0,1,0,0,0,0,0,0,0,0,1,0,0,0,0,0,0,0,0,0,0,1,0,1,0,1,0,0,0,1,0,0,0,6
1989,Fast surface interpolation using hierarchical basis functions,Szeliski Richard,,,, ,0,0,0,0,0,0,0,0,0,0,0,0,0,0,0,0,0,0,0,0,0,3,0,1,0,0,1,0,0,0,0,0,0,0,0,0,0,0,0,0,0,0,0,0,0,0,0,0,0,0,0,1,0,6
1997,A Parallel Feature Tracker for Extended Image Sequences,"Kang S.B., Szeliski R., Shum H.-Y.",10773142,Computer Vision and Image Understanding,67,3,0,0,0,0,0,0,0,0,0,0,0,0,0,0,0,0,0,0,0,0,0,0,0,0,0,0,0,0,0,2,0,0,0,2,0,0,1,0,0,0,0,0,0,0,0,0,0,0,0,0,0,0,0,5
1993,Matching 3-D smooth surfaces with their 2-D projections using 3-D distance maps,"Lavallee S., Szeliski R., Brunie L.",3029743,Lecture Notes in Computer Science (including subseries Lecture Notes in Artificial Intelligence and Lecture Notes in Bioinformatics),708, ,0,0,0,0,0,0,0,0,0,0,0,0,0,0,0,0,0,0,0,0,0,0,0,0,0,0,0,0,0,0,0,0,0,0,0,0,0,0,0,1,0,1,1,0,0,0,0,0,1,1,0,0,0,5
2011,Multigrid and Multilevel Preconditioners for Computational Photography,"Krishnan D., Szeliski R.",7300301,ACM Transactions on Graphics,30,6,0,0,0,0,0,0,0,0,0,0,0,0,0,0,0,0,0,0,0,0,0,0,0,0,0,0,0,0,0,0,0,0,0,0,0,0,0,0,0,0,0,0,0,0,0,0,0,0,0,3,1,0,0,4
2011,Multigrid and multilevel preconditioners for computational photography,"Krishnan D., Szeliski R.",,"Proceedings of the 2011 SIGGRAPH Asia Conference, SA'11",, ,0,0,0,0,0,0,0,0,0,0,0,0,0,0,0,0,0,0,0,0,0,0,0,0,0,0,0,0,0,0,0,0,0,0,0,0,0,0,0,0,0,0,0,0,1,2,0,1,0,0,0,0,0,4
1996,Shape ambiguities in structure from motion,"Szeliski R., Kang S.B.",3029743,Lecture Notes in Computer Science (including subseries Lecture Notes in Artificial Intelligence and Lecture Notes in Bioinformatics),1064, ,0,0,0,0,0,0,0,0,0,0,0,0,0,0,0,0,0,0,0,0,0,0,0,0,0,0,0,0,1,0,1,2,0,0,0,0,0,0,0,0,0,0,0,0,0,0,0,0,0,0,0,0,0,4
1993,Curvature and continuity control in particle-based surface models,"Szeliski Richard, Tonnessen David, Terzopoulos Demetri",0277786X,Proceedings of SPIE - The International Society for Optical Engineering,2031, ,0,0,0,0,0,0,0,0,0,0,0,0,0,0,0,0,0,0,0,0,0,0,0,0,0,0,0,0,1,0,0,0,1,0,1,0,1,0,0,0,0,0,0,0,0,0,0,0,0,0,0,0,0,4
1992,Modeling and Analysis of Empirical Data in Collaborative Environments,"Carlbom I., Hsu W.M., Klinker G., Szeliski R., Waters K., Doyle M., Gettys J., Harris K.M., Levergood T.M., Palmer R., Palmer L., Picart M., Terzopoulos D., Tonnesen D., Vannier M., Wallace G.",10782,Communications of the ACM,35,6,0,0,0,0,0,0,0,0,0,0,0,0,0,0,0,0,0,0,0,0,0,0,0,0,0,1,0,1,1,0,0,0,0,0,0,0,0,0,0,0,0,0,0,0,0,0,1,0,0,0,0,0,0,4
2019,An integrated 6dof video camera and system design,"Pozo A.P., Toksvig M., Schrager T.F., Hsu J., Mathur U., Sorkine-Hornung A., Szeliski R., Cabral B.",7300301,ACM Transactions on Graphics,38,6,0,0,0,0,0,0,0,0,0,0,0,0,0,0,0,0,0,0,0,0,0,0,0,0,0,0,0,0,0,0,0,0,0,0,0,0,0,0,0,0,0,0,0,0,0,0,0,0,0,0,0,3,0,3
2000,Scene reconstruction from multiple cameras,Szeliski R.,,IEEE International Conference on Image Processing,1, ,0,0,0,0,0,0,0,0,0,0,0,0,0,0,0,0,0,0,0,0,0,0,0,0,0,0,0,0,0,0,0,0,0,1,0,0,0,0,0,1,0,0,0,0,1,0,0,0,0,0,0,0,0,3
1986,NEW HERMITE CUBIC INTERPOLATOR FOR TWO-DIMENSIONAL CURVE GENERATION.,"Szeliski R., Ito M.R.",1437062,IEE Proceedings E: Computers and Digital Techniques,133,6,0,0,0,0,0,0,0,0,0,0,0,0,0,0,0,0,0,0,0,0,0,0,0,0,0,0,0,0,0,0,0,0,0,0,0,1,0,0,0,0,0,0,1,0,0,0,1,0,0,0,0,0,0,3
2019,"Multi-frame stereo matching with edges, planes, and superpixels","Xue T., Owens A., Scharstein D., Goesele M., Szeliski R.",2628856,Image and Vision Computing,91, ,0,0,0,0,0,0,0,0,0,0,0,0,0,0,0,0,0,0,0,0,0,0,0,0,0,0,0,0,0,0,0,0,0,0,0,0,0,0,0,0,0,0,0,0,0,0,0,0,0,0,0,2,0,2
2018,Reconstructing scenes with mirror and glass surfaces,"Whelan T., Goesele M., Lovegrove S.J., Straub J., Green S., Szeliski R., Butterfield S., Verma S., Newcombe R.",7300301,ACM Transactions on Graphics,37,4,0,0,0,0,0,0,0,0,0,0,0,0,0,0,0,0,0,0,0,0,0,0,0,0,0,0,0,0,0,0,0,0,0,0,0,0,0,0,0,0,0,0,0,0,0,0,0,0,0,0,2,0,0,2
2012,A memory efficient discriminative approach for location aided recognition,"Hedau V., Sinha S.N., Zitnick C.L., Szeliski R.",3029743,Lecture Notes in Computer Science (including subseries Lecture Notes in Artificial Intelligence and Lecture Notes in Bioinformatics),7583,1,0,0,0,0,0,0,0,0,0,0,0,0,0,0,0,0,0,0,0,0,0,0,0,0,0,0,0,0,0,0,0,0,0,0,0,0,0,0,0,0,0,0,0,0,0,0,0,1,0,0,0,1,0,2
1994,Anatomy based multi-modal medical image registration for computer integrated surgery,"Hamadeh A., Cinquin P., Szeliski R., Lavallee S.",0277786X,Proceedings of SPIE - The International Society for Optical Engineering,2355, ,0,0,0,0,0,0,0,0,0,0,0,0,0,0,0,0,0,0,0,0,0,0,0,0,0,0,0,0,0,1,0,1,0,0,0,0,0,0,0,0,0,0,0,0,0,0,0,0,0,0,0,0,0,2
2013,Navigating the worldwide community of photos,"Szeliski R., Snavely N., Seitz S.M.",15516857,"ACM Transactions on Multimedia Computing, Communications and Applications",9,1,0,0,0,0,0,0,0,0,0,0,0,0,0,0,0,0,0,0,0,0,0,0,0,0,0,0,0,0,0,0,0,0,0,0,0,0,0,0,0,0,0,0,0,0,0,0,1,0,0,0,0,0,0,1
2006,Performance-driven hand-drawn animation,"Buck I., Finkelstein A., Jacobs C., Klein A., Salesin D.H., Seims J., Szeliski R., Toyama K.",,SIGGRAPH 2006 - ACM SIGGRAPH 2006 Courses,, ,0,0,0,0,0,0,0,0,0,0,0,0,0,0,0,0,0,0,0,0,0,0,0,0,0,0,0,0,0,0,0,0,0,0,0,0,0,0,0,0,0,0,0,1,0,0,0,0,0,0,0,0,0,1
2004,Free-viewpoint video with stereo and matting,"Kang S.B., Zitnick C.L., Uyttendaele M., Winder S., Szeliski R.",,Picture Coding Symposium 2004,, ,0,0,0,0,0,0,0,0,0,0,0,0,0,0,0,0,0,0,0,0,0,0,0,0,0,0,0,0,0,0,0,0,0,0,0,0,0,0,0,0,0,1,0,0,0,0,0,0,0,0,0,0,0,1
1998,Interactive 3D modeling from multiple images using scene regularities,"Shum H.Y., Szeliski R., Baker S., Mei H., Anandan P.",,"Proceedings - 4th IEEE Workshop on Applications of Computer Vision, WACV 1998",1998-, ,0,0,0,0,0,0,0,0,0,0,0,0,0,0,0,0,0,0,0,0,0,0,0,0,0,0,0,0,0,0,0,0,0,0,0,0,0,0,0,0,0,0,0,0,0,0,0,0,0,1,0,0,0,1
2017,Technical perspective: Magnifying motions the right way,Szeliski R.,10782,Communications of the ACM,60,1,0,0,0,0,0,0,0,0,0,0,0,0,0,0,0,0,0,0,0,0,0,0,0,0,0,0,0,0,0,0,0,0,0,0,0,0,0,0,0,0,0,0,0,0,0,0,0,0,0,0,0,0,0,0
2016,Guest Editorial: Special Section on CVPR 2013,"Freeman W.T., Szeliski R., Hager G.D.",1628828,IEEE Transactions on Pattern Analysis and Machine Intelligence,38,4,0,0,0,0,0,0,0,0,0,0,0,0,0,0,0,0,0,0,0,0,0,0,0,0,0,0,0,0,0,0,0,0,0,0,0,0,0,0,0,0,0,0,0,0,0,0,0,0,0,0,0,0,0,0
2016,Editorial,"Ju J., Goldluecke B., Szeliski R., Pajdla T.",10773142,Computer Vision and Image Understanding,145, ,0,0,0,0,0,0,0,0,0,0,0,0,0,0,0,0,0,0,0,0,0,0,0,0,0,0,0,0,0,0,0,0,0,0,0,0,0,0,0,0,0,0,0,0,0,0,0,0,0,0,0,0,0,0
2013,Message from the general and program chairs,"Medioni G., Zabih R., Hebert M., Freeman B., Hager G., Szeliski R.",10636919,Proceedings of the IEEE Computer Society Conference on Computer Vision and Pattern Recognition,, ,0,0,0,0,0,0,0,0,0,0,0,0,0,0,0,0,0,0,0,0,0,0,0,0,0,0,0,0,0,0,0,0,0,0,0,0,0,0,0,0,0,0,0,0,0,0,0,0,0,0,0,0,0,0
2013,Spatially-varying image deblurring,"Joshi N., Kang S.B., Szeliski R.",,Motion Deblurring: Algorithms and Systems,9.78111E+12, ,0,0,0,0,0,0,0,0,0,0,0,0,0,0,0,0,0,0,0,0,0,0,0,0,0,0,0,0,0,0,0,0,0,0,0,0,0,0,0,0,0,0,0,0,0,0,0,0,0,0,0,0,0,0
2012,Technical perspective: Open platforms for computational photography,Szeliski R.,10782,Communications of the ACM,55,11,0,0,0,0,0,0,0,0,0,0,0,0,0,0,0,0,0,0,0,0,0,0,0,0,0,0,0,0,0,0,0,0,0,0,0,0,0,0,0,0,0,0,0,0,0,0,0,0,0,0,0,0,0,0
2009,PMF and its influence on computational stereo,Szeliski R.,3010066,Perception,38,6,0,0,0,0,0,0,0,0,0,0,0,0,0,0,0,0,0,0,0,0,0,0,0,0,0,0,0,0,0,0,0,0,0,0,0,0,0,0,0,0,0,0,0,0,0,0,0,0,0,0,0,0,0,0
2007,International Journal of Computer Vision: Editorial,"Ikeuchi K., Klinker G., Ohta Y., Szeliski R.",9205691,International Journal of Computer Vision,75,1,0,0,0,0,0,0,0,0,0,0,0,0,0,0,0,0,0,0,0,0,0,0,0,0,0,0,0,0,0,0,0,0,0,0,0,0,0,0,0,0,0,0,0,0,0,0,0,0,0,0,0,0,0,0
2001,"Eighth IEEE International Conference on Computer Vision, Vancouver, British Columbia, Canada, 7-14 July 2001: Preface","Little J.J., Lowe D., Horaud R., Matsuyama T., Szeliski R.",,Proceedings of the IEEE International Conference on Computer Vision,2, ,0,0,0,0,0,0,0,0,0,0,0,0,0,0,0,0,0,0,0,0,0,0,0,0,0,0,0,0,0,0,0,0,0,0,0,0,0,0,0,0,0,0,0,0,0,0,0,0,0,0,0,0,0,0
2000,Preface,"Triggs B., Zisserman A., Szeliski R.",3029743,Lecture Notes in Computer Science (including subseries Lecture Notes in Artificial Intelligence and Lecture Notes in Bioinformatics),1883, ,0,0,0,0,0,0,0,0,0,0,0,0,0,0,0,0,0,0,0,0,0,0,0,0,0,0,0,0,0,0,0,0,0,0,0,0,0,0,0,0,0,0,0,0,0,0,0,0,0,0,0,0,0,0
2000,"Vision algorithms: Theory and practice: International workshop on vision algorithms Corfu, Greece, september 21–22, 1999 proceedings","Triggs B., Zisserman A., Szeliski R.",3029743,Lecture Notes in Computer Science (including subseries Lecture Notes in Artificial Intelligence and Lecture Notes in Bioinformatics),1883, ,0,0,0,0,0,0,0,0,0,0,0,0,0,0,0,0,0,0,0,0,0,0,0,0,0,0,0,0,0,0,0,0,0,0,0,0,0,0,0,0,0,0,0,0,0,0,0,0,0,0,0,0,0,0
