," 作者:Tanenbaum, Andrew S.",,,,,,,,,,,,,,,,,,,,,,,,,,,,,,,,,,,,,,,,,,,,,,,,,,,,,,,,,,,
,,,,,,,,,,,,,,,,,,,,,,,,,,,,,,,,,,,,,,,,,,,,,,,,,,,,,,,,,,,,
,h-index = 34 (在纳入 h-Index 的 169 文献中，有 34 篇已被至少引用 34 次。),,,,,,,,,,,,,,,,,,,,,,,,,,,,,,,,,,,,,,,,,,,,,,,,,,,,,,,,,,,
,,,,,,,,,,,,,,,,,,,,,,,,,,,,,,,,,,,,,,,,,,,,,,,,,,,,,,,,,,,,
,,,,,,,,,,,,,,,,,,,,,,,,,,,,,,,,,,,,,,,,,,,,,,,,,,,,,,,,,,,,
,,,,,,,<1970,1970,1971,1972,1973,1974,1975,1976,1977,1978,1979,1980,1981,1982,1983,1984,1985,1986,1987,1988,1989,1990,1991,1992,1993,1994,1995,1996,1997,1998,1999,2000,2001,2002,2003,2004,2005,2006,2007,2008,2009,2010,2011,2012,2013,2014,2015,2016,2017,2018,2019,2020,>2020,总计
出版年份,文献标题,作者,ISSN,期刊标题,卷,期,0,0,0,0,0,1,0,0,3,4,18,15,8,22,10,26,17,12,27,48,49,75,93,162,131,82,97,119,93,95,84,79,83,85,95,79,101,117,147,133,194,213,168,182,204,169,157,180,162,135,160,36,0,4170
1992,Orca: A Language for Parallel Programming of Distributed Systems,"Bal H.E., Kaashoek M.F., Tanenbaum A.S.",985589,IEEE Transactions on Software Engineering,18,3,0,0,0,0,0,0,0,0,0,0,0,0,0,0,0,0,0,0,0,0,0,0,0,3,12,9,17,24,11,15,9,11,3,5,12,10,6,6,6,5,1,7,1,4,4,6,1,0,4,2,2,0,0,196
1989,Programming languages for distributed computing systems,"Bal H.E., Steiner J.G., Tanenbaum A.S.",3600300,ACM Computing Surveys (CSUR),21,3,0,0,0,0,0,0,0,0,0,0,0,0,0,0,0,0,0,0,0,0,0,4,18,29,21,13,11,10,7,9,9,4,5,1,3,1,5,7,3,3,5,1,2,2,2,1,2,1,3,2,1,0,0,185
1990,Amoeba A Distributed Operating System for the 1990s,"Mullender S.J., van Rossum G., Tanenbaum A.S., van Renesse R., van Staveren H.",189162,Computer,23,5,0,0,0,0,0,0,0,0,0,0,0,0,0,0,0,0,0,0,0,0,0,1,12,20,14,9,10,6,4,2,5,4,1,6,1,5,6,3,3,4,3,11,4,4,5,4,3,6,3,3,7,1,0,170
2006,The evolution of RFID security,"Rieback M.R., Crispo B., Tanenbaum A.S.",15361268,IEEE Pervasive Computing,5,1,0,0,0,0,0,0,0,0,0,0,0,0,0,0,0,0,0,0,0,0,0,0,0,0,0,0,0,0,0,0,0,0,0,0,0,0,0,1,15,17,13,15,17,14,13,10,5,12,6,11,6,0,0,155
2012,Enhanced operating system security through efficient and fine-grained address space randomization,"Giuffrida C., Kuijsten A., Tanenbaum A.S.",,Proceedings of the 21st USENIX Security Symposium,, ,0,0,0,0,0,0,0,0,0,0,0,0,0,0,0,0,0,0,0,0,0,0,0,0,0,0,0,0,0,0,0,0,0,0,0,0,0,0,0,0,0,0,0,2,12,18,18,22,25,13,28,4,0,142
1990,Experiences with the Amoeba distributed operating system,"Tanenbaum A.S., van Renesse R., van Staveren H., Sharp G.J., Mullender S.J.",10782,Communications of the ACM,33,12,0,0,0,0,0,0,0,0,0,0,0,0,0,0,0,0,0,0,0,0,0,0,8,13,13,9,8,14,8,8,5,4,6,5,2,2,5,1,3,2,2,2,2,4,2,2,2,1,2,0,2,1,0,138
1985,Distributed operating systems,"Tanenbaum A.S., Van Renesse R.",3600300,ACM Computing Surveys (CSUR),17,4,0,0,0,0,0,0,0,0,0,0,0,0,0,0,0,0,0,0,2,9,13,14,9,11,9,2,4,2,4,2,3,4,2,1,2,1,1,3,1,0,3,3,2,3,2,3,1,2,3,3,1,0,0,125
2006,Is your cat infected with a computer virus?,"Rieback M.R., Crispo B., Tanenbaum A.S.",,"Proceedings - Fourth Annual IEEE International Conference on Pervasive Computing and Communications, PerCom 2006",2006, ,0,0,0,0,0,0,0,0,0,0,0,0,0,0,0,0,0,0,0,0,0,0,0,0,0,0,0,0,0,0,0,0,0,0,0,0,0,7,12,13,12,14,12,7,10,3,6,3,6,3,2,0,0,110
1991,Group communication in the Amoeba distributed operating system,"Kaashoek Frans M., Tanenbaum Andrew S.",,Proceedings - International Conference on Distributed Computing Systems,, ,0,0,0,0,0,0,0,0,0,0,0,0,0,0,0,0,0,0,0,0,0,0,1,9,5,3,3,11,6,10,8,7,8,3,3,1,3,4,0,0,1,6,2,1,4,1,1,1,3,1,2,0,0,108
2010,Classifying RFID attacks and defenses,"Mitrokotsa A., Rieback M.R., Tanenbaum A.S.",13873326,Information Systems Frontiers,12,5,0,0,0,0,0,0,0,0,0,0,0,0,0,0,0,0,0,0,0,0,0,0,0,0,0,0,0,0,0,0,0,0,0,0,0,0,0,0,0,0,0,0,8,14,9,6,14,8,15,18,9,1,0,102
2005,RFID guardian: A battery-powered mobile device for RFID privacy management,"Rieback M.R., Crispo B., Tanenbaum A.S.",3029743,Lecture Notes in Computer Science,3574, ,0,0,0,0,0,0,0,0,0,0,0,0,0,0,0,0,0,0,0,0,0,0,0,0,0,0,0,0,0,0,0,0,0,0,0,0,0,7,10,13,10,12,7,8,13,2,3,0,7,4,2,1,0,99
1989,Efficient reliable broadcast protocol,"Kaashoek M.Frans, Tanenbaum Andrew S., Hummel Susan Flynn, Bal Henri E.",1635980,Operating Systems Review (ACM),23,4,0,0,0,0,0,0,0,0,0,0,0,0,0,0,0,0,0,0,0,0,0,3,7,7,8,5,9,6,5,7,2,4,5,3,2,3,2,3,0,2,0,2,1,1,1,2,2,0,0,0,1,1,0,94
2006,Can we make operating systems reliable and secure?,"Tanenbaum A.S., Herder J.N., Bos H.",189162,Computer,39,5,0,0,0,0,0,0,0,0,0,0,0,0,0,0,0,0,0,0,0,0,0,0,0,0,0,0,0,0,0,0,0,0,0,0,0,0,0,4,9,8,12,12,6,6,3,7,5,3,5,1,5,0,0,86
1998,Locating objects in wide-area systems,"Van Steen M., Hauck F.J., Homburg P., Tanenbaum A.S.",1636804,IEEE Communications Magazine,36,1,0,0,0,0,0,0,0,0,0,0,0,0,0,0,0,0,0,0,0,0,0,0,0,0,0,0,0,0,0,1,5,5,11,14,6,6,11,6,8,3,1,3,1,2,1,0,0,1,1,0,0,0,0,86
1978,Implications of Structured Programming for Machine Architecture,Tanenbaum A.S.,10782,Communications of the ACM,21,3,0,0,0,0,0,0,0,0,0,0,11,9,3,18,7,11,4,0,5,4,2,3,3,3,0,1,1,0,0,0,0,0,0,0,0,0,1,0,0,0,0,0,0,0,0,0,0,0,0,0,0,0,0,86
2000,The Distributed ASCI Supercomputer Project,"Bal H., Bhoedjang R., Hofman R., Jacobs C., Kielmann T., Maassen J., Van Nieuwpoort R., Romein J., Renambot L., Ruhl T., Veldema R., Verstoep K., Baggio A., Ballintijn G., Kuz I., Pierre G., Van Steen M., Tanenbaum A., Doornbos G., Germans D., Spoelder H., Baerends E.-J., Van Gisbergen S., Afsermanesh H., Van Albada D., Belloum A., Dubbeldam D., Hendrikse Z., Hertzberger B., Hoekstra A., Iskra K., Kandhai D., Koelma D., Van Der Linden F., Overeinder B., Sloot P., Spinnato P., Epema D., Van Gemund A., Jonker P., Radulescu A., Van Reeuwijk C., Sips H., Knijnenburg P., Lew M., Sluiter F., Wolters L., Blom H., De Laat C., Van Der Steen A.",1635980,Operating Systems Review (ACM),34,4,0,0,0,0,0,0,0,0,0,0,0,0,0,0,0,0,0,0,0,0,0,0,0,0,0,0,0,0,0,0,0,0,7,8,14,7,4,5,6,3,4,5,4,11,4,2,0,0,0,0,0,0,0,84
1986,DESIGN OF A CAPABILITY-BASED DISTRIBUTED OPERATING SYSTEM.,"Mullender S.J., Tanenbaum A.S.",104620,Computer Journal,29,4,0,0,0,0,0,0,0,0,0,0,0,0,0,0,0,0,0,0,3,10,8,11,5,8,4,5,0,2,2,1,0,2,4,2,3,1,0,0,1,0,4,2,1,1,1,0,0,0,0,2,0,0,0,83
1986,USING SPARSE CAPABILITIES IN A DISTRIBUTED OPERATING SYSTEM.,"Tanenbaum Andrew S., Mullender Sape J., van Renese Robbert",,Proceedings - International Conference on Distributed Computing Systems,, ,0,0,0,0,0,0,0,0,0,0,0,0,0,0,0,0,1,0,0,1,3,3,1,4,4,1,2,4,3,5,5,0,3,3,3,1,1,1,3,1,4,2,2,5,4,1,2,2,1,1,2,0,0,79
2004,A DRM security architecture for home networks,"Popescu B.C., Crispo B., Tanenbaum A.S., Kamperman F.L.A.J.",,DRM 2004: Proceedings of the Fourth ACM Workshop on Digital Rights Management,, ,0,0,0,0,0,0,0,0,0,0,0,0,0,0,0,0,0,0,0,0,0,0,0,0,0,0,0,0,0,0,0,0,0,0,0,0,3,11,13,8,9,6,9,4,4,3,0,2,2,0,0,0,0,74
2006,"MINIX 3: A highly reliable, self-repairing operating system","Herder J.N., Bos H., Gras B., Homburg P., Tanenbaum A.S.",1635980,Operating Systems Review (ACM),40,3,0,0,0,0,0,0,0,0,0,0,0,0,0,0,0,0,0,0,0,0,0,0,0,0,0,0,0,0,0,0,0,0,0,0,0,0,0,1,5,1,8,3,5,7,4,8,3,5,10,4,6,1,0,71
2006,Taking sensor networks from the lab to the jungle,"Tanenbaum A.S., Gamage C., Crispo B.",189162,Computer,39,8,0,0,0,0,0,0,0,0,0,0,0,0,0,0,0,0,0,0,0,0,0,0,0,0,0,0,0,0,0,0,0,0,0,0,0,0,0,0,6,5,10,10,10,4,5,5,3,3,1,1,2,1,0,66
2007,Failure resilience for device drivers,"Herder J.N., Bos H., Gras B., Homburg P., Tanenbaum A.S.",,Proceedings of the International Conference on Dependable Systems and Networks,, ,0,0,0,0,0,0,0,0,0,0,0,0,0,0,0,0,0,0,0,0,0,0,0,0,0,0,0,0,0,0,0,0,0,0,0,0,0,0,0,7,7,5,1,6,13,5,7,6,1,2,4,0,0,64
2002,Dynamically selecting optimal distribution strategies for Web documents,"Pierre G., Van Steen M., Tanenbaum A.S.",189340,IEEE Transactions on Computers,51,6,0,0,0,0,0,0,0,0,0,0,0,0,0,0,0,0,0,0,0,0,0,0,0,0,0,0,0,0,0,0,0,0,0,2,6,10,10,5,5,2,2,1,3,2,1,3,0,1,0,0,0,0,0,53
1992,Parallel Programming Using Shared Objects and Broadcasting,"Tanenbaum A.S., Kaashoek M.F., Bal H.E.",189162,Computer,25,8,0,0,0,0,0,0,0,0,0,0,0,0,0,0,0,0,0,0,0,0,0,0,0,1,9,3,8,4,8,3,3,5,2,1,2,0,2,0,0,0,0,0,0,0,0,0,0,0,0,0,0,0,0,51
1996,Evaluation of the amoeba group communication system,"Kaashoek M.Frans, Tanenbaum Andrew S.",,Proceedings - International Conference on Distributed Computing Systems,, ,0,0,0,0,0,0,0,0,0,0,0,0,0,0,0,0,0,0,0,0,0,0,0,0,0,0,0,0,2,4,2,0,2,2,6,5,6,5,1,1,5,1,0,1,2,2,1,1,0,0,0,0,0,49
2008,A Virtual Machine Based Information Flow Control System for Policy Enforcement,"Nair S.K., Simpson P.N.D., Crispo B., Tanenbaum A.S.",15710661,Electronic Notes in Theoretical Computer Science,197,1,0,0,0,0,0,0,0,0,0,0,0,0,0,0,0,0,0,0,0,0,0,0,0,0,0,0,0,0,0,0,0,0,0,0,0,0,0,0,0,2,2,5,5,6,4,5,3,5,5,2,4,0,0,48
1983,A practical tool kit for making portable compilers,"Tanenbaum A.S., van Staveren H., Keizer E.G., Stevenson J.W.",10782,Communications of the ACM,26,9,0,0,0,0,0,0,0,0,0,0,0,0,0,0,0,3,3,2,4,5,4,5,3,2,2,1,0,0,2,2,0,1,0,0,0,0,2,1,0,0,0,0,0,0,0,0,1,3,0,0,1,0,0,47
1982,Using Peephole Optimization on Intermediate Code,"Tanenbaum A.S., van Staveren H., Stevenson J.W.",1640925,ACM Transactions on Programming Languages and Systems (TOPLAS),4,1,0,0,0,0,0,0,0,0,0,0,0,0,0,0,0,9,1,2,4,1,3,2,1,2,0,2,1,2,2,1,0,0,0,0,0,1,3,1,0,0,0,1,1,1,0,1,1,1,1,0,1,0,0,46
2006,An identity-based ring signature scheme with enhanced privacy,"Gamage C., Gras B., Crispo B., Tanenbaum A.S.",,2006 Securecomm and Workshops,, ,0,0,0,0,0,0,0,0,0,0,0,0,0,0,0,0,0,0,0,0,0,0,0,0,0,0,0,0,0,0,0,0,0,0,0,0,0,0,1,1,2,3,0,3,1,1,5,4,4,6,7,6,0,44
2006,RFID malware: Design principles and examples,"Rieback M.R., Simpson P.N.D., Crispo B., Tanenbaum A.S.",15741192,Pervasive and Mobile Computing,2,4,0,0,0,0,0,0,0,0,0,0,0,0,0,0,0,0,0,0,0,0,0,0,0,0,0,0,0,0,0,0,0,0,0,0,0,0,0,0,0,2,6,5,6,4,6,3,4,4,0,1,0,0,0,41
2009,Fault isolation for device drivers,"Herder J.N., Bos H., Gras B., Homburg P., Tanenbaum A.S.",,Proceedings of the International Conference on Dependable Systems and Networks,, ,0,0,0,0,0,0,0,0,0,0,0,0,0,0,0,0,0,0,0,0,0,0,0,0,0,0,0,0,0,0,0,0,0,0,0,0,0,0,0,0,1,3,3,5,3,3,4,5,2,4,5,1,0,39
2006,Construction of a highly dependable operating system,"Herder J.N., Bos H., Gras B., Homburg P., Tanenbaum A.S.",,"Proceedings - Sixth European Dependable Computing Conference, EDCC 2006",, ,0,0,0,0,0,0,0,0,0,0,0,0,0,0,0,0,0,0,0,0,0,0,0,0,0,0,0,0,0,0,0,0,0,0,0,0,0,0,2,2,6,4,6,5,2,2,3,1,1,3,1,0,0,38
1981,Network Protocols,Tanenbaum A.S.,3600300,ACM Computing Surveys (CSUR),13,4,0,0,0,0,0,0,0,0,0,0,0,0,0,1,3,1,3,5,5,8,1,1,0,1,1,0,1,2,0,0,2,0,0,1,0,0,0,0,0,0,0,0,1,0,0,0,1,0,0,0,0,0,0,38
1988,Distributed programming with shared data,"Bal Henri E., Tanenbaum Andrew S.",,,, ,0,0,0,0,0,0,0,0,0,0,0,0,0,0,0,0,0,0,0,0,1,3,6,12,3,0,4,0,3,1,0,0,0,0,0,0,0,0,1,0,0,2,0,0,1,0,0,0,0,0,0,0,0,37
1984,Immediate files,"Mullender S.J., Tanenbaum A.S.",380644,Software: Practice and Experience,14,4,0,0,0,0,0,0,0,0,0,0,0,0,0,0,0,0,0,0,0,0,1,0,1,1,0,0,0,1,3,0,1,0,0,0,0,0,0,2,3,2,6,1,2,0,2,2,0,1,0,0,3,1,0,33
2008,Classification of RFID attacks,"Mitrokotsa A., Rieback M.R., Tanenbaum A.S.",,"RFID Technology - Concepts, Applications, Challenges - Proceedings of the 2nd International Workshop on RFID Technology - Concepts, Applications, Challenges, IWRT 2008; In Conjunction with ICEIS 2008",, ,0,0,0,0,0,0,0,0,0,0,0,0,0,0,0,0,0,0,0,0,0,0,0,0,0,0,0,0,0,0,0,0,0,0,0,0,0,0,0,0,2,7,5,4,5,3,1,1,2,0,1,1,0,32
2006,File size distribution on UNIX systems - Then and now,"Tanenbaum A.S., Herder J.N., Bos H.",1635980,Operating Systems Review (ACM),40,1,0,0,0,0,0,0,0,0,0,0,0,0,0,0,0,0,0,0,0,0,0,0,0,0,0,0,0,0,0,0,0,0,0,0,0,0,0,1,0,3,3,4,2,0,5,1,2,2,2,1,2,2,0,30
2001,A law-abiding peer-to-peer network for free-software distribution,"Bakker A., Van Steen M., Tanenbaum A.S.",,"Proceedings - IEEE International Symposium on Network Computing and Applications, NCA 2001",, ,0,0,0,0,0,0,0,0,0,0,0,0,0,0,0,0,0,0,0,0,0,0,0,0,0,0,0,0,0,0,0,0,0,1,1,2,2,3,1,1,4,2,1,1,1,1,4,3,1,0,0,1,0,30
2005,Enabling DRM-preserving digital content redistribution,"Nair S.K., Popescu B.C., Gamage C., Crispo B., Tanenbaum A.S.",,"Proceedings - Seventh IEEE International Conference on E-Commerce Technology, CEC 2005",2005, ,0,0,0,0,0,0,0,0,0,0,0,0,0,0,0,0,0,0,0,0,0,0,0,0,0,0,0,0,0,0,0,0,0,0,0,0,0,4,1,5,4,3,1,3,3,4,0,1,0,0,0,0,0,29
1988,Voting with ghosts.,"van Renesse Robbert, Tanenbaum Andrew S.",,Proceedings - International Conference on Distributed Computing Systems,8, ,0,0,0,0,0,0,0,0,0,0,0,0,0,0,0,0,0,0,0,0,1,3,1,6,2,2,2,3,1,0,1,0,0,0,1,1,1,0,0,0,0,1,1,0,0,0,0,0,0,0,0,0,0,27
1985,DISTRIBUTED FILE SERVICE BASED ON OPTIMISTIC CONCURRENCY CONTROL.,"Mullender Sape J., Tanenbaum Andrew S.",1635980,Operating Systems Review (ACM),19,5,0,0,0,0,0,0,0,0,0,0,0,0,0,0,0,0,1,0,2,3,0,3,0,2,1,2,0,1,0,1,0,0,0,1,1,1,2,0,1,0,0,0,0,0,2,0,1,1,1,0,0,0,0,27
1990,Experience with distributed programming in Orca,"Bal Henri E., Kaashoek M.Frans, Tanenbaum Andrew S.",,,, ,0,0,0,0,0,0,0,0,0,0,0,0,0,0,0,0,0,0,0,0,0,1,4,7,0,2,1,1,0,2,1,1,2,0,1,0,0,0,0,2,0,0,0,0,0,0,0,0,0,0,0,0,0,25
2013,EDFI: A dependable fault injection tool for dependability benchmarking experiments,"Giuffrida C., Kuijsten A., Tanenbaum A.S.",15410110,"Proceedings of IEEE Pacific Rim International Symposium on Dependable Computing, PRDC",, ,0,0,0,0,0,0,0,0,0,0,0,0,0,0,0,0,0,0,0,0,0,0,0,0,0,0,0,0,0,0,0,0,0,0,0,0,0,0,0,0,0,0,0,0,0,3,5,8,3,2,3,0,0,24
1998,Algorithmic Design of the Globe Wide-Area Location Service,"Van Steen M., Hauck F.J., Ballintijn G., Tanenbaum A.S.",104620,Computer Journal,41,5,0,0,0,0,0,0,0,0,0,0,0,0,0,0,0,0,0,0,0,0,0,0,0,0,0,0,0,0,0,0,1,2,6,3,3,2,2,0,0,0,1,1,0,0,1,0,1,0,0,1,0,0,0,24
1991,The Amoeba distributed operating system - A status report,"Tanenbaum A.S., Kaashoek M.F., van Renesse R., Bal H.E.",1403664,Computer Communications,14,6,0,0,0,0,0,0,0,0,0,0,0,0,0,0,0,0,0,0,0,0,0,0,0,0,2,0,1,5,1,0,0,0,0,1,1,0,2,0,2,0,2,0,0,0,1,1,0,1,2,0,1,1,0,24
1988,Performance of the world's fastest distributed operating system,"van Renesse Robert, van Staveren Hans, Tanenbaum Andrew S.",1635980,Operating Systems Review (ACM),22,4,0,0,0,0,0,0,0,0,0,0,0,0,0,0,0,0,0,0,0,0,1,6,2,7,3,1,1,0,0,0,0,0,0,1,0,1,1,0,0,0,0,0,0,0,0,0,0,0,0,0,0,0,0,24
2013,Safe and automatic live update for operating systems,"Giuffrida C., Kuijsten A., Tanenbaum A.S.",,International Conference on Architectural Support for Programming Languages and Operating Systems - ASPLOS,, ,0,0,0,0,0,0,0,0,0,0,0,0,0,0,0,0,0,0,0,0,0,0,0,0,0,0,0,0,0,0,0,0,0,0,0,0,0,0,0,0,0,0,0,0,2,4,2,4,3,1,6,1,0,23
1992,Replication techniques for speeding up parallel applications on distributed systems,"Bal H.E., Kaashoek M.F., Tanenbaum A.S., Jansen J.",10403108,Concurrency: Practice and Experience,4,5,0,0,0,0,0,0,0,0,0,0,0,0,0,0,0,0,0,0,0,0,0,0,0,1,4,1,2,0,2,1,3,0,0,2,1,0,0,0,0,0,0,0,0,1,0,1,0,2,0,0,2,0,0,23
2012,Integrating flash-based SSDs into the storage stack,"Appuswamy R., Van Moolenbroek D.C., Tanenbaum A.S.",21601968,IEEE Symposium on Mass Storage Systems and Technologies,, ,0,0,0,0,0,0,0,0,0,0,0,0,0,0,0,0,0,0,0,0,0,0,0,0,0,0,0,0,0,0,0,0,0,0,0,0,0,0,0,0,0,0,0,0,2,6,6,2,2,2,2,0,0,22
1999,A scalable middleware solution for advanced wide-area Web services,"Van Steen M., Tanenbaum A.S., Kuz I., Sips H.J.",9671846,Distributed Systems Engineering,6,1,0,0,0,0,0,0,0,0,0,0,0,0,0,0,0,0,0,0,0,0,0,0,0,0,0,0,0,0,0,0,1,5,2,2,1,1,3,0,1,0,1,5,0,0,0,0,0,0,0,0,0,0,0,22
1998,"Framework for consistent, replicated Web objects","Kermarrec A.M., Kuz I., van Steen M., Tanenbaum A.S.",,Proceedings - International Conference on Distributed Computing Systems,, ,0,0,0,0,0,0,0,0,0,0,0,0,0,0,0,0,0,0,0,0,0,0,0,0,0,0,0,0,0,1,5,7,2,1,0,2,0,2,1,0,0,0,0,0,1,0,0,0,0,0,0,0,0,22
1990,Orca: A Language for Distributed Programming,"Bal H.E., Tanenbaum A.S., Kaashoek M.F.",3621340,ACM SIGPLAN Notices,25,5,0,0,0,0,0,0,0,0,0,0,0,0,0,0,0,0,0,0,0,0,0,1,0,1,1,1,0,3,1,4,2,0,0,0,2,0,0,0,2,1,1,0,0,0,0,0,0,1,0,0,0,0,0,21
1976,A Tutorial on Algol 68,Tanenbaum A.S.,3600300,ACM Computing Surveys (CSUR),8,2,0,0,0,0,0,0,0,0,1,2,4,4,2,0,0,0,0,1,1,0,0,0,1,1,0,0,0,0,0,0,0,0,0,0,0,0,1,2,0,0,1,0,0,0,0,0,0,0,0,0,0,0,0,21
2007,A hybrid PKI-IBC based ephemerizer system,"Nair S.K., Dashti M.T., Crispo B., Tanenbaum A.S.",15715736,IFIP International Federation for Information Processing,232, ,0,0,0,0,0,0,0,0,0,0,0,0,0,0,0,0,0,0,0,0,0,0,0,0,0,0,0,0,0,0,0,0,0,0,0,0,0,0,0,0,1,3,1,2,1,3,3,2,0,1,2,1,0,20
2017,Disallowing unauthorized state changes of distributed shared objects,"Leiwo J., Hanle C., Homburg P., Tanenbaum A.S.",18684238,IFIP Advances in Information and Communication Technology,47, ,0,0,0,0,0,0,0,0,0,0,0,0,0,0,0,0,0,0,0,0,0,0,0,0,0,0,0,0,0,0,0,0,0,0,0,1,0,1,1,0,2,2,2,2,1,1,1,3,2,0,0,0,0,19
1993,Group communication in Amoeba and its applications,"Kaashoek M.F., Tanenbaum A.S., Verstoep K.",9671846,Distributed Systems Engineering,1,1,0,0,0,0,0,0,0,0,0,0,0,0,0,0,0,0,0,0,0,0,0,0,0,0,0,1,2,1,0,1,3,0,1,2,1,3,0,2,0,0,0,1,0,0,0,0,0,1,0,0,0,0,0,19
1991,Comparison of two distributed systems. Amoeba and Sprite,"Douglis Fred, Ousterhout John K., Kaashoek M.Frans, Tanenbaum Andrew S.",8956340,Computing systems,4,4,0,0,0,0,0,0,0,0,0,0,0,0,0,0,0,0,0,0,0,0,0,0,0,1,1,2,3,1,1,0,1,1,1,1,1,0,0,0,2,0,0,1,0,0,1,0,0,1,0,0,0,0,0,19
2009,Trustworthy voting: From machine to system,"Paul N., Tanenbaum A.S.",189162,Computer,42,5,0,0,0,0,0,0,0,0,0,0,0,0,0,0,0,0,0,0,0,0,0,0,0,0,0,0,0,0,0,0,0,0,0,0,0,0,0,0,0,0,2,4,2,2,2,1,1,2,0,2,0,0,0,18
2004,Security in a mobile agent system,"Van't Noordende G.J., Brazier F.M.T., Tanenbaum A.S.",,2004 IEEE 1st Symposium on Multi-Agent Security and Survivability,, ,0,0,0,0,0,0,0,0,0,0,0,0,0,0,0,0,0,0,0,0,0,0,0,0,0,0,0,0,0,0,0,0,0,0,0,0,0,0,3,3,6,1,1,2,0,1,0,0,1,0,0,0,0,18
1978,Guidelines for software portability,"Tanenbaum A.S., Klint P., Bohm W.",380644,Software: Practice and Experience,8,6,0,0,0,0,0,0,0,0,0,0,0,0,2,3,0,0,1,1,0,1,0,0,0,2,0,0,0,0,1,0,0,0,0,0,0,1,0,0,0,0,1,1,0,1,0,0,0,0,1,1,1,0,0,18
2006,Safe and private data sharing with turtle: Friends team-up and beat the system,"Popescu B.C., Crispo B., Tanenbaum A.S., Blaze M., Christianson B., Stajano F., Anderson R., Mitchell C., Roe M., Mayo B., Massacci F., Ozment A., Bond M., Danezis G., Murdoch S.",3029743,Lecture Notes in Computer Science (including subseries Lecture Notes in Artificial Intelligence and Lecture Notes in Bioinformatics),3957, ,0,0,0,0,0,0,0,0,0,0,0,0,0,0,0,0,0,0,0,0,0,0,0,0,0,0,0,0,0,0,0,0,0,0,0,0,0,0,0,0,2,3,0,2,2,2,2,2,0,1,1,0,0,17
2006,RFID malware: Truth vs. myth,"Rieback M.R., Crispo B., Tanenbaum A.S.",15407993,IEEE Security and Privacy,4,4,0,0,0,0,0,0,0,0,0,0,0,0,0,0,0,0,0,0,0,0,0,0,0,0,0,0,0,0,0,0,0,0,0,0,0,0,0,0,1,2,4,1,4,0,1,0,1,0,2,0,0,0,0,16
1989,The performance of the Amoeba distributed operating system,"Van Renesse R., Van Staveren H., Tanenbaum A.S.",380644,Software: Practice and Experience,19,3,0,0,0,0,0,0,0,0,0,0,0,0,0,0,0,0,0,0,0,0,0,5,1,2,1,2,0,2,1,0,0,0,1,0,0,0,1,0,0,0,0,0,0,0,0,0,0,0,0,0,0,0,0,16
2001,Differentiated strategies for replicating Web documents,"Pierre G., Kuz I., Van Steen M., Tanenbaum A.S.",1403664,Computer Communications,24,2,0,0,0,0,0,0,0,0,0,0,0,0,0,0,0,0,0,0,0,0,0,0,0,0,0,0,0,0,0,0,0,0,2,3,1,1,1,0,1,0,0,1,2,0,0,2,0,1,0,0,0,0,0,15
1993,FLIP: An Internetwork Protocol for Supporting Distributed Systems,"Kaashoek M.F., van Renesse R., van Staveren H., Tanenbaum A.S.",7342071,ACM Transactions on Computer Systems (TOCS),11,1,0,0,0,0,0,0,0,0,0,0,0,0,0,0,0,0,0,0,0,0,0,0,0,0,1,0,1,3,3,2,0,2,0,0,0,0,0,2,0,0,0,0,0,1,0,0,0,0,0,0,0,0,0,15
1989,Design of a high-performance file server,"van Renesse Robbert, Tanenbaum Andrew S., Wilschut Annita",,Proceedings - International Conference on Distributed Computing Systems,, ,0,0,0,0,0,0,0,0,0,0,0,0,0,0,0,0,0,0,0,0,0,2,1,1,1,2,0,1,0,0,1,2,1,1,1,0,0,1,0,0,0,0,0,0,0,0,0,0,0,0,0,0,0,15
2016,A brief introduction to distributed systems,"van Steen M., Tanenbaum A.S.",0010485X,Computing,98,10,0,0,0,0,0,0,0,0,0,0,0,0,0,0,0,0,0,0,0,0,0,0,0,0,0,0,0,0,0,0,0,0,0,0,0,0,0,0,0,0,0,0,0,0,0,0,0,1,1,3,8,1,0,14
2014,Mutable checkpoint-restart: Automating live update for generic server programs,"Giuffrida C., Iorgulescu C., Tanenbaum A.S.",,"Proceedings of the 15th International Middleware Conference, Middleware 2014",, ,0,0,0,0,0,0,0,0,0,0,0,0,0,0,0,0,0,0,0,0,0,0,0,0,0,0,0,0,0,0,0,0,0,0,0,0,0,0,0,0,0,0,0,0,0,0,1,7,3,1,2,0,0,14
2009,Cooperative update: A new model for dependable live update,"Giuffrida C., Tanenbaum A.S.",,"Proceedings of the 2nd International Workshop on Hot Topics in Software Upgrades, HotSWUp '09",, ,0,0,0,0,0,0,0,0,0,0,0,0,0,0,0,0,0,0,0,0,0,0,0,0,0,0,0,0,0,0,0,0,0,0,0,0,0,0,0,0,0,2,2,2,3,1,0,2,1,0,1,0,0,14
1992,A comparison of two paradigms for distributed shared memory,"Levelt W.G., Kaashoek M.F., Bal H.E., Tanenbaum A.S.",380644,Software: Practice and Experience,22,11,0,0,0,0,0,0,0,0,0,0,0,0,0,0,0,0,0,0,0,0,0,0,0,0,3,0,0,1,3,1,0,1,0,0,1,1,2,0,1,0,0,0,0,0,0,0,0,0,0,0,0,0,0,14
1984,Protection and resource control in distributed operating systems,"Mullender S.J., Tanenbaum A.S.",3765075,Computer Networks (1976),8, 5-6,0,0,0,0,0,0,0,0,0,0,0,0,0,0,0,0,1,1,1,3,4,1,1,0,0,0,0,1,0,0,0,1,0,0,0,0,0,0,0,0,0,0,0,0,0,0,0,0,0,0,0,0,0,14
2019,When slower is faster: On heterogeneous multicores for reliable systems,"Hruby T., Bos H., Tanenbaum A.S.",,"Proceedings of the 2013 USENIX Annual Technical Conference, USENIX ATC 2013",, ,0,0,0,0,0,0,0,0,0,0,0,0,0,0,0,0,0,0,0,0,0,0,0,0,0,0,0,0,0,0,0,0,0,0,0,0,0,0,0,0,0,0,0,0,0,1,3,3,2,2,1,1,0,13
2010,"Loris - A dependable, modular file-based storage stack","Appuswamy R., Van Moolenbroek D.C., Tanenbaum A.S.",,"Proceedings - 16th IEEE Pacific Rim International Symposium on Dependable Computing, PRDC 2010",, ,0,0,0,0,0,0,0,0,0,0,0,0,0,0,0,0,0,0,0,0,0,0,0,0,0,0,0,0,0,0,0,0,0,0,0,0,0,0,0,0,0,1,4,2,3,1,1,1,0,0,0,0,0,13
1987,UNIX CLONE WITH SOURCE CODE FOR OPERATING SYSTEMS COURSES.,Tanenbaum Andrew S.,1635980,Operating Systems Review (ACM),21,1,0,0,0,0,0,0,0,0,0,0,0,0,0,0,0,0,0,0,0,0,2,1,1,0,0,0,0,0,1,0,0,0,0,0,0,0,1,1,0,0,0,2,0,1,0,0,0,1,0,1,1,0,0,13
2001,Scalable human-friendly resource names,"Ballintijn G., Van Steen M., Tanenbaum A.S.",10897801,IEEE Internet Computing,5,5,0,0,0,0,0,0,0,0,0,0,0,0,0,0,0,0,0,0,0,0,0,0,0,0,0,0,0,0,0,0,0,0,0,1,0,2,3,1,1,0,0,2,1,0,0,0,0,0,0,1,0,0,0,12
1999,From remote objects to physically distributed objects,"Bakker A., Van Steen M., Tanenbaum A.S.",,"Proceedings - 7th IEEE Workshop on Future Trends of Distributed Computing Systems, FTDCS 1999",, ,0,0,0,0,0,0,0,0,0,0,0,0,0,0,0,0,0,0,0,0,0,0,0,0,0,0,0,0,0,0,0,3,2,1,1,2,0,1,2,0,0,0,0,0,0,0,0,0,0,0,0,0,0,12
1996,An architecture for a wide area distributed system,"Homburg P., Van Steen M., Tanenbaum A.S.",,"Proceedings of the 7th Workshop on ACM SIGOPS European Workshop: Systems Support for Worldwide Applications, EW 1996",, ,0,0,0,0,0,0,0,0,0,0,0,0,0,0,0,0,0,0,0,0,0,0,0,0,0,0,0,0,0,3,2,1,0,1,1,0,1,0,1,0,1,1,0,0,0,0,0,0,0,0,0,0,0,12
1991,Distributed programming with shared data,"Bal H.E., Tanenbaum A.S.",960551,Computer Languages,16,2,0,0,0,0,0,0,0,0,0,0,0,0,0,0,0,0,0,0,0,0,0,0,1,3,3,1,2,1,0,0,0,0,0,0,0,0,0,0,0,0,0,0,0,0,0,1,0,0,0,0,0,0,0,12
2001,Efficient tracking of mobile objects in Globe,"Baggio A., Ballintijn G., Van Steen M., Tanenbaum A.S.",104620,Computer Journal,44,5,0,0,0,0,0,0,0,0,0,0,0,0,0,0,0,0,0,0,0,0,0,0,0,0,0,0,0,0,0,0,0,0,0,1,3,1,2,0,1,1,1,0,0,0,0,0,0,0,1,0,0,0,0,11
2013,Safe and automatic live update for operating systems,"Giuffrida C., Kuijsten A., Tanenbaum A.S.",15232867,ACM SIGPLAN Notices,48,4,0,0,0,0,0,0,0,0,0,0,0,0,0,0,0,0,0,0,0,0,0,0,0,0,0,0,0,0,0,0,0,0,0,0,0,0,0,0,0,0,0,0,0,0,1,2,0,2,4,1,0,0,0,10
2008,Enforcing DRM policies across applications,"Nair S.K., Tanenbaum A.S., Gheorghe G., Crispo B.",15437221,Proceedings of the ACM Conference on Computer and Communications Security,, ,0,0,0,0,0,0,0,0,0,0,0,0,0,0,0,0,0,0,0,0,0,0,0,0,0,0,0,0,0,0,0,0,0,0,0,0,0,0,0,0,0,1,2,5,1,0,0,1,0,0,0,0,0,10
2006,Reorganizing UNIX for reliability,"Herder J.N., Bos H., Gras B., Homburg P., Tanenbaum A.S.",3029743,Lecture Notes in Computer Science (including subseries Lecture Notes in Artificial Intelligence and Lecture Notes in Bioinformatics),4186, ,0,0,0,0,0,0,0,0,0,0,0,0,0,0,0,0,0,0,0,0,0,0,0,0,0,0,0,0,0,0,0,0,0,0,0,0,0,1,0,0,0,1,0,1,4,0,1,0,0,0,1,1,0,10
2002,A security architecture for object-based distributed systems,"Popescu B.C., Van Steen M., Tanenbaum A.S.",10639527,"Proceedings - Annual Computer Security Applications Conference, ACSAC",2002-, ,0,0,0,0,0,0,0,0,0,0,0,0,0,0,0,0,0,0,0,0,0,0,0,0,0,0,0,0,0,0,0,0,0,0,2,1,0,2,1,1,0,1,0,0,0,0,0,0,2,0,0,0,0,10
2012,Keep net working - On a dependable and fast networking stack,"Hruby T., Vogt D., Bos H., Tanenbaum A.S.",,Proceedings of the International Conference on Dependable Systems and Networks,, ,0,0,0,0,0,0,0,0,0,0,0,0,0,0,0,0,0,0,0,0,0,0,0,0,0,0,0,0,0,0,0,0,0,0,0,0,0,0,0,0,0,0,0,0,0,1,1,1,0,5,1,0,0,9
2012,Safe and automated state transfer for secure and reliable live update,"Giuffrida C., Tanenbaum A.S.",,"2012 4th International Workshop on Hot Topics in Software Upgrades, HotSWUp 2012 - Proceedings",, ,0,0,0,0,0,0,0,0,0,0,0,0,0,0,0,0,0,0,0,0,0,0,0,0,0,0,0,0,0,0,0,0,0,0,0,0,0,0,0,0,0,0,0,0,3,1,0,0,3,0,2,0,0,9
2009,Enhancing a dependable multiserver operating system with temporal protection via resource reservations,"Mancina A., Faggioli D., Lipari G., Herder J.N., Gras B., Tanenbaum A.S.",9226443,Real-Time Systems,43,2,0,0,0,0,0,0,0,0,0,0,0,0,0,0,0,0,0,0,0,0,0,0,0,0,0,0,0,0,0,0,0,0,0,0,0,0,0,0,0,0,0,3,0,1,2,2,0,0,0,0,1,0,0,9
2006,Security for the mythical air-dropped sensor network,"Gamage C., Bicakci K., Crispo B., Tanenbaum A.S.",15301346,Proceedings - International Symposium on Computers and Communications,, ,0,0,0,0,0,0,0,0,0,0,0,0,0,0,0,0,0,0,0,0,0,0,0,0,0,0,0,0,0,0,0,0,0,0,0,0,0,0,0,0,1,3,0,0,1,1,2,0,0,1,0,0,0,9
2014,Evaluating distortion in fault injection experiments,"Van Der Kouwe E., Giuffrida C., Tanenbaum A.S.",,"Proceedings - 2014 IEEE 15th International Symposium on High-Assurance Systems Engineering, HASE 2014",, ,0,0,0,0,0,0,0,0,0,0,0,0,0,0,0,0,0,0,0,0,0,0,0,0,0,0,0,0,0,0,0,0,0,0,0,0,0,0,0,0,0,0,0,0,0,0,2,2,0,2,1,1,0,8
2013,"Cache, cache everywhere, flushing all hits down the sink: On exclusivity in multilevel, hybrid caches","Appuswamy R., Van Moolenbroek D.C., Tanenbaum A.S.",21601968,IEEE Symposium on Mass Storage Systems and Technologies,, ,0,0,0,0,0,0,0,0,0,0,0,0,0,0,0,0,0,0,0,0,0,0,0,0,0,0,0,0,0,0,0,0,0,0,0,0,0,0,0,0,0,0,0,0,0,2,1,2,0,1,2,0,0,8
2010,Block-level RAID is dead,"Appuswamy R., van Moolenbroek D.C., Tanenbaum A.S.",,"2nd USENIX Workshop on Hot Topics in Storage and File Systems, HotStorage 2010",, ,0,0,0,0,0,0,0,0,0,0,0,0,0,0,0,0,0,0,0,0,0,0,0,0,0,0,0,0,0,0,0,0,0,0,0,0,0,0,0,0,0,0,3,1,3,0,1,0,0,0,0,0,0,8
2007,A secure jailing system for confining untrusted applications,"Noordende G.V., Balogh A., Hofman R., Brazier F.M.T., Tanenbaum A.S.",,"SECRYPT 2007 - International Conference on Security and Cryptography, Proceedings",, ,0,0,0,0,0,0,0,0,0,0,0,0,0,0,0,0,0,0,0,0,0,0,0,0,0,0,0,0,0,0,0,0,0,0,0,0,0,0,0,2,3,1,0,0,0,0,1,0,1,0,0,0,0,8
2007,Keep on blockin' in the free world: Personal access control for low-cost RFID tags,"Rieback M.R., Crispo B., Tanenbaum A.S.",3029743,Lecture Notes in Computer Science (including subseries Lecture Notes in Artificial Intelligence and Lecture Notes in Bioinformatics),4631, ,0,0,0,0,0,0,0,0,0,0,0,0,0,0,0,0,0,0,0,0,0,0,0,0,0,0,0,0,0,0,0,0,0,0,0,0,0,0,0,0,1,1,2,1,1,0,1,0,1,0,0,0,0,8
2005,One-time sensors: A novel concept to mitigate node-capture attacks,"Bicakci K., Gamage C., Crispo B., Tanenbaum A.S.",3029743,Lecture Notes in Computer Science (including subseries Lecture Notes in Artificial Intelligence and Lecture Notes in Bioinformatics),3813, ,0,0,0,0,0,0,0,0,0,0,0,0,0,0,0,0,0,0,0,0,0,0,0,0,0,0,0,0,0,0,0,0,0,0,0,0,1,0,0,1,1,1,3,1,0,0,0,0,0,0,0,0,0,8
2005,How to incorporate revocation status information into the trust metrics for public-key certification,"Bicakci K., Crispo B., Tanenbaum A.S.",,Proceedings of the ACM Symposium on Applied Computing,2, ,0,0,0,0,0,0,0,0,0,0,0,0,0,0,0,0,0,0,0,0,0,0,0,0,0,0,0,0,0,0,0,0,0,0,0,0,0,1,2,0,0,0,0,1,2,1,1,0,0,0,0,0,0,8
1995,Towards object-based wide area distributed systems,"van Steen Maarten, Homburg Philip, van Doorn Leendert, Tanenbaum Andrew S., de Jonge Wiebren",10635351,International Workshop on Object Orientation in Operating Systems - Proceedings,, ,0,0,0,0,0,0,0,0,0,0,0,0,0,0,0,0,0,0,0,0,0,0,0,0,0,0,0,3,2,1,0,0,1,0,0,0,0,0,0,1,0,0,0,0,0,0,0,0,0,0,0,0,0,8
1987,CONNECTING RPC-BASED DISTRIBUTED SYSTEMS USING WIDE-AREA NETWORKS.,"van Renesse Robbert, Tanenbaum Andrew S., van Staveren Hans, Hall Jane",,Proceedings - International Conference on Distributed Computing Systems,, ,0,0,0,0,0,0,0,0,0,0,0,0,0,0,0,0,0,0,0,2,2,2,0,0,1,1,0,0,0,0,0,0,0,0,0,0,0,0,0,0,0,0,0,0,0,0,0,0,0,0,0,0,0,8
1986,Language- and machine-independent global optimization on intermediate code,"Bal H.E., Tanenbaum A.S.",960551,Computer Languages,11,2,0,0,0,0,0,0,0,0,0,0,0,0,0,0,0,0,0,0,0,1,3,0,1,1,0,0,1,0,0,1,0,0,0,0,0,0,0,0,0,0,0,0,0,0,0,0,0,0,0,0,0,0,0,8
1976,In Defense of Program Testing or Correctness Proofs Considered Harmful,Tanenbaum A.S.,3621340,ACM SIGPLAN Notices,11,5,0,0,0,0,0,0,0,0,1,1,0,0,1,0,0,0,0,0,0,0,0,0,0,0,0,0,0,2,1,0,0,0,0,0,0,0,0,0,1,0,0,0,0,0,0,1,0,0,0,0,0,0,0,8
1976,A General-Purpose Macro Processor as a Poor Man's Compiler-Compiler,Tanenbaum A.S.,985589,IEEE Transactions on Software Engineering,SE-2,2,0,0,0,0,0,0,0,0,1,1,3,0,0,0,0,0,1,0,0,0,0,0,0,0,0,0,0,0,0,0,0,0,0,0,2,0,0,0,0,0,0,0,0,0,0,0,0,0,0,0,0,0,0,8
2015,Lightweight Memory Checkpointing,"Vogt D., Giuffrida C., Bos H., Tanenbaum A.S.",,Proceedings of the International Conference on Dependable Systems and Networks,2015-, ,0,0,0,0,0,0,0,0,0,0,0,0,0,0,0,0,0,0,0,0,0,0,0,0,0,0,0,0,0,0,0,0,0,0,0,0,0,0,0,0,0,0,0,0,0,0,1,2,0,2,2,0,0,7
2008,Countering IPC threats in multiserver operating systems (a fundamental requirement for dependability),"Herder J.N., Bos H., Gras B., Homburg P., Tanenbaum A.S.",,"Proceedings of the 14th IEEE Pacific Rim International Symposium on Dependable Computing, PRDC 2008",, ,0,0,0,0,0,0,0,0,0,0,0,0,0,0,0,0,0,0,0,0,0,0,0,0,0,0,0,0,0,0,0,0,0,0,0,0,0,0,0,0,1,1,1,1,0,1,0,0,2,0,0,0,0,7
2005,Support for multi-level security policies in DRM architectures,"Popescu B.C., Crispo B., Tanenbaum A.S.",,Proceedings New Security Paradigms Workshop,, ,0,0,0,0,0,0,0,0,0,0,0,0,0,0,0,0,0,0,0,0,0,0,0,0,0,0,0,0,0,0,0,0,0,0,0,0,0,4,0,1,2,0,0,0,0,0,0,0,0,0,0,0,0,7
2005,Securely replicated web documents,"Popescu B.C., Van Steen M., Crispo B., Tanenbaum A.S., Sacha J., Kuz I.",,"Proceedings - 19th IEEE International Parallel and Distributed Processing Symposium, IPDPS 2005",2005, ,0,0,0,0,0,0,0,0,0,0,0,0,0,0,0,0,0,0,0,0,0,0,0,0,0,0,0,0,0,0,0,0,0,0,0,0,0,0,1,0,1,0,0,2,1,0,0,0,1,1,0,0,0,7
2003,A certificate revocation scheme for a large-scale highly replicated distributed system,"Popescu B.C., Crispo B., Tanenbaum A.S.",15301346,Proceedings - IEEE Symposium on Computers and Communications,, ,0,0,0,0,0,0,0,0,0,0,0,0,0,0,0,0,0,0,0,0,0,0,0,0,0,0,0,0,0,0,0,0,0,0,0,1,0,3,0,0,1,0,0,0,0,2,0,0,0,0,0,0,0,7
1995,A comparison of three microkernels,Tanenbaum A.S.,9208542,The Journal of Supercomputing,9, 1-2,0,0,0,0,0,0,0,0,0,0,0,0,0,0,0,0,0,0,0,0,0,0,0,0,0,0,0,0,1,0,0,0,1,0,0,0,1,0,1,0,1,1,0,0,0,0,0,0,1,0,0,0,0,7
1993,Distributed operating systems anno 1992. What have we learned so far?,Tanenbaum A.S.,9671846,Distributed Systems Engineering,1,1,0,0,0,0,0,0,0,0,0,0,0,0,0,0,0,0,0,0,0,0,0,0,0,0,0,1,0,0,0,0,0,0,0,1,1,0,0,0,0,0,0,0,0,0,1,0,0,0,1,1,1,0,0,7
2016,Lessons learned from 30 years of MINIX,Tanenbaum A.S.,10782,Communications of the ACM,59,3,0,0,0,0,0,0,0,0,0,0,0,0,0,0,0,0,0,0,0,0,0,0,0,0,0,0,0,0,0,0,0,0,0,0,0,0,0,0,0,0,0,0,0,0,0,0,0,1,1,2,1,1,0,6
2013,Techniques for efficient in-memory checkpointing,"Vogt D., Giuffrida C., Bos H., Tanenbaum A.S.",,"Proceedings of the 9th Workshop on Hot Topics in Dependable Systems, HotDep 2013",, ,0,0,0,0,0,0,0,0,0,0,0,0,0,0,0,0,0,0,0,0,0,0,0,0,0,0,0,0,0,0,0,0,0,0,0,0,0,0,0,0,0,0,0,0,0,0,3,1,0,1,1,0,0,6
2009,Constructing secure mobile agent systems using the agent operating system,"Van't Noordende G.J., Overeinder B.J., Timmer R.J., Brazier F.M.T., Tanenbaum A.S.",17515858,International Journal of Intelligent Information and Database Systems,3,4,0,0,0,0,0,0,0,0,0,0,0,0,0,0,0,0,0,0,0,0,0,0,0,0,0,0,0,0,0,0,0,0,0,0,0,0,0,0,0,0,0,1,1,3,0,1,0,0,0,0,0,0,0,6
2009,Dealing with driver failures in the storage stack,"Herder J.N., Van Moolenbroek D.C., Appuswamy R., Wu B., Gras B., Tanenbaum A.S.",,"Proceedings - 2009 4th Latin-American Symposium on Dependable Computing, LADC 2009",, ,0,0,0,0,0,0,0,0,0,0,0,0,0,0,0,0,0,0,0,0,0,0,0,0,0,0,0,0,0,0,0,0,0,0,0,0,0,0,0,0,0,0,0,0,1,0,2,1,0,1,0,1,0,6
1995,Paramecium: An extensible object-based kernel,"Van Doorn Leendert, Homburg Philip, Tanenbaum Andrew S.",,Proceedings of the Workshop on Hot Topics in Operating Systems - HOTOS,, ,0,0,0,0,0,0,0,0,0,0,0,0,0,0,0,0,0,0,0,0,0,0,0,0,0,0,0,0,1,0,1,1,0,0,1,0,1,0,1,0,0,0,0,0,0,0,0,0,0,0,0,0,0,6
2016,HSFI: Accurate fault injection scalable to large code bases,"Kouwe E.V.D., Tanenbaum A.S.",,"Proceedings - 46th Annual IEEE/IFIP International Conference on Dependable Systems and Networks, DSN 2016",, ,0,0,0,0,0,0,0,0,0,0,0,0,0,0,0,0,0,0,0,0,0,0,0,0,0,0,0,0,0,0,0,0,0,0,0,0,0,0,0,0,0,0,0,0,0,0,0,0,0,2,3,0,0,5
2009,The design of a trustworthy voting system,"Paul N., Tanenbaum A.S.",10639527,"Proceedings - Annual Computer Security Applications Conference, ACSAC",, ,0,0,0,0,0,0,0,0,0,0,0,0,0,0,0,0,0,0,0,0,0,0,0,0,0,0,0,0,0,0,0,0,0,0,0,0,0,0,0,0,0,2,1,0,1,0,0,0,0,1,0,0,0,5
1993,Programming a distributed system using shared objects,"Tanenbaum A.S., Bal H.E., Kaashoek M.F.",10828907,Proceedings of the IEEE International Symposium on High Performance Distributed Computing,, ,0,0,0,0,0,0,0,0,0,0,0,0,0,0,0,0,0,0,0,0,0,0,0,0,0,0,1,1,1,0,0,0,1,0,0,0,1,0,0,0,0,0,0,0,0,0,0,0,0,0,0,0,0,5
1973,The people's time sharing system,"Tanenbaum A.S., Benson W.H.",380644,Software: Practice and Experience,3,2,0,0,0,0,0,1,0,0,0,0,0,0,0,0,0,0,0,0,0,0,0,0,0,0,0,0,0,0,0,0,0,0,0,0,0,0,0,0,0,0,0,0,0,0,0,0,0,2,1,0,1,0,0,5
2016,A NEaT Design for reliable and scalable network stacks,"Hruby T., Giuffrida C., Sambuc L., Bos H., Tanenbaum A.S.",,CoNEXT 2016 - Proceedings of the 12th International Conference on Emerging Networking EXperiments and Technologies,, ,0,0,0,0,0,0,0,0,0,0,0,0,0,0,0,0,0,0,0,0,0,0,0,0,0,0,0,0,0,0,0,0,0,0,0,0,0,0,0,0,0,0,0,0,0,0,0,0,0,2,0,2,0,4
2015,Speculative memory checkpointing,"Vogt D., Miraglia A., Portokalidis G., Bos H., Tanenbaum A., Giuffrida C.",,Middleware 2015 - Proceedings of the 16th Annual Middleware Conference,, ,0,0,0,0,0,0,0,0,0,0,0,0,0,0,0,0,0,0,0,0,0,0,0,0,0,0,0,0,0,0,0,0,0,0,0,0,0,0,0,0,0,0,0,0,0,0,0,3,0,1,0,0,0,4
2013,Practical automated vulnerability monitoring using program state invariants,"Giuffrida C., Cavallaro L., Tanenbaum A.S.",,Proceedings of the International Conference on Dependable Systems and Networks,, ,0,0,0,0,0,0,0,0,0,0,0,0,0,0,0,0,0,0,0,0,0,0,0,0,0,0,0,0,0,0,0,0,0,0,0,0,0,0,0,0,0,0,0,0,0,1,0,1,0,1,1,0,0,4
2001,Encapsulating distribution by remote objects,"Jansen M., Klaver E., Verkaik P., Van Steen M., Tanenbaum A.S.",9505849,Information and Software Technology,43,6,0,0,0,0,0,0,0,0,0,0,0,0,0,0,0,0,0,0,0,0,0,0,0,0,0,0,0,0,0,0,0,0,0,2,0,1,0,0,0,0,1,0,0,0,0,0,0,0,0,0,0,0,0,4
1991,Fault tolerance using group communication,"Kaashoek M.Frans, Tanenbaum Andrew S.",1635980,Operating Systems Review (ACM),25,2,0,0,0,0,0,0,0,0,0,0,0,0,0,0,0,0,0,0,0,0,0,0,1,0,1,0,1,0,0,0,0,0,0,1,0,0,0,0,0,0,0,0,0,0,0,0,0,0,0,0,0,0,0,4
1989,On the design of the Amoeba configuration manager,"Baalbergen Erik H., Verstoep Kees, Tanenbaum Andrew S.",,,, ,0,0,0,0,0,0,0,0,0,0,0,0,0,0,0,0,0,0,0,0,0,0,1,0,1,0,0,0,1,0,0,0,0,0,1,0,0,0,0,0,0,0,0,0,0,0,0,0,0,0,0,0,0,4
1989,The Design of Very Fast Portable Compilers,"Tanenbaum A.S., Kaashoek M.F., Langendoen K.G., Jacobs C.J.H.",3621340,ACM SIGPLAN Notices,24,11,0,0,0,0,0,0,0,0,0,0,0,0,0,0,0,0,0,0,0,0,0,0,1,1,0,0,0,0,1,1,0,0,0,0,0,0,0,0,0,0,0,0,0,0,0,0,0,0,0,0,0,0,0,4
1978,COMPARISON OF PASCAL AND ALGOL 68.,Tanenbaum A.S.,104620,Computer Journal,21,4,0,0,0,0,0,0,0,0,0,0,0,2,0,0,0,1,0,0,0,0,0,0,0,0,0,0,0,0,0,0,0,0,0,0,0,0,0,0,0,0,1,0,0,0,0,0,0,0,0,0,0,0,0,4
2017,Automating Live Update for Generic Server Programs,"Giuffrida C., Iorgulescu C., Tamburrelli G., Tanenbaum A.S.",985589,IEEE Transactions on Software Engineering,43,3,0,0,0,0,0,0,0,0,0,0,0,0,0,0,0,0,0,0,0,0,0,0,0,0,0,0,0,0,0,0,0,0,0,0,0,0,0,0,0,0,0,0,0,0,0,0,0,0,0,1,2,0,0,3
2014,"Towards a flexible, lightweight virtualization alternative","Van Moolenbroek D.C., Appuswamy R., Tanenbaum A.S.",,"Proceedings of the 7th ACM International Systems and Storage Conference, SYSTOR 2014",, ,0,0,0,0,0,0,0,0,0,0,0,0,0,0,0,0,0,0,0,0,0,0,0,0,0,0,0,0,0,0,0,0,0,0,0,0,0,0,0,0,0,0,0,0,0,0,1,0,1,0,1,0,0,3
2014,On the soundness of silence: Investigating silent failures using fault injection experiments,"Van Der Kouwe E., Giuffrida C., Tanenbaum A.S.",,"Proceedings - 2014 10th European Dependable Computing Conference, EDCC 2014",, ,0,0,0,0,0,0,0,0,0,0,0,0,0,0,0,0,0,0,0,0,0,0,0,0,0,0,0,0,0,0,0,0,0,0,0,0,0,0,0,0,0,0,0,0,0,0,0,2,1,0,0,0,0,3
2011,"Efficient, modular metadata management with loris","Van Heuven Van Staereling R., Appuswamy R., Van Moolenbroek D.C., Tanenbaum A.S.",,"Proceedings - 6th IEEE International Conference on Networking, Architecture, and Storage, NAS 2011",, ,0,0,0,0,0,0,0,0,0,0,0,0,0,0,0,0,0,0,0,0,0,0,0,0,0,0,0,0,0,0,0,0,0,0,0,0,0,0,0,0,0,0,0,0,2,1,0,0,0,0,0,0,0,3
2011,"Flexible, modular file volume virtualization in Loris","Appuswamy R., Van Moolenbroek D.C., Tanenbaum A.S.",,"2011 IEEE 7th International Workshop on Storage Network Architecture and Parallel I/Os, SNAPI 2011",, ,0,0,0,0,0,0,0,0,0,0,0,0,0,0,0,0,0,0,0,0,0,0,0,0,0,0,0,0,0,0,0,0,0,0,0,0,0,0,0,0,0,0,1,1,1,0,0,0,0,0,0,0,0,3
1996,Communication in GLOBE: An object-based worldwide operating system,"Homburg Philip, van Steen Maarten, Tanenbaum Andrew S.",10635351,International Workshop on Object Orientation in Operating Systems - Proceedings,, ,0,0,0,0,0,0,0,0,0,0,0,0,0,0,0,0,0,0,0,0,0,0,0,0,0,0,0,0,0,2,1,0,0,0,0,0,0,0,0,0,0,0,0,0,0,0,0,0,0,0,0,0,0,3
1993,Using group communication to implement a fault-tolerant directory service,"Kaashoek M.Frans, Tanenbaum Andrew S., Verstoep Kees",,Proceedings - International Conference on Distributed Computing Systems,, ,0,0,0,0,0,0,0,0,0,0,0,0,0,0,0,0,0,0,0,0,0,0,0,0,0,0,0,0,0,2,1,0,0,0,0,0,0,0,0,0,0,0,0,0,0,0,0,0,0,0,0,0,0,3
2016,OSIRIS: Efficient and consistent recovery of compartmentalized operating systems,"Bhat K., Vogt D., Kouwe E.V.D., Gras B., Sambuc L., Tanenbaum A.S., Bos H., Giuffrida C.",,"Proceedings - 46th Annual IEEE/IFIP International Conference on Dependable Systems and Networks, DSN 2016",, ,0,0,0,0,0,0,0,0,0,0,0,0,0,0,0,0,0,0,0,0,0,0,0,0,0,0,0,0,0,0,0,0,0,0,0,0,0,0,0,0,0,0,0,0,0,0,0,1,0,1,0,0,0,2
2016,Finding fault with fault injection: an empirical exploration of distortion in fault injection experiments,"van der Kouwe E., Giuffrida C., Tanenbaum A.S.",9639314,Software Quality Journal,24,1,0,0,0,0,0,0,0,0,0,0,0,0,0,0,0,0,0,0,0,0,0,0,0,0,0,0,0,0,0,0,0,0,0,0,0,0,0,0,0,0,0,0,0,0,0,0,0,0,0,0,1,1,0,2
2015,A Methodology to Efficiently Compare Operating System Stability,"Van Der Kouwe E., Giuffriday C., Ghituletez R., Tanenbaum A.S.",15302059,Proceedings of IEEE International Symposium on High Assurance Systems Engineering,2015-, January,0,0,0,0,0,0,0,0,0,0,0,0,0,0,0,0,0,0,0,0,0,0,0,0,0,0,0,0,0,0,0,0,0,0,0,0,0,0,0,0,0,0,0,0,0,0,0,1,0,1,0,0,0,2
2013,Transaction-based process crash recovery of file system namespace modules,"Van Moolenbroek D.C., Appuswamy R., Tanenbaum A.S.",15410110,"Proceedings of IEEE Pacific Rim International Symposium on Dependable Computing, PRDC",, ,0,0,0,0,0,0,0,0,0,0,0,0,0,0,0,0,0,0,0,0,0,0,0,0,0,0,0,0,0,0,0,0,0,0,0,0,0,0,0,0,0,0,0,0,0,1,1,0,0,0,0,0,0,2
2012,Integrated system and process crash recovery in the loris storage stack,"Van Moolenbroek D.C., Appuswamy R., Tanenbaum A.S.",,"Proceedings - 2012 IEEE 7th International Conference on Networking, Architecture and Storage, NAS 2012",, ,0,0,0,0,0,0,0,0,0,0,0,0,0,0,0,0,0,0,0,0,0,0,0,0,0,0,0,0,0,0,0,0,0,0,0,0,0,0,0,0,0,0,0,0,1,0,1,0,0,0,0,0,0,2
2008,Floodgate: A micropayment incentivized P2P content delivery network,"Nair S.K., Zentveld E., Crispo B., Tanenbaum A.S.",10952055,"Proceedings - International Conference on Computer Communications and Networks, ICCCN",, ,0,0,0,0,0,0,0,0,0,0,0,0,0,0,0,0,0,0,0,0,0,0,0,0,0,0,0,0,0,0,0,0,0,0,0,0,0,0,0,0,0,0,1,0,1,0,0,0,0,0,0,0,0,2
2008,Turning teenagers into stores,"Nair S.K., Gerrits R., Crispo B., Tanenbaum A.S.",189162,Computer,41,2,0,0,0,0,0,0,0,0,0,0,0,0,0,0,0,0,0,0,0,0,0,0,0,0,0,0,0,0,0,0,0,0,0,0,0,0,0,0,0,1,1,0,0,0,0,0,0,0,0,0,0,0,0,2
2005,Enforcing security policies for distributed objects applications,"Popescu B.C., Crispo B., Tanenbaum A.S., Zeeman M.",3029743,Lecture Notes in Computer Science (including subseries Lecture Notes in Artificial Intelligence and Lecture Notes in Bioinformatics),3364, ,0,0,0,0,0,0,0,0,0,0,0,0,0,0,0,0,0,0,0,0,0,0,0,0,0,0,0,0,0,0,0,0,0,0,0,0,0,0,0,0,0,0,0,0,1,1,0,0,0,0,0,0,0,2
2004,Symmetric key authentication services revisited,"Crispo B., Popescu B.C., Tanenbaum A.S.",3029743,Lecture Notes in Computer Science (including subseries Lecture Notes in Artificial Intelligence and Lecture Notes in Bioinformatics),3108, ,0,0,0,0,0,0,0,0,0,0,0,0,0,0,0,0,0,0,0,0,0,0,0,0,0,0,0,0,0,0,0,0,0,0,0,0,0,1,0,0,1,0,0,0,0,0,0,0,0,0,0,0,0,2
2000,A security design for a wide-area distributed system,"Leiwo J., Hanle C., Homburg P., Gamage C., Tanenbaum A.S.",3029743,Lecture Notes in Computer Science (including subseries Lecture Notes in Artificial Intelligence and Lecture Notes in Bioinformatics),1787, ,0,0,0,0,0,0,0,0,0,0,0,0,0,0,0,0,0,0,0,0,0,0,0,0,0,0,0,0,0,0,0,1,0,1,0,0,0,0,0,0,0,0,0,0,0,0,0,0,0,0,0,0,0,2
1998,Replicated invocations in wide-area systems,"Bakker A., Van Steen M., Tanenbaum A.S.",,"Proceedings of the 8th ACM SIGOPS European Workshop on Support for Composing Distributed Applications, EW 1998",, ,0,0,0,0,0,0,0,0,0,0,0,0,0,0,0,0,0,0,0,0,0,0,0,0,0,0,0,0,0,0,1,0,0,0,1,0,0,0,0,0,0,0,0,0,0,0,0,0,0,0,0,0,0,2
1994,Object‐based approach to programming distributed systems,"Tanenbaum A.S., Bal H.E., Ben Hassen S., Kaashoek M.F.",10403108,Concurrency: Practice and Experience,6,4,0,0,0,0,0,0,0,0,0,0,0,0,0,0,0,0,0,0,0,0,0,0,0,0,0,0,0,1,0,1,0,0,0,0,0,0,0,0,0,0,0,0,0,0,0,0,0,0,0,0,0,0,0,2
1990,Fault tolerance using group communication,"Kaashoek M.F., Tanenbaum A.S.",,"Proceedings of the 4th Workshop on ACM SIGOPS European Workshop, EW 1990",, ,0,0,0,0,0,0,0,0,0,0,0,0,0,0,0,0,0,0,0,0,0,0,0,0,0,0,0,0,0,0,0,0,1,0,0,0,1,0,0,0,0,0,0,0,0,0,0,0,0,0,0,0,0,2
1982,OPERATING SYSTEM REQUIREMENTS FOR DISTRIBUTED DATA BASE SYSTEMS.,"Tanenbaum Andrew S., Mullender Sape J.",,,, ,0,0,0,0,0,0,0,0,0,0,0,0,0,0,0,1,1,0,0,0,0,0,0,0,0,0,0,0,0,0,0,0,0,0,0,0,0,0,0,0,0,0,0,0,0,0,0,0,0,0,0,0,0,2
2013,Battling bad bits with checksums in the loris page cache,"Van Moolenbroek D.C., Appuswamy R., Tanenbaum A.S.",,"Proceedings - 6th Latin-American Symposium on Dependable Computing, LADC 2013",, ,0,0,0,0,0,0,0,0,0,0,0,0,0,0,0,0,0,0,0,0,0,0,0,0,0,0,0,0,0,0,0,0,0,0,0,0,0,0,0,0,0,0,0,0,0,0,1,0,0,0,0,0,0,1
2011,Systems security at VU University Amsterdam,"Bos H., Cavallaro L., Tanenbaum A.S.",,"Proceedings - 1st SysSec Workshop, SysSec 2011",, ,0,0,0,0,0,0,0,0,0,0,0,0,0,0,0,0,0,0,0,0,0,0,0,0,0,0,0,0,0,0,0,0,0,0,0,0,0,0,0,0,0,0,0,0,0,1,0,0,0,0,0,0,0,1
2011,Integrated end-to-end dependability in the Loris storage stack,"Van Moolenbroek D.C., Appuswamy R., Tanenbaum A.S.",,Proceedings of the International Conference on Dependable Systems and Networks,, ,0,0,0,0,0,0,0,0,0,0,0,0,0,0,0,0,0,0,0,0,0,0,0,0,0,0,0,0,0,0,0,0,0,0,0,0,0,0,0,0,0,0,0,1,0,0,0,0,0,0,0,0,0,1
2007,Design and implementation of a secure wide-area object middleware,"Popescu B.C., Crispo B., Tanenbaum A.S., Bakker A.",13891286,Computer Networks,51,10,0,0,0,0,0,0,0,0,0,0,0,0,0,0,0,0,0,0,0,0,0,0,0,0,0,0,0,0,0,0,0,0,0,0,0,0,0,0,0,0,0,0,0,0,0,0,0,0,1,0,0,0,0,1
2007,Guarding security sensitive content using confined mobile agents,"Van 'T Noordende G., Brazier F.M.T., Tanenbaum A.S.",,Proceedings of the ACM Symposium on Applied Computing,, ,0,0,0,0,0,0,0,0,0,0,0,0,0,0,0,0,0,0,0,0,0,0,0,0,0,0,0,0,0,0,0,0,0,0,0,0,0,0,0,1,0,0,0,0,0,0,0,0,0,0,0,0,0,1
2005,A cost-efficient counter-intrusion scheme for one-time sensor networks,"Gamage C., Leiwo J., Bicakci K., Crispo B., Tanenbaum A.S.",,"Proceedings of the 2005 Intelligent Sensors, Sensor Networks and Information Processing Conference",2005, ,0,0,0,0,0,0,0,0,0,0,0,0,0,0,0,0,0,0,0,0,0,0,0,0,0,0,0,0,0,0,0,0,0,0,0,0,0,0,0,0,0,0,0,0,1,0,0,0,0,0,0,0,0,1
1992,Operating systems — the state of the art,Tanenbaum A.S.,9270507,Handbooks in Operations Research and Management Science,3, C,0,0,0,0,0,0,0,0,0,0,0,0,0,0,0,0,0,0,0,0,0,0,0,0,0,0,0,0,0,0,0,0,0,0,0,0,0,0,0,0,0,0,0,0,0,0,0,0,0,0,0,1,0,1
1990,The evolution of a distributed operating system,"van Renesse R., Tanenbaum A.S., Mullender S.J.",3029743,Lecture Notes in Computer Science (including subseries Lecture Notes in Artificial Intelligence and Lecture Notes in Bioinformatics),433, ,0,0,0,0,0,0,0,0,0,0,0,0,0,0,0,0,0,0,0,0,0,0,1,0,0,0,0,0,0,0,0,0,0,0,0,0,0,0,0,0,0,0,0,0,0,0,0,0,0,0,0,0,0,1
2016,Peeking into the Past: Efficient Checkpoint-Assisted Time-Traveling Debugging,"Miraglia A., Vogt D., Bos H., Tanenbaum A., Giuffrida C.",10719458,"Proceedings - International Symposium on Software Reliability Engineering, ISSRE",, ,0,0,0,0,0,0,0,0,0,0,0,0,0,0,0,0,0,0,0,0,0,0,0,0,0,0,0,0,0,0,0,0,0,0,0,0,0,0,0,0,0,0,0,0,0,0,0,0,0,0,0,0,0,0
2015,Putting the pieces together: The construction of a reliable virtualizing object-based storage stack,"Van Moolenbroek D.C., Appuswamy R., Tanenbaum A.S.",,"Proceedings - 2014 2nd International Symposium on Computing and Networking, CANDAR 2014",, ,0,0,0,0,0,0,0,0,0,0,0,0,0,0,0,0,0,0,0,0,0,0,0,0,0,0,0,0,0,0,0,0,0,0,0,0,0,0,0,0,0,0,0,0,0,0,0,0,0,0,0,0,0,0
2014,Techniques for efficient in-memory checkpointing,"Vogt D., Giuffrida C., Bos H., Tanenbaum A.S.",1635980,Operating Systems Review (ACM),48, 1-118,0,0,0,0,0,0,0,0,0,0,0,0,0,0,0,0,0,0,0,0,0,0,0,0,0,0,0,0,0,0,0,0,0,0,0,0,0,0,0,0,0,0,0,0,0,0,0,0,0,0,0,0,0,0
2013,"File-level, host-side flash caching with Loris","Appuswamy R., Van Moolenbroek D.C., Santhanam S., Tanenbaum A.S.",15219097,Proceedings of the International Conference on Parallel and Distributed Systems - ICPADS,, ,0,0,0,0,0,0,0,0,0,0,0,0,0,0,0,0,0,0,0,0,0,0,0,0,0,0,0,0,0,0,0,0,0,0,0,0,0,0,0,0,0,0,0,0,0,0,0,0,0,0,0,0,0,0
2012,"Proceedings - 1st International Conference on Security of Internet of Things, SecurIT 2012","Chandrasekhar R., Tanenbaum A.",,ACM International Conference Proceeding Series,, ,0,0,0,0,0,0,0,0,0,0,0,0,0,0,0,0,0,0,0,0,0,0,0,0,0,0,0,0,0,0,0,0,0,0,0,0,0,0,0,0,0,0,0,0,0,0,0,0,0,0,0,0,0,0
2011,"Flexible, modular file volume virtualization in Loris","Appuswamy R., Van Moolenbroek D.C., Tanenbaum A.S.",21601968,IEEE Symposium on Mass Storage Systems and Technologies,, ,0,0,0,0,0,0,0,0,0,0,0,0,0,0,0,0,0,0,0,0,0,0,0,0,0,0,0,0,0,0,0,0,0,0,0,0,0,0,0,0,0,0,0,0,0,0,0,0,0,0,0,0,0,0
2009,Towards a secure application-semantic aware policy enforcement architecture,"Nair S.K., Crispo B., Tanenbaum A.S.",3029743,Lecture Notes in Computer Science (including subseries Lecture Notes in Artificial Intelligence and Lecture Notes in Bioinformatics),5087, ,0,0,0,0,0,0,0,0,0,0,0,0,0,0,0,0,0,0,0,0,0,0,0,0,0,0,0,0,0,0,0,0,0,0,0,0,0,0,0,0,0,0,0,0,0,0,0,0,0,0,0,0,0,0
2006,A wide-area distribution network for free software,"Bakker A., Van Steen M., Tanenbaum A.S.",15335399,ACM Transactions on Internet Technology,6,3,0,0,0,0,0,0,0,0,0,0,0,0,0,0,0,0,0,0,0,0,0,0,0,0,0,0,0,0,0,0,0,0,0,0,0,0,0,0,0,0,0,0,0,0,0,0,0,0,0,0,0,0,0,0
2005,Counting abuses using flexible off-line credentials,"Bicakci K., Crispo B., Tanenbaum A.S.",3029743,Lecture Notes in Computer Science,3574, ,0,0,0,0,0,0,0,0,0,0,0,0,0,0,0,0,0,0,0,0,0,0,0,0,0,0,0,0,0,0,0,0,0,0,0,0,0,0,0,0,0,0,0,0,0,0,0,0,0,0,0,0,0,0
2001,"Mansion, a distributed multi-agent system","Van 't Noordende G., Brazier F., Tanenbaum A.S., Van Steen M.",,Proceedings of the Workshop on Hot Topics in Operating Systems - HOTOS,, ,0,0,0,0,0,0,0,0,0,0,0,0,0,0,0,0,0,0,0,0,0,0,0,0,0,0,0,0,0,0,0,0,0,0,0,0,0,0,0,0,0,0,0,0,0,0,0,0,0,0,0,0,0,0
1994,Using active messages to support shared objects,"Van Doorn L., Tanenbaum A.S.",,EW 1994 - Proceedings of the 6th ACM SIGOPS European Workshop on Matching Operating Systems to Application Needs,, ,0,0,0,0,0,0,0,0,0,0,0,0,0,0,0,0,0,0,0,0,0,0,0,0,0,0,0,0,0,0,0,0,0,0,0,0,0,0,0,0,0,0,0,0,0,0,0,0,0,0,0,0,0,0
1993,Programming multicomputers using shared objects,"Tanenbaum A.S., Bal H.E., Kaashoek M.F.",,"Proceedings - 3rd International Workshop on Object Orientation in Operating Systems, IWOOOS 1993",, ,0,0,0,0,0,0,0,0,0,0,0,0,0,0,0,0,0,0,0,0,0,0,0,0,0,0,0,0,0,0,0,0,0,0,0,0,0,0,0,0,0,0,0,0,0,0,0,0,0,0,0,0,0,0
1992,An experimental comparison of remote procedure call &amp; group communication,"Frans Kaashoek M., Tanenbaum A.S., Verstoep K.",,"Proceedings of the 5th ACM SIGOPS European Workshop: Models and Paradigms for Distributed Systems Structuring, EW 1992",, ,0,0,0,0,0,0,0,0,0,0,0,0,0,0,0,0,0,0,0,0,0,0,0,0,0,0,0,0,0,0,0,0,0,0,0,0,0,0,0,0,0,0,0,0,0,0,0,0,0,0,0,0,0,0
1988,Functional specialization in distributed operating systems,"Van Renesse R., Tanenbaum A.S., Sharp G.J.",,"Proceedings of the 3rd Workshop on ACM SIGOPS European Workshop: Autonomy or Interdependence in Distributed Systems?, EW 1988",, ,0,0,0,0,0,0,0,0,0,0,0,0,0,0,0,0,0,0,0,0,0,0,0,0,0,0,0,0,0,0,0,0,0,0,0,0,0,0,0,0,0,0,0,0,0,0,0,0,0,0,0,0,0,0
1984,Does anybody out there want to write HALF of a compiler,"Tanenbaum A.S., Keizer E., van Staveren H.",3621340,ACM SIGPLAN Notices,19,8,0,0,0,0,0,0,0,0,0,0,0,0,0,0,0,0,0,0,0,0,0,0,0,0,0,0,0,0,0,0,0,0,0,0,0,0,0,0,0,0,0,0,0,0,0,0,0,0,0,0,0,0,0,0
1977,Corrigenda,Tanenbaum A.S.,3600300,ACM Computing Surveys (CSUR),9,3,0,0,0,0,0,0,0,0,0,0,0,0,0,0,0,0,0,0,0,0,0,0,0,0,0,0,0,0,0,0,0,0,0,0,0,0,0,0,0,0,0,0,0,0,0,0,0,0,0,0,0,0,0,0
1973,Computer recreations,Tanenbaum A.S.,380644,Software: Practice and Experience,3,4,0,0,0,0,0,0,0,0,0,0,0,0,0,0,0,0,0,0,0,0,0,0,0,0,0,0,0,0,0,0,0,0,0,0,0,0,0,0,0,0,0,0,0,0,0,0,0,0,0,0,0,0,0,0
