," 作者:Tarjan, Robert Endre",,,,,,,,,,,,,,,,,,,,,,,,,,,,,,,,,,,,,,,,,,,,,,,,,,,,,,,,,,,
,,,,,,,,,,,,,,,,,,,,,,,,,,,,,,,,,,,,,,,,,,,,,,,,,,,,,,,,,,,,
,h-index = 75 (在纳入 h-Index 的 282 文献中，有 75 篇已被至少引用 75 次。),,,,,,,,,,,,,,,,,,,,,,,,,,,,,,,,,,,,,,,,,,,,,,,,,,,,,,,,,,,
,,,,,,,,,,,,,,,,,,,,,,,,,,,,,,,,,,,,,,,,,,,,,,,,,,,,,,,,,,,,
,,,,,,,,,,,,,,,,,,,,,,,,,,,,,,,,,,,,,,,,,,,,,,,,,,,,,,,,,,,,
,,,,,,,<1970,1970,1971,1972,1973,1974,1975,1976,1977,1978,1979,1980,1981,1982,1983,1984,1985,1986,1987,1988,1989,1990,1991,1992,1993,1994,1995,1996,1997,1998,1999,2000,2001,2002,2003,2004,2005,2006,2007,2008,2009,2010,2011,2012,2013,2014,2015,2016,2017,2018,2019,2020,>2020,总计
出版年份,文献标题,作者,ISSN,期刊标题,卷,期,0,0,0,2,5,11,11,37,20,55,67,79,100,58,79,118,130,176,162,267,345,333,472,521,460,471,578,576,560,581,469,588,641,610,709,775,898,893,899,977,949,1094,1082,1167,1211,1128,1219,1206,1195,1203,1221,307,0,26715
1987,Fibonacci heaps and their uses in improved network optimization algorithms,"Fredman M.L., Tarjan R.E.",45411,Journal of the ACM (JACM),34,3,0,0,0,0,0,0,0,0,0,0,0,0,0,0,0,0,0,0,0,6,10,9,22,25,24,22,32,20,25,33,22,41,40,35,38,48,45,44,49,53,52,70,73,75,100,90,77,74,98,81,98,16,0,1547
1985,Amortized efficiency of list update and paging rules,"Sleator D.D., Tarjan R.E.",10782,Communications of the ACM,28,2,0,0,0,0,0,0,0,0,0,0,0,0,0,0,0,0,3,1,3,2,5,6,21,29,25,33,30,39,26,48,45,54,66,56,52,56,53,46,50,57,46,55,43,56,60,49,63,51,54,57,61,17,0,1418
1988,A New Approach to the Maximum-Flow Problem,"Goldberg A.V., Tarjan R.E.",45411,Journal of the ACM (JACM),35,4,0,0,0,0,0,0,0,0,0,0,0,0,0,0,0,0,0,0,0,0,1,3,9,13,14,18,15,16,22,25,23,27,25,27,38,41,44,43,44,54,53,67,75,68,62,61,63,49,43,38,68,25,0,1174
1979,SEPARATOR THEOREM FOR PLANAR GRAPHS.,"Lipton Richard J., Tarjan Robert Endre",361399,SIAM J Appl Math,36,2,0,0,0,0,0,0,0,0,0,0,0,1,3,2,3,8,7,14,5,12,14,12,10,19,20,16,17,13,24,18,19,20,22,16,18,19,20,32,31,27,27,42,37,27,32,25,26,41,39,42,34,11,0,825
1975,Efficiency of a Good But Not Linear Set Union Algorithm,Tarjan R.E.,45411,Journal of the ACM (JACM),22,2,0,0,0,0,0,0,1,6,3,8,10,13,9,8,7,9,7,9,7,10,11,9,14,16,10,7,12,12,7,8,11,16,19,16,19,23,22,20,33,32,22,32,35,27,38,42,29,44,29,30,32,11,0,795
1987,THREE PARTITION REFINEMENT ALGORITHMS.,"Paige Robert, Tarjan Robert E.",975397,SIAM Journal on Computing,16,6,0,0,0,0,0,0,0,0,0,0,0,0,0,0,0,0,0,0,0,0,1,10,9,11,14,11,15,15,22,27,21,21,19,25,20,29,27,31,32,41,35,37,31,38,33,27,42,28,39,24,29,5,0,769
1984,FAST ALGORITHMS FOR FINDING NEAREST COMMON ANCESTORS.,"Harel Dov, Tarjan Robert Endre",975397,SIAM Journal on Computing,13,2,0,0,0,0,0,0,0,0,0,0,0,0,0,0,0,0,2,3,5,6,3,11,15,19,12,12,16,19,15,11,14,18,12,15,24,35,26,18,44,37,34,27,37,36,32,40,44,30,29,29,32,6,0,768
1973,Time bounds for selection,"Blum M., Floyd R.W., Pratt V., Rivest R.L., Tarjan R.E.",220000,Journal of Computer and System Sciences,7,4,0,0,0,0,0,0,5,5,2,7,4,4,8,5,5,7,8,3,5,5,9,13,11,11,16,8,10,19,24,21,15,15,14,16,18,10,24,17,23,24,23,20,17,34,44,35,27,39,19,37,30,14,0,730
1974,Efficient Planarity Testing,"Hopcroft J., Tarjan R.",45411,Journal of the ACM (JACM),21,4,0,0,0,0,0,0,2,5,1,7,5,6,9,5,13,13,12,12,8,14,14,14,16,20,13,19,25,16,17,15,12,6,12,14,9,22,14,25,19,28,21,22,25,25,18,19,20,28,26,30,20,7,0,703
1985,Self-Adjusting Binary Search Trees,"Sleator D.D., Tarjan R.E.",45411,Journal of the ACM (JACM),32,3,0,0,0,0,0,0,0,0,0,0,0,0,0,0,0,0,1,5,5,7,11,7,14,20,15,11,13,19,10,17,9,10,18,20,28,28,35,30,21,32,31,29,27,35,31,20,32,24,26,29,25,4,0,699
1984,"SIMPLE LINEAR-TIME ALGORITHMS TO TEST CHORDALITY OF GRAPHS, TEST ACYCLICITY OF HYPERGRAPHS, AND SELECTIVELY REDUCE ACYCLIC HYPERGRAPHS.","Tarjan Robert E., Yannakakis Mihalis",975397,SIAM Journal on Computing,13,3,0,0,0,0,0,0,0,0,0,0,0,0,0,0,0,1,3,6,6,10,9,10,11,3,11,16,13,13,16,17,13,5,15,13,17,19,27,27,21,24,29,30,28,28,32,32,27,21,22,20,30,6,0,631
1983,A data structure for dynamic trees,"Sleator D.D., Endre Tarjan R.",220000,Journal of Computer and System Sciences,26,3,0,0,0,0,0,0,0,0,0,0,0,0,0,0,0,2,3,1,5,8,7,9,13,15,5,9,20,23,23,16,11,20,8,5,10,10,11,17,13,23,22,16,28,19,39,26,20,31,30,26,36,10,0,590
1979,A linear-time algorithm for testing the truth of certain quantified boolean formulas,"Aspvall B., Plass M.F., Tarjan R.E.",200190,Information Processing Letters,8,3,0,0,0,0,0,0,0,0,0,0,0,3,0,0,0,2,2,3,3,4,3,10,5,7,2,6,12,10,7,5,19,13,21,15,18,25,34,15,23,28,27,29,27,20,24,30,27,28,16,22,32,8,0,585
1973,Algorithm 447: Efficient algorithms for graph manipulation,"Hopcroft J., Tarjan R.",10782,Communications of the ACM,16,6,0,0,0,0,0,4,0,5,5,2,2,5,0,1,2,2,4,0,2,4,3,1,4,2,3,5,6,2,1,2,3,1,2,2,3,1,3,2,4,8,8,16,26,40,29,44,48,51,54,55,66,13,0,546
1984,A quick method for finding shortest pairs of disjoint paths,"Suurballe J.W., Tarjan R.E.",283045,Networks,14,2,0,0,0,0,0,0,0,0,0,0,0,0,0,0,0,0,1,0,2,2,3,2,1,1,4,1,1,3,1,2,4,1,11,14,22,27,30,24,31,22,22,23,26,40,29,39,33,28,31,19,14,3,0,517
1989,Fast parametric maximum flow algorithm and applications,"Gallo Giorgio, Grigoriadis Michael D., Tarjan Robert E.",975397,SIAM Journal on Computing,18,1,0,0,0,0,0,0,0,0,0,0,0,0,0,0,0,0,0,0,0,0,1,2,5,8,7,10,9,4,7,8,5,9,9,7,13,6,6,14,23,13,24,24,13,17,18,18,31,20,15,13,19,4,0,382
1989,Making data structures persistent,"Driscoll J.R., Sarnak N., Sleator D.D., Tarjan R.E.",220000,Journal of Computer and System Sciences,38,1,0,0,0,0,0,0,0,0,0,0,0,0,0,0,0,0,0,0,0,0,3,4,12,6,8,5,9,19,12,15,7,6,14,11,18,16,16,15,14,15,15,14,10,17,16,15,10,7,8,19,14,7,0,377
1979,A Fast Algorithm for Finding Dominators in a Flowgraph,"Lengauer T., Tarjan R.E.",1640925,ACM Transactions on Programming Languages and Systems (TOPLAS),1,1,0,0,0,0,0,0,0,0,0,0,0,2,2,0,1,3,1,2,2,7,1,3,3,4,1,4,11,8,6,3,1,6,9,6,13,9,23,15,17,13,14,16,20,13,11,18,22,26,18,22,16,2,0,374
1985,EFFICIENT PARALLEL BICONNECTIVITY ALGORITHM.,"Tarjan Robert E., Vishkin Uzi",975397,SIAM Journal on Computing,14,4,0,0,0,0,0,0,0,0,0,0,0,0,0,0,0,0,0,5,4,16,18,19,32,26,24,27,20,15,16,14,6,9,10,7,7,10,6,6,6,4,4,6,4,3,3,4,1,5,9,6,8,0,0,360
1985,A linear-time algorithm for a special case of disjoint set union,"Gabow H.N., Tarjan R.E.",220000,Journal of Computer and System Sciences,30,2,0,0,0,0,0,0,0,0,0,0,0,0,0,0,0,0,0,3,1,4,4,10,12,16,9,10,15,14,10,8,9,12,11,5,12,14,10,14,10,6,8,14,6,12,11,10,11,9,12,15,12,5,0,344
1984,Scaling and related techniques for geometry problems,"Gabow H.N., Bentley J.L., Tarjan R.E.",7378017,Proceedings of the Annual ACM Symposium on Theory of Computing,, ,0,0,0,0,0,0,0,0,0,0,0,0,0,0,0,1,5,3,5,3,2,2,3,5,6,5,3,3,5,6,1,4,4,8,12,9,19,11,15,13,19,18,24,26,18,17,15,7,15,12,8,3,0,335
1986,A locally adaptive data compression scheme,"Bentley J.L., Sleator D.D., Tarjan R.E., Wei V.K.",10782,Communications of the ACM,29,4,0,0,0,0,0,0,0,0,0,0,0,0,0,0,0,0,0,0,4,2,6,3,4,8,2,4,6,6,8,15,9,5,12,9,11,8,16,16,26,12,17,12,14,17,5,12,14,9,13,11,12,4,0,332
1986,Efficient algorithms for finding minimum spanning trees in undirected and directed graphs,"Gabow H.N., Galil Z., Spencer T., Tarjan R.E.",2099683,Combinatorica,6,2,0,0,0,0,0,0,0,0,0,0,0,0,0,0,0,0,0,0,1,5,1,6,10,5,4,7,13,4,10,5,0,3,10,10,5,9,8,10,9,12,7,14,20,13,12,11,20,22,13,17,15,1,0,312
1990,Faster Algorithms for the Shortest Path Problem,"Ahuja R.K., Mehlhorn K., Orlin J., Tarjan R.E.",45411,Journal of the ACM (JACM),37,2,0,0,0,0,0,0,0,0,0,0,0,0,0,0,0,0,0,0,0,0,0,0,4,3,0,2,4,7,5,6,6,8,10,2,15,8,9,6,9,15,13,15,11,14,10,14,17,11,28,12,18,4,0,286
1987,Linear-time algorithms for visibility and shortest path problems inside triangulated simple polygons,"Guibas L., Hershberger J., Leven D., Sharir M., Tarjan R.E.",1784617,Algorithmica,2,1,0,0,0,0,0,0,0,0,0,0,0,0,0,0,0,0,0,0,0,6,10,4,10,6,9,9,13,13,15,14,8,8,11,8,8,7,7,10,7,7,9,7,14,7,14,12,6,5,7,4,5,1,0,281
1986,Planar Point Location Using Persistent Search Trees,"Sarnak N., Tarjan R.E.",10782,Communications of the ACM,29,7,0,0,0,0,0,0,0,0,0,0,0,0,0,0,0,0,0,0,1,9,16,14,16,12,3,5,5,15,5,8,9,2,15,8,12,4,7,9,9,12,13,10,5,10,9,6,5,8,7,8,4,0,0,281
1985,Decomposition by clique separators,Tarjan R.E.,0012365X,Discrete Mathematics,55,2,0,0,0,0,0,0,0,0,0,0,0,0,0,0,0,0,2,1,0,5,3,1,2,1,4,5,2,4,3,4,4,5,11,5,6,9,13,10,9,15,7,11,10,16,7,14,10,14,19,14,15,7,0,268
1988,ONE-PROCESSOR SCHEDULING WITH SYMMETRIC EARLINESS AND TARDINESS PENALTIES.,"Garey Michael R., Tarjan Robert E., Wilfong Gordon T.",0364765X,Mathematics of Operations Research,13,2,0,0,0,0,0,0,0,0,0,0,0,0,0,0,0,0,0,0,0,0,0,4,3,4,11,9,9,10,6,7,9,8,6,14,8,13,12,8,12,16,9,5,8,10,11,8,11,7,7,2,6,2,0,255
1995,A Randomized Linear-Time Algorithm to Find Minimum Spanning Trees,"Karger D.R., Klein P.N., Tartan R.E.",45411,Journal of the ACM (JACM),42,2,0,0,0,0,0,0,0,0,0,0,0,0,0,0,0,0,0,0,0,0,0,0,0,0,0,0,0,4,6,8,3,3,10,8,6,15,13,16,6,10,13,20,15,8,15,5,14,19,7,14,9,2,0,249
1984,Worst-Case Analysis of Set Union Algorithms,"Tarjan R.E., van Leeuwen J.",45411,Journal of the ACM (JACM),31,2,0,0,0,0,0,0,0,0,0,0,0,0,0,0,0,0,3,6,1,6,4,6,9,7,7,4,3,8,3,8,3,4,3,7,10,2,9,8,5,7,9,6,9,8,11,12,6,12,5,10,19,5,0,245
1989,Faster scaling algorithms for network problems,"Gabow Harold N., Tarjan Robert E.",975397,SIAM Journal on Computing,18,5,0,0,0,0,0,0,0,0,0,0,0,0,0,0,0,0,0,0,0,0,0,0,4,3,2,3,10,4,8,6,2,8,8,6,2,13,13,9,8,7,10,10,11,19,10,12,4,10,15,12,13,0,0,242
1977,Finding optimum branchings,Tarjan R.E.,283045,Networks,7,1,0,0,0,0,0,0,0,0,0,2,3,3,1,1,2,2,0,5,1,0,4,1,3,10,2,1,4,1,2,1,3,5,8,4,6,7,11,10,7,6,8,7,5,12,12,12,16,13,5,6,8,1,0,221
1980,Variations on the Common Subexpression Problem,"Downey P.J., Sethi R., Tarjan R.E.",45411,Journal of the ACM (JACM),27,4,0,0,0,0,0,0,0,0,0,0,0,0,2,2,2,6,2,3,4,2,8,4,4,8,9,5,2,3,3,1,1,3,9,10,5,10,12,8,10,4,3,4,7,3,6,6,13,4,7,6,7,2,0,210
2004,Graph clustering and minimum cut trees,"Flake G.W., Tarjan R.E., Tsioutsiouliklis K.",15427951,Internet Mathematics,1,4,0,0,0,0,0,0,0,0,0,0,0,0,0,0,0,0,0,0,0,0,0,0,0,0,0,0,0,0,0,0,0,0,0,0,0,0,2,10,12,11,17,17,28,19,26,11,8,17,9,9,9,3,0,208
1986,Rectilinear planar layouts and bipolar orientations of planar graphs,"Rosenstiehl P., Tarjan R.E.",1795376,Discrete &amp; Computational Geometry,1,1,0,0,0,0,0,0,0,0,0,0,0,0,0,0,0,0,0,0,1,1,3,3,4,9,3,7,8,11,10,2,3,6,5,5,5,6,10,7,7,7,7,8,7,5,10,9,3,11,6,13,4,1,0,207
1988,"Rotation distance, triangulations, and hyperbolic geometry","Sleator D.D., Tarjan R.E., Thurston W.P.",8940347,Journal of the American Mathematical Society,1,3,0,0,0,0,0,0,0,0,0,0,0,0,0,0,0,0,0,0,0,0,0,2,2,2,1,2,2,4,3,0,10,8,5,8,4,4,8,9,7,6,7,7,12,16,8,8,7,6,12,16,8,3,0,197
1994,Dynamic perfect hashing: upper and lower bounds,"Dietzfelbinger Martin, Karlin Anna, Mehlhorn Kurt, Auf Der Heide Friedhelm Meyer, Rohnert Hans, Tarjan Robert E.",975397,SIAM Journal on Computing,23,4,0,0,0,0,0,0,0,0,0,0,0,0,0,0,0,0,0,0,0,0,0,0,0,0,0,0,1,5,7,2,9,9,6,8,10,10,9,10,8,13,10,10,4,6,10,8,4,11,8,9,5,1,0,193
1978,Triangulating a simple polygon,"Garey M.R., Johnson D.S., Preparata F.P., Tarjan R.E.",200190,Information Processing Letters,7,4,0,0,0,0,0,0,0,0,0,0,1,1,3,3,3,8,9,8,9,6,11,5,8,9,7,6,6,4,3,1,5,8,2,2,4,4,5,3,4,3,2,4,3,7,4,2,1,3,5,1,4,0,0,187
1979,Applications of Path Compression on Balanced Trees,Tarjan R.E.,45411,Journal of the ACM (JACM),26,4,0,0,0,0,0,0,0,0,0,0,0,0,2,1,1,4,3,2,2,0,1,5,5,3,2,6,8,1,6,3,5,5,6,6,6,10,12,5,9,8,0,3,9,7,6,8,7,4,2,6,1,0,0,180
1976,Computing an st-numbering,"Even S., Tarjan R.E.",3043975,Theoretical Computer Science,2,3,0,0,0,0,0,0,0,0,0,0,0,1,0,1,2,2,2,5,0,7,6,3,2,1,3,4,10,8,7,3,4,3,3,5,3,8,2,9,5,6,8,11,5,2,7,5,1,6,6,4,8,1,0,179
1991,Faster Scaling Algorithms for General Graph Matching Problems,"Gabow H.N., Tarjan R.E.",45411,Journal of the ACM (JACM),38,4,0,0,0,0,0,0,0,0,0,0,0,0,0,0,0,0,0,0,0,0,0,0,0,0,0,0,2,0,4,1,3,10,5,1,3,8,7,5,11,11,6,10,10,12,6,14,8,9,10,9,7,2,0,174
1981,Fast Algorithms for Solving Path Problems,Tarjan R.E.,45411,Journal of the ACM (JACM),28,3,0,0,0,0,0,0,0,0,0,0,0,0,2,0,2,5,0,6,6,9,2,6,6,3,6,5,7,4,3,1,4,0,2,5,6,3,8,4,10,9,5,7,5,7,3,4,2,5,4,5,1,0,0,172
1989,Finding Minimum-Cost Circulations by Canceling Negative Cycles,"Goldberg A.V., Tarjan R.E.",45411,Journal of the ACM (JACM),36,4,0,0,0,0,0,0,0,0,0,0,0,0,0,0,0,0,0,0,0,0,0,0,2,6,4,4,2,1,5,3,2,6,1,3,5,2,5,2,3,1,5,7,7,4,12,12,14,7,16,11,4,3,0,159
1984,A separator theorem for graphs of bounded genus,"Gilbert J.R., Hutchinson J.P., Tarjan R.E.",1966774,Journal of Algorithms,5,3,0,0,0,0,0,0,0,0,0,0,0,0,0,0,0,0,0,3,2,3,4,1,0,3,2,4,3,3,9,4,1,3,3,0,2,5,6,10,6,9,9,16,6,2,5,5,2,6,7,8,6,1,0,159
1984,FIBONACCI HEAPS AND THEIR USES IN IMPROVED NETWORK OPTIMIZATION ALGORITHMS.,"Fredman Michael L., Tarjan Robert Endre",2725428,Annual Symposium on Foundations of Computer Science (Proceedings),, ,0,0,0,0,0,0,0,0,0,0,0,0,0,0,0,0,1,3,12,12,9,2,5,2,4,2,5,6,3,2,3,3,5,2,2,1,3,2,1,0,3,1,3,2,11,6,6,7,7,15,6,1,0,158
1979,A class of algorithms which require nonlinear time to maintain disjoint sets,Tarjan R.E.,220000,Journal of Computer and System Sciences,18,2,0,0,0,0,0,0,0,0,0,0,0,1,3,0,0,1,3,4,3,3,3,3,4,4,7,5,4,7,3,6,3,8,2,8,6,4,10,6,3,3,4,5,3,6,4,3,2,2,2,2,5,3,0,158
1981,A Unified Approach to Path Problems,Tarjan R.E.,45411,Journal of the ACM (JACM),28,3,0,0,0,0,0,0,0,0,0,0,0,0,2,1,1,7,1,5,3,5,4,3,2,4,7,8,7,3,1,6,2,3,0,2,2,2,5,4,6,5,5,4,4,10,6,6,1,7,1,3,5,0,0,153
1975,"BOUNDS ON BACKTRACK ALGORITHMS FOR LISTING CYCLES, PATHS, AND SPANNING TREES.","Read R.C., Tarjan R.E.",283045,Networks,5,3,0,0,0,0,0,0,0,0,1,2,4,1,1,1,2,3,1,4,2,3,2,1,1,1,0,4,1,4,3,2,2,4,0,5,4,6,5,6,7,7,8,7,4,2,4,6,5,3,3,9,9,1,0,151
2008,Fast exact and heuristic methods for role minimization problems,"Ene A., Rao P., Horne W., Schreiber R., Milosavljevic N., Tarjan R.E.",,"Proceedings of ACM Symposium on Access Control Models and Technologies, SACMAT",, ,0,0,0,0,0,0,0,0,0,0,0,0,0,0,0,0,0,0,0,0,0,0,0,0,0,0,0,0,0,0,0,0,0,0,0,0,0,0,0,3,9,18,7,17,12,12,18,12,12,14,7,3,0,144
1979,Storing a Sparse Table,"Tarjan R.E., Yao A.C.-C.",10782,Communications of the ACM,22,11,0,0,0,0,0,0,0,0,0,0,0,3,5,0,1,2,0,2,2,2,7,4,3,4,3,4,3,6,3,1,5,4,8,4,2,5,0,1,4,9,5,1,3,6,5,5,2,2,2,1,3,1,0,133
1988,Relaxed heaps: An alternative to Fibonacci heaps with applications to parallel computation,"Driscoll J.R., Gabow H.N., Shrairman R., Tarjan R.E.",10782,Communications of the ACM,31,11,0,0,0,0,0,0,0,0,0,0,0,0,0,0,0,0,0,0,0,0,0,4,2,5,3,2,8,9,0,8,6,6,3,2,5,3,3,2,3,5,1,8,4,11,5,4,4,2,6,3,1,0,0,128
1971,Depth- first search and linear graph algorithms,TARJAN R,,,, ,0,0,0,1,1,0,0,1,0,0,0,0,0,0,0,0,0,0,0,0,0,0,0,0,0,0,0,0,0,0,0,0,0,0,0,0,0,0,1,0,1,2,6,14,15,8,9,10,16,20,19,1,0,125
2000,A faster and simpler algorithm for sorting signed permutations by reversals,"Kaplan H., Shamir R., Tarjan R.E.",975397,SIAM Journal on Computing,29,3,0,0,0,0,0,0,0,0,0,0,0,0,0,0,0,0,0,0,0,0,0,0,0,0,0,0,0,0,0,0,0,0,10,5,10,5,22,17,14,6,3,7,4,1,3,2,1,3,4,1,2,0,0,120
1974,A note on finding the bridges of a graph,Tarjan R.E.,200190,Information Processing Letters,2,6,0,0,0,0,0,0,0,0,0,0,1,0,0,1,2,1,0,1,0,0,2,2,0,1,1,1,0,1,1,1,2,0,1,0,0,0,1,4,1,0,2,4,6,5,13,9,9,7,11,13,13,3,0,120
1988,O(n log log n)-time algorithm for triangulating a simple polygon,"Tarjan Robert E., Van Wyk Christopher J.",975397,SIAM Journal on Computing,17,1,0,0,0,0,0,0,0,0,0,0,0,0,0,0,0,0,0,0,0,5,16,15,10,12,4,5,4,1,5,1,2,1,4,0,6,0,0,1,1,2,1,4,2,0,3,1,0,2,2,2,2,0,0,114
1972,Sorting Using Networks of Queues and Stacks,Tarjan R.,45411,Journal of the ACM (JACM),19,2,0,0,0,0,1,1,0,0,0,0,1,0,0,0,0,1,0,1,0,0,2,0,0,0,1,1,0,0,1,3,4,4,3,12,6,6,2,1,5,2,5,5,2,2,6,5,5,1,5,6,9,3,0,112
1988,Algorithms for two bottleneck optimization problems,"Gabow H.N., Tarjan R.E.",1966774,Journal of Algorithms,9,3,0,0,0,0,0,0,0,0,0,0,0,0,0,0,0,0,0,0,0,0,0,1,2,4,2,2,2,4,1,3,2,2,1,4,2,1,4,1,1,7,6,5,6,4,5,4,8,5,6,5,9,2,0,111
1979,The recognition of series parallel digraphs,"Valdes J., Tarjan R.E., Lawler E.L.",7378017,Proceedings of the Annual ACM Symposium on Theory of Computing,, ,0,0,0,0,0,0,0,0,0,0,0,1,4,3,1,0,3,1,2,2,2,0,2,2,2,3,1,2,1,0,0,0,0,0,0,0,1,1,2,1,5,4,4,6,6,3,8,2,13,10,10,1,0,109
1983,LINEAR-TIME ALGORITHM FOR A SPECIAL CASE OF DISJOINT SET UNION.,"Gabow Harold N., Tarjan Robert Endre",7349025,Conference Proceedings of the Annual ACM Symposium on Theory of Computing,, ,0,0,0,0,0,0,0,0,0,0,0,0,0,0,2,6,3,5,4,4,2,4,1,2,1,2,2,1,1,2,1,2,1,0,1,1,3,3,1,2,6,2,6,2,3,4,11,0,6,7,1,1,0,106
1974,Testing flow graph reducibility,Tarjan R.E.,220000,Journal of Computer and System Sciences,9,3,0,0,0,0,0,0,1,3,0,0,1,3,3,0,2,0,3,2,2,3,3,3,4,1,0,4,5,4,5,3,2,4,3,4,1,3,2,4,3,1,3,1,3,1,3,2,3,2,0,2,4,0,0,106
1994,Improved algorithms for bipartite network flow,"Ahuja Ravindra K., Orlin James B., Stein Clifford, Tarjan Robert E.",975397,SIAM Journal on Computing,23,5,0,0,0,0,0,0,0,0,0,0,0,0,0,0,0,0,0,0,0,0,0,0,0,0,0,0,4,1,1,4,2,3,3,4,3,5,2,5,2,7,3,7,3,5,3,0,4,12,6,7,8,0,0,104
1982,Sensitivity analysis of minimum spanning trees and shortest path trees,Tarjan R.E.,200190,Information Processing Letters,14,1,0,0,0,0,0,0,0,0,0,0,0,0,0,0,1,0,1,2,0,0,1,3,3,2,3,2,3,3,3,3,2,1,3,2,3,2,8,6,4,3,3,2,2,5,3,3,7,5,3,3,1,2,0,103
1999,"Tractability of parameterized completion problems on chordal, strongly chordal, and proper interval graphs","Kaplan H., Shamir R., Tarjan R.E.",975397,SIAM Journal on Computing,28,5,0,0,0,0,0,0,0,0,0,0,0,0,0,0,0,0,0,0,0,0,0,0,0,0,0,0,0,0,0,0,0,1,2,1,4,4,2,8,6,7,5,6,3,4,10,8,7,9,5,4,4,2,0,102
1986,The pairing heap: A new form of self-adjusting heap,"Fredman M.L., Sedgewick R., Sleator D.D., Tarjan R.E.",1784617,Algorithmica,1,1,0,0,0,0,0,0,0,0,0,0,0,0,0,0,0,0,0,0,1,1,1,0,3,3,4,1,2,5,0,3,3,3,1,2,3,5,3,3,4,8,1,3,1,8,3,5,6,2,6,4,3,1,0,102
1976,Intersection graphs of curves in the plane,"Ehrlich G., Even S., Tarjan R.E.",958956,"Journal of Combinatorial Theory, Series B",21,1,0,0,0,0,0,0,0,0,0,0,0,0,3,0,1,0,1,1,0,0,0,0,4,3,2,1,1,2,1,4,1,0,4,6,3,4,3,1,4,0,2,4,5,4,5,0,3,0,6,3,6,2,0,90
1985,BIASED SEARCH TREES.,"Bent Samuel W., Sleator Daniel D., Tarjan Robert E.",975397,SIAM Journal on Computing,14,3,0,0,0,0,0,0,0,0,0,0,0,0,0,0,0,0,1,0,0,1,1,2,4,2,3,0,2,4,3,5,2,0,3,2,6,4,3,4,3,4,3,3,8,2,2,2,2,2,0,2,4,0,0,89
2002,Dynamic self-checking techniques for improved tamper resistance,"Horne B., Matheson L., Sheehan C., Tarjan R.E.",3029743,Lecture Notes in Computer Science (including subseries Lecture Notes in Artificial Intelligence and Lecture Notes in Bioinformatics),2320, ,0,0,0,0,0,0,0,0,0,0,0,0,0,0,0,0,0,0,0,0,0,0,0,0,0,0,0,0,0,0,0,0,0,0,4,3,8,8,5,2,9,8,3,4,3,3,8,4,6,2,2,0,0,82
1985,NOTE ON FINDING MINIMUM-COST EDGE-DISJOINT SPANNING TREES.,"Roskind James, Tarjan Robert E.",0364765X,Mathematics of Operations Research,10,4,0,0,0,0,0,0,0,0,0,0,0,0,0,0,0,0,0,1,0,0,0,1,2,2,2,0,3,1,0,1,2,3,3,0,2,1,3,3,0,5,1,2,4,2,4,8,8,5,4,5,2,1,0,81
1992,Maintaining bridge-connected and biconnected components on-line,"Westbrook J., Tarjan R.E.",1784617,Algorithmica,7,1,0,0,0,0,0,0,0,0,0,0,0,0,0,0,0,0,0,0,0,0,0,0,0,3,4,3,6,7,6,7,1,4,2,1,1,1,2,4,0,3,0,0,3,3,3,4,2,0,3,3,3,0,0,79
1994,A faster deterministic maximum flow algorithm,"King V., Rao S., Tarjan R.",1966774,Journal of Algorithms,17,3,0,0,0,0,0,0,0,0,0,0,0,0,0,0,0,0,0,0,0,0,0,0,0,0,0,1,1,3,1,5,0,5,2,1,2,5,2,3,6,4,2,2,6,2,4,3,0,5,4,4,4,1,0,78
1987,SOLVING MINIMUM-COST FLOW PROBLEMS BY SUCCESSIVE APPROXIMATION.,"Goldberg Andrew V., Tarjan Robert E.",7349025,Conference Proceedings of the Annual ACM Symposium on Theory of Computing,, ,0,0,0,0,0,0,0,0,0,0,0,0,0,0,0,0,0,0,1,1,3,1,2,2,1,3,1,1,1,0,1,2,1,1,2,0,4,2,4,4,2,3,4,8,2,1,3,3,8,1,3,2,0,78
1976,A Combinatorial Problem Which Is Complete in Polynomial Space,"Even S., Tarjan R.E.",45411,Journal of the ACM (JACM),23,4,0,0,0,0,0,0,0,0,0,4,4,2,3,2,1,0,0,0,1,0,1,0,3,2,3,3,1,2,1,0,0,3,1,4,2,1,3,2,0,4,4,2,0,2,1,3,5,2,2,3,0,1,0,78
1976,Edge-disjoint spanning trees and depth-first search,Tarjan R.E.,15903,Acta Informatica,6,2,0,0,0,0,0,0,0,0,0,0,1,0,0,0,0,0,1,0,0,0,0,0,2,0,0,0,1,0,0,0,0,0,0,0,0,0,1,1,0,2,0,4,3,4,4,8,8,13,9,9,6,1,0,78
1986,Sorting jordan sequences in linear time using level-linked search trees,"Hoffmann K., Mehlhorn K., Rosenstiehl P., Tarjan R.E.",199958,Information and Control,68, 1-3,0,0,0,0,0,0,0,0,0,0,0,0,0,0,0,0,0,0,1,3,4,2,4,4,0,1,2,4,6,5,2,7,0,5,2,3,1,2,2,2,2,1,1,1,1,1,2,0,0,1,3,0,0,75
1976,Space bounds for a game on graphs,"Paul W.J., Tarjan R.E., Celoni J.R.",255661,Mathematical Systems Theory,10,1,0,0,0,0,0,0,0,0,2,3,5,4,2,5,2,1,2,2,2,0,1,1,1,0,2,0,0,0,0,0,0,3,1,5,2,3,1,2,0,2,1,1,4,1,3,0,2,2,0,3,4,0,0,75
2007,Clustering social networks,"Mishra N., Schreiber R., Stanton I., Tarjan R.E.",3029743,Lecture Notes in Computer Science (including subseries Lecture Notes in Artificial Intelligence and Lecture Notes in Bioinformatics),4863, ,0,0,0,0,0,0,0,0,0,0,0,0,0,0,0,0,0,0,0,0,0,0,0,0,0,0,0,0,0,0,0,0,0,0,0,0,0,0,0,1,1,5,7,11,9,7,6,5,6,4,9,2,0,73
1992,Maintenance of a minimum spanning forest in a dynamic plane graph,"Eppstein D., Italiano G.F., Tamassia R., Tarjan R.E., Westbrook J., Yung M.",1966774,Journal of Algorithms,13,1,0,0,0,0,0,0,0,0,0,0,0,0,0,0,0,0,0,0,0,0,0,0,0,2,3,5,5,5,6,5,1,2,3,1,2,2,3,3,0,2,2,4,1,2,1,2,2,1,5,3,0,0,0,73
1989,Improved time bounds for the maximum flow problem,"Ahuja Ravindra K., Orlin James B., Tarjan Robert E.",975397,SIAM Journal on Computing,18,5,0,0,0,0,0,0,0,0,0,0,0,0,0,0,0,0,0,0,0,0,1,2,3,4,3,6,4,2,3,4,1,4,2,1,2,2,1,2,2,1,3,1,4,2,3,1,2,3,0,2,2,0,0,73
1987,Linear-time algorithms for visibility and shortest path problems inside triangulated simple polygons,"Guibas L., Hershberger J., Leven D., Sharir M., Tarjan R.E.",1784617,Algorithmica,2, 1-4,0,0,0,0,0,0,0,0,0,0,0,0,0,0,0,0,0,0,0,0,0,2,1,0,1,0,2,3,1,1,0,4,1,0,0,0,0,1,0,0,0,2,0,0,3,2,11,7,8,7,11,5,0,73
1986,SELF-ADJUSTING HEAPS.,"Sleator Daniel Dominic, Tarjan Robert Endre",975397,SIAM Journal on Computing,15,1,0,0,0,0,0,0,0,0,0,0,0,0,0,0,0,0,0,0,1,1,2,1,2,4,5,2,2,2,1,4,3,7,1,2,0,6,3,0,3,2,1,3,3,1,1,1,6,1,1,0,1,0,0,73
1977,Applications of a planar separator theorem,"Lipton H.J., Tarjan R.E.",2725428,"Proceedings - Annual IEEE Symposium on Foundations of Computer Science, FOCS",1977-, ,0,0,0,0,0,0,0,0,0,3,7,6,8,2,5,4,8,3,3,1,3,1,2,2,0,1,2,1,0,1,0,0,1,0,0,0,0,0,0,0,0,0,1,2,3,0,2,0,1,0,0,0,0,73
1986,The analysis of a nested dissection algorithm,"Gilbert J.R., Tarjan R.E.",0029599X,Numerische Mathematik,50,4,0,0,0,0,0,0,0,0,0,0,0,0,0,0,0,0,0,0,1,1,4,2,0,1,0,0,3,3,4,2,2,2,0,0,0,1,0,0,3,6,1,3,3,3,4,5,0,7,3,3,0,2,0,69
1984,FINDING BICONNECTED COMPONENTS AND COMPUTING TREE FUNCTIONS IN LOGARITHMIC PARALLEL TIME.,"Tarjan Robert E., Vishkin Uzi",2725428,Annual Symposium on Foundations of Computer Science (Proceedings),, ,0,0,0,0,0,0,0,0,0,0,0,0,0,0,0,0,2,4,6,7,11,5,4,2,2,2,1,1,1,1,0,0,0,1,0,0,0,2,1,0,0,2,0,0,2,1,1,3,1,3,2,0,0,68
1983,Updating a balanced search tree in O(1) rotations,Tarjan R.E.,200190,Information Processing Letters,16,5,0,0,0,0,0,0,0,0,0,0,0,0,0,0,0,0,0,2,0,2,5,5,7,4,4,1,0,3,1,1,0,3,1,1,1,1,1,0,1,1,3,2,1,1,0,0,2,2,1,4,2,1,0,64
1988,Dynamic perfect hashing: Upper and lower bounds,"Dietzfelbinger M., Karlin A., Mehlhorn K., auf der Heide F.Meyer, Rohnert H., Tarjan R.E.",2725428,Annual Symposium on Foundations of Computer Science (Proceedings),, ,0,0,0,0,0,0,0,0,0,0,0,0,0,0,0,0,0,0,0,0,2,5,2,6,10,4,4,4,4,5,2,0,0,2,1,0,0,0,1,2,1,0,1,1,1,0,0,0,1,1,2,0,0,62
1997,Faster and simpler algorithm for sorting signed permutations by reversals,"Kaplan Haim, Shamir Ron, Tarjan Robert E.",,Proceedings of the Annual ACM-SIAM Symposium on Discrete Algorithms,, ,0,0,0,0,0,0,0,0,0,0,0,0,0,0,0,0,0,0,0,0,0,0,0,0,0,0,0,0,2,3,6,3,4,5,2,3,7,6,2,1,2,5,1,0,1,0,0,3,2,0,1,0,0,59
1985,A linear time solution to the single function coarsest partition problem,"Paige R., Tarjan R.E., Bonic R.",3043975,Theoretical Computer Science,40, C,0,0,0,0,0,0,0,0,0,0,0,0,0,0,0,0,0,0,3,1,1,1,2,1,2,1,3,1,1,2,1,1,2,3,6,3,3,2,2,1,3,4,3,0,2,1,1,0,2,0,0,0,0,59
1986,Linear time algorithms for visibility and shortest path problems inside simple polygons,"Guibas L., Hershberger J., Leven D., Sharir M., Tarjan R.E.",,"Proceedings of the 2nd Annual Symposium on Computational Geometry, SCG 1986",, ,0,0,0,0,0,0,0,0,0,0,0,0,0,0,0,0,0,1,4,3,4,2,4,2,2,2,0,0,1,1,0,0,0,1,0,1,3,1,2,4,3,5,5,0,2,1,1,0,1,0,2,0,0,58
1979,A Fast Merging Algorithm,"Brown M.R., Tarjan R.E.",45411,Journal of the ACM (JACM),26,2,0,0,0,0,0,0,0,0,0,0,0,1,1,0,0,1,0,1,1,0,1,0,0,0,1,0,0,1,1,0,1,1,1,3,2,2,2,4,2,3,1,4,3,0,2,2,5,4,1,4,1,1,0,58
1973,A V log V algorithm for isomorphism of triconnected planar graphs,"Hopcroft J.E., Tarjan R.E.",220000,Journal of Computer and System Sciences,7,3,0,0,0,0,0,2,1,0,0,1,0,0,0,2,0,1,0,0,0,4,5,2,0,1,2,2,0,3,0,3,1,2,1,1,0,0,1,1,0,2,0,0,1,0,2,3,1,3,1,2,3,0,0,54
1985,Strongly connected orientations of mixed multigraphs,"Chung F.R.K., Garey M.R., Tarjan R.E.",283045,Networks,15,4,0,0,0,0,0,0,0,0,0,0,0,0,0,0,0,0,0,0,0,0,2,0,0,1,1,1,0,0,1,3,1,2,1,4,0,3,1,3,2,2,1,1,3,1,2,2,3,5,1,5,1,0,0,53
1983,SELF-ADJUSTING BINARY TREES.,"Sleator Daniel Dominic, Tarjan Robert Endre",7349025,Conference Proceedings of the Annual ACM Symposium on Theory of Computing,, ,0,0,0,0,0,0,0,0,0,0,0,0,0,0,1,1,3,4,0,3,3,1,1,4,2,1,2,1,1,3,0,0,1,0,0,0,1,0,1,0,0,2,2,0,0,2,1,3,2,2,4,0,0,52
2014,Better approximation algorithms for the graph diameter,"Chechik S., Larkin D.H., Roditty L., Schoenebeck G., Tarjan R.E., Williams V.V.",,Proceedings of the Annual ACM-SIAM Symposium on Discrete Algorithms,, ,0,0,0,0,0,0,0,0,0,0,0,0,0,0,0,0,0,0,0,0,0,0,0,0,0,0,0,0,0,0,0,0,0,0,0,0,0,0,0,0,0,0,0,0,0,2,6,7,9,11,13,2,0,50
1984,Efficient algorithms for a family of matroid intersection problems,"Gabow H.N., Tarjan R.E.",1966774,Journal of Algorithms,5,1,0,0,0,0,0,0,0,0,0,0,0,0,0,0,0,0,2,2,4,2,2,1,3,1,0,1,2,3,3,2,0,1,1,1,0,1,1,1,1,0,1,0,1,2,1,1,1,4,1,1,1,1,0,50
1982,Asymptotically Tight Bounds on Time-Space Trade-Offs in a Pebble Game,"Lengauer T., Tarjan R.E.",45411,Journal of the ACM (JACM),29,4,0,0,0,0,0,0,0,0,0,0,0,0,0,0,1,0,0,2,1,2,2,1,2,0,3,1,0,0,0,0,0,2,0,1,0,0,0,1,0,0,1,1,1,2,2,3,3,5,4,5,2,2,0,50
1995,Models of parallel computation: A survey and synthesis,"Maggs B.M., Matheson L.R., Tarjan R.E.",15301605,Proceedings of the Annual Hawaii International Conference on System Sciences,2, ,0,0,0,0,0,0,0,0,0,0,0,0,0,0,0,0,0,0,0,0,0,0,0,0,0,0,0,2,0,3,4,3,1,1,3,1,3,3,4,1,3,5,2,2,2,0,1,2,0,1,2,0,0,49
1981,A data structure for dynamic trees,"Sleator D.D., Tarjan R.E.",7378017,Proceedings of the Annual ACM Symposium on Theory of Computing,, ,0,0,0,0,0,0,0,0,0,0,0,0,1,0,4,2,1,0,1,0,0,1,0,2,1,1,1,0,0,0,1,1,0,0,0,0,0,0,1,1,0,3,0,2,1,2,4,7,2,5,4,0,0,49
1998,Resistance of digital watermarks to collusive attacks,"Kilian J., Leighton F.T., Matheson L.R., Shamoon T.G., Tarjan R.E., Zane F.",21578095,IEEE International Symposium on Information Theory - Proceedings,, ,0,0,0,0,0,0,0,0,0,0,0,0,0,0,0,0,0,0,0,0,0,0,0,0,0,0,0,0,0,0,1,0,1,1,8,5,4,2,4,1,4,4,1,3,3,0,2,2,0,0,0,0,0,46
1985,Sequential access in splay trees takes linear time,Tarjan R.E.,2099683,Combinatorica,5,4,0,0,0,0,0,0,0,0,0,0,0,0,0,0,0,0,0,0,0,0,1,2,2,2,1,0,2,0,0,1,0,3,2,2,1,3,2,2,1,2,1,1,2,2,2,1,3,0,0,1,4,0,0,46
2011,Maximum flows by incremental breadth-First search,"Goldberg A.V., Hed S., Kaplan H., Tarjan R.E., Werneck R.F.",3029743,Lecture Notes in Computer Science (including subseries Lecture Notes in Artificial Intelligence and Lecture Notes in Bioinformatics),6942, ,0,0,0,0,0,0,0,0,0,0,0,0,0,0,0,0,0,0,0,0,0,0,0,0,0,0,0,0,0,0,0,0,0,0,0,0,0,0,0,0,0,0,0,5,2,3,8,7,1,7,9,2,0,44
1992,Finding minimum-cost flows by double scaling,"Ahuja R.K., Goldberg A.V., Orlin J.B., Tarjan R.E.",255610,Mathematical Programming,53, 1-3,0,0,0,0,0,0,0,0,0,0,0,0,0,0,0,0,0,0,0,0,0,0,0,1,0,0,1,1,1,0,0,0,0,0,0,0,2,0,3,2,4,1,2,3,6,5,3,2,5,1,0,0,0,43
1993,O(m log n)-time algorithm for the maximal planar subgraph problem,"Cai Jiazhen, Han Xiaofeng, Tarjan Robert E.",975397,SIAM Journal on Computing,22,6,0,0,0,0,0,0,0,0,0,0,0,0,0,0,0,0,0,0,0,0,0,0,0,0,0,2,5,5,1,3,2,0,2,2,1,1,2,2,0,2,3,1,2,1,0,1,0,1,2,0,1,0,0,42
1999,Tight analyses of two local load balancing algorithms,"Ghosh B., Leighton F.T., Maggs B.M., Muthukrishnan S., Plaxton C.G., Rajaraman R., Richa A.W., Tarjan R.E., Zuckerman D.",975397,SIAM Journal on Computing,29,1,0,0,0,0,0,0,0,0,0,0,0,0,0,0,0,0,0,0,0,0,0,0,0,0,0,0,0,0,0,0,0,0,1,0,4,4,1,5,4,2,4,2,2,3,1,0,4,1,1,0,1,1,0,41
1971,A V<sup>2</sup> algorithm for determining isomorphism of planar graphs,"Hopcroft J., Tarjan R.",200190,Information Processing Letters,1,1,0,0,0,0,1,3,0,0,0,0,0,0,0,0,0,0,0,0,0,1,3,0,1,1,1,1,0,0,0,1,2,0,1,1,1,2,3,5,1,1,0,1,0,0,0,1,0,2,3,2,2,0,0,41
2004,Finding Dominators Revisited,"Georgiadis L., Tarjan R.E.",,Proceedings of the Annual ACM-SIAM Symposium on Discrete Algorithms,15, ,0,0,0,0,0,0,0,0,0,0,0,0,0,0,0,0,0,0,0,0,0,0,0,0,0,0,0,0,0,0,0,0,0,0,0,1,2,3,1,1,2,2,3,4,5,3,4,3,2,2,1,0,0,39
2014,Efficient maximum flow algorithms,"Goldberg A.V., Tarjan R.E.",10782,Communications of the ACM,57,8,0,0,0,0,0,0,0,0,0,0,0,0,0,0,0,0,0,0,0,0,0,0,0,0,0,0,0,0,0,0,0,0,0,0,0,0,0,0,0,0,0,0,0,0,0,1,4,3,7,10,10,3,0,38
1997,"Dynamic trees as search trees via Euler tours, applied to the network simplex algorithm",Tarjan R.E.,255610,"Mathematical Programming, Series B",78,2,0,0,0,0,0,0,0,0,0,0,0,0,0,0,0,0,0,0,0,0,0,0,0,0,0,0,0,0,1,0,0,3,0,0,0,1,3,0,1,1,4,0,1,4,3,0,2,2,5,3,3,1,0,38
1991,Use of dynamic trees in a network simplex algorithm for the maximum flow problem,"Goldberg A.V., Grigoriadis M.D., Tarjan R.E.",255610,Mathematical Programming,50, 1-3,0,0,0,0,0,0,0,0,0,0,0,0,0,0,0,0,0,0,0,0,0,0,1,2,3,0,1,1,6,1,0,2,0,1,0,0,2,0,3,1,3,0,1,2,3,1,2,1,0,1,0,0,0,38
1975,Algorithmic aspects of vertex ellmination,"Rose D.J., TarJan R.E.",7378017,Proceedings of the Annual ACM Symposium on Theory of Computing,, ,0,0,0,0,0,0,0,0,1,1,0,1,0,0,0,1,0,0,0,0,0,1,0,0,0,1,1,0,1,2,0,0,1,1,1,2,1,2,0,3,1,0,1,3,2,2,3,2,2,0,0,0,0,37
2002,Meldable heaps and Boolean union-find,"Kaplan H., Shafrir N., Tarjan R.E.",7349025,Conference Proceedings of the Annual ACM Symposium on Theory of Computing,, ,0,0,0,0,0,0,0,0,0,0,0,0,0,0,0,0,0,0,0,0,0,0,0,0,0,0,0,0,0,0,0,0,0,0,0,2,1,4,1,4,1,4,4,5,3,1,2,0,2,0,0,0,0,34
1992,Finding minimum-cost flows by double scaling,"Ahuja Ravindra, Goldberg Andrew, Orlin James, Tarjan Robert",,"Mathematical Programming, Series A",53,3,0,0,0,0,0,0,0,0,0,0,0,0,0,0,0,0,0,0,0,0,0,0,0,0,0,1,1,1,2,1,1,1,1,3,5,5,3,0,1,0,1,1,2,0,0,1,0,2,1,0,0,0,0,34
1973,TESTING FLOW GRAPH REDUCIBILITY.,Tarjan Robert,,,, ,0,0,0,0,1,0,1,1,1,0,0,0,0,0,0,1,0,0,0,0,0,0,0,0,0,0,0,0,0,0,0,0,0,0,0,1,1,4,0,2,2,0,3,2,1,2,2,2,2,2,3,0,0,34
1989,A fast las vegas algorithm for triangulating a simple polygon,"Clarkson K.L., Tarjan R.E., Van Wyk C.J.",1795376,Discrete &amp; Computational Geometry,4,1,0,0,0,0,0,0,0,0,0,0,0,0,0,0,0,0,0,0,0,0,0,1,5,1,0,2,2,0,1,1,0,0,2,0,2,1,1,2,0,2,0,2,1,1,1,0,1,1,2,1,0,0,0,33
2005,Self-adjusting top trees,"Tarjan R.E., Werneck R.F.",,Proceedings of the Annual ACM-SIAM Symposium on Discrete Algorithms,, ,0,0,0,0,0,0,0,0,0,0,0,0,0,0,0,0,0,0,0,0,0,0,0,0,0,0,0,0,0,0,0,0,0,0,0,0,2,3,3,0,7,1,5,2,3,0,0,3,2,1,0,0,0,32
1996,Dominating sets in planar graphs,"Matheson L.R., Tarjan R.E.",1956698,European Journal of Combinatorics,17,6,0,0,0,0,0,0,0,0,0,0,0,0,0,0,0,0,0,0,0,0,0,0,0,0,0,0,0,0,1,0,0,0,0,0,0,0,0,0,0,0,1,2,1,0,2,0,5,5,3,4,5,3,0,32
1984,A simple version of Karzanov's blocking flow algorithm,Tarjan R.E.,1676377,Operations Research Letters,2,6,0,0,0,0,0,0,0,0,0,0,0,0,0,0,0,0,0,1,0,2,5,0,2,2,2,1,2,1,1,0,0,0,0,0,1,0,1,0,0,0,0,0,1,3,1,1,1,1,1,0,0,2,0,32
2012,"Incremental cycle detection, topological ordering, and strong component maintenance","Haeupler B., Kavitha T., Mathew R., Sen S., Tarjan R.E.",15496325,ACM Transactions on Algorithms,8,1,0,0,0,0,0,0,0,0,0,0,0,0,0,0,0,0,0,0,0,0,0,0,0,0,0,0,0,0,0,0,0,0,0,0,0,0,0,0,0,0,0,0,0,3,4,3,8,2,1,6,4,0,0,31
2006,Finding dominators in practice,"Georgiadis L., Tarjan R.E., Werneck R.F.",15261719,Journal of Graph Algorithms and Applications,10,1,0,0,0,0,0,0,0,0,0,0,0,0,0,0,0,0,0,0,0,0,0,0,0,0,0,0,0,0,0,0,0,0,0,0,0,0,0,0,0,1,0,1,2,3,4,2,3,5,3,5,1,1,0,31
2003,Dynamic rectangular intersection with priorities,"Kaplan H., Molad E., Tarjan R.E.",7349025,Conference Proceedings of the Annual ACM Symposium on Theory of Computing,, ,0,0,0,0,0,0,0,0,0,0,0,0,0,0,0,0,0,0,0,0,0,0,0,0,0,0,0,0,0,0,0,0,0,0,1,2,2,0,4,3,3,1,3,2,3,2,2,2,1,0,0,0,0,31
1992,A faster deterministic maximum flow algorithm,"King V., Rao S., Tarjan R.",,Proceedings of the Annual ACM-SIAM Symposium on Discrete Algorithms,129721, ,0,0,0,0,0,0,0,0,0,0,0,0,0,0,0,0,0,0,0,0,0,0,0,2,3,4,4,1,2,3,1,1,0,0,0,0,2,0,1,0,0,1,1,0,2,1,0,0,0,0,1,1,0,31
2008,Finding strongly knit clusters in social networks,"Mishra N., Schreiber R., Stanton I., Tarjan R.E.",15427951,Internet Mathematics,5, 1-2,0,0,0,0,0,0,0,0,0,0,0,0,0,0,0,0,0,0,0,0,0,0,0,0,0,0,0,0,0,0,0,0,0,0,0,0,0,0,0,0,1,0,3,2,7,3,4,5,4,0,1,0,0,30
1986,Deques with heap order,"Gajewska H., Tarjan R.E.",200190,Information Processing Letters,22,4,0,0,0,0,0,0,0,0,0,0,0,0,0,0,0,0,0,0,0,0,1,0,2,2,0,2,2,0,0,2,1,1,0,0,2,0,2,3,1,3,0,2,0,0,1,0,0,0,0,1,2,0,0,30
1988,Almost-optimum speed-ups of algorithms for dipartite matching and relatod problems,"Gabow H.N., Tarjan R.E.",7378017,Proceedings of the Annual ACM Symposium on Theory of Computing,, ,0,0,0,0,0,0,0,0,0,0,0,0,0,0,0,0,0,0,0,2,0,1,1,1,4,4,1,0,3,0,0,0,0,0,0,0,2,0,1,0,0,4,0,2,0,0,0,1,1,1,0,0,0,29
1986,The pairing heap: A new form of self-adjusting heap,"Fredman M.L., Sedgewick R., Sleator D.D., Tarjan R.E.",1784617,Algorithmica,1, 1-4,0,0,0,0,0,0,0,0,0,0,0,0,0,0,0,0,0,0,0,0,0,0,0,0,1,0,1,0,0,0,1,0,0,0,0,0,0,1,0,4,2,6,3,0,0,2,0,1,3,1,3,0,0,29
1974,A good algorithm for edge-disjoint branching,Tarjan R.E.,200190,Information Processing Letters,3,2,0,0,0,0,0,0,0,1,0,0,1,0,0,0,1,0,0,0,0,1,1,0,1,0,1,0,3,1,1,1,2,0,1,0,1,0,0,2,1,1,3,1,2,0,0,0,1,0,0,1,0,0,0,29
2001,Unique Maximum Matching Algorithms,"Gabow H.N., Kaplan H., Tarjan R.E.",1966774,Journal of Algorithms,40,2,0,0,0,0,0,0,0,0,0,0,0,0,0,0,0,0,0,0,0,0,0,0,0,0,0,0,0,0,0,0,0,0,1,0,1,0,1,1,2,1,1,3,4,1,1,0,0,2,2,5,0,2,0,28
1996,Finding minimum spanning forests in logarithmic time and linear work using random sampling,"Cole Richard, Klein Philip N., Tarjan Robert E.",,Annual ACM Symposium on Parallel Algorithms and Architectures,, ,0,0,0,0,0,0,0,0,0,0,0,0,0,0,0,0,0,0,0,0,0,0,0,0,0,0,0,0,2,1,1,0,3,2,2,1,0,2,1,1,0,0,0,1,1,2,1,1,1,3,2,0,0,28
1990,Maintenance of a minimum spanning forest in a dynamic planar graph,"Eppstein D., Italiano G.F., Tamassia R., Tarjan R.E., Westbrook J., Yung M.",,Proceedings of the Annual ACM-SIAM Symposium on Discrete Algorithms,, ,0,0,0,0,0,0,0,0,0,0,0,0,0,0,0,0,0,0,0,0,0,3,5,5,3,3,1,1,2,0,0,2,0,0,0,0,0,1,0,0,2,0,0,0,0,0,0,0,0,0,0,0,0,28
1972,Linear time bounds for median computations,"Blum M., Floyd R.W., Pratt V., Rivest R.L., Tarjan R.E.",7378017,Proceedings of the Annual ACM Symposium on Theory of Computing,, ,0,0,0,1,1,0,0,1,0,0,0,0,0,0,0,0,0,0,0,0,0,0,0,0,0,0,0,0,0,0,0,1,0,0,0,0,0,1,1,3,2,0,2,2,0,1,5,0,4,2,0,1,0,28
2012,CBTree: A practical concurrent self-adjusting search tree,"Afek Y., Kaplan H., Korenfeld B., Morrison A., Tarjan R.E.",3029743,Lecture Notes in Computer Science (including subseries Lecture Notes in Artificial Intelligence and Lecture Notes in Bioinformatics),7611, ,0,0,0,0,0,0,0,0,0,0,0,0,0,0,0,0,0,0,0,0,0,0,0,0,0,0,0,0,0,0,0,0,0,0,0,0,0,0,0,0,0,0,0,0,3,4,4,3,4,3,4,1,0,26
2002,Union-find with deletions,"Kaplan H., Shafrir N., Tarjan R.E.",,Proceedings of the Annual ACM-SIAM Symposium on Discrete Algorithms,06-08-, ,0,0,0,0,0,0,0,0,0,0,0,0,0,0,0,0,0,0,0,0,0,0,0,0,0,0,0,0,0,0,0,0,0,1,0,2,3,1,2,1,1,1,2,0,0,2,1,4,0,0,1,1,0,23
1992,More efficient bottom-up multi-pattern matching in trees,"Cai J., Paige R., Tarjan R.",3043975,Theoretical Computer Science,106,1,0,0,0,0,0,0,0,0,0,0,0,0,0,0,0,0,0,0,0,0,0,0,0,0,2,2,2,2,1,0,1,1,1,1,3,1,1,2,1,0,0,1,0,0,0,0,0,1,0,0,0,0,0,23
1984,"Gauss codes, planar hamiltonian graphs, and stack-sortable permutations","Rosenstiehl P., Tarjan R.E.",1966774,Journal of Algorithms,5,3,0,0,0,0,0,0,0,0,0,0,0,0,0,0,0,0,1,0,1,1,0,0,0,1,0,1,1,1,1,0,1,1,0,0,0,0,0,0,0,0,0,2,3,0,1,1,1,1,1,1,1,0,0,22
1980,Prime subprogram parsing of a program,"Tarjan R.E., Valdes J.",7308566,Conference Record of the Annual ACM Symposium on Principles of Programming Languages,, ,0,0,0,0,0,0,0,0,0,0,0,0,2,1,0,0,0,0,0,0,0,0,0,0,0,0,0,0,1,0,0,0,0,1,0,0,0,0,0,1,4,1,3,2,0,0,0,2,1,1,2,0,0,22
1996,Purely functional representations of catenable sorted lists,"Kaplan H., Tarjan R.E.",7378017,Proceedings of the Annual ACM Symposium on Theory of Computing,129452, ,0,0,0,0,0,0,0,0,0,0,0,0,0,0,0,0,0,0,0,0,0,0,0,0,0,0,0,0,1,2,0,1,1,2,1,1,0,3,0,0,1,2,0,0,0,1,1,1,1,1,1,0,0,21
1983,An improved algorithm for hierarchical clustering using strong components,Tarjan R.E.,200190,Information Processing Letters,17,1,0,0,0,0,0,0,0,0,0,0,0,0,0,0,0,1,1,0,0,0,0,0,0,1,1,0,1,0,1,1,0,1,1,0,0,1,0,1,1,0,0,0,0,0,2,2,0,0,2,3,0,0,0,21
1979,Upper and lower bounds on time-space tradeoffs,"Lengauer T., Tarjan R.E.",7378017,Proceedings of the Annual ACM Symposium on Theory of Computing,, ,0,0,0,0,0,0,0,0,0,0,1,4,2,5,0,0,0,1,0,0,0,0,1,0,0,0,0,0,0,0,0,1,0,1,0,0,0,1,0,0,1,0,0,0,0,0,1,0,1,0,1,0,0,21
1978,Complexity of monotone networks for computing conjunctions,Tarjan R.E.,1675060,Annals of Discrete Mathematics,2, C,0,0,0,0,0,0,0,0,0,0,1,0,1,3,0,1,1,0,0,0,1,0,0,0,0,0,1,0,0,0,0,1,1,0,2,1,0,4,0,1,1,0,0,0,0,0,0,0,0,1,0,0,0,21
2010,HP transforms product portfolio management with operations research,"Ward J., Zhang B., Jain S., Fry C., Olavson T., Mishal H., Amaral J., Beyer D., Brecht A., Cargille B., Chadinha R., Chou K., DeNyse G., Feng Q., Padovani C., Raj S., Sunderbruch K., Tarjan R., Venkatraman K., Woods J., Zhou J.",922102,Interfaces,40,1,0,0,0,0,0,0,0,0,0,0,0,0,0,0,0,0,0,0,0,0,0,0,0,0,0,0,0,0,0,0,0,0,0,0,0,0,0,0,0,0,0,1,2,3,1,1,1,0,3,4,4,0,0,20
1976,Space bounds for a game on graphs,"Paul W.J., Tarjan R.E., Celoni J.R.",7378017,Proceedings of the Annual ACM Symposium on Theory of Computing,130841, ,0,0,0,0,0,0,0,0,3,3,2,0,1,0,0,1,0,0,0,0,0,0,0,0,0,0,0,0,0,0,0,0,0,0,0,0,0,2,0,0,0,0,0,0,1,1,1,0,2,3,0,0,0,20
2013,Finding dominators via disjoint set union,"Fraczak W., Georgiadis L., Miller A., Tarjan R.E.",15708667,Journal of Discrete Algorithms,23, ,0,0,0,0,0,0,0,0,0,0,0,0,0,0,0,0,0,0,0,0,0,0,0,0,0,0,0,0,0,0,0,0,0,0,0,0,0,0,0,0,0,0,0,0,0,3,4,5,3,3,1,0,0,19
1978,Time-space trade-offs in a pebble game,"Paul W.J., Tarjan R.E.",15903,Acta Informatica,10,2,0,0,0,0,0,0,0,0,0,0,1,2,3,3,2,0,0,0,0,0,0,0,1,0,1,0,0,0,0,0,0,1,0,0,0,0,0,0,0,0,0,0,0,1,0,0,0,3,1,0,0,0,0,19
2005,Dominator tree verification and vertex-disjoint paths,"Georgiadis L., Tarjan R.E.",,Proceedings of the Annual ACM-SIAM Symposium on Discrete Algorithms,, ,0,0,0,0,0,0,0,0,0,0,0,0,0,0,0,0,0,0,0,0,0,0,0,0,0,0,0,0,0,0,0,0,0,0,0,0,0,1,0,0,0,1,3,4,2,2,4,1,0,0,0,0,0,18
1994,A randomized linear-Time algorithm for finding minimum spanning trees,"Kleint P.N., Tarjan R.E.",7378017,Proceedings of the Annual ACM Symposium on Theory of Computing,129502, ,0,0,0,0,0,0,0,0,0,0,0,0,0,0,0,0,0,0,0,0,0,0,0,0,0,0,2,1,1,6,0,1,2,0,1,0,1,0,0,0,0,1,1,0,0,0,1,0,0,0,0,0,0,18
2012,Strict Fibonacci heaps,"Brodal G.S., Lagogiannis G., Tarjan R.E.",7378017,Proceedings of the Annual ACM Symposium on Theory of Computing,, ,0,0,0,0,0,0,0,0,0,0,0,0,0,0,0,0,0,0,0,0,0,0,0,0,0,0,0,0,0,0,0,0,0,0,0,0,0,0,0,0,0,0,0,0,2,1,3,2,4,2,3,0,0,17
2008,Spatial scan statistics for graph clustering,"Wang B., Phillips J.M., Schreiber R., Wilkinson D., Mishra N., Tarjan R.",,"Society for Industrial and Applied Mathematics - 8th SIAM International Conference on Data Mining 2008, Proceedings in Applied Mathematics 130",2, ,0,0,0,0,0,0,0,0,0,0,0,0,0,0,0,0,0,0,0,0,0,0,0,0,0,0,0,0,0,0,0,0,0,0,0,0,0,0,0,0,0,0,0,0,0,3,5,2,1,3,1,2,0,17
1994,Fully Persistent Lists with Catenation,"Driscoll J.R., Sleator D.D.K., Tarjan R.E.",45411,Journal of the ACM (JACM),41,5,0,0,0,0,0,0,0,0,0,0,0,0,0,0,0,0,0,0,0,0,0,0,0,0,0,0,0,1,1,1,1,1,1,1,1,0,0,4,0,2,0,1,0,2,0,0,0,0,0,0,0,0,0,17
1980,The space complexity of pebble games on trees,"Lengauer T., Tarjan R.E.",200190,Information Processing Letters,10, 4-5,0,0,0,0,0,0,0,0,0,0,0,0,1,0,0,0,2,1,0,1,0,0,1,0,0,0,0,0,0,0,0,0,0,0,0,0,0,2,0,0,3,1,0,2,0,0,0,1,0,1,1,0,0,17
1975,Optimal chain partitions of trees,"Misra J., Tarjan R.E.",200190,Information Processing Letters,4,1,0,0,0,0,0,0,0,1,0,0,2,0,0,0,1,0,0,0,0,0,0,0,0,0,0,0,1,0,1,0,0,1,0,0,1,1,1,1,0,1,0,2,0,0,1,0,0,0,0,0,2,0,0,17
2008,"Thin heaps, thick heaps","Kaplan H., Tarjan R.E.",15496325,ACM Transactions on Algorithms,4,1,0,0,0,0,0,0,0,0,0,0,0,0,0,0,0,0,0,0,0,0,0,0,0,0,0,0,0,0,0,0,0,0,0,0,0,0,0,0,0,1,1,2,1,2,3,1,2,0,1,2,0,0,0,16
1974,Testing graph connectivity,Endre Tarjan R.,7378017,Proceedings of the Annual ACM Symposium on Theory of Computing,, ,0,0,0,0,0,1,0,1,0,2,1,1,0,0,0,1,0,0,0,0,0,0,0,0,0,0,0,0,0,0,0,0,1,0,0,0,2,1,0,1,1,0,0,0,0,1,1,1,0,0,0,0,0,16
2009,An experimental study of minimum mean cycle algorithms,"Georgiadis L., Goldberg A.V., Tarjan R.E., Werneck R.F.",,"2009 Proceedings of the 11th Workshop on Algorithm Engineering and Experiments, ALENEX 2009",, ,0,0,0,0,0,0,0,0,0,0,0,0,0,0,0,0,0,0,0,0,0,0,0,0,0,0,0,0,0,0,0,0,0,0,0,0,0,0,0,0,0,3,2,1,0,2,2,1,3,1,0,0,0,15
1998,Robustness and security of digital watermarks,"Matheson L.R., Mitchell S.G., Shamoon T.G., Tarjan R.E., Zane F.",3029743,Lecture Notes in Computer Science (including subseries Lecture Notes in Artificial Intelligence and Lecture Notes in Bioinformatics),1465, ,0,0,0,0,0,0,0,0,0,0,0,0,0,0,0,0,0,0,0,0,0,0,0,0,0,0,0,0,0,0,0,1,0,1,1,0,2,0,1,0,1,0,0,1,0,0,1,1,1,4,0,0,0,15
1990,Simplified linear-time jordan sorting and polygon clipping,"Fung K.Y., Nicholl T.M., Tarjan R.E., Van Wyk C.J.",200190,Information Processing Letters,35,2,0,0,0,0,0,0,0,0,0,0,0,0,0,0,0,0,0,0,0,0,0,0,0,0,0,2,0,0,2,2,1,1,0,3,0,0,0,1,0,0,0,0,0,0,0,0,0,0,0,1,2,0,0,15
1989,A tight amortized bound for path reversal,"Ginat D., Sleator D.D., Tarjan R.E.",200190,Information Processing Letters,31,1,0,0,0,0,0,0,0,0,0,0,0,0,0,0,0,0,0,0,0,0,0,0,1,1,2,0,0,4,0,0,0,0,0,0,1,1,0,1,0,0,1,0,0,0,1,0,0,0,1,0,1,0,0,15
1989,Amortized analysis of algorithms for set union with backtracking,"Westbrook Jeffery, Tarjan Robert E.",975397,SIAM Journal on Computing,18,1,0,0,0,0,0,0,0,0,0,0,0,0,0,0,0,0,0,0,0,0,0,1,1,0,1,0,1,0,1,2,1,0,0,1,0,1,1,0,1,1,0,0,0,0,0,0,1,0,0,0,0,0,0,14
1988,Finding minimum-cost circulations by canceling negative cycles,"Goldberg A.V., Tarjan R.E.",7378017,Proceedings of the Annual ACM Symposium on Theory of Computing,, ,0,0,0,0,0,0,0,0,0,0,0,0,0,0,0,0,0,0,0,0,0,1,0,1,0,0,0,0,0,1,0,1,0,1,0,1,0,2,0,0,0,0,0,0,1,0,3,1,0,1,0,0,0,14
1983,Two New Kinds of Biased Search Trees,"Feigenbaum J., Tarjan R.E.",58580,Bell System Technical Journal,62,10,0,0,0,0,0,0,0,0,0,0,0,0,0,0,0,0,1,0,0,1,1,1,0,0,0,0,0,0,0,0,0,0,0,1,1,0,1,0,0,1,1,0,1,2,0,1,0,0,0,0,1,0,0,14
1980,Linear expected-time algorithms for connectivity problems,"Karp R.M., Tarjan R.E.",1966774,Journal of Algorithms,1,4,0,0,0,0,0,0,0,0,0,0,0,0,0,0,0,0,2,2,0,0,0,1,0,0,0,0,0,0,1,0,1,2,0,1,0,0,0,0,2,0,1,1,0,0,0,0,0,0,0,0,0,0,0,14
1975,A combinatorial problem which is complete in polynomial space,"Even S., Tarjan R.E.",7378017,Proceedings of the Annual ACM Symposium on Theory of Computing,, ,0,0,0,0,0,0,0,6,0,3,1,0,1,0,0,1,0,0,0,0,0,0,0,0,0,0,0,1,0,0,0,0,0,0,0,0,0,0,0,0,0,0,0,0,0,0,0,0,0,0,0,1,0,14
2008,Faster algorithms for incremental topological ordering,"Haeupler B., Kavitha T., Mathew R., Sen S., Tarjan R.E.",3029743,Lecture Notes in Computer Science (including subseries Lecture Notes in Artificial Intelligence and Lecture Notes in Bioinformatics),5125,1,0,0,0,0,0,0,0,0,0,0,0,0,0,0,0,0,0,0,0,0,0,0,0,0,0,0,0,0,0,0,0,0,0,0,0,0,0,0,0,0,0,3,0,2,1,0,3,2,0,1,1,0,0,13
2001,Faster kinetic heaps and their use in broadcast scheduling,"Kaplan H., Tarjan R.E., Tsioutsiouliklis K.",,Proceedings of the Annual ACM-SIAM Symposium on Discrete Algorithms,, ,0,0,0,0,0,0,0,0,0,0,0,0,0,0,0,0,0,0,0,0,0,0,0,0,0,0,0,0,0,0,0,0,1,2,1,3,1,1,1,0,0,0,0,0,0,0,0,1,0,0,2,0,0,13
1988,A linear-time algorithm for finding a minimum spanning pseudoforest,"Gabow H.N., Tarjan R.E.",200190,Information Processing Letters,27,5,0,0,0,0,0,0,0,0,0,0,0,0,0,0,0,0,0,0,0,0,0,1,1,2,1,0,2,0,1,0,0,0,0,0,1,0,0,0,0,0,0,1,0,1,0,0,1,1,0,0,0,0,0,13
1987,Algorithm design,Tarjan R.E.,10782,Communications of the ACM,30,3,0,0,0,0,0,0,0,0,0,0,0,0,0,0,0,0,0,0,0,1,1,0,0,1,0,0,1,3,0,0,0,1,0,0,0,0,0,0,0,0,0,0,0,0,0,0,1,1,1,1,1,0,0,13
1983,ALGORITHMS FOR MAXIMUM NETWORK FLOW.,Tarjan Robert E.,3033929,Mathematical Programming Study,26, ,0,0,0,0,0,0,0,0,0,0,0,0,0,0,0,0,0,0,0,0,1,0,0,0,1,0,1,0,0,0,1,1,1,0,1,1,1,0,0,0,0,0,0,1,0,1,1,0,1,0,0,0,0,13
2014,A back-to-basics empirical study of priority queues,"Larkin D.H., Sen S., Tarjan R.E.",21640300,Proceedings of the Workshop on Algorithm Engineering and Experiments,, ,0,0,0,0,0,0,0,0,0,0,0,0,0,0,0,0,0,0,0,0,0,0,0,0,0,0,0,0,0,0,0,0,0,0,0,0,0,0,0,0,0,0,0,0,0,1,1,2,1,5,2,0,0,12
2012,"Dominators, directed bipolar orders, and independent spanning trees","Georgiadis L., Tarjan R.E.",3029743,Lecture Notes in Computer Science (including subseries Lecture Notes in Artificial Intelligence and Lecture Notes in Bioinformatics),7391,1,0,0,0,0,0,0,0,0,0,0,0,0,0,0,0,0,0,0,0,0,0,0,0,0,0,0,0,0,0,0,0,0,0,0,0,0,0,0,0,0,0,0,0,2,2,1,3,2,0,1,1,0,0,12
2011,Rank-pairing heaps,"Haeupler B., Sen S., Tarjan R.E.",975397,SIAM Journal on Computing,40,6,0,0,0,0,0,0,0,0,0,0,0,0,0,0,0,0,0,0,0,0,0,0,0,0,0,0,0,0,0,0,0,0,0,0,0,0,0,0,0,0,0,0,0,0,3,1,2,1,2,2,1,0,0,12
2009,Dynamic trees in practice,"Tarjan R.E., Werneck R.F.",10846654,ACM Journal of Experimental Algorithmics,14, ,0,0,0,0,0,0,0,0,0,0,0,0,0,0,0,0,0,0,0,0,0,0,0,0,0,0,0,0,0,0,0,0,0,0,0,0,0,0,0,0,0,0,0,5,4,0,0,1,2,0,0,0,0,12
2007,Experimental evaluation of parametric max-flow algorithms,"Babenko M., Derryberry J., Goldberg A., Tarjan R., Zhou Y.",3029743,Lecture Notes in Computer Science (including subseries Lecture Notes in Artificial Intelligence and Lecture Notes in Bioinformatics),4525, ,0,0,0,0,0,0,0,0,0,0,0,0,0,0,0,0,0,0,0,0,0,0,0,0,0,0,0,0,0,0,0,0,0,0,0,0,0,0,0,0,2,1,0,2,1,1,0,0,1,1,2,1,0,12
2006,Balancing applied to maximum network flow problems (extended abstract),"Tarjan R., Ward J., Zhang B., Zhou Y., Mao J.",3029743,Lecture Notes in Computer Science (including subseries Lecture Notes in Artificial Intelligence and Lecture Notes in Bioinformatics),4168, ,0,0,0,0,0,0,0,0,0,0,0,0,0,0,0,0,0,0,0,0,0,0,0,0,0,0,0,0,0,0,0,0,0,0,0,0,0,0,0,0,0,4,0,0,2,1,0,1,1,2,1,0,0,12
2003,"If Piracy Is the Problem, Is DRM the Answer?","Haber S., Horne B., Pato J., Sander T., Tarjan R.E.",3029743,LECTURE NOTES IN COMPUTER SCIENCE,,2770,0,0,0,0,0,0,0,0,0,0,0,0,0,0,0,0,0,0,0,0,0,0,0,0,0,0,0,0,0,0,0,0,0,0,0,0,2,1,0,1,2,1,2,0,0,0,0,1,0,1,1,0,0,12
1997,Optimal Parallel Verification of Minimum Spanning Trees in Logarithmic Time,"Dixon B., Tarjan R.E.",1784617,Algorithmica (New York),17,1,0,0,0,0,0,0,0,0,0,0,0,0,0,0,0,0,0,0,0,0,0,0,0,0,0,0,0,0,0,1,1,0,1,1,0,0,0,1,2,0,0,0,1,1,1,0,1,0,0,1,0,0,0,12
1993,Finding the minimum-cost maximum flow in a series-parallel network,"Booth H., Tarjan R.E.",1966774,Journal of Algorithms,15,3,0,0,0,0,0,0,0,0,0,0,0,0,0,0,0,0,0,0,0,0,0,0,0,0,0,0,0,1,1,0,0,0,0,0,0,2,0,0,0,2,0,0,1,0,1,0,1,1,1,0,1,0,0,12
1992,Polygon triangulation in O(n log log n) time with simple data structures,"Kirkpatrick D.G., Klawe M.M., Tarjan R.E.",1795376,Discrete &amp; Computational Geometry,7,1,0,0,0,0,0,0,0,0,0,0,0,0,0,0,0,0,0,0,0,0,0,0,0,0,1,1,0,0,0,0,0,1,0,0,0,0,0,1,1,2,1,0,1,0,0,1,0,0,2,0,0,0,0,12
1982,A hierarchical clustering algorithm using strong components,Tarjan R.E.,200190,Information Processing Letters,14,1,0,0,0,0,0,0,0,0,0,0,0,0,0,0,1,2,1,0,0,0,0,0,0,0,1,0,0,0,0,0,0,0,1,1,0,0,1,0,0,0,0,0,1,1,1,0,0,0,0,1,0,0,0,12
1980,BIASED 2-3 TREES.,"Bent Samuel W., Sleator Daniel D., Tarjan Robert E.",2725428,Annual Symposium on Foundations of Computer Science - Proceedings,, ,0,0,0,0,0,0,0,0,0,0,0,1,3,0,2,0,1,0,0,1,0,0,0,0,0,0,1,0,0,0,0,0,0,0,0,0,0,0,0,0,1,0,0,1,0,1,0,0,0,0,0,0,0,12
2015,Dominator tree certification and divergent spanning trees,"Georgiadis L., Tarjan R.E.",15496325,ACM Transactions on Algorithms,12,1,0,0,0,0,0,0,0,0,0,0,0,0,0,0,0,0,0,0,0,0,0,0,0,0,0,0,0,0,0,0,0,0,0,0,0,0,0,0,0,0,0,0,0,0,0,0,0,2,5,2,1,1,0,11
2015,Faster and more dynamic maximum flow by incremental breadth-first search,"Goldberg A.V., Hed S., Kaplan H., Kohli P., Tarjan R.E., Werneck R.F.",3029743,Lecture Notes in Computer Science (including subseries Lecture Notes in Artificial Intelligence and Lecture Notes in Bioinformatics),9294, ,0,0,0,0,0,0,0,0,0,0,0,0,0,0,0,0,0,0,0,0,0,0,0,0,0,0,0,0,0,0,0,0,0,0,0,0,0,0,0,0,0,0,0,0,0,0,0,2,1,3,4,1,0,11
2010,Deletion without rebalancing in balanced binary trees,"Sen S., Tarjan R.E.",,Proceedings of the Annual ACM-SIAM Symposium on Discrete Algorithms,, ,0,0,0,0,0,0,0,0,0,0,0,0,0,0,0,0,0,0,0,0,0,0,0,0,0,0,0,0,0,0,0,0,0,0,0,0,0,0,0,0,0,0,0,1,1,2,0,1,3,1,1,1,0,11
2008,Planarity Algorithms via PQ-Trees (Extended Abstract),"Haeupler B., Tarjan R.E.",15710653,Electronic Notes in Discrete Mathematics,31, C,0,0,0,0,0,0,0,0,0,0,0,0,0,0,0,0,0,0,0,0,0,0,0,0,0,0,0,0,0,0,0,0,0,0,0,0,0,0,0,0,0,1,1,2,3,0,1,2,0,0,0,1,0,11
2000,Simple confluently persistent catenable lists,"Kaplan H., Okasaki C., Tarjan R.E.",975397,SIAM Journal on Computing,30,3,0,0,0,0,0,0,0,0,0,0,0,0,0,0,0,0,0,0,0,0,0,0,0,0,0,0,0,0,0,0,0,0,0,0,2,0,1,2,0,3,0,1,0,0,1,0,0,1,0,0,0,0,0,11
1999,"Purely functional, real-time deques with catenation","Kaplan H., Tarjan R.E.",45411,Journal of the ACM,46,5,0,0,0,0,0,0,0,0,0,0,0,0,0,0,0,0,0,0,0,0,0,0,0,0,0,0,0,0,0,0,0,1,1,0,1,0,0,1,0,3,0,0,0,0,2,2,0,0,0,0,0,0,0,11
1995,Confluently persistent deques via data-structural bootstrapping,"Buchsbaum A.L., Tarjan R.E.",1966774,Journal of Algorithms,18,3,0,0,0,0,0,0,0,0,0,0,0,0,0,0,0,0,0,0,0,0,0,0,0,0,0,0,0,2,1,1,1,1,1,0,1,0,0,1,0,1,0,0,0,0,0,1,0,0,0,0,0,0,0,11
1990,Unique binary search tree representations and equality-testing of sets and sequences,"Sundar Rajamani, Tarjan Robert E.",,,, ,0,0,0,0,0,0,0,0,0,0,0,0,0,0,0,0,0,0,0,0,0,0,1,1,0,1,1,0,1,1,0,0,0,0,0,0,0,0,1,1,1,0,0,0,1,0,0,1,0,0,0,0,0,11
1984,Amortized efficiency of list update rules,"Sleator D.D., Tarjan R.E.",7378017,Proceedings of the Annual ACM Symposium on Theory of Computing,130362, ,0,0,0,0,0,0,0,0,0,0,0,0,0,0,0,0,0,3,0,1,1,1,0,0,0,0,0,0,0,0,0,0,0,0,0,0,0,1,0,1,0,1,0,0,0,1,0,1,0,0,0,0,0,11
1978,REPRESENTATION FOR LINEAR LISTS WITH MOVABLE FINGERS.,"Brown Mark R., Tarjan Robert E.",,,, ,0,0,0,0,0,0,0,0,0,0,3,2,2,0,0,0,0,1,0,0,0,0,0,1,1,0,0,0,0,0,0,0,0,1,0,0,0,0,0,0,0,0,0,0,0,0,0,0,0,0,0,0,0,11
1977,Reference machines require non-linear time to maintain disjoint sets,Tarjan R.E.,7378017,Proceedings of the Annual ACM Symposium on Theory of Computing,02-04-, ,0,0,0,0,0,0,0,0,0,2,2,2,0,0,0,0,0,0,0,0,0,0,0,1,0,0,1,0,1,0,0,0,0,0,0,0,0,0,0,0,1,0,0,0,1,0,0,0,0,0,0,0,0,11
2015,Rank-balanced trees,"Haeupler B., Sen S., Tarjan R.E.",15496325,ACM Transactions on Algorithms,11,4,0,0,0,0,0,0,0,0,0,0,0,0,0,0,0,0,0,0,0,0,0,0,0,0,0,0,0,0,0,0,0,0,0,0,0,0,0,0,0,0,0,0,0,0,0,0,0,3,1,0,4,2,0,10
2015,A new approach to incremental cycle detection and related problems,"Bender M.A., Fineman J.T., Gilbert S., Tarjan R.E.",15496325,ACM Transactions on Algorithms,12,2,0,0,0,0,0,0,0,0,0,0,0,0,0,0,0,0,0,0,0,0,0,0,0,0,0,0,0,0,0,0,0,0,0,0,0,0,0,0,0,0,0,0,0,0,0,0,0,1,3,2,3,0,0,9
2014,The CB tree: a practical concurrent self-adjusting search tree,"Afek Y., Kaplan H., Korenfeld B., Morrison A., Tarjan R.E.",1782770,Distributed Computing,27,6,0,0,0,0,0,0,0,0,0,0,0,0,0,0,0,0,0,0,0,0,0,0,0,0,0,0,0,0,0,0,0,0,0,0,0,0,0,0,0,0,0,0,0,0,0,0,1,0,2,3,2,1,0,9
2012,A weight-scaling algorithm for min-cost imperfect matchings in bipartite graphs,"Ramshaw L., Tarjan R.E.",2725428,"Proceedings - Annual IEEE Symposium on Foundations of Computer Science, FOCS",, ,0,0,0,0,0,0,0,0,0,0,0,0,0,0,0,0,0,0,0,0,0,0,0,0,0,0,0,0,0,0,0,0,0,0,0,0,0,0,0,0,0,0,0,0,0,1,2,1,1,2,2,0,0,9
2009,Rank-balanced trees,"Haeupler B., Sen S., Tarjan R.E.",3029743,Lecture Notes in Computer Science (including subseries Lecture Notes in Artificial Intelligence and Lecture Notes in Bioinformatics),5664, ,0,0,0,0,0,0,0,0,0,0,0,0,0,0,0,0,0,0,0,0,0,0,0,0,0,0,0,0,0,0,0,0,0,0,0,0,0,0,0,0,0,1,1,1,0,1,2,2,1,0,0,0,0,9
2006,Design of data structures for mergeable trees,"Georgiadis L., Tarjan R.E., Werneck R.F.",,Proceedings of the Annual ACM-SIAM Symposium on Discrete Algorithms,, ,0,0,0,0,0,0,0,0,0,0,0,0,0,0,0,0,0,0,0,0,0,0,0,0,0,0,0,0,0,0,0,0,0,0,0,0,0,1,0,2,1,2,2,0,0,0,0,0,0,0,1,0,0,9
2004,Finding dominators in practice,"Georgiadis L., Werneck R.F., Tarjan R.E., Triantafyllis S., August D.I.",3029743,Lecture Notes in Computer Science (including subseries Lecture Notes in Artificial Intelligence and Lecture Notes in Bioinformatics),3221, ,0,0,0,0,0,0,0,0,0,0,0,0,0,0,0,0,0,0,0,0,0,0,0,0,0,0,0,0,0,0,0,0,0,0,0,0,1,3,1,1,0,1,0,1,0,0,0,0,0,1,0,0,0,9
1999,Unique maximum matching algorithms,"Gabow Harold N., Kaplan Haim, Tarjan Robert E.",7349025,Conference Proceedings of the Annual ACM Symposium on Theory of Computing,, ,0,0,0,0,0,0,0,0,0,0,0,0,0,0,0,0,0,0,0,0,0,0,0,0,0,0,0,0,0,0,0,1,2,0,0,0,0,2,2,0,1,0,1,0,0,0,0,0,0,0,0,0,0,9
1992,Computing minimal spanning subgraphs in linear time,"Han X., Kelsen P., Ramachandran V., Tarjan R.",,Proceedings of the Annual ACM-SIAM Symposium on Discrete Algorithms,129721, ,0,0,0,0,0,0,0,0,0,0,0,0,0,0,0,0,0,0,0,0,0,0,0,2,0,1,2,0,1,2,0,0,1,0,0,0,0,0,0,0,0,0,0,0,0,0,0,0,0,0,0,0,0,9
1978,A linear-time algorithm for finding all feedback vertices,"Garey M.R., Tarjan R.E.",200190,Information Processing Letters,7,6,0,0,0,0,0,0,0,0,0,0,0,0,0,0,0,0,0,0,0,0,1,1,0,2,1,1,0,0,0,0,1,0,0,0,1,0,0,0,0,0,0,0,0,0,0,0,0,0,0,1,0,0,0,9
1977,Time-space trade-offs in a pebble game,"Paul W.J., Tarjan R.E.",3029743,Lecture Notes in Computer Science (including subseries Lecture Notes in Artificial Intelligence and Lecture Notes in Bioinformatics),52, ,0,0,0,0,0,0,0,0,0,5,2,1,1,0,0,0,0,0,0,0,0,0,0,0,0,0,0,0,0,0,0,0,0,0,0,0,0,0,0,0,0,0,0,0,0,0,0,0,0,0,0,0,0,9
2005,Value-maximizing deadline scheduling and its application to animation rendering,"Anderson E., Beyer D., Chaudhuri K., Kelly T., Salazar N., Santos C., Swaminathan R., Tarjan R., Wiener J., Zhou Y.",,Annual ACM Symposium on Parallelism in Algorithms and Architectures,, ,0,0,0,0,0,0,0,0,0,0,0,0,0,0,0,0,0,0,0,0,0,0,0,0,0,0,0,0,0,0,0,0,0,0,0,0,0,2,0,1,1,0,0,1,0,1,0,1,1,0,0,0,0,8
1998,Culturally induced information impactedness: A prescription for failure in software ventures,"Matheson L.R., Tarjan R.E.",7421222,Journal of Management Information Systems,15,2,0,0,0,0,0,0,0,0,0,0,0,0,0,0,0,0,0,0,0,0,0,0,0,0,0,0,0,0,0,0,0,0,0,0,0,0,0,2,1,2,0,0,0,2,0,0,0,0,0,0,1,0,0,8
1996,Parallelism in multigrid methods: How much is too much?,"Matheson L.R., Tarjan R.E.",8857458,International Journal of Parallel Programming,24,5,0,0,0,0,0,0,0,0,0,0,0,0,0,0,0,0,0,0,0,0,0,0,0,0,0,0,0,0,0,0,0,3,0,0,0,0,1,1,0,0,0,1,0,0,1,1,0,0,0,0,0,0,0,8
1991,Transitive compaction in parallel via branchings,"Gibbons P., Karp R., Ramachandran V., Soroker D., Tarjan R.",1966774,Journal of Algorithms,12,1,0,0,0,0,0,0,0,0,0,0,0,0,0,0,0,0,0,0,0,0,0,0,0,1,1,0,1,0,1,0,0,0,1,0,1,0,0,0,1,1,0,0,0,0,0,0,0,0,0,0,0,0,0,8
1980,Linear expected-time algorithms for connectivity problems,"Karp R.M., Tarjan R.E.",7378017,Proceedings of the Annual ACM Symposium on Theory of Computing,1980-, ,0,0,0,0,0,0,0,0,0,0,0,0,0,0,0,0,1,1,0,0,0,0,0,0,0,1,0,1,0,0,0,0,0,0,0,0,0,1,0,0,0,0,0,0,0,1,2,0,0,0,0,0,0,8
1980,Algorithms and software for in-core factorization of sparse symmetric positive definite matrices,"Rose D.J., Whitten G.G., Sherman A.H., Tarjan R.E.",457949,Computers and Structures,11,6,0,0,0,0,0,0,0,0,0,0,0,0,0,0,1,1,1,1,0,0,0,0,0,0,0,0,0,0,0,0,0,0,0,0,0,0,0,0,0,1,0,0,0,0,0,0,0,1,1,1,0,0,0,8
1979,The pebbling problem is complete in polynomial space,"Gilbert J.E., Lengauer T., Tarjan R.E.",7378017,Proceedings of the Annual ACM Symposium on Theory of Computing,, ,0,0,0,0,0,0,0,0,0,0,0,2,1,0,0,0,0,1,0,0,0,0,0,0,0,0,0,0,0,0,0,0,0,0,0,0,0,0,0,0,0,0,0,0,0,0,0,0,1,1,1,1,0,8
2014,Disjoint set union with randomized linking,"Goel A., Khanna S., Larkin D.H., Tarjan R.E.",,Proceedings of the Annual ACM-SIAM Symposium on Discrete Algorithms,, ,0,0,0,0,0,0,0,0,0,0,0,0,0,0,0,0,0,0,0,0,0,0,0,0,0,0,0,0,0,0,0,0,0,0,0,0,0,0,0,0,0,0,0,0,0,1,2,2,0,0,1,1,0,7
2013,Dominator certification and independent spanning trees: An experimental study,"Georgiadis L., Laura L., Parotsidis N., Tarjan R.E.",3029743,Lecture Notes in Computer Science (including subseries Lecture Notes in Artificial Intelligence and Lecture Notes in Bioinformatics),7933, ,0,0,0,0,0,0,0,0,0,0,0,0,0,0,0,0,0,0,0,0,0,0,0,0,0,0,0,0,0,0,0,0,0,0,0,0,0,0,0,0,0,0,0,0,1,1,3,1,0,1,0,0,0,7
2009,Rank-pairing heaps,"Haeupler B., Sen S., Tarjan R.E.",3029743,Lecture Notes in Computer Science (including subseries Lecture Notes in Artificial Intelligence and Lecture Notes in Bioinformatics),5757, ,0,0,0,0,0,0,0,0,0,0,0,0,0,0,0,0,0,0,0,0,0,0,0,0,0,0,0,0,0,0,0,0,0,0,0,0,0,0,0,0,0,3,1,3,0,0,0,0,0,0,0,0,0,7
2008,Shortest path feasibility algorithms: An experimental evaluation,"Cherkassky B.V., Georgiadis L., Goldberg A.V., Tarjan R.E., Werneck R.F.",,Proceedings of the 10th Workshop on Algorithm Engineering and Experiments and the 5th Workshop on Analytic Algorithmics and Combinatorics,, ,0,0,0,0,0,0,0,0,0,0,0,0,0,0,0,0,0,0,0,0,0,0,0,0,0,0,0,0,0,0,0,0,0,0,0,0,0,0,0,0,3,0,0,2,0,0,0,0,1,0,1,0,0,7
1992,Maintaining bridge-connected and biconnected components on-line,"Westbrook J., Tarjan R.E.",1784617,Algorithmica,7, 1-6,0,0,0,0,0,0,0,0,0,0,0,0,0,0,0,0,0,0,0,0,0,0,0,0,0,0,0,0,0,0,0,0,0,0,0,0,0,0,0,0,1,1,0,0,0,1,1,2,0,0,1,0,0,7
1990,More efficient bottom-up tree pattern matching,"Cai J., Paige R., Tarjan R.",3029743,Lecture Notes in Computer Science (including subseries Lecture Notes in Artificial Intelligence and Lecture Notes in Bioinformatics),431, ,0,0,0,0,0,0,0,0,0,0,0,0,0,0,0,0,0,0,0,0,0,0,2,1,0,0,1,1,0,0,0,0,1,0,0,0,0,0,0,0,0,0,0,0,1,0,0,0,0,0,0,0,0,7
2014,"Loop nesting forests, dominators, and applications","Georgiadis L., Laura L., Parotsidis N., Tarjan R.E.",3029743,Lecture Notes in Computer Science (including subseries Lecture Notes in Artificial Intelligence and Lecture Notes in Bioinformatics),8504, ,0,0,0,0,0,0,0,0,0,0,0,0,0,0,0,0,0,0,0,0,0,0,0,0,0,0,0,0,0,0,0,0,0,0,0,0,0,0,0,0,0,0,0,0,0,0,3,3,0,0,0,0,0,6
2012,An optimal dynamic data structure for stabbing-semigroup queries,"Agarwal P.K., Arge L., Kaplan H., Molad E., Tarjan R.E., Yi K.",975397,SIAM Journal on Computing,41,1,0,0,0,0,0,0,0,0,0,0,0,0,0,0,0,0,0,0,0,0,0,0,0,0,0,0,0,0,0,0,0,0,0,0,0,0,0,0,0,0,0,0,0,0,1,0,1,1,1,2,0,0,0,6
1992,"Data structural bootstrapping, linear path compression, and catenable heap ordered double ended queues","Buchsbaum A.L., Sundar R., Tarjan R.E.",2725428,"Proceedings - Annual IEEE Symposium on Foundations of Computer Science, FOCS",1992-, ,0,0,0,0,0,0,0,0,0,0,0,0,0,0,0,0,0,0,0,0,0,0,0,0,0,1,1,0,1,1,0,0,0,0,0,1,0,0,0,1,0,0,0,0,0,0,0,0,0,0,0,0,0,6
1991,Randomized parallel algorithms for trapezoidal diagrams,"Clarkson K.L., Cole R., Tarjan R.E.",,Proceedings of the Annual Symposium on Computational Geometry,, ,0,0,0,0,0,0,0,0,0,0,0,0,0,0,0,0,0,0,0,0,0,0,1,1,2,1,0,0,0,0,0,0,0,0,0,0,0,0,0,0,0,1,0,0,0,0,0,0,0,0,0,0,0,6
1989,A parallel algorithm for finding a blocking flow in an acyclic network,"Goldberg A.V., Tarjan R.E.",200190,Information Processing Letters,31,5,0,0,0,0,0,0,0,0,0,0,0,0,0,0,0,0,0,0,0,0,0,0,0,2,0,0,1,1,0,0,0,0,0,0,1,0,0,0,0,0,0,0,1,0,0,0,0,0,0,0,0,0,0,6
2017,Minimum-Cost Flows in Unit-Capacity Networks,"Goldberg A.V., Hed S., Kaplan H., Tarjan R.E.",14324350,Theory of Computing Systems,61,4,0,0,0,0,0,0,0,0,0,0,0,0,0,0,0,0,0,0,0,0,0,0,0,0,0,0,0,0,0,0,0,0,0,0,0,0,0,0,0,0,0,0,0,0,0,0,0,0,0,2,2,1,0,5
2007,Dynamic trees in practice,"Tarjan R.E., Werneck R.F.",3029743,Lecture Notes in Computer Science (including subseries Lecture Notes in Artificial Intelligence and Lecture Notes in Bioinformatics),4525, ,0,0,0,0,0,0,0,0,0,0,0,0,0,0,0,0,0,0,0,0,0,0,0,0,0,0,0,0,0,0,0,0,0,0,0,0,0,0,0,1,0,1,0,1,1,0,0,0,1,0,0,0,0,5
2004,Melding priority queues,"Mendelson R., Tarjan R.E., Thorup M., Zwick U.",3029743,Lecture Notes in Computer Science (including subseries Lecture Notes in Artificial Intelligence and Lecture Notes in Bioinformatics),3111, ,0,0,0,0,0,0,0,0,0,0,0,0,0,0,0,0,0,0,0,0,0,0,0,0,0,0,0,0,0,0,0,0,0,0,0,0,1,2,0,1,0,0,0,0,0,0,0,0,1,0,0,0,0,5
1994,Unstructured multigrid strategies on massively parallel computers: A case for integrated design,"Dorward Susan E., Matheson Lesley R., Tarjan Robert E.",10603425,Proceedings of the Hawaii International Conference on System Sciences,2, ,0,0,0,0,0,0,0,0,0,0,0,0,0,0,0,0,0,0,0,0,0,0,0,0,0,0,0,3,2,0,0,0,0,0,0,0,0,0,0,0,0,0,0,0,0,0,0,0,0,0,0,0,0,5
1993,Confluently persistent deques via data structural bootstrapping,"Buchsbaum Adam L., Tarjan Robert E.",,Proceedings of the Fourth Annual ACM-SIAM Symposium on Discrete Algorithms,, ,0,0,0,0,0,0,0,0,0,0,0,0,0,0,0,0,0,0,0,0,0,0,0,0,0,1,1,1,0,1,0,0,0,0,0,0,0,0,0,0,0,0,0,1,0,0,0,0,0,0,0,0,0,5
1988,A fast las vegas algorithm for triangulating a simple polygon,"Clarkson K.L., Tarjan R.E., Van Wyk C.J.",,"Proceedings of the 4th Annual Symposium on Computational Geometry, SCG 1988",, ,0,0,0,0,0,0,0,0,0,0,0,0,0,0,0,0,0,0,0,1,3,0,1,0,0,0,0,0,0,0,0,0,0,0,0,0,0,0,0,0,0,0,0,0,0,0,0,0,0,0,0,0,0,5
1984,Input-Output Decomposition of Dynamic Systems is NP-Complete,Tarjan R.E.,189286,IEEE Transactions on Automatic Control,29,9,0,0,0,0,0,0,0,0,0,0,0,0,0,0,0,0,0,1,0,0,1,0,1,0,0,0,1,0,0,0,0,0,0,0,0,0,0,0,0,0,0,0,0,0,0,0,1,0,0,0,0,0,0,5
1983,Space-Efficient Implementations of Graph Search Methods,Tarjan R.E.,983500,ACM Transactions on Mathematical Software (TOMS),9,3,0,0,0,0,0,0,0,0,0,0,0,0,0,0,0,0,1,0,0,0,0,0,2,0,0,0,0,0,0,0,0,0,0,0,0,0,0,0,1,0,0,0,0,0,1,0,0,0,0,0,0,0,0,5
1982,A linear-time algorithm for testing the truth of certain quantified Boolean formulas,"Aspvall B., Plass M.F., Tarjan R.E.",200190,Information Processing Letters,14,4,0,0,0,0,0,0,0,0,0,0,0,0,0,0,0,0,0,0,0,0,0,0,0,0,0,0,0,0,0,0,0,0,0,0,0,0,0,0,0,0,1,0,0,0,0,1,0,2,1,0,0,0,0,5
2016,A randomized concurrent algorithm for disjoint set union,"Jayanti S.V., Tarjan R.E.",,Proceedings of the Annual ACM Symposium on Principles of Distributed Computing,25-28-, ,0,0,0,0,0,0,0,0,0,0,0,0,0,0,0,0,0,0,0,0,0,0,0,0,0,0,0,0,0,0,0,0,0,0,0,0,0,0,0,0,0,0,0,0,0,0,0,0,0,0,2,2,0,4
1996,Analysis of multigrid algorithms on massively parallel computers: Architectural implications,"Matheson L.R., Tarjan R.E.",7437315,Journal of Parallel and Distributed Computing,33,1,0,0,0,0,0,0,0,0,0,0,0,0,0,0,0,0,0,0,0,0,0,0,0,0,0,0,0,1,0,0,0,0,0,0,0,0,0,0,1,0,0,2,0,0,0,0,0,0,0,0,0,0,0,4
1994,Unique binary-search-tree representations and equality testing of sets and sequences,"Sundar Rajamani, Tarjan Robert E.",975397,SIAM Journal on Computing,23,1,0,0,0,0,0,0,0,0,0,0,0,0,0,0,0,0,0,0,0,0,0,0,0,0,0,0,0,0,0,0,0,1,0,0,0,0,0,0,0,0,0,0,0,0,1,0,0,0,0,1,1,0,0,4
1993,"Erratum. Volume 13, Number 1 (1992), in the article ""Maintenance of a Minimum Spanning Forest in a Dynamic Plane Graph,"" by David Eppstein, Giuseppe F. Italiano, Roberto Tamassia, Robert E. Tarjan, Jeffery Westbrook, and Moti Yung, pages 33-54","Eppstein D., Italiano G.F., Tamassia R., Tarjan R.E., Westbrook J., Yung M.",1966774,Journal of Algorithms,15,1,0,0,0,0,0,0,0,0,0,0,0,0,0,0,0,0,0,0,0,0,0,0,0,0,0,0,0,0,0,0,0,0,2,0,0,0,1,0,0,0,0,0,0,0,0,0,0,1,0,0,0,0,0,4
1992,A linear-time algorithm for finding an ambitus,"Mishra B., Tarjan R.E.",1784617,Algorithmica,7,1,0,0,0,0,0,0,0,0,0,0,0,0,0,0,0,0,0,0,0,0,0,0,0,0,0,0,1,2,0,0,0,0,0,0,0,0,0,0,0,0,1,0,0,0,0,0,0,0,0,0,0,0,0,4
1985,Sorting Jordan sequences in linear time,"Hoffmann K., Hehlhoph K., Rosenstiehl P., Tarjan R.E.",,"Proceedings of the 1st Annual Symposium on Computational Geometry, SCG 1985",, ,0,0,0,0,0,0,0,0,0,0,0,0,0,0,0,0,0,1,0,1,0,0,0,1,0,0,0,0,1,0,0,0,0,0,0,0,0,0,0,0,0,0,0,0,0,0,0,0,0,0,0,0,0,4
1979,EFFICIENT ALGORITHMS FOR SIMPLE MATROID INTERSECTION PROBLEMS.,"Gabow Harold N., Tarjan Robert E.",2725428,Annual Symposium on Foundations of Computer Science - Proceedings,, ,0,0,0,0,0,0,0,0,0,0,0,0,2,0,0,2,0,0,0,0,0,0,0,0,0,0,0,0,0,0,0,0,0,0,0,0,0,0,0,0,0,0,0,0,0,0,0,0,0,0,0,0,0,4
1972,Determining whether a groupoid is a group,Tarjan R.E.,200190,Information Processing Letters,1,3,0,0,0,0,0,0,0,0,1,0,0,1,1,0,0,0,0,0,0,0,0,0,0,0,0,0,1,0,0,0,0,0,0,0,0,0,0,0,0,0,0,0,0,0,0,0,0,0,0,0,0,0,0,4
2016,Amortized rotation cost in AVL trees,"Amani M., Lai K.A., Tarjan R.E.",200190,Information Processing Letters,116,5,0,0,0,0,0,0,0,0,0,0,0,0,0,0,0,0,0,0,0,0,0,0,0,0,0,0,0,0,0,0,0,0,0,0,0,0,0,0,0,0,0,0,0,0,0,0,0,0,2,1,0,0,0,3
2015,Minimum cost flows in graphs with unit capacities,"Goldberg A.V., Kaplan H., Hed S., Tarjan R.E.",18688969,"Leibniz International Proceedings in Informatics, LIPIcs",30, ,0,0,0,0,0,0,0,0,0,0,0,0,0,0,0,0,0,0,0,0,0,0,0,0,0,0,0,0,0,0,0,0,0,0,0,0,0,0,0,0,0,0,0,0,0,0,0,1,1,1,0,0,0,3
2014,"Erratum: Corrections to ""finding dominators via disjoint set union"" [J. Discrete Algorithms 23 (2013) 2-20]","Fraczak W., Georgiadis L., Miller A., Tarjan R.E.",15708667,Journal of Discrete Algorithms,26, ,0,0,0,0,0,0,0,0,0,0,0,0,0,0,0,0,0,0,0,0,0,0,0,0,0,0,0,0,0,0,0,0,0,0,0,0,0,0,0,0,0,0,0,0,0,0,0,1,0,0,2,0,0,3
2009,Deletion without rebalancing in multiway search trees,"Sen S., Tarjan R.E.",3029743,Lecture Notes in Computer Science (including subseries Lecture Notes in Artificial Intelligence and Lecture Notes in Bioinformatics),5878, ,0,0,0,0,0,0,0,0,0,0,0,0,0,0,0,0,0,0,0,0,0,0,0,0,0,0,0,0,0,0,0,0,0,0,0,0,0,0,0,0,0,1,0,0,0,1,0,1,0,0,0,0,0,3
2007,Server allocation algorithms for tiered systems,"Chaudhuri K., Kothari A., Pendavingh R., Swaminathan R., Tarjan R., Zhou Y.",1784617,Algorithmica (New York),48,2,0,0,0,0,0,0,0,0,0,0,0,0,0,0,0,0,0,0,0,0,0,0,0,0,0,0,0,0,0,0,0,0,0,0,0,0,0,0,0,0,0,0,1,1,0,0,0,0,0,1,0,0,0,3
1998,Simple confluently persistent catenable lists,"Kaplan H., Okasaki C., Tarjan R.E.",3029743,Lecture Notes in Computer Science (including subseries Lecture Notes in Artificial Intelligence and Lecture Notes in Bioinformatics),1432, ,0,0,0,0,0,0,0,0,0,0,0,0,0,0,0,0,0,0,0,0,0,0,0,0,0,0,0,0,0,0,0,1,1,0,0,0,0,0,0,0,0,0,0,0,0,0,0,0,1,0,0,0,0,3
1997,Faster and simpler algorithm for sorting signed permutations by reversals,"Kaplan Haim, Shamir Ron, Tarjan Robert E.",,"Proceedings of thr Annual International Conference on Computational Molecular Biology, RECOMB",, ,0,0,0,0,0,0,0,0,0,0,0,0,0,0,0,0,0,0,0,0,0,0,0,0,0,0,0,0,0,1,0,0,0,0,0,1,0,0,1,0,0,0,0,0,0,0,0,0,0,0,0,0,0,3
1994,Optimal parallel verification of minimum spanning trees in logarithmic time,"Dixon B., Tarjan R.E.",3029743,Lecture Notes in Computer Science (including subseries Lecture Notes in Artificial Intelligence and Lecture Notes in Bioinformatics),805, ,0,0,0,0,0,0,0,0,0,0,0,0,0,0,0,0,0,0,0,0,0,0,0,0,0,0,0,0,2,0,0,0,1,0,0,0,0,0,0,0,0,0,0,0,0,0,0,0,0,0,0,0,0,3
2019,A new path from splay to dynamic optimality,"Levy C., Tarjan R.",,Proceedings of the Annual ACM-SIAM Symposium on Discrete Algorithms,, ,0,0,0,0,0,0,0,0,0,0,0,0,0,0,0,0,0,0,0,0,0,0,0,0,0,0,0,0,0,0,0,0,0,0,0,0,0,0,0,0,0,0,0,0,0,0,0,0,0,0,2,0,0,2
2016,Deletion without rebalancing in binary search trees,"Sen S., Tarjan R.E., Kim D.H.K.",15496325,ACM Transactions on Algorithms,12,4,0,0,0,0,0,0,0,0,0,0,0,0,0,0,0,0,0,0,0,0,0,0,0,0,0,0,0,0,0,0,0,0,0,0,0,0,0,0,0,0,0,0,0,0,0,0,0,0,1,1,0,0,0,2
2014,Deletion without rebalancing in multiway search trees,"Sen S., Tarjan R.E.",3625915,ACM Transactions on Database Systems,39,1,0,0,0,0,0,0,0,0,0,0,0,0,0,0,0,0,0,0,0,0,0,0,0,0,0,0,0,0,0,0,0,0,0,0,0,0,0,0,0,0,0,0,0,0,0,0,0,2,0,0,0,0,0,2
2013,Soft heaps simplified,"Kaplan H., Tarjan R.E., Zwick U.",975397,SIAM Journal on Computing,42,4,0,0,0,0,0,0,0,0,0,0,0,0,0,0,0,0,0,0,0,0,0,0,0,0,0,0,0,0,0,0,0,0,0,0,0,0,0,0,0,0,0,0,0,0,0,0,0,0,0,0,2,0,0,2
2011,Data structures for mergeable trees,"Georgiadis L., Kaplan H., Shafrir N., Tarjan R.E., Werneck R.F.",15496325,ACM Transactions on Algorithms,7,2,0,0,0,0,0,0,0,0,0,0,0,0,0,0,0,0,0,0,0,0,0,0,0,0,0,0,0,0,0,0,0,0,0,0,0,0,0,0,0,0,0,0,0,0,0,0,0,2,0,0,0,0,0,2
2009,Efficiently generating k-best solutions to procurement auctions,"Byde A., Kelly T., Zhou Y., Tarjan R.",3029743,Lecture Notes in Computer Science (including subseries Lecture Notes in Artificial Intelligence and Lecture Notes in Bioinformatics),5564, ,0,0,0,0,0,0,0,0,0,0,0,0,0,0,0,0,0,0,0,0,0,0,0,0,0,0,0,0,0,0,0,0,0,0,0,0,0,0,0,0,0,0,0,0,0,0,0,1,0,0,0,1,0,2
2009,An experimental study of minimum mean cycle algorithms,"Georgiadis L., Goldberg A.V., Tarjan R.E., Werneck R.F.",,"11th Workshop on Algorithm Engineering and Experiments and 6th Workshop on Analytic Algorithmics and Combinatorics 2009, ALENEX 2009/ANALCO 2009",, ,0,0,0,0,0,0,0,0,0,0,0,0,0,0,0,0,0,0,0,0,0,0,0,0,0,0,0,0,0,0,0,0,0,0,0,0,0,0,0,0,0,0,0,0,1,0,0,0,1,0,0,0,0,2
2006,Melding priority queues,"Mendelson R., Tarjan R.E., Thorup M., Zwick U.",15496325,ACM Transactions on Algorithms,2,4,0,0,0,0,0,0,0,0,0,0,0,0,0,0,0,0,0,0,0,0,0,0,0,0,0,0,0,0,0,0,0,0,0,0,0,0,0,0,0,0,0,0,0,0,1,1,0,0,0,0,0,0,0,2
2005,Problems in data structures and algorithms,Tarjan R.E.,1387666X,Operations Research/ Computer Science Interfaces Series,34, ,0,0,0,0,0,0,0,0,0,0,0,0,0,0,0,0,0,0,0,0,0,0,0,0,0,0,0,0,0,0,0,0,0,0,0,0,0,0,0,0,0,0,0,0,0,0,0,1,0,0,1,0,0,2
1997,Toward efficient unstructured multigrid preprocessing,"Dorward S.E., Matheson L.R., Tarjan R.E.",10943420,International Journal of High Performance Computing Applications,11,1,0,0,0,0,0,0,0,0,0,0,0,0,0,0,0,0,0,0,0,0,0,0,0,0,0,0,0,0,0,0,0,0,2,0,0,0,0,0,0,0,0,0,0,0,0,0,0,0,0,0,0,0,0,2
1991,Fully persistent lists with catenation,"Driscoll J.R., Sleator D.D.K., Tarjan R.E.",,Proceedings of the Annual ACM-SIAM Symposium on Discrete Algorithms,, ,0,0,0,0,0,0,0,0,0,0,0,0,0,0,0,0,0,0,0,0,0,0,0,1,0,0,1,0,0,0,0,0,0,0,0,0,0,0,0,0,0,0,0,0,0,0,0,0,0,0,0,0,0,2
1979,Algorithms and software for in-core factorization of sparse symmetric positive definite matrices,"Rose D.J., Whitten G.F., Sherman A.H., Tarjan R.E.",457949,Computers and Structures,10, 1-2,0,0,0,0,0,0,0,0,0,0,0,1,1,0,0,0,0,0,0,0,0,0,0,0,0,0,0,0,0,0,0,0,0,0,0,0,0,0,0,0,0,0,0,0,0,0,0,0,0,0,0,0,0,2
1978,A representation for linear lists with movable fingers,"Brown M.R., Tarjan R.E.",7378017,Proceedings of the Annual ACM Symposium on Theory of Computing,, ,0,0,0,0,0,0,0,0,0,0,1,0,1,0,0,0,0,0,0,0,0,0,0,0,0,0,0,0,0,0,0,0,0,0,0,0,0,0,0,0,0,0,0,0,0,0,0,0,0,0,0,0,0,2
1973,Testing flow graph reductibility,Tarjan R.,7378017,Proceedings of the Annual ACM Symposium on Theory of Computing,, ,0,0,0,0,0,0,0,0,0,0,0,0,0,0,0,0,0,0,0,0,0,0,1,0,0,0,0,0,0,0,0,0,0,0,0,0,0,0,0,0,0,0,0,0,0,0,0,0,0,0,1,0,0,2
2019,Randomized concurrent set union and generalized wake-up,"Jayanti S., Tarjan R.E., Boix-Adser E.",,Proceedings of the Annual ACM Symposium on Principles of Distributed Computing,, ,0,0,0,0,0,0,0,0,0,0,0,0,0,0,0,0,0,0,0,0,0,0,0,0,0,0,0,0,0,0,0,0,0,0,0,0,0,0,0,0,0,0,0,0,0,0,0,0,0,0,0,1,0,1
2015,Hollow heaps,"Dueholm T., Kaplan H., Tarjan R.E., Zwick U.",3029743,Lecture Notes in Computer Science (including subseries Lecture Notes in Artificial Intelligence and Lecture Notes in Bioinformatics),9134, ,0,0,0,0,0,0,0,0,0,0,0,0,0,0,0,0,0,0,0,0,0,0,0,0,0,0,0,0,0,0,0,0,0,0,0,0,0,0,0,0,0,0,0,0,0,0,0,0,0,1,0,0,0,1
2008,Finding a feasible flow in a strongly connected network,"Haeupler B., Tarjan R.E.",1676377,Operations Research Letters,36,4,0,0,0,0,0,0,0,0,0,0,0,0,0,0,0,0,0,0,0,0,0,0,0,0,0,0,0,0,0,0,0,0,0,0,0,0,0,0,0,0,0,0,0,0,0,0,0,0,0,1,0,0,0,1
2005,Server allocation algorithms for tiered systems,"Chaudhuri K., Kothari A., Pendavingh R., Swaminathan R., Tarjan R., Zhou Y.",3029743,Lecture Notes in Computer Science,3595, ,0,0,0,0,0,0,0,0,0,0,0,0,0,0,0,0,0,0,0,0,0,0,0,0,0,0,0,0,0,0,0,0,0,0,0,0,0,1,0,0,0,0,0,0,0,0,0,0,0,0,0,0,0,1
1996,Toward efficient unstructured multigrid preprocessing (extended abstract),"Dorward S.E., Matheson L.R., Tarjan R.E.",3029743,Lecture Notes in Computer Science (including subseries Lecture Notes in Artificial Intelligence and Lecture Notes in Bioinformatics),1117, ,0,0,0,0,0,0,0,0,0,0,0,0,0,0,0,0,0,0,0,0,0,0,0,0,0,0,0,0,1,0,0,0,0,0,0,0,0,0,0,0,0,0,0,0,0,0,0,0,0,0,0,0,0,1
1992,A linear-time algorithm for finding an ambitus,"Mishra B., Tarjan R.E.",1784617,Algorithmica,7, 1-6,0,0,0,0,0,0,0,0,0,0,0,0,0,0,0,0,0,0,0,0,0,0,0,0,0,0,0,0,0,0,0,0,0,0,0,0,0,0,0,0,0,0,1,0,0,0,0,0,0,0,0,0,0,1
1989,Planar Point Location Using Persistent Search Trees,"SARNAK N., TARJAN R.E.",778923,Annals of the New York Academy of Sciences,555,1,0,0,0,0,0,0,0,0,0,0,0,0,0,0,0,0,0,0,0,0,0,0,0,0,0,0,0,0,0,0,0,0,0,0,0,0,0,0,0,0,1,0,0,0,0,0,0,0,0,0,0,0,0,1
1986,"Sensitivity analysis of minimum spanning trees and shortest path trees. Information Processing Letters Vol. 14, No. 1 (27 March 1982) pp. 30-33",Tarjan R.E.,200190,Information Processing Letters,23,4,0,0,0,0,0,0,0,0,0,0,0,0,0,0,0,0,0,0,0,0,0,0,0,0,0,1,0,0,0,0,0,0,0,0,0,0,0,0,0,0,0,0,0,0,0,0,0,0,0,0,0,0,0,1
1976,Lower bounds on the lengths of node sequences in directed graphs,"Markowsky G., Tarjan R.E.",0012365X,Discrete Mathematics,16,4,0,0,0,0,0,0,0,0,0,0,0,0,0,0,1,0,0,0,0,0,0,0,0,0,0,0,0,0,0,0,0,0,0,0,0,0,0,0,0,0,0,0,0,0,0,0,0,0,0,0,0,0,0,1
1974,A new algorithm for finding weak components,Tarjan R.E.,200190,Information Processing Letters,3,1,0,0,0,0,0,0,0,1,0,0,0,0,0,0,0,0,0,0,0,0,0,0,0,0,0,0,0,0,0,0,0,0,0,0,0,0,0,0,0,0,0,0,0,0,0,0,0,0,0,0,0,0,0,1
2019,Simple concurrent labeling algorithms for connected components,"Liu S., Tarjan R.E.",21906807,OpenAccess Series in Informatics,69, ,0,0,0,0,0,0,0,0,0,0,0,0,0,0,0,0,0,0,0,0,0,0,0,0,0,0,0,0,0,0,0,0,0,0,0,0,0,0,0,0,0,0,0,0,0,0,0,0,0,0,0,0,0,0
2019,Zip trees,"Tarjan R.E., Levy C.C., Timmel S.",3029743,Lecture Notes in Computer Science (including subseries Lecture Notes in Artificial Intelligence and Lecture Notes in Bioinformatics),11646, ,0,0,0,0,0,0,0,0,0,0,0,0,0,0,0,0,0,0,0,0,0,0,0,0,0,0,0,0,0,0,0,0,0,0,0,0,0,0,0,0,0,0,0,0,0,0,0,0,0,0,0,0,0,0
2019,Splaying preorders and postorders,"Levy C.C., Tarjan R.E.",3029743,Lecture Notes in Computer Science (including subseries Lecture Notes in Artificial Intelligence and Lecture Notes in Bioinformatics),11646, ,0,0,0,0,0,0,0,0,0,0,0,0,0,0,0,0,0,0,0,0,0,0,0,0,0,0,0,0,0,0,0,0,0,0,0,0,0,0,0,0,0,0,0,0,0,0,0,0,0,0,0,0,0,0
2017,Hollow heaps,"Hansen T.D., Kaplan H., Tarjan R.E., Zwick U.",15496325,ACM Transactions on Algorithms,13,3,0,0,0,0,0,0,0,0,0,0,0,0,0,0,0,0,0,0,0,0,0,0,0,0,0,0,0,0,0,0,0,0,0,0,0,0,0,0,0,0,0,0,0,0,0,0,0,0,0,0,0,0,0,0
2014,Nested set union,"Larkin D.H., Tarjan R.E.",3029743,Lecture Notes in Computer Science (including subseries Lecture Notes in Artificial Intelligence and Lecture Notes in Bioinformatics),8737, ,0,0,0,0,0,0,0,0,0,0,0,0,0,0,0,0,0,0,0,0,0,0,0,0,0,0,0,0,0,0,0,0,0,0,0,0,0,0,0,0,0,0,0,0,0,0,0,0,0,0,0,0,0,0
2012,Sidestep: Co-designed shiftable memory &amp; software,"Kelly T., Kuno H., Pickett M.D., Boehm H., Davis A., Golab W., Graefe G., Harizopoulos S., Joisha P., Karp A., Muralimanohar N., Perner F., Medeiros-Ribeiro G., Seroussi G., Simitsis A., Tarjan R., Williams R.S.",,HP Laboratories Technical Report,,235,0,0,0,0,0,0,0,0,0,0,0,0,0,0,0,0,0,0,0,0,0,0,0,0,0,0,0,0,0,0,0,0,0,0,0,0,0,0,0,0,0,0,0,0,0,0,0,0,0,0,0,0,0,0
2011,Theory vs. practice in the design and analysis of algorithms,Tarjan R.E.,3029743,Lecture Notes in Computer Science (including subseries Lecture Notes in Artificial Intelligence and Lecture Notes in Bioinformatics),6844, ,0,0,0,0,0,0,0,0,0,0,0,0,0,0,0,0,0,0,0,0,0,0,0,0,0,0,0,0,0,0,0,0,0,0,0,0,0,0,0,0,0,0,0,0,0,0,0,0,0,0,0,0,0,0
2010,HP transforms product portfolio management with operations research,"Ward J., Zhang B., Jain S., Fry C., Olavson T., Mishal H., Amaral J., Beyer D., Brecht A., Cargille B., Chadinha R., Chou K., DeNyse G., Feng Q., Padovani C., Raj S., Sunderbruch K., Tarjan R., Venkatraman K., Woods J., Zhou J.",,HP Laboratories Technical Report,,66,0,0,0,0,0,0,0,0,0,0,0,0,0,0,0,0,0,0,0,0,0,0,0,0,0,0,0,0,0,0,0,0,0,0,0,0,0,0,0,0,0,0,0,0,0,0,0,0,0,0,0,0,0,0
2006,Results and problems on self-adjusting search trees and related data structures,Tarjan R.E.,3029743,Lecture Notes in Computer Science (including subseries Lecture Notes in Artificial Intelligence and Lecture Notes in Bioinformatics),4059, ,0,0,0,0,0,0,0,0,0,0,0,0,0,0,0,0,0,0,0,0,0,0,0,0,0,0,0,0,0,0,0,0,0,0,0,0,0,0,0,0,0,0,0,0,0,0,0,0,0,0,0,0,0,0
2005,Deadline scheduling for animation rendering,"Anderson E., Beyer D., Chaudhuri K., Kelly T., Salazar N., Santos C., Swaminathan R., Tarjan R., Wiener J., Zhou Y.",1635999,Performance Evaluation Review,33,1,0,0,0,0,0,0,0,0,0,0,0,0,0,0,0,0,0,0,0,0,0,0,0,0,0,0,0,0,0,0,0,0,0,0,0,0,0,0,0,0,0,0,0,0,0,0,0,0,0,0,0,0,0,0
1998,Culturally-induced information impactedness: A prescription for failure in software ventures,"Matheson Lesley R., Shamoon Talal G., Tarjan Robert E.",10603425,Proceedings of the Hawaii International Conference on System Sciences,6, ,0,0,0,0,0,0,0,0,0,0,0,0,0,0,0,0,0,0,0,0,0,0,0,0,0,0,0,0,0,0,0,0,0,0,0,0,0,0,0,0,0,0,0,0,0,0,0,0,0,0,0,0,0,0
1995,Lazy structure sharing for query optimization,"Buchsbaum A.L., Sundar R., Tarjan R.E.",15903,Acta Informatica,32,3,0,0,0,0,0,0,0,0,0,0,0,0,0,0,0,0,0,0,0,0,0,0,0,0,0,0,0,0,0,0,0,0,0,0,0,0,0,0,0,0,0,0,0,0,0,0,0,0,0,0,0,0,0,0
1980,Biased 2-3 trees,"Bent S.W., Sleator D.D., Tarjan R.E.",2725428,"Proceedings - Annual IEEE Symposium on Foundations of Computer Science, FOCS",, ,0,0,0,0,0,0,0,0,0,0,0,0,0,0,0,0,0,0,0,0,0,0,0,0,0,0,0,0,0,0,0,0,0,0,0,0,0,0,0,0,0,0,0,0,0,0,0,0,0,0,0,0,0,0
1979,Efficient algorithms for simple matroid intersection problems,"Gabow H.N., Tarjan R.E.",2725428,"Proceedings - Annual IEEE Symposium on Foundations of Computer Science, FOCS",, ,0,0,0,0,0,0,0,0,0,0,0,0,0,0,0,0,0,0,0,0,0,0,0,0,0,0,0,0,0,0,0,0,0,0,0,0,0,0,0,0,0,0,0,0,0,0,0,0,0,0,0,0,0,0
1976,Foreword,"Chandra A.K., Fischer M.J., Hartmanis J., Hunt H.B., Lipto R.J., Sethi R., Tarjan R.E.",7378017,Proceedings of the Annual ACM Symposium on Theory of Computing,130841, ,0,0,0,0,0,0,0,0,0,0,0,0,0,0,0,0,0,0,0,0,0,0,0,0,0,0,0,0,0,0,0,0,0,0,0,0,0,0,0,0,0,0,0,0,0,0,0,0,0,0,0,0,0,0
1971,An analytical positive manifold algorithm for use with latent class analysis,"Tarjan R.E., Miller C.R.",273171,Multivariate Behavioral Research,6,3,0,0,0,0,0,0,0,0,0,0,0,0,0,0,0,0,0,0,0,0,0,0,0,0,0,0,0,0,0,0,0,0,0,0,0,0,0,0,0,0,0,0,0,0,0,0,0,0,0,0,0,0,0,0
