," 作者:Ullman, Jeffrey David",,,,,,,,,,,,,,,,,,,,,,,,,,,,,,,,,,,,,,,,,,,,,,,,,,,,,,,,,,,
,,,,,,,,,,,,,,,,,,,,,,,,,,,,,,,,,,,,,,,,,,,,,,,,,,,,,,,,,,,,
,h-index = 61 (在纳入 h-Index 的 243 文献中，有 61 篇已被至少引用 61 次。),,,,,,,,,,,,,,,,,,,,,,,,,,,,,,,,,,,,,,,,,,,,,,,,,,,,,,,,,,,
,,,,,,,,,,,,,,,,,,,,,,,,,,,,,,,,,,,,,,,,,,,,,,,,,,,,,,,,,,,,
,,,,,,,,,,,,,,,,,,,,,,,,,,,,,,,,,,,,,,,,,,,,,,,,,,,,,,,,,,,,
,,,,,,,<1970,1970,1971,1972,1973,1974,1975,1976,1977,1978,1979,1980,1981,1982,1983,1984,1985,1986,1987,1988,1989,1990,1991,1992,1993,1994,1995,1996,1997,1998,1999,2000,2001,2002,2003,2004,2005,2006,2007,2008,2009,2010,2011,2012,2013,2014,2015,2016,2017,2018,2019,2020,>2020,总计
出版年份,文献标题,作者,ISSN,期刊标题,卷,期,0,24,34,39,29,57,54,109,86,74,90,82,115,139,135,165,85,170,118,165,191,177,287,263,235,251,256,232,302,309,345,371,473,425,478,416,526,551,460,518,494,475,507,461,508,653,622,747,690,753,685,176,0,15607
1997,Dynamic Itemset Counting and Implication Rules for Market Basket Data,"Brin S., Motwani R., Ullman J.D., Tsur S.",1635808,SIGMOD Record (ACM Special Interest Group on Management of Data),26,2,0,0,0,0,0,0,0,0,0,0,0,0,0,0,0,0,0,0,0,0,0,0,0,0,0,0,0,0,0,14,19,29,40,43,53,55,72,73,63,86,74,65,72,52,52,78,40,65,54,63,48,16,0,1226
1988,Principles of database and knowledge-base systems. Volume I,Ullman J.D.,,Principles of database and knowledge-base systems. Volume I,, ,0,0,0,0,0,0,0,0,0,0,0,0,0,0,0,0,0,0,0,3,14,23,46,38,58,50,61,52,59,46,36,51,54,35,34,36,33,40,34,33,31,28,18,31,20,18,9,15,10,12,11,1,0,1040
1996,Implementing Data Cubes Efficiently,"Harinarayan V., Rajaraman A., Ullman J.D.",1635808,SIGMOD Record (ACM Special Interest Group on Management of Data),25,2,0,0,0,0,0,0,0,0,0,0,0,0,0,0,0,0,0,0,0,0,0,0,0,0,0,0,0,3,17,30,26,42,56,35,44,43,47,57,52,37,46,35,41,40,34,25,30,33,28,35,24,5,0,865
1975,NP-complete scheduling problems,Ullman J.D.,220000,Journal of Computer and System Sciences,10,3,0,0,0,0,0,0,1,5,2,2,4,4,0,3,2,4,3,4,5,5,4,7,10,6,16,10,14,18,6,14,16,19,19,10,14,19,13,21,19,18,31,41,33,36,32,39,37,46,42,60,52,15,0,781
2011,Mining of massive datasets,"Rajaraman A., Ullman J.D.",,Mining of Massive Datasets,9.78111E+12, ,0,0,0,0,0,0,0,0,0,0,0,0,0,0,0,0,0,0,0,0,0,0,0,0,0,0,0,0,0,0,0,0,0,0,0,0,0,0,0,0,0,0,0,11,31,96,137,138,115,102,88,32,0,750
1976,Protection in Operating Systems,"Harrison M.A., Ruzzo W.L., Ullman J.D.",10782,Communications of the ACM,19,8,0,0,0,0,0,0,0,0,6,4,6,1,4,1,5,2,2,0,1,4,2,4,5,9,7,3,5,6,7,6,5,7,13,13,28,14,26,47,37,44,45,30,37,31,30,29,24,18,22,14,16,4,0,624
2014,Mining of massive datasets: Second edition,"Leskovec J., Rajaraman A., Ullman J.D.",,Mining of Massive Datasets: Second Edition,, ,0,0,0,0,0,0,0,0,0,0,0,0,0,0,0,0,0,0,0,0,0,0,0,0,0,0,0,0,0,0,0,0,0,0,0,0,0,0,0,0,0,0,0,0,0,2,28,74,115,173,170,36,0,598
1997,The TSIMMIS Approach to Mediation: Data Models and Languages,"Garcia-Molina H., Papakonstantinou Y., Quass D., Rajaraman A., Sagiv Y., Ullman J., Vassalos V., Widom J.",9259902,Journal of Intelligent Information Systems,8,2,0,0,0,0,0,0,0,0,0,0,0,0,0,0,0,0,0,0,0,0,0,0,0,0,0,0,0,0,0,6,19,18,36,37,42,36,44,41,26,33,30,17,19,9,14,9,9,11,3,2,5,1,0,467
1997,Information integration using logical views,Ullman J.D.,3029743,Lecture Notes in Computer Science (including subseries Lecture Notes in Artificial Intelligence and Lecture Notes in Bioinformatics),1186, ,0,0,0,0,0,0,0,0,0,0,0,0,0,0,0,0,0,0,0,0,0,0,0,0,0,0,0,0,0,5,15,15,22,20,25,22,21,24,14,14,13,22,16,16,16,8,6,12,8,5,5,0,0,324
1979,Universality of data retrieval languages,"Aho A.V., Ullman J.D.",7308566,Conference Record of the Annual ACM Symposium on Principles of Programming Languages,, ,0,0,0,0,0,0,0,0,0,0,2,3,3,12,1,7,11,19,8,12,26,23,19,19,9,12,21,12,13,10,6,4,4,4,3,0,4,3,4,5,4,7,3,3,7,3,3,3,2,2,5,0,0,321
1997,Index selection for OLAP,"Gupta Himanshu, Harinarayan Venky, Rajaraman Anand, Ullman Jeffrey D.",,Proceedings - International Conference on Data Engineering,, ,0,0,0,0,0,0,0,0,0,0,0,0,0,0,0,0,0,0,0,0,0,0,0,0,0,0,0,0,5,11,11,16,20,12,15,14,15,16,17,10,17,4,14,8,9,5,6,7,8,7,7,3,0,257
2010,Optimizing joins in a map-reduce environment,"Afrati F.N., Ullman J.D.",,"Advances in Database Technology - EDBT 2010 - 13th International Conference on Extending Database Technology, Proceedings",, ,0,0,0,0,0,0,0,0,0,0,0,0,0,0,0,0,0,0,0,0,0,0,0,0,0,0,0,0,0,0,0,0,0,0,0,0,0,0,0,0,0,6,25,23,28,44,29,29,22,17,16,6,0,245
1979,The Theory of Joins in Relational Databases,"Aho A.V., Beeri C., Ullman J.D.",3625915,ACM Transactions on Database Systems (TODS),4,3,0,0,0,0,0,0,0,0,0,0,1,10,12,22,20,17,7,16,9,6,4,4,4,11,3,5,4,3,4,4,3,1,1,1,1,1,0,4,1,8,4,6,11,6,4,4,6,5,2,4,4,0,0,243
1977,Monotone data flow analysis frameworks,"Kam J.B., Ullman J.D.",15903,Acta Informatica,7,3,0,0,0,0,0,0,0,0,0,1,1,1,4,5,1,3,0,6,1,5,4,5,5,5,2,10,4,8,6,9,8,4,4,2,6,4,3,3,9,6,3,11,11,8,4,9,3,9,4,6,4,1,0,208
2001,Finding interesting associations without support pruning,"Cohen E., Datar M., Fujiwara S., Gionis A., Indyk P., Motwani R., Ullman J.D., Yang C.",10414347,IEEE Transactions on Knowledge and Data Engineering,13,1,0,0,0,0,0,0,0,0,0,0,0,0,0,0,0,0,0,0,0,0,0,0,0,0,0,0,0,0,0,0,0,0,2,4,9,5,5,9,10,20,16,19,16,10,9,17,7,12,8,12,13,4,0,207
1983,ON THE SEMANTICS OF UPDATES IN DATABASES.,"Fagin Ronald, Ullman Jeffrey D., Vardi Moshe Y.",,,, ,0,0,0,0,0,0,0,0,0,0,0,0,0,0,0,4,1,4,1,7,3,3,12,8,3,10,6,10,11,11,4,7,1,5,9,8,6,3,2,8,2,5,5,6,4,4,5,3,5,7,4,2,0,199
1989,Optimal synchronizer for the hypercube,"Peleg David, Ullman Jeffrey D.",975397,SIAM Journal on Computing,18,4,0,0,0,0,0,0,0,0,0,0,0,0,0,0,0,0,0,0,0,0,0,1,3,6,3,6,2,1,1,3,2,2,7,3,3,5,7,5,14,4,11,12,7,9,9,5,9,16,9,15,14,4,0,198
1976,Global Data Flow Analysis and Iterative Algorithms,"Kam J.B., Ullman J.D.",45411,Journal of the ACM (JACM),23,1,0,0,0,0,0,0,0,3,7,4,2,3,7,3,1,6,2,9,1,7,2,4,3,5,7,5,7,2,3,9,4,1,6,2,5,6,4,10,2,4,3,6,5,5,6,5,2,5,8,3,2,1,0,197
1984,On the foundations of the universal relation model,"Maier D., Ullman J.D., Vardi M.Y.",3625915,ACM Transactions on Database Systems (TODS),9,2,0,0,0,0,0,0,0,0,0,0,0,0,0,0,0,1,2,7,8,11,15,9,13,8,7,5,6,1,9,2,5,0,0,5,7,4,6,3,3,1,5,3,3,4,4,3,2,3,3,1,4,0,0,173
1985,Implementation of Logical Query Languages for Databases,Ullman J.D.,3625915,ACM Transactions on Database Systems (TODS),10,3,0,0,0,0,0,0,0,0,0,0,0,0,0,0,0,0,0,14,8,18,25,15,21,14,4,7,5,7,5,0,1,1,2,0,1,1,0,2,1,0,2,3,0,2,2,1,2,0,2,5,0,0,0,171
1976,Bounds on the Complexity of the Longest Common Subsequence Problem,"Ullman J.D., Aho A.V., Hirschberg D.S.",45411,Journal of the ACM (JACM),23,1,0,0,0,0,0,0,0,1,3,3,2,5,4,2,1,2,2,4,4,1,3,1,3,3,0,4,2,3,3,4,5,2,2,3,4,1,10,2,6,12,9,6,4,5,3,1,6,3,6,7,3,0,0,160
1970,The Generation of Optimal Code for Arithmetic Expressions,"Sethi R., Ullman J.D.",45411,Journal of the ACM (JACM),17,4,0,0,0,3,5,2,3,5,8,5,6,5,1,7,3,1,0,10,5,3,4,0,6,3,1,3,3,1,2,1,3,3,4,4,3,3,1,2,0,1,1,1,6,1,2,4,4,2,4,8,5,1,0,159
1982,A Simplied Universal Relation Assumption and Its Properties,"Fagin R., Mendelzon A.O., Ullman J.D.",3625915,ACM Transactions on Database Systems (TODS),7,3,0,0,0,0,0,0,0,0,0,0,0,0,0,0,22,25,3,8,5,6,7,5,9,4,5,3,1,2,4,2,1,0,4,5,1,1,3,1,1,2,3,2,1,3,3,6,2,3,1,2,0,0,0,156
1995,A survey of deductive database systems,"Ramakrishnan R., Ullman J.D.",7431066,The Journal of Logic Programming,23,2,0,0,0,0,0,0,0,0,0,0,0,0,0,0,0,0,0,0,0,0,0,0,0,0,0,0,0,1,4,8,5,3,6,4,3,1,3,4,5,9,13,11,5,14,10,11,8,2,6,4,3,1,0,144
1983,ON NOTIONS OF INFORMATION TRANSFER IN VLSI CIRCUITS.,"Aho Alfred V., Ullman Jeffrey D., Yannakakis Mihalis",7349025,Conference Proceedings of the Annual ACM Symposium on Theory of Computing,, ,0,0,0,0,0,0,0,0,0,0,0,0,0,0,0,2,1,2,4,1,2,4,5,9,5,6,7,6,3,4,5,2,3,2,6,4,3,1,4,5,6,3,5,1,2,3,3,6,2,4,1,1,0,133
2011,Optimizing multiway joins in a map-reduce environment,"Afrati F.N., Ullman J.D.",10414347,IEEE Transactions on Knowledge and Data Engineering,23,9,0,0,0,0,0,0,0,0,0,0,0,0,0,0,0,0,0,0,0,0,0,0,0,0,0,0,0,0,0,0,0,0,0,0,0,0,0,0,0,0,0,0,0,9,18,24,22,15,7,16,15,4,0,130
2000,Information integration using logical views,Ullman J.D.,3043975,Theoretical Computer Science,239,2,0,0,0,0,0,0,0,0,0,0,0,0,0,0,0,0,0,0,0,0,0,0,0,0,0,0,0,0,0,0,0,0,2,3,3,6,11,8,2,12,10,12,7,11,11,3,4,6,5,0,6,1,0,123
1995,Answering queries using templates with binding patterns,"Rajaraman Anand, Sagiv Yehoshua, Ullman Jeffrey D.",,Proceedings of the ACM SIGACT-SIGMOD-SIGART Symposium on Principles of Database Systems,, ,0,0,0,0,0,0,0,0,0,0,0,0,0,0,0,0,0,0,0,0,0,0,0,0,0,0,2,1,7,5,5,12,13,8,4,2,7,6,1,5,6,6,7,7,4,0,7,4,0,1,3,0,0,123
1971,Translations on a context free grammar,"Aho A.V., Ullman J.D.",199958,Information and Control,19,5,0,0,0,1,0,2,2,1,3,5,2,1,5,3,1,0,2,1,0,1,0,1,2,1,1,4,0,1,1,3,5,6,2,4,7,2,5,6,5,7,3,2,2,4,2,3,1,4,0,1,3,1,0,119
1979,Efficient Optimization of a Class of Relational Expressions,"Aho A.V., Sagiv Y., Ullman J.D.",3625915,ACM Transactions on Database Systems (TODS),4,4,0,0,0,0,0,0,0,0,0,0,0,1,2,5,10,6,4,4,3,3,2,4,4,4,2,4,2,5,2,4,3,1,1,2,3,1,2,3,2,2,7,1,4,1,2,1,3,2,2,0,1,0,0,115
1989,Principles of database and knowledge-base systems. Volume 2: the new technologies,Ullman J.D.,,Principles of database and knowledge-base systems. Volume 2: the new technologies,, ,0,0,0,0,0,0,0,0,0,0,0,0,0,0,0,0,0,0,0,0,0,1,4,6,4,7,6,3,7,6,7,7,10,9,2,0,5,3,5,1,5,0,3,4,1,1,1,3,0,1,0,1,0,113
1974,Characterizations of Reducible Flow Graphs,"Hecht M.S., Ullman J.D.",45411,Journal of the ACM (JACM),21,3,0,0,0,0,0,0,4,11,6,1,1,0,4,5,4,2,1,0,0,4,2,1,0,1,0,2,0,1,1,1,0,0,3,0,2,4,2,3,3,1,1,1,8,5,5,2,1,4,4,4,5,0,0,110
1998,The Asilomar Report on Database Research,"Bernstein P., Brodie M., Ceri S., De D., Franklin M., Garcia-Molina H., Gray J., Held J., Hellerstein J., Jagadish H.V., Lesk M., Maier D., Naughton J., Pirahesh H., Stonebraker M., Ullman J.",1635808,SIGMOD Record,27,4,0,0,0,0,0,0,0,0,0,0,0,0,0,0,0,0,0,0,0,0,0,0,0,0,0,0,0,0,0,0,7,14,10,9,13,4,15,5,4,6,3,3,3,1,0,3,0,2,5,0,1,1,0,109
1998,Query flocks: A generalization of association-rule mining,"Tsur D., Ullman J.D., Abiteboul S., Clifton C., Motwani R., Nestorov S., Rosenthal A.",1635808,SIGMOD Record,27,2,0,0,0,0,0,0,0,0,0,0,0,0,0,0,0,0,0,0,0,0,0,0,0,0,0,0,0,0,0,4,11,11,7,9,9,9,10,14,3,5,3,1,3,0,0,1,2,1,2,1,1,0,0,107
2000,Scalable techniques for mining causal structures,"Silverstein C., Brin S., Motwani R., Ullman J.",13845810,Data Mining and Knowledge Discovery,4, 2-3,0,0,0,0,0,0,0,0,0,0,0,0,0,0,0,0,0,0,0,0,0,0,0,0,0,0,0,0,0,0,0,0,1,1,2,4,6,6,3,1,7,6,2,5,8,11,13,6,3,4,5,7,0,101
1972,Worst-case analysis of memory allocation algorithms,"Garey M.R., Graham R.L., Ullman J.D.",7378017,Proceedings of the Annual ACM Symposium on Theory of Computing,, ,0,0,0,1,0,4,3,3,1,0,0,0,0,1,0,1,0,0,0,0,1,0,1,0,2,0,1,0,0,0,0,0,1,2,2,4,3,4,6,3,3,1,1,2,6,11,5,3,7,7,6,0,0,96
2013,Big data: A research agenda,"Cuzzocrea A., Sacca D., Ullman J.D.",,ACM International Conference Proceeding Series,, ,0,0,0,0,0,0,0,0,0,0,0,0,0,0,0,0,0,0,0,0,0,0,0,0,0,0,0,0,0,0,0,0,0,0,0,0,0,0,0,0,0,0,0,0,0,2,22,24,21,16,9,1,0,95
2005,The lowell database research self-assessment,"Abiteboul S., Agrawal R., Bernstein P., Carey M., Ceri S., Croft B., DeWitt D., Franklin M., Molina H.G., Gawlick D., Gray J., Haas L., Halevy A., Hellerstein J., Ioannidis Y., Kersten M., Pazzani M., Lesk M., Maier D., Naughton J., Schek H., Sellis T., Silberschatz A., Stonebraker M., Snodgrass R., Ullman J., Weikum G., Widom J., Zdonik S.",10782,Communications of the ACM,48,5,0,0,0,0,0,0,0,0,0,0,0,0,0,0,0,0,0,0,0,0,0,0,0,0,0,0,0,0,0,0,0,0,0,0,0,0,4,14,12,9,12,9,9,5,5,5,5,4,1,0,0,0,0,94
2000,Finding interesting associations without support pruning,"Cohen Edith, Datar Mayur, Fujiwara Shinji, Gionis Aristides, Indyk Piotr, Motwani Rajeev, Ullman Jeffrey D., Yang Cheng",,Proceedings - International Conference on Data Engineering,, ,0,0,0,0,0,0,0,0,0,0,0,0,0,0,0,0,0,0,0,0,0,0,0,0,0,0,0,0,0,0,0,3,6,8,6,5,11,4,10,3,6,5,6,1,4,4,2,3,2,2,0,0,0,91
1997,"Representative objects: Concise representations of semistructured, hierarchical data","Nestorov Svetlozar, Ullman Jeffrey, Wiener Janet, Chawathe Sudarshan",,Proceedings - International Conference on Data Engineering,, ,0,0,0,0,0,0,0,0,0,0,0,0,0,0,0,0,0,0,0,0,0,0,0,0,0,0,0,0,3,3,4,4,5,11,12,3,8,6,2,5,4,4,1,1,3,2,2,1,2,3,2,0,0,91
1991,Database systems: Achievements and opportunities,"Silberschatz A., Stonebraker M., Ullman J.",10782,Communications of the ACM,34,10,0,0,0,0,0,0,0,0,0,0,0,0,0,0,0,0,0,0,0,0,0,0,0,8,11,14,11,8,9,2,4,0,4,3,1,0,2,2,2,1,2,2,0,0,0,1,1,1,1,1,0,0,0,91
1977,Code Generation for Expressions with Common Subexpressions,"Aho A.V., Johnson S.C., Ullman J.D.",45411,Journal of the ACM (JACM),24,1,0,0,0,0,0,0,0,0,2,2,0,4,3,6,2,1,0,5,1,5,2,0,1,1,2,5,0,2,2,1,0,2,6,5,3,2,1,3,5,1,1,3,1,1,1,1,1,0,1,2,2,0,0,89
1983,Maximal Objects and the Semantics of Universal Relation Databases,"Maier D., Ullman J.D.",3625915,ACM Transactions on Database Systems (TODS),8,1,0,0,0,0,0,0,0,0,0,0,0,0,0,0,1,9,2,1,1,3,4,5,5,6,4,2,3,3,4,1,3,1,3,1,1,0,1,0,1,3,2,0,3,3,5,3,1,1,1,0,0,0,0,87
1982,The Compilation of Regular Expressions into Integrated Circuits,"Floyd R.W., Ullman J.D.",45411,Journal of the ACM (JACM),29,3,0,0,0,0,0,0,0,0,0,0,0,0,0,0,1,1,1,2,2,0,3,1,2,1,0,1,0,1,0,1,0,1,0,0,0,1,2,3,4,11,5,4,9,8,3,5,1,8,1,2,1,0,0,86
1969,Syntax directed translations and the pushdown assembler,"Aho A.V., Ullman J.D.",220000,Journal of Computer and System Sciences,3,1,0,0,5,2,0,4,1,1,1,2,0,1,3,2,0,0,0,2,0,0,0,0,0,0,0,0,0,1,1,1,2,0,0,1,0,0,2,3,2,7,5,4,4,2,6,4,6,6,2,2,0,0,0,85
1979,Optimal Partial-Match Retrieval When Fields are Independently Specified,"Aho A.V., Ullman J.D.",3625915,ACM Transactions on Database Systems (TODS),4,2,0,0,0,0,0,0,0,0,0,0,1,4,1,3,5,4,7,6,5,3,5,3,7,1,5,0,1,4,5,2,0,0,2,1,0,0,0,1,1,2,1,1,0,0,2,0,0,0,0,0,0,0,0,83
1988,Efficient tests for top-down termination of logical rules,"Ullman J.D., Van Gelder A.",45411,Journal of the ACM (JACM),35,2,0,0,0,0,0,0,0,0,0,0,0,0,0,0,0,0,0,0,0,0,3,4,7,11,8,7,5,6,4,3,5,1,6,3,1,3,3,0,0,1,0,1,0,0,0,0,0,0,0,0,0,0,0,82
1981,Properties of acyclic database schemes,"Beeri C., Fagin R., Maier D., Mendelzon A., Ullman J., Yannakakis M.",7378017,Proceedings of the Annual ACM Symposium on Theory of Computing,, ,0,0,0,0,0,0,0,0,0,0,0,0,3,7,14,10,2,2,1,2,4,2,0,1,2,2,1,2,1,1,1,0,1,1,0,0,0,1,0,3,1,4,2,1,2,4,0,1,1,0,1,1,0,82
1991,High-probability parallel transitive-closure algorithms,"Ullman Jeffrey D., Yannakakis Mihalis",975397,SIAM Journal on Computing,20,1,0,0,0,0,0,0,0,0,0,0,0,0,0,0,0,0,0,0,0,0,0,0,0,1,1,2,0,1,3,2,0,2,1,4,2,2,2,4,3,2,2,3,1,3,4,4,3,7,8,6,7,1,0,81
1969,Some Results on Tape-Bounded Turing Machines,"Hopcroft J.E., Ullman J.D.",45411,Journal of the ACM (JACM),16,1,0,3,1,1,1,0,3,3,4,1,2,2,2,2,1,1,4,0,1,0,0,0,3,4,2,2,4,1,0,2,1,2,1,2,1,0,2,1,2,1,0,3,1,0,1,1,3,3,1,1,0,0,0,77
1987,An optimal synchronizer for the hypercube,"Peleg D., Ullman J.D.",,Proceedings of the Annual ACM Symposium on Principles of Distributed Computing,130235, ,0,0,0,0,0,0,0,0,0,0,0,0,0,0,0,0,0,0,0,0,1,0,0,1,3,2,2,3,4,4,1,1,3,1,3,5,5,5,4,6,2,5,0,1,0,1,1,0,2,4,4,1,0,75
1996,MedMaker: A mediation system based on declarative specifications,"Papakonstantinou Yannis, Garcia-Molina Hector, Ullman Jeffrey",,Proceedings - International Conference on Data Engineering,, ,0,0,0,0,0,0,0,0,0,0,0,0,0,0,0,0,0,0,0,0,0,0,0,0,0,0,0,1,9,6,11,4,4,3,3,7,5,5,3,4,0,2,1,1,0,4,1,0,0,0,0,0,0,74
2013,Upper and lower bounds on the cost of a map-reduce computation,"Afrati F.N., Sarma A.D., Salihoglu S., Ullman J.D.",21508097,Proceedings of the VLDB Endowment,6,4,0,0,0,0,0,0,0,0,0,0,0,0,0,0,0,0,0,0,0,0,0,0,0,0,0,0,0,0,0,0,0,0,0,0,0,0,0,0,0,0,0,0,0,0,1,9,10,18,12,15,4,2,0,71
1973,Fast algorithms for the elimination of common subexpressions,Ullman J.D.,15903,Acta Informatica,2,3,0,0,0,0,0,3,4,10,8,1,7,1,5,0,0,3,0,3,0,1,1,2,1,3,0,2,0,1,2,1,0,1,1,1,0,1,1,0,0,0,0,0,1,0,0,0,0,3,2,0,0,0,0,70
2013,Enumerating subgraph instances using map-reduce,"Afrati F.N., Fotakis D., Ullman J.D.",10844627,Proceedings - International Conference on Data Engineering,, ,0,0,0,0,0,0,0,0,0,0,0,0,0,0,0,0,0,0,0,0,0,0,0,0,0,0,0,0,0,0,0,0,0,0,0,0,0,0,0,0,0,0,0,0,0,12,14,11,8,13,9,2,0,69
1995,Querying semistructured heterogeneous information,"Quass D., Rajaraman A., Sagiv Y., Ullman J., Widom J.",3029743,Lecture Notes in Computer Science (including subseries Lecture Notes in Artificial Intelligence and Lecture Notes in Bioinformatics),1013, ,0,0,0,0,0,0,0,0,0,0,0,0,0,0,0,0,0,0,0,0,0,0,0,0,0,0,0,1,13,4,12,5,4,12,6,3,4,1,1,0,0,0,1,0,1,1,0,0,0,0,0,0,0,69
1989,Bottom-up beats top-down for datalog,Ullman Jeffrey D.,,,, ,0,0,0,0,0,0,0,0,0,0,0,0,0,0,0,0,0,0,0,0,0,3,2,3,3,4,7,5,4,4,2,3,4,3,0,2,3,1,2,1,0,2,1,1,1,2,0,1,0,2,1,0,0,67
1984,SYSTEM/U: A database system based on the universal relation assumption,"Korth H.F., Kuper G.M., Feigenbaum J., van Gelder A., Ullman J.D.",3625915,ACM Transactions on Database Systems (TODS),9,3,0,0,0,0,0,0,0,0,0,0,0,0,0,0,0,0,1,4,6,10,6,7,4,3,5,0,2,0,2,0,2,0,3,0,1,0,1,0,1,1,0,0,1,0,1,1,3,0,0,0,0,0,0,65
1971,Principles of Optimal Page Replacement,"Aho A.V., Denning P.J., Ullman J.D.",45411,Journal of the ACM (JACM),18,1,0,0,0,2,1,5,1,3,0,0,0,0,2,4,0,0,0,0,0,0,1,0,0,0,0,1,0,0,0,0,0,0,0,0,1,1,0,1,1,1,0,0,1,0,5,2,4,2,8,9,7,0,0,63
1975,Deterministic Parsing of Ambiguous Grammars,"Aho A.V., Johnson S.C., Ullman J.D.",10782,Communications of the ACM,18,8,0,0,0,0,0,0,0,2,0,2,2,5,1,2,0,2,1,1,1,3,5,1,3,0,0,3,2,3,2,1,1,0,0,3,1,1,0,1,2,3,0,3,0,1,1,0,0,0,1,0,2,0,0,62
2012,Fuzzy joins using MapReduce,"Afrati F.N., Sarma A.D., Menestrina D., Parameswaran A., Ullman J.D.",10844627,Proceedings - International Conference on Data Engineering,, ,0,0,0,0,0,0,0,0,0,0,0,0,0,0,0,0,0,0,0,0,0,0,0,0,0,0,0,0,0,0,0,0,0,0,0,0,0,0,0,0,0,0,0,2,7,12,4,9,10,9,8,0,0,61
1969,Universal Single Transition Time Asynchronous State Assignments,"Friedman A.D., Graham R.L., Ullman J.D.",189340,IEEE Transactions on Computers,C-18,6,0,0,2,0,3,2,0,1,1,4,1,2,0,0,0,0,0,0,0,0,0,0,0,0,2,2,1,0,0,0,0,4,3,2,4,2,0,0,1,1,2,1,2,2,4,0,2,2,3,1,3,0,0,60
1998,Capability based mediation in TSIMMIS,"Li Chen, Yerneni Ramana, Vassalos Vasilis, Garcia-Molina Hector, Papakonstantinou Yannis, Ullman Jeffrey, Valiveti Murty",1635808,SIGMOD Record (ACM Special Interest Group on Management of Data),27,2,0,0,0,0,0,0,0,0,0,0,0,0,0,0,0,0,0,0,0,0,0,0,0,0,0,0,0,0,0,1,5,6,5,5,8,5,7,5,2,2,2,2,0,1,1,0,0,0,0,1,1,0,0,59
1995,A query translation scheme for rapid implementation of wrappers,"Papakonstantinou Y., Gupta A., Garcia-Molina H., Ullman J.",3029743,Lecture Notes in Computer Science (including subseries Lecture Notes in Artificial Intelligence and Lecture Notes in Bioinformatics),1013, ,0,0,0,0,0,0,0,0,0,0,0,0,0,0,0,0,0,0,0,0,0,0,0,0,0,0,0,0,4,5,9,8,4,5,2,3,2,3,0,2,2,2,4,0,0,0,1,1,1,0,0,0,0,58
1982,The U.R. strikes back,Ullman J.D.,,Proceedings of the ACM SIGACT-SIGMOD-SIGART Symposium on Principles of Database Systems,, ,0,0,0,0,0,0,0,0,0,0,0,0,0,1,9,8,1,3,3,3,2,5,3,0,0,2,0,3,0,2,1,0,1,1,1,0,1,1,0,0,1,0,0,0,0,0,1,0,0,0,0,0,0,53
1968,Time and tape complexity of pushdown automaton languages,"Aho A.V., Hopcroft J.E., Ullman J.D.",199958,Information and Control,13,3,0,2,1,2,1,3,2,5,0,2,0,0,2,1,3,1,5,1,0,2,1,1,0,0,0,3,1,1,1,0,1,0,0,0,0,0,0,0,0,1,0,0,0,0,1,0,0,4,0,1,0,1,0,50
1989,"Efficient Evaluation of Right-, Left-, and Multi-Linear Rules","Naughton J.F., Ramakrishnan R., Sagiv Y., Ullman J.D.",1635808,ACM SIGMOD Record,18,2,0,0,0,0,0,0,0,0,0,0,0,0,0,0,0,0,0,0,0,0,0,2,6,6,2,6,9,4,3,0,1,1,0,0,2,1,4,2,0,0,0,0,0,0,0,0,0,0,0,0,0,0,0,49
1987,COMMUNICATION-TIME TRADEOFF.,"Papadimitriou Christos H., Ullman Jeffrey D.",975397,SIAM Journal on Computing,16,4,0,0,0,0,0,0,0,0,0,0,0,0,0,0,0,0,0,0,0,0,1,3,2,6,3,6,7,4,3,1,5,0,0,0,0,0,0,0,0,0,0,0,0,2,0,2,0,2,0,2,0,0,0,49
1996,Answering queries using limited external query processors,"Levy Alon Y., Rajaraman Anand, Ullman Jeffrey D.",,Proceedings of the ACM SIGACT-SIGMOD-SIGART Symposium on Principles of Database Systems - PODS,, ,0,0,0,0,0,0,0,0,0,0,0,0,0,0,0,0,0,0,0,0,0,0,0,0,0,0,0,0,4,4,3,6,3,2,4,0,6,4,1,0,2,3,3,0,0,0,1,1,0,0,0,0,0,47
1969,Properties of syntax directed translations,"Aho A.V., Ullman J.D.",220000,Journal of Computer and System Sciences,3,3,0,0,4,1,0,4,1,2,2,4,2,2,2,1,0,0,1,1,0,0,0,0,0,0,0,1,0,1,1,1,1,0,0,0,0,0,1,0,0,0,1,1,1,0,0,3,3,2,2,1,0,0,0,47
1999,Computing Capabilities of Mediators,"Yerneni R., Li C., Garcia-Molina H., Ullman J.",1635808,SIGMOD Record (ACM Special Interest Group on Management of Data),28,2,0,0,0,0,0,0,0,0,0,0,0,0,0,0,0,0,0,0,0,0,0,0,0,0,0,0,0,0,0,0,2,3,7,5,5,5,3,3,3,3,2,3,0,1,0,0,0,1,0,0,0,0,0,46
2011,Map-reduce extensions and recursive queries,"Afrati F.N., Borkar V., Carey M., Polyzotis N., Ullman J.D.",,ACM International Conference Proceeding Series,, ,0,0,0,0,0,0,0,0,0,0,0,0,0,0,0,0,0,0,0,0,0,0,0,0,0,0,0,0,0,0,0,0,0,0,0,0,0,0,0,0,0,0,0,4,8,9,4,5,2,6,5,1,0,44
2012,Parallel skyline queries,"Afrati F.N., Koutris P., Suciu D., Ullman J.D.",,ACM International Conference Proceeding Series,, ,0,0,0,0,0,0,0,0,0,0,0,0,0,0,0,0,0,0,0,0,0,0,0,0,0,0,0,0,0,0,0,0,0,0,0,0,0,0,0,0,0,0,0,0,5,8,10,7,6,1,3,1,0,41
1986,Design overview of the NAIL! System,"Morris K., Ullman J.D., Van Gelder A.",3029743,Lecture Notes in Computer Science (including subseries Lecture Notes in Artificial Intelligence and Lecture Notes in Bioinformatics),225, ,0,0,0,0,0,0,0,0,0,0,0,0,0,0,0,0,0,0,1,3,2,2,9,2,5,2,3,2,1,0,1,0,1,1,0,0,1,0,0,0,0,0,0,0,0,1,0,1,2,1,0,0,0,41
1967,An Approach to a Unified Theory of Automata,"Ullman J.D., Hopcroft J.E.",58580,Bell System Technical Journal,46,8,0,9,3,2,1,3,3,0,1,1,3,0,0,0,0,2,1,0,1,0,1,0,1,0,1,0,0,0,0,0,1,0,1,2,0,0,2,0,0,0,0,0,0,0,0,0,1,1,0,0,0,0,0,41
1996,Database Research: Achievements and Opportunities into the 21st Century,"Silberschatz A., Stonebraker M., Ullman J.",1635808,SIGMOD Record (ACM Special Interest Group on Management of Data),25,1,0,0,0,0,0,0,0,0,0,0,0,0,0,0,0,0,0,0,0,0,0,0,0,0,0,0,0,2,1,2,2,4,1,5,2,3,4,2,2,3,1,2,1,1,0,1,0,1,0,0,0,0,0,40
1977,A Model of Statistical Database and Their Security,"Kam J.B., Ullman J.D.",3625915,ACM Transactions on Database Systems (TODS),2,1,0,0,0,0,0,0,0,0,0,2,6,4,4,1,2,1,0,2,2,1,2,0,0,0,0,0,0,1,0,0,0,0,0,0,0,0,1,2,1,3,0,0,2,0,1,1,0,0,0,1,0,0,0,40
1973,Analysis of a simple algorithm for global data flow problems,"Hecht M.S., Ullman J.D.",7308566,Conference Record of the Annual ACM Symposium on Principles of Programming Languages,, ,0,0,0,0,0,1,6,9,4,1,0,1,0,0,0,0,0,0,0,0,0,0,0,1,0,2,0,0,1,0,0,0,0,0,0,2,1,1,0,0,1,0,3,1,0,1,1,0,2,1,0,0,0,40
1981,Optimal wiring between rectangles,"Dolev D., Karplus K., Siegel A., Strong A., Ullman J.D.",7378017,Proceedings of the Annual ACM Symposium on Theory of Computing,, ,0,0,0,0,0,0,0,0,0,0,0,0,0,4,1,3,2,3,5,1,2,1,4,4,1,0,2,1,0,1,0,0,0,1,0,0,0,1,1,0,0,0,0,0,0,0,0,1,0,0,0,0,0,39
1973,ON FINDING LOWEST COMMON ANCESTORS IN TREES.,"Aho A.V., Hopcroft J.E., Ullman J.D.",,,, ,0,0,0,0,0,1,1,0,0,0,1,0,0,0,0,0,0,0,0,0,0,0,1,0,0,0,0,0,0,0,1,0,0,1,2,0,1,0,0,1,0,2,7,6,3,3,4,2,1,0,0,1,0,39
1973,POLYNOMIAL COMPLETE SCHEDULING PROBLEMS.,Ullman J.D.,,,, ,0,0,0,0,0,2,8,4,1,0,0,1,0,0,2,0,0,1,0,0,0,1,3,0,0,0,2,0,0,0,0,1,2,0,0,1,0,0,1,1,0,0,1,0,2,2,1,0,2,0,0,0,0,39
1996,Integrating information by outerjoins and full disjunctions,"Rajaraman Anand, Ullman Jeffrey D.",,Proceedings of the ACM SIGACT-SIGMOD-SIGART Symposium on Principles of Database Systems - PODS,, ,0,0,0,0,0,0,0,0,0,0,0,0,0,0,0,0,0,0,0,0,0,0,0,0,0,0,0,0,2,0,3,1,2,3,2,0,4,2,5,1,2,2,0,2,2,1,0,1,0,1,1,0,0,37
1982,Template Dependencies: A Large Class of Dependencies in Relational Databases and Its Complete Axiomatization,"Sadri F., Ullman J.D.",45411,Journal of the ACM (JACM),29,2,0,0,0,0,0,0,0,0,0,0,0,0,0,1,2,6,1,2,3,1,0,1,1,0,2,0,0,2,0,0,0,1,0,1,1,0,1,0,1,4,0,2,0,1,0,1,0,1,0,0,1,0,0,37
1995,"Information Translation, Mediation, and Mosaic-Based Browsing in the TSIMMIS System","Hammer J., Garcia-Molina H., Ireland K., Papakonstantinou Y., Ullman J., Widom J.",1635808,ACM SIGMOD Record,24,2,0,0,0,0,0,0,0,0,0,0,0,0,0,0,0,0,0,0,0,0,0,0,0,0,0,0,0,0,1,3,2,3,3,4,3,7,4,2,1,0,0,0,1,0,1,0,0,0,0,0,1,0,0,36
1987,DATABASE THEORY: PAST AND FUTURE.,Ullman Jeffrey D.,,,, ,0,0,0,0,0,0,0,0,0,0,0,0,0,0,0,0,0,0,1,3,2,3,6,4,3,1,0,1,2,1,1,2,1,0,0,0,0,1,1,0,1,0,0,0,1,0,0,1,0,0,0,0,0,36
1989,Proof-tree transformation theorems and their applications,"Ramakrishnan Raghu, Sagiv Yehoshua, Ullman Jeffrey D., Vardi Moshe Y.",,,, ,0,0,0,0,0,0,0,0,0,0,0,0,0,0,0,0,0,0,0,0,0,0,4,2,0,0,6,1,3,0,1,5,1,1,1,0,2,1,0,2,0,1,1,0,0,1,0,0,0,1,1,0,0,35
1975,On protection in operating systems,"Harrison M.A., Ruzzo W.L., Ullman J.D.",,"Proceedings of the 5th ACM Symposium on Operating Systems Principles, SOSP 1975",, ,0,0,0,0,0,0,0,2,2,0,0,0,0,0,0,0,0,0,0,0,0,0,0,0,1,0,0,0,1,0,1,0,0,0,0,2,0,1,0,2,1,1,6,2,4,3,0,1,1,1,0,0,0,32
1972,A Note on the Efficiency of Hashing Functions,Ullman J.D.,45411,Journal of the ACM (JACM),19,3,0,0,0,0,0,0,1,3,0,2,1,0,0,1,0,0,1,0,0,1,0,2,0,0,2,0,0,0,0,1,0,0,0,0,2,1,3,1,1,3,1,2,0,0,1,1,0,0,0,0,0,1,0,32
1996,Strategic directions in database systems - Breaking out of the box,"Silberschatz A., Zdonik S., Blakeley J., Buneman P., Dayal U., Imielinski T., Jajodia S., Korth H., Lohman G., Lomet D., Maier D., Manola F., Ozsu T., Ramakrishnan R., Ramamritham K., Schek H., Silberschatz A., Snodgrass R., Ullman J., Widom J., Zdonik S.",3600300,ACM Computing Surveys,28,4,0,0,0,0,0,0,0,0,0,0,0,0,0,0,0,0,0,0,0,0,0,0,0,0,0,0,0,0,0,2,2,4,2,2,1,0,1,1,2,2,1,2,1,0,3,3,0,1,0,0,0,0,0,30
1991,The input/output complexity of transitive closure,"Ullman J.D., Yannakakis M.",10122443,Annals of Mathematics and Artificial Intelligence,3, 2-4,0,0,0,0,0,0,0,0,0,0,0,0,0,0,0,0,0,0,0,0,0,0,0,0,0,0,2,1,0,4,1,1,5,2,2,3,0,3,1,0,0,1,1,0,0,0,0,0,1,0,2,0,0,30
1969,A general theory of translation,"Aho A.V., Hopcroft J.E., Ullman J.D.",255661,Mathematical Systems Theory,3,3,0,0,3,0,0,1,0,0,1,0,0,0,1,0,0,0,0,0,0,0,1,0,0,0,0,0,0,0,0,0,0,0,1,1,0,0,2,2,0,1,0,0,1,0,0,2,3,0,4,2,4,0,0,30
1967,Nonerasing stack automata,"Hopcroft J.E., Ullman J.D.",220000,Journal of Computer and System Sciences,1,2,0,2,3,2,0,0,1,3,2,1,3,0,4,0,0,0,1,0,0,0,0,0,1,0,0,0,0,0,0,0,0,0,0,0,1,0,0,0,0,0,0,0,0,0,0,0,0,0,1,0,1,3,0,29
2010,Foundations of uncertain-data integration,"Agrawal P., Sarma A.D., Ullman J., Widom J.",21508097,Proceedings of the VLDB Endowment,3,1,0,0,0,0,0,0,0,0,0,0,0,0,0,0,0,0,0,0,0,0,0,0,0,0,0,0,0,0,0,0,0,0,0,0,0,0,0,0,0,0,0,1,3,4,5,4,2,5,2,0,1,1,0,28
1983,UNIVERSAL RELATION INTERFACES FOR DATABASE SYSTEMS.,Ullman Jeffrey D.,,IFIP Congress Series,9, ,0,0,0,0,0,0,0,0,0,0,0,0,0,0,0,1,2,2,0,5,5,2,1,2,1,1,1,2,1,0,0,0,0,0,0,0,0,1,0,0,0,0,0,0,0,0,0,0,0,0,0,0,0,27
1972,Flow graph reducibility,"Hecht M.S., Ullman J.D.",7378017,Proceedings of the Annual ACM Symposium on Theory of Computing,, ,0,0,0,1,1,1,0,0,0,0,0,0,0,0,0,0,0,0,0,0,0,0,0,0,0,0,0,0,0,0,0,0,1,0,0,1,0,0,0,0,0,3,4,1,1,1,2,1,2,2,4,1,0,27
2001,Generating efficient plans for queries using views,"Afrati F.N., Li C., Ullman J.D.",7308078,Proceedings of the ACM SIGMOD International Conference on Management of Data,, ,0,0,0,0,0,0,0,0,0,0,0,0,0,0,0,0,0,0,0,0,0,0,0,0,0,0,0,0,0,0,0,0,2,4,3,4,3,3,1,1,1,1,1,0,2,0,0,0,0,0,0,0,0,26
1991,A comparison between deductive and object-oriented database systems,Ullman J.D.,3029743,Lecture Notes in Computer Science (including subseries Lecture Notes in Artificial Intelligence and Lecture Notes in Bioinformatics),566, ,0,0,0,0,0,0,0,0,0,0,0,0,0,0,0,0,0,0,0,0,0,0,0,4,4,3,3,1,0,1,2,3,0,1,1,0,0,0,1,2,0,0,0,0,0,0,0,0,0,0,0,0,0,26
1988,Parallel complexity of logical query programs,"Ullman J.D., Van Gelder A.",1784617,Algorithmica,3, 1-4,0,0,0,0,0,0,0,0,0,0,0,0,0,0,0,0,0,0,0,0,0,1,4,1,4,0,4,0,1,0,1,0,0,0,0,0,0,0,1,0,0,0,3,0,0,2,0,1,1,1,1,0,0,26
2010,"Evaluating, combining and generalizing recommendations with prerequisites","Parameswaran A.G., Garcia-Molina H., Ullman J.D.",,"International Conference on Information and Knowledge Management, Proceedings",, ,0,0,0,0,0,0,0,0,0,0,0,0,0,0,0,0,0,0,0,0,0,0,0,0,0,0,0,0,0,0,0,0,0,0,0,0,0,0,0,0,0,0,2,2,2,4,2,2,3,2,5,1,0,25
1973,Parsing algorithms with backtrack,"Birman A., Ullman J.D.",199958,Information and Control,23,1,0,0,0,0,0,0,0,0,0,0,0,0,0,0,0,0,0,0,0,0,0,0,0,0,0,0,0,0,0,0,0,0,0,1,0,2,0,4,2,3,0,1,0,2,0,2,2,0,3,2,1,0,0,25
1968,The theory of languages,"Aho A.V., Ullman J.D.",255661,Mathematical Systems Theory,2,2,0,3,3,3,2,3,0,1,0,1,0,0,1,0,0,0,0,0,0,0,0,0,0,0,0,0,0,1,0,0,0,0,2,0,0,1,1,1,0,0,1,0,0,0,0,0,0,0,0,1,0,0,0,25
1989,Argument reduction by factoring,"Naughton J.F., Ramakrishnan R., Sagiv Y., Ullman J.D.",,"Very Large Data Bases, International Conference on Very Large Data Bases",, ,0,0,0,0,0,0,0,0,0,0,0,0,0,0,0,0,0,0,0,0,0,0,4,2,1,2,8,3,3,0,0,0,0,0,0,0,0,1,0,0,0,0,0,0,0,0,0,0,0,0,0,0,0,24
1977,The theory of joins in relational data bases,"Aho A.V., Beeri C., Ullman J.D.",2725428,"Proceedings - Annual IEEE Symposium on Foundations of Computer Science, FOCS",1977-, ,0,0,0,0,0,0,0,0,0,1,9,5,3,4,0,1,0,0,0,0,0,0,0,0,0,0,0,0,0,1,0,0,0,0,0,0,0,0,0,0,0,0,0,0,0,0,0,0,0,0,0,0,0,24
2012,Transitive closure and recursive Datalog implemented on clusters,"Afrati F.N., Ullman J.D.",,ACM International Conference Proceeding Series,, ,0,0,0,0,0,0,0,0,0,0,0,0,0,0,0,0,0,0,0,0,0,0,0,0,0,0,0,0,0,0,0,0,0,0,0,0,0,0,0,0,0,0,0,1,1,4,5,5,2,3,2,0,0,23
1996,LORE: A Lightweight Object REpository for semistructured data,"Quass Dallan, Widom Jennifer, Goldman Roy, Haas Kevin, Luo Qingshan, McHugh Jason, Nestorov Svetlozar, Rajaraman Anand, Rivero Hugo, Abiteboul Serge, Ullman Jeff, Wiener Janet",1635808,SIGMOD Record (ACM Special Interest Group on Management of Data),25,2,0,0,0,0,0,0,0,0,0,0,0,0,0,0,0,0,0,0,0,0,0,0,0,0,0,0,0,0,4,0,1,1,0,3,5,2,0,1,1,1,0,1,1,0,1,1,0,0,0,0,0,0,0,23
1980,A complete axiomatization for a large class of dependencies in Relational datatbases,"Sadri F., Ullman J.D.",7378017,Proceedings of the Annual ACM Symposium on Theory of Computing,1980-, ,0,0,0,0,0,0,0,0,0,0,0,2,2,12,1,2,0,0,0,1,0,0,0,0,0,0,0,0,0,0,0,0,0,0,0,0,0,0,1,0,1,1,0,0,0,0,0,0,0,0,0,0,0,23
1968,Relations Between Time and Tape Complexities,"Hopcroft J.E., Ullman J.D.",45411,Journal of the ACM (JACM),15,3,0,1,3,2,1,0,0,0,0,1,1,0,5,0,0,0,2,2,1,2,0,0,0,0,0,0,0,0,0,0,0,0,0,0,0,0,2,0,0,0,0,0,0,0,0,0,0,0,0,0,0,0,0,23
1990,Database systems: Achievements and opportunities,"Silberschatz A., Stonebraker M., Ullman J.D.",1635808,ACM SIGMOD Record,19,4,0,0,0,0,0,0,0,0,0,0,0,0,0,0,0,0,0,0,0,0,0,0,1,3,2,3,0,4,1,2,1,0,0,0,1,0,1,1,0,0,0,0,1,0,0,0,0,0,1,0,0,0,0,22
1980,A Scheme for the Automatic Inference of Variable Types,"Kaplan M.A., Ullman J.D.",45411,Journal of the ACM (JACM),27,1,0,0,0,0,0,0,0,0,0,0,0,0,1,0,0,3,0,0,0,1,2,1,0,2,1,0,0,0,1,2,2,0,0,1,1,0,0,0,0,0,1,0,0,0,0,1,0,0,2,0,0,0,0,22
1972,Optimization of LR(k) parsers,"Aho A.V., Ullman J.D.",220000,Journal of Computer and System Sciences,6,6,0,0,0,0,1,4,0,3,4,0,0,2,2,1,0,1,0,0,1,1,0,0,0,2,0,0,0,0,0,0,0,0,0,0,0,0,0,0,0,0,0,0,0,0,0,0,0,0,0,0,0,0,0,22
1988,Parallel complexity of logical query programs,"Ullman J.D., Van Gelder A.",1784617,Algorithmica,3,1,0,0,0,0,0,0,0,0,0,0,0,0,0,0,0,0,0,0,0,0,2,1,0,1,1,1,0,0,3,1,1,0,3,1,1,1,0,0,0,0,0,0,0,0,0,0,0,1,0,1,2,0,0,21
1979,Deadlock-free packet switching networks,"Toueg S., Ullman J.D.",7378017,Proceedings of the Annual ACM Symposium on Theory of Computing,, ,0,0,0,0,0,0,0,0,0,0,0,1,2,0,1,4,1,0,1,3,1,2,0,3,1,0,0,0,0,0,0,0,1,0,0,0,0,0,0,0,0,0,0,0,0,0,0,0,0,0,0,0,0,21
1975,On the Complexity of LR(k) Testing,"Hunt H.B., Szymanski T.G., Ullman J.D.",10782,Communications of the ACM,18,12,0,0,0,0,0,0,0,2,0,1,3,1,4,0,3,0,1,0,2,0,0,0,0,0,0,1,0,0,1,0,0,0,0,0,0,0,0,1,1,0,0,0,0,0,0,0,0,0,0,0,0,0,0,21
1982,Bounds on the size and transmission rate of communications protocols,"Aho A.V., Wyner A.D., Yannakakis M., Ullman J.D.",8981221,Computers and Mathematics with Applications,8,3,0,0,0,0,0,0,0,0,0,0,0,0,0,0,0,1,0,0,1,1,1,0,2,1,4,1,2,0,1,0,0,0,0,0,2,0,1,1,0,0,0,0,1,0,0,0,0,0,0,0,0,0,0,20
1972,Weak and Mixed Strategy Precedence Parsing,"Aho A.V., Denning P.J., Ullman J.D.",45411,Journal of the ACM (JACM),19,2,0,0,1,2,3,3,1,4,1,2,1,0,0,1,0,0,0,0,0,0,0,0,0,0,0,0,0,0,0,0,0,0,0,0,0,0,0,0,0,0,0,0,0,0,0,0,1,0,0,0,0,0,0,20
2007,Using views to generate efficient evaluation plans for queries,"Afrati F.N., Li C., Ullman J.D.",220000,Journal of Computer and System Sciences,73,5,0,0,0,0,0,0,0,0,0,0,0,0,0,0,0,0,0,0,0,0,0,0,0,0,0,0,0,0,0,0,0,0,0,0,0,0,0,0,0,0,2,3,3,0,1,2,1,1,4,2,0,0,0,19
1990,High-probability parallel transitive closure algorithms,"Ullman Jeffrey D., Yannakakis Mihalis",,Algorithms and Architectures,, ,0,0,0,0,0,0,0,0,0,0,0,0,0,0,0,0,0,0,0,0,0,0,3,0,0,0,1,0,1,1,1,0,0,0,0,0,1,1,2,0,0,0,1,3,0,0,2,0,1,0,1,0,0,19
1979,Equivalence of relational database schemes,"Beeri C., Mendelzon A.O., Sagiv Y., Ullman J.D.",7378017,Proceedings of the Annual ACM Symposium on Theory of Computing,, ,0,0,0,0,0,0,0,0,0,0,1,1,5,4,2,1,0,0,0,0,0,0,0,0,0,0,0,0,0,1,0,1,0,0,0,0,1,0,0,0,0,0,0,2,0,0,0,0,0,0,0,0,0,19
1975,Node listings for reducible flow graphs,"Aho A.V., Ullman J.D.",7378017,Proceedings of the Annual ACM Symposium on Theory of Computing,, ,0,0,0,0,0,0,0,6,2,1,1,1,0,0,0,0,0,1,0,0,0,0,0,1,0,1,0,0,0,0,0,0,0,0,0,1,0,1,0,1,0,0,0,1,1,0,0,0,0,0,0,0,0,19
1970,A characterization of two-way deterministic classes of languages,"Aho A.V., Ullman J.D.",220000,Journal of Computer and System Sciences,4,6,0,0,0,1,0,0,1,1,1,3,0,2,1,0,0,0,1,0,1,0,1,0,0,0,0,0,0,0,0,0,0,0,1,0,0,0,0,0,0,0,0,0,0,0,0,1,0,1,1,1,1,0,0,19
1986,PARALLEL COMPLEXITY OF LOGICAL QUERY PROGRAMS.,"Ullman Jeffrey D., Van Gelder Allen",2725428,Annual Symposium on Foundations of Computer Science (Proceedings),, ,0,0,0,0,0,0,0,0,0,0,0,0,0,0,0,0,0,2,0,0,0,0,2,1,0,1,1,1,0,2,0,1,0,0,2,0,0,0,0,0,0,0,1,1,1,0,0,0,2,0,0,0,0,18
1985,IMPLEMENTATION OF LOGICAL QUERY LANGUAGES FOR DATABASES.,Ullman Jeffrey D.,,,, ,0,0,0,0,0,0,0,0,0,0,0,0,0,0,0,0,0,8,1,2,2,1,0,2,1,0,1,0,0,0,0,0,0,0,0,0,0,0,0,0,0,0,0,0,0,0,0,0,0,0,0,0,0,18
1983,Fragments of relations,"Maier D., Ullman J.D.",1635808,ACM SIGMOD Record,13,4,0,0,0,0,0,0,0,0,0,0,0,0,0,0,0,1,0,0,0,1,4,0,1,1,2,1,0,1,0,0,0,0,0,0,0,0,0,2,0,0,1,0,0,0,1,1,1,0,0,0,0,0,0,18
2015,Parallel Skyline Queries,"Afrati F.N., Koutris P., Suciu D., Ullman J.D.",14324350,Theory of Computing Systems,57,4,0,0,0,0,0,0,0,0,0,0,0,0,0,0,0,0,0,0,0,0,0,0,0,0,0,0,0,0,0,0,0,0,0,0,0,0,0,0,0,0,0,0,0,0,0,0,0,1,7,3,6,0,0,17
2001,Generating efficient plans for queries using views,"Afrati F.N., Li C., Ullman J.D.",1635808,SIGMOD Record (ACM Special Interest Group on Management of Data),30,2,0,0,0,0,0,0,0,0,0,0,0,0,0,0,0,0,0,0,0,0,0,0,0,0,0,0,0,0,0,0,0,0,0,1,2,1,1,3,2,1,1,1,2,1,1,0,0,0,0,0,0,0,0,17
1990,Deductive Databases: Achievements and Future Directions,"Ullman J.D., Zaniolo C.",1635808,ACM SIGMOD Record,19,4,0,0,0,0,0,0,0,0,0,0,0,0,0,0,0,0,0,0,0,0,0,0,1,3,1,0,1,0,1,2,0,1,0,0,0,1,0,0,0,0,1,1,0,2,0,0,0,2,0,0,0,0,0,17
1984,Connections in acyclic hypergraphs,"Maier D., Ullman J.D.",3043975,Theoretical Computer Science,32, 1-2,0,0,0,0,0,0,0,0,0,0,0,0,0,0,0,0,0,1,0,2,2,1,0,0,1,0,0,0,0,1,0,0,1,0,0,0,1,0,0,0,1,2,0,0,1,1,0,0,0,0,0,1,0,16
1982,Connections in acyclic hypergraphs-extended abstract,"Maier D., Ullman J.D.",,Proceedings of the ACM SIGACT-SIGMOD-SIGART Symposium on Principles of Database Systems,, ,0,0,0,0,0,0,0,0,0,0,0,0,0,2,3,3,0,0,2,1,0,1,0,0,0,1,0,0,0,0,0,0,1,0,0,0,1,0,0,0,0,0,0,0,0,1,0,0,0,0,0,0,0,16
1990,The input/output complexity of transitive closure,"Ullman J.D., Yannakakis M.",1635808,ACM SIGMOD Record,19,2,0,0,0,0,0,0,0,0,0,0,0,0,0,0,0,0,0,0,0,0,0,0,2,2,1,2,0,2,1,0,0,0,0,0,0,1,1,0,1,2,0,0,0,0,0,0,0,0,0,0,0,0,0,15
1975,APPLICATION OF LATTICE ALGEBRA TO LOOP OPTIMIZATION.,"Fong Amelia, Kam John, Ullman Jeffrey",,,, ,0,0,0,0,0,0,0,2,2,1,2,0,1,0,0,1,0,1,1,0,0,0,1,0,0,0,0,0,0,2,1,0,0,0,0,0,0,0,0,0,0,0,0,0,0,0,0,0,0,0,0,0,0,15
1979,MODELING COMMUNICATIONS PROTOCOLS BY AUTOMATA.,"Aho A.V., Ullman J.D., Yannakakis M.",2725428,Annual Symposium on Foundations of Computer Science - Proceedings,, ,0,0,0,0,0,0,0,0,0,0,0,0,0,0,1,1,1,0,1,1,0,1,2,1,0,0,0,1,0,0,0,0,0,0,1,0,1,0,0,1,0,0,1,0,0,0,0,0,0,0,0,0,0,14
1977,Code generation for machines with multiregister operations,"Aho A.V., Johnson S.C., Ullman J.D.",7308566,Conference Record of the Annual ACM Symposium on Principles of Programming Languages,, ,0,0,0,0,0,0,0,0,1,2,0,2,1,2,1,0,0,0,2,0,1,0,0,0,0,0,0,0,1,0,0,0,0,1,0,0,0,0,0,0,0,0,0,0,0,0,0,0,0,0,0,0,0,14
2001,Minimizing view sets without losing query-answering power,"Li C., Bawa M., Ullman J.D.",3029743,Lecture Notes in Computer Science (including subseries Lecture Notes in Artificial Intelligence and Lecture Notes in Bioinformatics),1973, ,0,0,0,0,0,0,0,0,0,0,0,0,0,0,0,0,0,0,0,0,0,0,0,0,0,0,0,0,0,0,0,0,1,3,1,1,2,1,1,1,1,0,1,0,0,0,0,0,0,0,0,0,0,13
1993,Logical query optimization by proof-tree transformation,"Ramakrishnan R., Sagiv Y., Ullman J.D., Vardi M.Y.",220000,Journal of Computer and System Sciences,47,1,0,0,0,0,0,0,0,0,0,0,0,0,0,0,0,0,0,0,0,0,0,0,0,0,0,2,1,0,1,0,0,0,0,1,2,2,2,0,0,0,0,1,0,1,0,0,0,0,0,0,0,0,0,13
1984,On complementary and independent mappings on databases,"Keller A.M., Ullman J.D.",1635808,ACM SIGMOD Record,14,2,0,0,0,0,0,0,0,0,0,0,0,0,0,0,0,0,0,1,1,2,0,0,1,1,0,1,0,1,1,1,0,0,0,1,1,0,0,0,0,0,0,0,0,0,1,0,0,0,0,0,0,0,0,13
1998,Optimizing large join queries in mediation systems,"Yerneni R., Li C., Ullman J., Garcia-Molina H.",3029743,Lecture Notes in Computer Science (including subseries Lecture Notes in Artificial Intelligence and Lecture Notes in Bioinformatics),1540, ,0,0,0,0,0,0,0,0,0,0,0,0,0,0,0,0,0,0,0,0,0,0,0,0,0,0,0,0,0,0,0,1,2,1,0,1,0,0,0,0,0,0,0,0,1,0,0,0,3,0,3,0,0,12
1983,On Kent's “Consequences of Assuming a Universal Relation”,Ullman J.D.,3625915,ACM Transactions on Database Systems (TODS),8,4,0,0,0,0,0,0,0,0,0,0,0,0,0,0,0,0,0,0,1,1,0,0,1,1,1,0,0,0,1,0,1,0,1,0,0,0,0,0,0,0,0,0,0,0,0,2,0,0,0,0,0,0,0,10
1977,"Economy of description by parsers, DPDA's, and PDA's","Geller M.M., Hunt III H.B., Szymanski T.G., Ullman J.D.",3043975,Theoretical Computer Science,4,2,0,0,0,0,0,0,0,0,0,0,0,0,2,2,2,0,0,0,0,0,0,0,0,0,0,0,0,0,0,0,0,1,0,0,0,0,0,0,0,0,0,0,0,0,0,1,1,0,0,1,0,0,0,10
1975,SURVEY OF DATA FLOW ANALYSIS TECHNIQUES.,Ullman J.D.,,,, ,0,0,0,0,0,0,0,0,1,1,5,2,0,0,0,0,1,0,0,0,0,0,0,0,0,0,0,0,0,0,0,0,0,0,0,0,0,0,0,0,0,0,0,0,0,0,0,0,0,0,0,0,0,10
1968,Sets accepted by one-way stack automata are context sensitive,"Hopcroft J.E., Ullman J.D.",199958,Information and Control,13,2,0,0,1,0,0,1,0,2,0,1,0,0,0,0,0,0,0,0,0,0,0,0,0,0,0,0,0,0,0,0,1,0,0,0,1,0,0,0,0,0,0,0,0,0,0,0,0,1,2,0,0,0,0,10
1980,COMPILATION OF REGULAR EXPRESSIONS INTO INTEGRATED CIRCUITS.,"Floyd Robert W., Ullman Jeffrey D.",2725428,Annual Symposium on Foundations of Computer Science - Proceedings,, ,0,0,0,0,0,0,0,0,0,0,0,0,0,2,1,0,0,0,0,0,0,0,0,0,1,0,0,0,0,0,0,0,0,0,0,0,0,0,0,0,0,0,0,0,1,1,1,0,1,0,1,0,0,9
1973,DETERMINISTIC PARSING OF AMBIGUOUS GRAMMARS.,"Aho Alfred V., Johnson Steven C., Ullman Jeffrey D.",,,, ,0,0,0,0,0,1,0,0,2,0,0,0,0,0,0,0,0,0,0,0,0,0,0,0,0,0,0,0,0,0,0,0,0,0,0,0,0,0,0,0,0,0,0,0,1,0,2,1,1,1,0,0,0,9
1970,A formal approach to code optimization,"Aho A.V., Sethi R., Ullman J.D.",3621340,ACM SIGPLAN Notices,5,7,0,0,0,1,0,1,0,2,0,0,0,0,2,0,1,0,0,0,0,0,0,0,1,0,0,0,0,0,0,0,0,0,0,0,0,0,0,0,1,0,0,0,0,0,0,0,0,0,0,0,0,0,0,9
2014,Storing and querying tree-structured records in dremel,"Afrati F.N., Delorey D., Pasumansky M., Ullman J.D.",21508097,Proceedings of the VLDB Endowment,7,12,0,0,0,0,0,0,0,0,0,0,0,0,0,0,0,0,0,0,0,0,0,0,0,0,0,0,0,0,0,0,0,0,0,0,0,0,0,0,0,0,0,0,0,0,0,0,1,0,3,2,2,0,0,8
2013,Matching bounds for the all-pairs MapReduce problem,"Afrati F., Ullman J.",,ACM International Conference Proceeding Series,, ,0,0,0,0,0,0,0,0,0,0,0,0,0,0,0,0,0,0,0,0,0,0,0,0,0,0,0,0,0,0,0,0,0,0,0,0,0,0,0,0,0,0,0,0,0,1,1,4,0,2,0,0,0,8
2001,Querying websites using compact skeletons,"Rajaraman A., Ullman J.D.",,Proceedings of the ACM SIGACT-SIGMOD-SIGART Symposium on Principles of Database Systems,, ,0,0,0,0,0,0,0,0,0,0,0,0,0,0,0,0,0,0,0,0,0,0,0,0,0,0,0,0,0,0,0,0,0,1,2,2,2,1,0,0,0,0,0,0,0,0,0,0,0,0,0,0,0,8
2000,Dynamic Miss-Counting algorithms: Finding implication and similarity rules with confidence pruning,"Fujiwara Shinji, Ullman Jeffrey D., Motwani Rajeev",,Proceedings - International Conference on Data Engineering,, ,0,0,0,0,0,0,0,0,0,0,0,0,0,0,0,0,0,0,0,0,0,0,0,0,0,0,0,0,0,0,0,1,1,0,1,2,0,1,1,0,0,0,0,0,0,0,0,1,0,0,0,0,0,8
1983,REVENGE OF THE JD.,"Maier David, Ullman Jeffrey D., Vardi Moshe Y.",,,, ,0,0,0,0,0,0,0,0,0,0,0,0,0,0,1,6,1,0,0,0,0,0,0,0,0,0,0,0,0,0,0,0,0,0,0,0,0,0,0,0,0,0,0,0,0,0,0,0,0,0,0,0,0,8
1980,The interaction between functional dependencies and template dependencies,"Sadri F., Ullman J.D.",7308078,Proceedings of the ACM SIGMOD International Conference on Management of Data,, ,0,0,0,0,0,0,0,0,0,0,0,0,1,1,0,1,0,0,0,0,0,0,0,0,0,0,0,0,0,0,0,0,0,0,1,0,0,0,0,0,0,0,1,0,0,0,0,0,1,1,1,0,0,8
1977,Operations on sparse relations,"Hunt H.B., Ullman J.D., Szymanski T.G.",10782,Communications of the ACM,20,3,0,0,0,0,0,0,0,0,0,1,1,0,0,1,1,0,2,0,0,0,0,0,1,0,0,0,0,0,0,0,0,0,0,0,1,0,0,0,0,0,0,0,0,0,0,0,0,0,0,0,0,0,0,8
1976,CODE GENERATION FOR EXPRESSIONS WITH COMMON SUBEXPRESSIONS.,"Aho A.V., Johnson S.C., Ullman J.D.",,,, ,0,0,0,0,0,0,0,0,0,0,2,0,0,0,0,0,0,0,0,0,0,0,0,0,0,0,0,0,0,0,0,0,0,0,0,1,0,0,0,1,0,0,1,0,0,1,0,2,0,0,0,0,0,8
2015,Bounds for overlapping interval join on MapReduce,"Afrati F., Dolev S., Sharma S., Ullman J.D.",16130073,CEUR Workshop Proceedings,1330, ,0,0,0,0,0,0,0,0,0,0,0,0,0,0,0,0,0,0,0,0,0,0,0,0,0,0,0,0,0,0,0,0,0,0,0,0,0,0,0,0,0,0,0,0,0,0,0,2,3,1,1,0,0,7
2003,Improving the Efficiency of Database-System Teaching,Ullman J.D.,7308078,Proceedings of the ACM SIGMOD International Conference on Management of Data,, ,0,0,0,0,0,0,0,0,0,0,0,0,0,0,0,0,0,0,0,0,0,0,0,0,0,0,0,0,0,0,0,0,0,0,0,0,1,0,1,1,0,1,2,0,0,0,0,0,0,1,0,0,0,7
1984,On the equivalence of logical databases,"Kuper G.M., Ullman J.D., Vardi M.Y.",,Proceedings of the ACM SIGACT-SIGMOD-SIGART Symposium on Principles of Database Systems,, ,0,0,0,0,0,0,0,0,0,0,0,0,0,0,0,0,1,1,0,0,1,1,2,0,0,0,0,0,0,0,0,0,0,0,0,0,0,0,0,0,0,0,0,0,0,0,1,0,0,0,0,0,0,7
1976,Node listings for reducible flow graphs,"Aho A.V., Ullman J.D.",220000,Journal of Computer and System Sciences,13,3,0,0,0,0,0,0,0,0,1,0,1,0,0,0,0,1,0,0,1,1,0,0,0,0,0,0,0,0,1,0,0,0,0,0,0,0,0,0,0,0,0,0,0,0,0,0,0,0,0,0,1,0,0,7
1974,Dynamic Memories with Rapid Random and Sequential Access,"Aho A.V., Ullman J.D.",189340,IEEE Transactions on Computers,C-23,3,0,0,0,0,0,0,0,1,3,0,1,1,0,0,0,1,0,0,0,0,0,0,0,0,0,0,0,0,0,0,0,0,0,0,0,0,0,0,0,0,0,0,0,0,0,0,0,0,0,0,0,0,0,7
1970,Transformations on straight line programs preliminary version,"Aho A.V., Ullman J.D.",7378017,Proceedings of the Annual ACM Symposium on Theory of Computing,, ,0,2,0,2,0,1,0,0,0,0,0,0,1,0,0,0,0,0,0,0,0,0,0,0,0,0,0,0,0,0,0,0,0,0,0,0,0,0,0,0,0,0,0,1,0,0,0,0,0,0,0,0,0,7
1968,Deterministic stack automata and the quotient operator,"Hopcroft J.E., Ullman J.D.",220000,Journal of Computer and System Sciences,2,1,0,0,0,0,1,1,0,0,0,1,0,0,0,0,0,0,0,0,0,0,0,0,0,0,0,0,0,0,0,0,0,0,0,0,0,0,0,0,0,0,0,0,0,0,0,0,0,0,0,1,1,2,0,7
1967,A approach to a unified theory of automta,"Hopcroft J.E., Ullman J.D.",,"1967 8th Annual Symposium on Switching and Automata Theory, SWAT 1967",, ,0,0,0,0,0,0,0,0,0,0,0,0,1,0,0,0,0,0,0,0,0,0,0,0,0,0,0,0,0,0,0,1,0,0,0,0,0,1,0,0,0,0,0,0,1,1,1,0,1,0,0,0,0,7
2018,SharesSkew: An algorithm to handle skew for joins in MapReduce,"Afrati F.N., Stasinopoulos N., Ullman J.D., Vassilakopoulos A.",3064379,Information Systems,77, ,0,0,0,0,0,0,0,0,0,0,0,0,0,0,0,0,0,0,0,0,0,0,0,0,0,0,0,0,0,0,0,0,0,0,0,0,0,0,0,0,0,0,0,0,0,0,0,0,0,0,4,2,0,6
2011,"Cluster computing, recursion and datalog","Afrati F.N., Borkar V., Carey M., Polyzotis N., Ullman J.D.",3029743,Lecture Notes in Computer Science (including subseries Lecture Notes in Artificial Intelligence and Lecture Notes in Bioinformatics),6702, ,0,0,0,0,0,0,0,0,0,0,0,0,0,0,0,0,0,0,0,0,0,0,0,0,0,0,0,0,0,0,0,0,0,0,0,0,0,0,0,0,0,0,0,0,2,2,0,2,0,0,0,0,0,6
1989,On the convergence of query evaluation,"Afrati F., Papadimitriou C.H., Papageorgiou G., Roussou A., Sagiv Y., Ullman J.D.",220000,Journal of Computer and System Sciences,38,2,0,0,0,0,0,0,0,0,0,0,0,0,0,0,0,0,0,0,0,0,0,0,4,0,0,1,0,0,0,0,1,0,0,0,0,0,0,0,0,0,0,0,0,0,0,0,0,0,0,0,0,0,0,6
1983,EXPERIENCE WITH A REGULAR EXPRESSION COMPILER.,"Karlin Anna R., Trickey Howard W., Ullman Jeffrey D.",,,, ,0,0,0,0,0,0,0,0,0,0,0,0,0,0,0,0,0,2,1,0,0,0,0,0,0,1,0,0,0,0,0,0,0,0,0,0,0,0,1,1,0,0,0,0,0,0,0,0,0,0,0,0,0,6
1978,GENERAL SCHEME FOR THE AUTOMATIC INFERENCE OF VARIABLE TYPES EXTENDED ABSTRACT.,"Kaplan Marc A., Ullman Jeffrey D.",,,, ,0,0,0,0,0,0,0,0,0,0,2,0,0,0,2,0,0,0,0,0,0,0,0,0,0,0,0,0,0,0,0,0,0,0,0,0,0,1,0,0,0,0,0,0,0,0,0,0,0,0,1,0,0,6
1973,On finding lowest common ancestors in trees,"Aho A.V., Hopcroft J.E., Ullman J.D.",7378017,Proceedings of the Annual ACM Symposium on Theory of Computing,, ,0,0,0,0,1,0,1,0,0,0,0,0,0,0,0,0,0,0,0,0,0,0,0,0,0,0,0,0,0,0,0,0,0,0,0,0,0,0,0,0,0,0,0,0,0,0,0,2,0,0,1,1,0,6
1969,Uniform Synthesis of Sequential Circuits,"Ullman J.D., Weiner P.",58580,Bell System Technical Journal,48,5,0,0,0,3,0,1,0,0,0,2,0,0,0,0,0,0,0,0,0,0,0,0,0,0,0,0,0,0,0,0,0,0,0,0,0,0,0,0,0,0,0,0,0,0,0,0,0,0,0,0,0,0,0,6
1968,Universal two state machines: Characterization theorems and decomposition schemes,"Ullman J.D., Weiner P.",,"IEEE Conference Record of 1968 9th Annual Symposium on Switching and Automata Theory, SWAT 1968",, ,0,0,1,3,1,0,1,0,0,0,0,0,0,0,0,0,0,0,0,0,0,0,0,0,0,0,0,0,0,0,0,0,0,0,0,0,0,0,0,0,0,0,0,0,0,0,0,0,0,0,0,0,0,6
2017,GYM: A multiround distributed join algorithm,"Afrati F.N., Joglekar M.R., Re C.M., Salihoglu S., Ullman J.D.",18688969,"Leibniz International Proceedings in Informatics, LIPIcs",68, ,0,0,0,0,0,0,0,0,0,0,0,0,0,0,0,0,0,0,0,0,0,0,0,0,0,0,0,0,0,0,0,0,0,0,0,0,0,0,0,0,0,0,0,0,0,0,0,0,1,2,2,0,0,5
2012,Designing good algorithms for MapReduce and beyond,"Afrati F.N., Balazinska M., Sarma A.D., Howe B., Salihoglu S., Ullman J.D.",,"Proceedings of the 3rd ACM Symposium on Cloud Computing, SoCC 2012",, ,0,0,0,0,0,0,0,0,0,0,0,0,0,0,0,0,0,0,0,0,0,0,0,0,0,0,0,0,0,0,0,0,0,0,0,0,0,0,0,0,0,0,0,0,0,2,2,0,1,0,0,0,0,5
2005,Gradiance on-line accelerated learning,Ullman J.D.,14451336,Conferences in Research and Practice in Information Technology Series,38, ,0,0,0,0,0,0,0,0,0,0,0,0,0,0,0,0,0,0,0,0,0,0,0,0,0,0,0,0,0,0,0,0,0,0,0,0,0,0,0,0,0,0,1,0,0,2,0,0,0,1,1,0,0,5
1997,Querying semistructured heterogeneous information,"Quass D., Rajaraman A., Ullman J., Wedom J., Sagiv Y.",9254676,Journal of Systems Integration,7, 3-4,0,0,0,0,0,0,0,0,0,0,0,0,0,0,0,0,0,0,0,0,0,0,0,0,0,0,0,0,0,0,0,0,2,0,0,0,0,2,0,0,0,0,0,0,1,0,0,0,0,0,0,0,0,5
1995,Version numbering scheme with a useful lexicographical order,"Keller Arthur M., Ullman Jeffrey D.",,Proceedings - International Conference on Data Engineering,, ,0,0,0,0,0,0,0,0,0,0,0,0,0,0,0,0,0,0,0,0,0,0,0,0,0,0,0,0,1,0,0,2,0,1,0,0,0,0,0,0,1,0,0,0,0,0,0,0,0,0,0,0,0,5
1971,The care and feeding of LR(K) grammars,"Aho A.V., Ullman J.D.",7378017,Proceedings of the Annual ACM Symposium on Theory of Computing,, ,0,0,0,2,1,0,1,0,0,0,0,0,0,1,0,0,0,0,0,0,0,0,0,0,0,0,0,0,0,0,0,0,0,0,0,0,0,0,0,0,0,0,0,0,0,0,0,0,0,0,0,0,0,5
1969,Halting Stack Automata,Ullman J.D.,45411,Journal of the ACM (JACM),16,4,0,1,1,1,0,0,1,0,0,0,1,0,0,0,0,0,0,0,0,0,0,0,0,0,0,0,0,0,0,0,0,0,0,0,0,0,0,0,0,0,0,0,0,0,0,0,0,0,0,0,0,0,0,5
1968,Decidable and Undecidable Questions About Automata,"Hopcroft J.E., Ullman J.D.",45411,Journal of the ACM (JACM),15,2,0,1,0,0,0,1,0,0,0,0,1,0,1,0,0,0,0,0,0,0,0,0,0,0,0,0,0,0,0,0,0,0,0,0,0,0,0,0,0,0,0,0,1,0,0,0,0,0,0,0,0,0,0,5
2017,"Data science education: We're missing the boat, again","Howe B., Franklin M., Haas L., Kraska T., Ullman J.",10844627,Proceedings - International Conference on Data Engineering,, ,0,0,0,0,0,0,0,0,0,0,0,0,0,0,0,0,0,0,0,0,0,0,0,0,0,0,0,0,0,0,0,0,0,0,0,0,0,0,0,0,0,0,0,0,0,0,0,0,0,0,4,0,0,4
2009,Schema design for uncertain databases,"Sarma A.D., Ullman J., Widom J.",16130073,CEUR Workshop Proceedings,450, ,0,0,0,0,0,0,0,0,0,0,0,0,0,0,0,0,0,0,0,0,0,0,0,0,0,0,0,0,0,0,0,0,0,0,0,0,0,0,0,0,0,0,0,0,0,3,0,0,0,0,1,0,0,4
1997,Mediator Languages - A Proposal for a Standard,"Buneman P., Raschid L., Ullman J.",1635808,SIGMOD Record (ACM Special Interest Group on Management of Data),26,1,0,0,0,0,0,0,0,0,0,0,0,0,0,0,0,0,0,0,0,0,0,0,0,0,0,0,0,0,0,1,0,0,0,1,0,0,1,0,0,1,0,0,0,0,0,0,0,0,0,0,0,0,0,4
1995,Argument reduction by factoring,"Naughton J.F., Ramakrishnana R., Sagiv Y., Ullman J.D.",3043975,Theoretical Computer Science,146, 1-2,0,0,0,0,0,0,0,0,0,0,0,0,0,0,0,0,0,0,0,0,0,0,0,0,0,0,0,0,0,0,1,0,0,0,1,1,1,0,0,0,0,0,0,0,0,0,0,0,0,0,0,0,0,4
1973,Error detection in precedence parsers,"Aho A.V., Ullman J.D.",255661,Mathematical Systems Theory,7,2,0,0,0,0,0,0,1,0,1,0,0,0,0,0,1,0,0,0,0,0,0,0,0,0,0,0,0,0,0,0,0,0,0,0,0,0,0,0,1,0,0,0,0,0,0,0,0,0,0,0,0,0,0,4
1973,Polynomial complete scheduling problems,Ullman J.D.,,"Proceedings of the 4th ACM Symposium on Operating Systems Principles, SOSP 1973",, ,0,0,0,0,0,0,0,0,0,0,0,0,0,0,0,0,0,0,2,0,0,0,1,0,0,0,0,0,0,0,0,0,0,0,0,0,0,0,0,0,0,0,0,0,0,0,0,1,0,0,0,0,0,4
1972,A fast algorithm for the elimination of common subexpressions,Ullman J.D.,,"13th Annual Symposium on Switching and Automata Theory, SWAT 1972",, ,0,0,0,0,2,0,0,2,0,0,0,0,0,0,0,0,0,0,0,0,0,0,0,0,0,0,0,0,0,0,0,0,0,0,0,0,0,0,0,0,0,0,0,0,0,0,0,0,0,0,0,0,0,4
1972,Equivalence of programs with structured variables,"Aho A.V., Ullman J.D.",220000,Journal of Computer and System Sciences,6,2,0,0,0,0,0,0,0,2,0,2,0,0,0,0,0,0,0,0,0,0,0,0,0,0,0,0,0,0,0,0,0,0,0,0,0,0,0,0,0,0,0,0,0,0,0,0,0,0,0,0,0,0,0,4
1972,Modular Networks and Nondeterministic Sequential Machines,"Ullman J.D., Weiner P.",189340,IEEE Transactions on Computers,C-21,10,0,0,0,0,1,0,0,0,1,2,0,0,0,0,0,0,0,0,0,0,0,0,0,0,0,0,0,0,0,0,0,0,0,0,0,0,0,0,0,0,0,0,0,0,0,0,0,0,0,0,0,0,0,4
1970,On the computational power of pushdown automata,"Aho A.V., Ullman J.D., Hopcroft J.E.",220000,Journal of Computer and System Sciences,4,2,0,0,0,1,0,1,0,1,0,0,0,0,0,0,0,0,0,0,0,0,0,0,0,0,0,0,0,0,0,0,0,0,0,0,0,0,0,0,0,0,0,0,0,0,0,0,0,0,0,1,0,0,0,4
1967,Two results on one-way stack automata,"Hopcroft J.E., Ullman J.D.",,"1967 8th Annual Symposium on Switching and Automata Theory, SWAT 1967",, ,0,0,1,0,0,0,0,0,0,0,0,0,0,0,0,0,0,0,0,0,0,0,0,0,0,0,0,0,0,0,0,0,0,0,0,0,0,0,0,0,0,0,0,0,0,0,0,0,0,0,1,2,0,4
2015,Assignment of different-sized inputs in MapReduce,"Afrati F., Dolev S., Korach E., Sharma S., Ullman J.D.",16130073,CEUR Workshop Proceedings,1330, ,0,0,0,0,0,0,0,0,0,0,0,0,0,0,0,0,0,0,0,0,0,0,0,0,0,0,0,0,0,0,0,0,0,0,0,0,0,0,0,0,0,0,0,0,0,0,0,2,1,0,0,0,0,3
2009,Viewpoint: Advising students for success,Ullman J.D.,10782,Communications of the ACM,52,3,0,0,0,0,0,0,0,0,0,0,0,0,0,0,0,0,0,0,0,0,0,0,0,0,0,0,0,0,0,0,0,0,0,0,0,0,0,0,0,0,0,0,0,1,0,0,1,0,0,0,1,0,0,3
2003,The Lowell Report,"Gray J., Schek H., Stonebraker M., Ullman J.",7308078,Proceedings of the ACM SIGMOD International Conference on Management of Data,, ,0,0,0,0,0,0,0,0,0,0,0,0,0,0,0,0,0,0,0,0,0,0,0,0,0,0,0,0,0,0,0,0,0,0,0,0,1,0,1,1,0,0,0,0,0,0,0,0,0,0,0,0,0,3
2000,A survey of association-rule mining,Ullman J.D.,3029743,Lecture Notes in Computer Science (including subseries Lecture Notes in Artificial Intelligence and Lecture Notes in Bioinformatics),1967, ,0,0,0,0,0,0,0,0,0,0,0,0,0,0,0,0,0,0,0,0,0,0,0,0,0,0,0,0,0,0,0,0,1,0,0,0,0,0,0,0,0,0,0,0,0,0,1,0,1,0,0,0,0,3
1996,Database approach to knowledge representation,Ullman Jeffrey D.,,Proceedings of the National Conference on Artificial Intelligence,2, ,0,0,0,0,0,0,0,0,0,0,0,0,0,0,0,0,0,0,0,0,0,0,0,0,0,0,0,0,0,1,0,0,0,0,0,1,0,0,0,0,0,0,1,0,0,0,0,0,0,0,0,0,0,3
1989,"Efficient evaluation of right-, Left-, and Multi-Linear Rules","Naughton J.F., Ramakrishnan R., Sagiv Y., Ullman J.D.",7308078,Proceedings of the ACM SIGMOD International Conference on Management of Data,130127, ,0,0,0,0,0,0,0,0,0,0,0,0,0,0,0,0,0,0,0,0,0,0,1,0,0,0,1,0,0,1,0,0,0,0,0,0,0,0,0,0,0,0,0,0,0,0,0,0,0,0,0,0,0,3
1984,COMMUNICATION-TIME TRADEOFF.,"Papadimitriou Christos H., Ullman Jeffrey D.",2725428,Annual Symposium on Foundations of Computer Science (Proceedings),, ,0,0,0,0,0,0,0,0,0,0,0,0,0,0,0,0,0,1,1,0,0,0,0,0,0,0,0,0,0,0,0,0,0,0,0,0,0,0,0,0,0,0,0,0,0,0,0,0,0,1,0,0,0,3
1984,"Flux, sorting, and supercomputer organization for AI applications",Ullman J.D.,7437315,Journal of Parallel and Distributed Computing,1,2,0,0,0,0,0,0,0,0,0,0,0,0,0,0,0,0,0,0,0,1,0,1,0,0,0,0,1,0,0,0,0,0,0,0,0,0,0,0,0,0,0,0,0,0,0,0,0,0,0,0,0,0,0,3
1978,INFERRING A TREE FROM LOWEST COMMON ANCESTORS WITH AN APPLICATION TO THE OPTIMIZATION OF RELATIONAL EXPRESSIONS.,"Aho A.V., Sagiv Y., Szymanski T.G., Ullman J.D.",,"Proceedings - Annual Allerton Conference on Communication, Control, and Computing",, ,0,0,0,0,0,0,0,0,0,0,1,1,0,0,0,0,0,0,0,0,0,0,0,0,0,0,0,0,0,0,0,0,0,0,0,0,0,0,0,0,0,0,0,0,0,0,0,0,1,0,0,0,0,3
1977,Finding the depth of a flow graph,"Fong A.C., Ullman J.D.",220000,Journal of Computer and System Sciences,15,3,0,0,0,0,0,0,0,0,0,0,0,0,0,0,0,0,0,1,0,0,0,0,0,0,0,0,0,0,0,0,1,0,0,0,0,0,0,0,0,0,0,0,0,1,0,0,0,0,0,0,0,0,0,3
1971,Characterizations and extensions of pushdown translations,"Aho A.V., Ullman J.D.",255661,Mathematical Systems Theory,5,2,0,0,1,0,0,1,0,0,0,0,0,0,0,1,0,0,0,0,0,0,0,0,0,0,0,0,0,0,0,0,0,0,0,0,0,0,0,0,0,0,0,0,0,0,0,0,0,0,0,0,0,0,0,3
2019,Partitioned data security on outsourced sensitive and non-sensitive data,"Mehrotra S., Sharma S., Ullman J., Mishra A.",10844627,Proceedings - International Conference on Data Engineering,2019-, ,0,0,0,0,0,0,0,0,0,0,0,0,0,0,0,0,0,0,0,0,0,0,0,0,0,0,0,0,0,0,0,0,0,0,0,0,0,0,0,0,0,0,0,0,0,0,0,0,0,1,1,0,0,2
2017,Efficient and private approximations of distributed databases calculations,"Derbeko P., Dolev S., Gudes E., Ullman J.D.",,"Proceedings - 2017 IEEE International Conference on Big Data, Big Data 2017",2018-, ,0,0,0,0,0,0,0,0,0,0,0,0,0,0,0,0,0,0,0,0,0,0,0,0,0,0,0,0,0,0,0,0,0,0,0,0,0,0,0,0,0,0,0,0,0,0,0,0,0,0,2,0,0,2
2016,Concise essence-preserving big data representation,"Derbeko P., Dolev S., Gudes E., Ullman J.D.",,"Proceedings - 2016 IEEE International Conference on Big Data, Big Data 2016",, ,0,0,0,0,0,0,0,0,0,0,0,0,0,0,0,0,0,0,0,0,0,0,0,0,0,0,0,0,0,0,0,0,0,0,0,0,0,0,0,0,0,0,0,0,0,0,0,0,0,1,1,0,0,2
2015,Experiments as research validation: Have we gone too far?,Ullman J.D.,10782,Communications of the ACM,58,9,0,0,0,0,0,0,0,0,0,0,0,0,0,0,0,0,0,0,0,0,0,0,0,0,0,0,0,0,0,0,0,0,0,0,0,0,0,0,0,0,0,0,0,0,0,0,0,0,1,1,0,0,0,2
1979,Modeling communications protocols by automata,"Aho A.V., Ullman J.D., Yannakakis M.",2725428,"Proceedings - Annual IEEE Symposium on Foundations of Computer Science, FOCS",, ,0,0,0,0,0,0,0,0,0,0,0,0,0,0,0,0,0,0,0,0,0,0,0,0,1,0,0,0,0,0,0,0,0,0,0,0,1,0,0,0,0,0,0,0,0,0,0,0,0,0,0,0,0,2
1975,"Economy of description by parsers, DPDA's, and PDA's","Geller M.M., Hunt H.B., Szymanski T.G., Ullman J.D.",2725428,"Proceedings - Annual IEEE Symposium on Foundations of Computer Science, FOCS",1975-, ,0,0,0,0,0,0,0,1,0,1,0,0,0,0,0,0,0,0,0,0,0,0,0,0,0,0,0,0,0,0,0,0,0,0,0,0,0,0,0,0,0,0,0,0,0,0,0,0,0,0,0,0,0,2
1975,ON THE COMPLEXITY OF LR(k) TESTING.,"Hunt III Harry B., Szymanski Thomas G., Ullman Jeffrey D.",,,, ,0,0,0,0,0,0,0,2,0,0,0,0,0,0,0,0,0,0,0,0,0,0,0,0,0,0,0,0,0,0,0,0,0,0,0,0,0,0,0,0,0,0,0,0,0,0,0,0,0,0,0,0,0,2
2018,Computing marginals using MapReduce,"Afrati F.N., Sharma S., Ullman J.R., Ullman J.D.",220000,Journal of Computer and System Sciences,94, ,0,0,0,0,0,0,0,0,0,0,0,0,0,0,0,0,0,0,0,0,0,0,0,0,0,0,0,0,0,0,0,0,0,0,0,0,0,0,0,0,0,0,0,0,0,0,0,0,0,0,1,0,0,1
2017,Report from the third workshop on algorithms and systems for MapReduce and Beyond (BeyondMR'16),"Afrati F.N., Hidders J., Re C., Sroka J., Ullman J.",1635808,SIGMOD Record,46,2,0,0,0,0,0,0,0,0,0,0,0,0,0,0,0,0,0,0,0,0,0,0,0,0,0,0,0,0,0,0,0,0,0,0,0,0,0,0,0,0,0,0,0,0,0,0,0,0,0,1,0,0,0,1
2016,Assignment problems of different-sized inputs in MapReduce,"Afrati F., Dolev S., Korach E., Sharma S., Ullman J.D.",15564681,ACM Transactions on Knowledge Discovery from Data,11,2,0,0,0,0,0,0,0,0,0,0,0,0,0,0,0,0,0,0,0,0,0,0,0,0,0,0,0,0,0,0,0,0,0,0,0,0,0,0,0,0,0,0,0,0,0,0,0,0,0,1,0,0,0,1
2016,Panel: The state of data,"Bonenfant M., Desai B.C., Desai D., Fung B.C.M., Ozsu M.T., Ullman J.D.",,ACM International Conference Proceeding Series,11-13-, ,0,0,0,0,0,0,0,0,0,0,0,0,0,0,0,0,0,0,0,0,0,0,0,0,0,0,0,0,0,0,0,0,0,0,0,0,0,0,0,0,0,0,0,0,0,0,0,0,0,1,0,0,0,1
2016,Some Pairs problems,"Ullman J.D., Ullman J.",7308078,Proceedings of the ACM SIGMOD International Conference on Management of Data,, ,0,0,0,0,0,0,0,0,0,0,0,0,0,0,0,0,0,0,0,0,0,0,0,0,0,0,0,0,0,0,0,0,0,0,0,0,0,0,0,0,0,0,0,0,0,0,0,0,1,0,0,0,0,1
2016,Shasta: Interactive reporting at scale,"Manoharan G.N.B., Ellner S., Schnaitter K., Chegu S., Estrella-Balderrama A., Gudmundson S., Gupta A., Handy B., Samwel B., Whipkey C., Aharkava L., Apte H., Gangahar N., Xu J., Venkataraman S., Agrawal D., Ullman J.D.",7308078,Proceedings of the ACM SIGMOD International Conference on Management of Data,26-, ,0,0,0,0,0,0,0,0,0,0,0,0,0,0,0,0,0,0,0,0,0,0,0,0,0,0,0,0,0,0,0,0,0,0,0,0,0,0,0,0,0,0,0,0,0,0,0,0,0,1,0,0,0,1
2003,Querying websites using compact skeletons,"Rajaraman A., Ullman J.D.",220000,Journal of Computer and System Sciences,66,4,0,0,0,0,0,0,0,0,0,0,0,0,0,0,0,0,0,0,0,0,0,0,0,0,0,0,0,0,0,0,0,0,0,0,0,0,0,0,0,0,1,0,0,0,0,0,0,0,0,0,0,0,0,1
1995,The Role of Theory Today,Ullman J.D.,3600300,ACM Computing Surveys (CSUR),27,1,0,0,0,0,0,0,0,0,0,0,0,0,0,0,0,0,0,0,0,0,0,0,0,0,0,0,1,0,0,0,0,0,0,0,0,0,0,0,0,0,0,0,0,0,0,0,0,0,0,0,0,0,0,1
1994,Efficient and complete tests for database integrity constraint checking,"Gupta A., Sagiv Y., Ullman J.D., Widom J.",3029743,Lecture Notes in Computer Science (including subseries Lecture Notes in Artificial Intelligence and Lecture Notes in Bioinformatics),874, ,0,0,0,0,0,0,0,0,0,0,0,0,0,0,0,0,0,0,0,0,0,0,0,0,0,0,0,0,0,0,0,0,0,0,0,0,0,0,0,0,1,0,0,0,0,0,0,0,0,0,0,0,0,1
1992,New frontiers in database system research,Ullman J.D.,3029743,Lecture Notes in Computer Science (including subseries Lecture Notes in Artificial Intelligence and Lecture Notes in Bioinformatics),653, ,0,0,0,0,0,0,0,0,0,0,0,0,0,0,0,0,0,0,0,0,0,0,0,0,0,0,0,1,0,0,0,0,0,0,0,0,0,0,0,0,0,0,0,0,0,0,0,0,0,0,0,0,0,1
1984,Correcting faults in write-once memory,"Dolev D., Maier D., Mairson H., Ullman J.",7378017,Proceedings of the Annual ACM Symposium on Theory of Computing,, ,0,0,0,0,0,0,0,0,0,0,0,0,0,0,0,0,0,0,0,0,0,0,0,0,0,0,0,0,1,0,0,0,0,0,0,0,0,0,0,0,0,0,0,0,0,0,0,0,0,0,0,0,0,1
1982,The theory of functional and template dependencies,"Sadri F., Ullman J.D.",3043975,Theoretical Computer Science,17,3,0,0,0,0,0,0,0,0,0,0,0,0,0,0,0,1,0,0,0,0,0,0,0,0,0,0,0,0,0,0,0,0,0,0,0,0,0,0,0,0,0,0,0,0,0,0,0,0,0,0,0,0,0,1
1975,On the complexity of Lr(K) testing,"Hunt H.B., Szymanski T.G., Ullman J.D.",7308566,Conference Record of the Annual ACM Symposium on Principles of Programming Languages,, ,0,0,0,0,0,0,1,0,0,0,0,0,0,0,0,0,0,0,0,0,0,0,0,0,0,0,0,0,0,0,0,0,0,0,0,0,0,0,0,0,0,0,0,0,0,0,0,0,0,0,0,0,0,1
1975,Evaluating relational expressions with dense and sparse arguments,"Szymanski T.G., Ullman J.D.",2725428,"Proceedings - Annual IEEE Symposium on Foundations of Computer Science, FOCS",1975-, ,0,0,0,0,0,0,0,0,1,0,0,0,0,0,0,0,0,0,0,0,0,0,0,0,0,0,0,0,0,0,0,0,0,0,0,0,0,0,0,0,0,0,0,0,0,0,0,0,0,0,0,0,0,1
1972,Applications of language theory to compiler design,Ullman J.D.,,"Proceedings of the Spring Joint Computer Conference, AFIPS 1972",, ,0,0,0,0,1,0,0,0,0,0,0,0,0,0,0,0,0,0,0,0,0,0,0,0,0,0,0,0,0,0,0,0,0,0,0,0,0,0,0,0,0,0,0,0,0,0,0,0,0,0,0,0,0,1
1972,A technique for speeding up LR(k) parsers,"Aho A.V., Ullman J.D.",7378017,Proceedings of the Annual ACM Symposium on Theory of Computing,, ,0,0,0,0,0,0,1,0,0,0,0,0,0,0,0,0,0,0,0,0,0,0,0,0,0,0,0,0,0,0,0,0,0,0,0,0,0,0,0,0,0,0,0,0,0,0,0,0,0,0,0,0,0,1
1970,A formal approach to code optimization,"Aho A.V., Sethi R., Ullman J.D.",,Proceedings of a Symposium on Compiler Optimization,, ,0,0,0,0,1,0,0,0,0,0,0,0,0,0,0,0,0,0,0,0,0,0,0,0,0,0,0,0,0,0,0,0,0,0,0,0,0,0,0,0,0,0,0,0,0,0,0,0,0,0,0,0,0,1
1969,Translations on a context free grammar,"Aho A.V., Ullman J.D.",7378017,Proceedings of the Annual ACM Symposium on Theory of Computing,, ,0,0,0,0,0,0,0,0,0,0,1,0,0,0,0,0,0,0,0,0,0,0,0,0,0,0,0,0,0,0,0,0,0,0,0,0,0,0,0,0,0,0,0,0,0,0,0,0,0,0,0,0,0,1
2019,Scaling cryptographic techniques by exploiting data sensitivity at a public cloud,"Mehrotra S., Sharma S., Ullman J.D.",,CODASPY 2019 - Proceedings of the 9th ACM Conference on Data and Application Security and Privacy,, ,0,0,0,0,0,0,0,0,0,0,0,0,0,0,0,0,0,0,0,0,0,0,0,0,0,0,0,0,0,0,0,0,0,0,0,0,0,0,0,0,0,0,0,0,0,0,0,0,0,0,0,0,0,0
2016,Computing marginals using MapReduce,"Afrati F.N., Sharma S., Ullman J.D., Ullman J.R.",,ACM International Conference Proceeding Series,11-13-, ,0,0,0,0,0,0,0,0,0,0,0,0,0,0,0,0,0,0,0,0,0,0,0,0,0,0,0,0,0,0,0,0,0,0,0,0,0,0,0,0,0,0,0,0,0,0,0,0,0,0,0,0,0,0
2016,Computing pointers into instructional videos,"Lamb A., Hernandez J., Ullman J., Paepcke A.",,"Proceedings of the 9th International Conference on Educational Data Mining, EDM 2016",, ,0,0,0,0,0,0,0,0,0,0,0,0,0,0,0,0,0,0,0,0,0,0,0,0,0,0,0,0,0,0,0,0,0,0,0,0,0,0,0,0,0,0,0,0,0,0,0,0,0,0,0,0,0,0
2015,Reducer capacity and communication cost in MapReduce algorithms design,"Afrati F., Dolev S., Korach E., Sharma S., Ullman J.D.",,SYSTOR 2015 - Proceedings of the 8th ACM International Systems and Storage Conference,, ,0,0,0,0,0,0,0,0,0,0,0,0,0,0,0,0,0,0,0,0,0,0,0,0,0,0,0,0,0,0,0,0,0,0,0,0,0,0,0,0,0,0,0,0,0,0,0,0,0,0,0,0,0,0
2015,Brief announcement: Meta-mapreduce a technique for reducing communication in mapreduce computations,"Afrati F., Dolev S., Sharma S., Ullman J.D.",3029743,Lecture Notes in Computer Science (including subseries Lecture Notes in Artificial Intelligence and Lecture Notes in Bioinformatics),9212, ,0,0,0,0,0,0,0,0,0,0,0,0,0,0,0,0,0,0,0,0,0,0,0,0,0,0,0,0,0,0,0,0,0,0,0,0,0,0,0,0,0,0,0,0,0,0,0,0,0,0,0,0,0,0
2014,Brief announcement: Assignment of different-sized inputs in mapreduce,"Afrati F., Dolev S., Korach E., Sharma S., Ullman J.D.",3029743,Lecture Notes in Computer Science (including subseries Lecture Notes in Artificial Intelligence and Lecture Notes in Bioinformatics),8784, ,0,0,0,0,0,0,0,0,0,0,0,0,0,0,0,0,0,0,0,0,0,0,0,0,0,0,0,0,0,0,0,0,0,0,0,0,0,0,0,0,0,0,0,0,0,0,0,0,0,0,0,0,0,0
1999,Some advances in data-mining techniques,Ullman J.D.,3029743,Lecture Notes in Computer Science (including subseries Lecture Notes in Artificial Intelligence and Lecture Notes in Bioinformatics),1649, ,0,0,0,0,0,0,0,0,0,0,0,0,0,0,0,0,0,0,0,0,0,0,0,0,0,0,0,0,0,0,0,0,0,0,0,0,0,0,0,0,0,0,0,0,0,0,0,0,0,0,0,0,0,0
1990,Theory of deductive database systems,Ullman Jeffrey D.,,,, ,0,0,0,0,0,0,0,0,0,0,0,0,0,0,0,0,0,0,0,0,0,0,0,0,0,0,0,0,0,0,0,0,0,0,0,0,0,0,0,0,0,0,0,0,0,0,0,0,0,0,0,0,0,0
1990,Selected database research at Stanford,"Keller A., Rathmann P., Ullman J., Wiederhold G.",1635808,ACM SIGMOD Record,19,4,0,0,0,0,0,0,0,0,0,0,0,0,0,0,0,0,0,0,0,0,0,0,0,0,0,0,0,0,0,0,0,0,0,0,0,0,0,0,0,0,0,0,0,0,0,0,0,0,0,0,0,0,0,0
1987,Algorithms for the compilation of regular expressions into PLAs,"Karlin A.R., Trickey H.W., Ullman J.D.",1784617,Algorithmica,2, 1-4,0,0,0,0,0,0,0,0,0,0,0,0,0,0,0,0,0,0,0,0,0,0,0,0,0,0,0,0,0,0,0,0,0,0,0,0,0,0,0,0,0,0,0,0,0,0,0,0,0,0,0,0,0,0
1987,Algorithms for the compilation of regular expressions into PLAs,"Karlin A.R., Trickey H.W., Ullman J.D.",1784617,Algorithmica,2,1,0,0,0,0,0,0,0,0,0,0,0,0,0,0,0,0,0,0,0,0,0,0,0,0,0,0,0,0,0,0,0,0,0,0,0,0,0,0,0,0,0,0,0,0,0,0,0,0,0,0,0,0,0,0
1984,On complementary and independent mappings on databases,"Kollei A.M., Ullman J.D.",7308078,Proceedings of the ACM SIGMOD International Conference on Management of Data,, ,0,0,0,0,0,0,0,0,0,0,0,0,0,0,0,0,0,0,0,0,0,0,0,0,0,0,0,0,0,0,0,0,0,0,0,0,0,0,0,0,0,0,0,0,0,0,0,0,0,0,0,0,0,0
1983,Fragments of relations,"Maier D., Ullman J.D.",7308078,Proceedings of the ACM SIGMOD International Conference on Management of Data,, ,0,0,0,0,0,0,0,0,0,0,0,0,0,0,0,0,0,0,0,0,0,0,0,0,0,0,0,0,0,0,0,0,0,0,0,0,0,0,0,0,0,0,0,0,0,0,0,0,0,0,0,0,0,0
1983,QUERY PROCESSING IN UNIVERSAL RELATION SYSTEMS.,Ullman Jeffrey D.,,Database Engineering,5,3,0,0,0,0,0,0,0,0,0,0,0,0,0,0,0,0,0,0,0,0,0,0,0,0,0,0,0,0,0,0,0,0,0,0,0,0,0,0,0,0,0,0,0,0,0,0,0,0,0,0,0,0,0,0
1981,A view of directions in relational database theory,Ullman J.D.,3029743,Lecture Notes in Computer Science (including subseries Lecture Notes in Artificial Intelligence and Lecture Notes in Bioinformatics),115, ,0,0,0,0,0,0,0,0,0,0,0,0,0,0,0,0,0,0,0,0,0,0,0,0,0,0,0,0,0,0,0,0,0,0,0,0,0,0,0,0,0,0,0,0,0,0,0,0,0,0,0,0,0,0
1976,Finding the depth of a flow graph,"Fong A.C., Ullman J.D.",7378017,Proceedings of the Annual ACM Symposium on Theory of Computing,130841, ,0,0,0,0,0,0,0,0,0,0,0,0,0,0,0,0,0,0,0,0,0,0,0,0,0,0,0,0,0,0,0,0,0,0,0,0,0,0,0,0,0,0,0,0,0,0,0,0,0,0,0,0,0,0
1976,Code generation for expressions with common subexpressions,"Aho A.V., Johnson S.C., Ullman J.D.",7308566,Conference Record of the Annual ACM Symposium on Principles of Programming Languages,130832, ,0,0,0,0,0,0,0,0,0,0,0,0,0,0,0,0,0,0,0,0,0,0,0,0,0,0,0,0,0,0,0,0,0,0,0,0,0,0,0,0,0,0,0,0,0,0,0,0,0,0,0,0,0,0
1975,Application of lattice algebra to loop optimization,"Fong A., Kam J., Ullman J.",7308566,Conference Record of the Annual ACM Symposium on Principles of Programming Languages,, ,0,0,0,0,0,0,0,0,0,0,0,0,0,0,0,0,0,0,0,0,0,0,0,0,0,0,0,0,0,0,0,0,0,0,0,0,0,0,0,0,0,0,0,0,0,0,0,0,0,0,0,0,0,0
1973,Deterministic parsing op ambiguous grammars,"Aho A.V., Johnson S.C., Ullman J.D.",7308566,Conference Record of the Annual ACM Symposium on Principles of Programming Languages,, ,0,0,0,0,0,0,0,0,0,0,0,0,0,0,0,0,0,0,0,0,0,0,0,0,0,0,0,0,0,0,0,0,0,0,0,0,0,0,0,0,0,0,0,0,0,0,0,0,0,0,0,0,0,0
1969,R69-19 on the Elimination of Endmarkers,Ullman J.D.,189340,IEEE Transactions on Computers,C-18,7,0,0,0,0,0,0,0,0,0,0,0,0,0,0,0,0,0,0,0,0,0,0,0,0,0,0,0,0,0,0,0,0,0,0,0,0,0,0,0,0,0,0,0,0,0,0,0,0,0,0,0,0,0,0
1968,A recognition algorithm for pushdown store systems,"Aho A.V., Hopcroft J.E., Ullman J.D.",,"Proceedings of the 1968 23rd ACM National Conference, ACM 1968",, ,0,0,0,0,0,0,0,0,0,0,0,0,0,0,0,0,0,0,0,0,0,0,0,0,0,0,0,0,0,0,0,0,0,0,0,0,0,0,0,0,0,0,0,0,0,0,0,0,0,0,0,0,0,0
