," 作者:Varghese, George",,,,,,,,,,,,,,,,,,,,,,,,,,,,,,,,,,,,,,,,,,,,,,,,,,,,,,,,,,,
,,,,,,,,,,,,,,,,,,,,,,,,,,,,,,,,,,,,,,,,,,,,,,,,,,,,,,,,,,,,
,h-index = 55 (在纳入 h-Index 的 168 文献中，有 55 篇已被至少引用 55 次。),,,,,,,,,,,,,,,,,,,,,,,,,,,,,,,,,,,,,,,,,,,,,,,,,,,,,,,,,,,
,,,,,,,,,,,,,,,,,,,,,,,,,,,,,,,,,,,,,,,,,,,,,,,,,,,,,,,,,,,,
,,,,,,,,,,,,,,,,,,,,,,,,,,,,,,,,,,,,,,,,,,,,,,,,,,,,,,,,,,,,
,,,,,,,<1970,1970,1971,1972,1973,1974,1975,1976,1977,1978,1979,1980,1981,1982,1983,1984,1985,1986,1987,1988,1989,1990,1991,1992,1993,1994,1995,1996,1997,1998,1999,2000,2001,2002,2003,2004,2005,2006,2007,2008,2009,2010,2011,2012,2013,2014,2015,2016,2017,2018,2019,2020,>2020,总计
出版年份,文献标题,作者,ISSN,期刊标题,卷,期,0,0,0,0,0,0,0,0,0,0,0,0,0,0,0,0,0,0,0,0,4,6,3,11,14,13,10,17,30,46,99,87,181,280,319,363,524,577,509,487,536,562,551,575,630,695,648,892,965,971,1140,202,0,11947
1996,Efficient fair queuing using deficit round-robin,"Shreedhar M., Varghese G.",10636692,IEEE/ACM Transactions on Networking,4,3,0,0,0,0,0,0,0,0,0,0,0,0,0,0,0,0,0,0,0,0,0,0,0,0,0,0,0,0,0,5,15,5,29,42,45,47,74,61,63,53,59,41,42,46,40,43,36,36,29,35,38,7,0,891
2014,P4: Programming protocol-independent packet processors,"Bosshart P., Daly D., Gibb G., Izzard M., McKeown N., Rexford J., Schlesinger C., Talayco D., Vahdat A., Varghese G., Walker D.",1464833,Computer Communication Review,44,3,0,0,0,0,0,0,0,0,0,0,0,0,0,0,0,0,0,0,0,0,0,0,0,0,0,0,0,0,0,0,0,0,0,0,0,0,0,0,1,0,0,0,0,0,0,0,20,63,127,186,219,48,0,664
1995,Efficient fair queuing using deficit round robin,"Shreedhar M., Varghese G.",,"Proceedings of the Conference on Applications, Technologies, Architectures, and Protocols for Computer Communication, SIGCOMM 1995",, ,0,0,0,0,0,0,0,0,0,0,0,0,0,0,0,0,0,0,0,0,0,0,0,0,0,0,0,2,4,10,13,15,20,33,40,34,44,40,37,24,25,26,22,22,17,17,19,18,18,3,15,0,0,518
2012,Header space analysis: Static checking for networks,"Kazemian P., Varghese G., McKeown N.",,Proceedings of NSDI 2012: 9th USENIX Symposium on Networked Systems Design and Implementation,, ,0,0,0,0,0,0,0,0,0,0,0,0,0,0,0,0,0,0,0,0,0,0,0,0,0,0,0,0,0,0,0,0,0,0,0,0,0,0,0,0,0,0,0,14,30,42,49,65,74,52,57,8,0,391
2004,Automated worm fingerprinting,"Singh S., Estan C., Varghese G., Savage S.",,OSDI 2004 - 6th Symposium on Operating Systems Design and Implementation,, ,0,0,0,0,0,0,0,0,0,0,0,0,0,0,0,0,0,0,0,0,0,0,0,0,0,0,0,0,0,0,0,0,0,0,0,0,27,53,57,47,37,33,22,18,19,10,17,4,7,2,7,1,0,361
1997,Scalable high speed IP routing lookups,"Waldvogel M., Varghese G., Turner J., Plattner B.",1464833,Computer Communication Review,27,4,0,0,0,0,0,0,0,0,0,0,0,0,0,0,0,0,0,0,0,0,0,0,0,0,0,0,0,0,0,5,14,9,28,35,29,34,27,20,15,15,11,10,14,11,10,19,9,11,6,7,8,1,0,348
2003,"New directions in traffic measurement and accounting: Focusing on the elephants, ignoring the mice","Estan C., Varghese G.",7342071,ACM Transactions on Computer Systems,21,3,0,0,0,0,0,0,0,0,0,0,0,0,0,0,0,0,0,0,0,0,0,0,0,0,0,0,0,0,0,0,0,0,0,0,0,4,10,23,26,20,20,40,34,23,12,33,10,15,14,20,20,3,0,327
1999,Fast address lookups using controlled prefix expansion,"Srinivasan V., Varghese G.",7342071,ACM Transactions on Computer Systems,17,1,0,0,0,0,0,0,0,0,0,0,0,0,0,0,0,0,0,0,0,0,0,0,0,0,0,0,0,0,0,0,1,1,15,20,22,20,27,22,26,15,23,12,19,20,15,16,4,12,4,6,6,2,0,308
2009,MobiClique: Middleware for mobile social networking,"Pietilainen A.-K., Oliver E., LeBrun J., Varghese G., Diot C.",,"SIGCOMM 2009 - Proceedings of the 2009 SIGCOMM Conference and Co-Located Workshops, Proceedings of the 2nd ACM Workshop on Online Social Networks, WOSN 2009",, ,0,0,0,0,0,0,0,0,0,0,0,0,0,0,0,0,0,0,0,0,0,0,0,0,0,0,0,0,0,0,0,0,0,0,0,0,0,0,0,0,0,6,20,33,41,39,53,32,18,14,22,3,0,281
1999,Packet classification using tuple space search,"Srinivasan V., Suri S., Varghese G.",1464833,Computer Communication Review,29,4,0,0,0,0,0,0,0,0,0,0,0,0,0,0,0,0,0,0,0,0,0,0,0,0,0,0,0,0,0,0,0,2,9,14,10,19,14,21,13,14,15,21,13,13,13,16,7,13,15,14,16,2,0,274
2004,Deterministic memory-efficient string matching algorithms for intrusion detection,"Tuck N., Sherwood T., Calder B., Varghese G.",0743166X,Proceedings - IEEE INFOCOM,4, ,0,0,0,0,0,0,0,0,0,0,0,0,0,0,0,0,0,0,0,0,0,0,0,0,0,0,0,0,0,0,0,0,0,0,0,1,13,21,13,21,25,24,28,22,19,16,15,12,11,8,7,1,0,257
2003,Packet Classification Using Multidimensional Cutting,"Singh S., Baboescu F., Varghese G., Wang J.",1464833,Computer Communication Review,33,4,0,0,0,0,0,0,0,0,0,0,0,0,0,0,0,0,0,0,0,0,0,0,0,0,0,0,0,0,0,0,0,0,0,0,0,3,3,14,12,11,21,24,16,15,19,27,15,22,13,20,17,5,0,257
1998,Fast and scalable layer four switching,"Srinivasan V., Varghese G., Suri S., Waldvogel M.",1464833,Computer Communication Review,28,4,0,0,0,0,0,0,0,0,0,0,0,0,0,0,0,0,0,0,0,0,0,0,0,0,0,0,0,0,0,0,0,1,8,12,13,15,18,19,9,14,17,21,9,12,15,12,8,12,10,8,11,1,0,245
2014,CONGA: Distributed congestion-aware load balancing for datacenters,"Alizadeh M., Edsall T., Dharmapurikar S., Vaidyanathan R., Chu K., Fingerhut A., Lam V.T., Matus F., Pan R., Yadav N., Varghese G.",,SIGCOMM 2014 - Proceedings of the 2014 ACM Conference on Special Interest Group on Data Communication,, ,0,0,0,0,0,0,0,0,0,0,0,0,0,0,0,0,0,0,0,0,0,0,0,0,0,0,0,0,0,0,0,0,0,0,0,0,0,0,0,0,0,0,0,0,0,2,24,44,41,36,58,8,0,213
2003,Packet classification for core routers: Is there an alternative to CAMs?,"Baboescu F., Singh S., Varghese G.",0743166X,Proceedings - IEEE INFOCOM,1, ,0,0,0,0,0,0,0,0,0,0,0,0,0,0,0,0,0,0,0,0,0,0,0,0,0,0,0,0,0,0,0,0,0,0,3,9,25,25,18,16,24,21,8,14,15,10,3,5,2,5,5,0,0,208
2013,Forwarding metamorphosis: Fast programmable match-action processing in hardware for SDN,"Bosshart P., Gibb G., Kim H.-S., Varghese G., McKeown N., Izzard M., Mujica F., Horowitz M.",,"SIGCOMM 2013 - Proceedings of the ACM SIGCOMM 2013 Conference on Applications, Technologies, Architectures, and Protocols for Computer Communication",, ,0,0,0,0,0,0,0,0,0,0,0,0,0,0,0,0,0,0,0,0,0,0,0,0,0,0,0,0,0,0,0,0,0,0,0,0,0,0,0,0,0,0,0,0,4,24,30,48,32,25,36,7,0,206
2019,Real time network policy checking using header space analysis,"Kazemian P., Chang M., Zeng H., Varghese G., McKeown N., Whyte S.",,"Proceedings of the 10th USENIX Symposium on Networked Systems Design and Implementation, NSDI 2013",, ,0,0,0,0,0,0,0,0,0,0,0,0,0,0,0,0,0,0,0,0,0,0,0,0,0,0,0,0,0,0,0,0,0,0,0,0,0,0,0,0,0,0,0,0,6,13,27,34,41,39,38,6,0,204
2004,Tree bitmap : Hardware/software IP lookups with incremental updates,"Eatherton W., Varghese G., Dittia Z.",1464833,Computer Communication Review,34,2,0,0,0,0,0,0,0,0,0,0,0,0,0,0,0,0,0,0,0,0,0,0,0,0,0,0,0,0,0,0,0,0,0,0,0,0,7,8,12,15,19,14,18,21,15,13,8,12,11,8,9,2,0,192
2013,Forwarding metamorphosis: Fast programmable match-action processing in hardware for SDN,"Bosshart P., Gibb G., Kim H.-S., Varghese G., McKeown N., Izzard M., Mujica F., Horowitz M.",1464833,Computer Communication Review,43,4,0,0,0,0,0,0,0,0,0,0,0,0,0,0,0,0,0,0,0,0,0,0,0,0,0,0,0,0,0,0,0,0,0,0,0,0,0,0,0,0,0,0,0,0,0,0,4,12,39,53,64,14,0,186
1999,IP lookups using multiway and multicolumn search,"Lampson B., Srinivasan V., Varghese G.",10636692,IEEE/ACM Transactions on Networking,7,3,0,0,0,0,0,0,0,0,0,0,0,0,0,0,0,0,0,0,0,0,0,0,0,0,0,0,0,0,0,0,0,1,12,15,17,12,16,18,13,9,11,8,3,7,9,6,2,4,5,5,3,1,0,177
2002,New directions in traffic measurement and accounting,"Estan C., Varghese G.",1464833,Computer Communication Review,32,4,0,0,0,0,0,0,0,0,0,0,0,0,0,0,0,0,0,0,0,0,0,0,0,0,0,0,0,0,0,0,0,0,0,0,2,7,8,14,7,12,9,11,5,11,9,8,8,15,16,17,13,3,0,175
2006,An improved construction for counting Bloom filters,"Bonomi F., Mitzenmacher M., Panigrahy R., Singh S., Varghese G.",3029743,Lecture Notes in Computer Science (including subseries Lecture Notes in Artificial Intelligence and Lecture Notes in Bioinformatics),4168, ,0,0,0,0,0,0,0,0,0,0,0,0,0,0,0,0,0,0,0,0,0,0,0,0,0,0,0,0,0,0,0,0,0,0,0,0,0,0,2,6,3,9,8,14,16,17,12,15,21,17,19,4,0,163
2004,Building a better NetFlow,"Estan C., Keys K., Moore D., Varghese G.",1464833,Computer Communication Review,34,4,0,0,0,0,0,0,0,0,0,0,0,0,0,0,0,0,0,0,0,0,0,0,0,0,0,0,0,0,0,0,0,0,0,0,0,0,1,5,9,10,14,14,12,15,13,12,5,12,10,14,8,2,0,156
2007,"Curing regular expressions matching algorithms from insomnia, amnesia, and acalculia","Kumar S., Chandrasekaran B., Turner J., Varghese G.",,ANCS'07 - Proceedings of the 2007 ACM Symposium on Architecture for Networking and Communications,, ,0,0,0,0,0,0,0,0,0,0,0,0,0,0,0,0,0,0,0,0,0,0,0,0,0,0,0,0,0,0,0,0,0,0,0,0,0,0,0,8,14,20,18,24,17,16,10,12,3,5,5,0,0,152
1991,Self-stabilization by local checking and correction,"Awerbuch Baruch, Patt-Shamir Boaz, Varghese George",2725428,Annual Symposium on Foundations of Computer Science (Proceedings),, ,0,0,0,0,0,0,0,0,0,0,0,0,0,0,0,0,0,0,0,0,0,0,0,3,4,3,2,2,6,2,3,6,3,7,5,2,10,7,7,3,7,5,7,7,7,5,2,5,9,5,5,2,0,141
2001,Scalable packet classification,"Baboescu F., Varghese G.",1464833,Computer Communication Review,31,4,0,0,0,0,0,0,0,0,0,0,0,0,0,0,0,0,0,0,0,0,0,0,0,0,0,0,0,0,0,0,0,0,0,1,6,8,10,12,8,7,8,13,6,11,7,14,4,8,5,5,7,0,0,140
2012,Automatic test packet generation,"Zengt H., Kazemian P., Varghese G., McKeown N.",,CoNEXT 2012 - Proceedings of the 2012 ACM Conference on Emerging Networking Experiments and Technologies,, ,0,0,0,0,0,0,0,0,0,0,0,0,0,0,0,0,0,0,0,0,0,0,0,0,0,0,0,0,0,0,0,0,0,0,0,0,0,0,0,0,0,0,0,1,8,16,20,26,20,20,23,2,0,136
1998,IP lookups using multiway and multicolumn search,"Lampson Butler, Srinivasan V., Varghese George",0743166X,Proceedings - IEEE INFOCOM,3, ,0,0,0,0,0,0,0,0,0,0,0,0,0,0,0,0,0,0,0,0,0,0,0,0,0,0,0,0,0,3,9,4,14,15,19,15,16,10,7,4,7,1,6,1,1,1,0,3,0,0,0,0,0,136
2001,New Directions in Traffic Measurement and Accounting,"Estan C., Varghese G.",,Proceedings of the ACM SIGCOMM Internet Measurement Workshop,, ,0,0,0,0,0,0,0,0,0,0,0,0,0,0,0,0,0,0,0,0,0,0,0,0,0,0,0,0,0,0,0,0,0,4,12,15,12,11,11,8,10,11,12,6,3,2,0,2,0,3,1,0,0,123
2010,Difference engine: Harnessing memory redundancy in virtual machines,"Gupta D., Lee S., Vrable M., Savage S., Snoeren A.C., Varghese G., Voelker G.M., Vahdat A.",10782,Communications of the ACM,53,10,0,0,0,0,0,0,0,0,0,0,0,0,0,0,0,0,0,0,0,0,0,0,0,0,0,0,0,0,0,0,0,0,0,0,0,0,0,0,0,0,0,0,11,10,15,14,22,9,14,11,10,3,0,119
2003,Bitmap algorithms for counting active flows on high speed links,"Estan C., Varghese G., Fisk M.",,"Proceedings of the ACM SIGCOMM Internet Measurement Conference, IMC",, ,0,0,0,0,0,0,0,0,0,0,0,0,0,0,0,0,0,0,0,0,0,0,0,0,0,0,0,0,0,0,0,0,0,0,2,8,10,10,13,12,6,7,7,6,2,4,1,5,6,7,9,0,0,115
1991,Distributed program checking: A paradigm for building self-stabilizing distributed protocols,"Awerbuch Baruch, Varghese George",2725428,Annual Symposium on Foundations of Computer Science (Proceedings),, ,0,0,0,0,0,0,0,0,0,0,0,0,0,0,0,0,0,0,0,0,0,0,0,4,5,3,0,2,8,1,3,5,0,7,3,1,3,3,5,5,7,7,8,2,6,4,3,4,1,4,3,0,0,107
1998,Error control scheme for large-scale multicast applications,"Papadopoulos Christos, Parulkar Guru, Varghese George",0743166X,Proceedings - IEEE INFOCOM,3, ,0,0,0,0,0,0,0,0,0,0,0,0,0,0,0,0,0,0,0,0,0,0,0,0,0,0,0,0,0,6,9,13,10,19,13,15,7,5,3,0,2,0,1,1,0,0,0,0,0,1,0,0,0,105
1997,Leap forward virtual clock: A new fair queuing scheme with guaranteed delays and throughput fairness,"Suri Subhash, Varghese George, Chandranmenon Girish",0743166X,Proceedings - IEEE INFOCOM,2, ,0,0,0,0,0,0,0,0,0,0,0,0,0,0,0,0,0,0,0,0,0,0,0,0,0,0,0,0,2,4,10,3,10,11,7,9,13,5,8,2,5,2,1,3,4,0,1,1,1,0,2,0,0,104
2019,Difference engine: Harnessing memory redundancy in virtual machines,"Gupta D., Lee S., Vrable M., Savage S., Snoeren A.C., Varghese G., Voelker G.M., Vahdat A.",,"Proceedings of the 8th USENIX Symposium on Operating Systems Design and Implementation, OSDI 2008",, ,0,0,0,0,0,0,0,0,0,0,0,0,0,0,0,0,0,0,0,0,0,0,0,0,0,0,0,0,0,0,0,0,0,0,0,0,0,0,0,0,5,8,21,10,11,10,7,8,6,4,8,0,0,98
2006,Beyond bloom filters: From approximate membership checks to approximate state machines,"Bonomi F., Mitzenmacher M., Panigrahy R., Singh S., Varghese G.",1464833,Computer Communication Review,36,4,0,0,0,0,0,0,0,0,0,0,0,0,0,0,0,0,0,0,0,0,0,0,0,0,0,0,0,0,0,0,0,0,0,0,0,0,0,0,1,6,2,11,3,7,12,10,5,14,7,7,10,3,0,98
2016,Packet transactions: High-level programming for line-rate switches,"Sivaraman A., Cheung A., Budiu M., Kim C., Alizadeh M., Balakrishnan H., Varghese G., McKeown N., Licking S.",,SIGCOMM 2016 - Proceedings of the 2016 ACM Conference on Special Interest Group on Data Communication,, ,0,0,0,0,0,0,0,0,0,0,0,0,0,0,0,0,0,0,0,0,0,0,0,0,0,0,0,0,0,0,0,0,0,0,0,0,0,0,1,0,0,0,0,0,0,0,0,6,29,19,34,8,0,97
2007,Network monitoring using traffic dispersion graphs (TDGs),"Iliofotou M., Mitzenmacher M., Pappu P., Singh S., Faloutsos M., Varghese G.",,"Proceedings of the ACM SIGCOMM Internet Measurement Conference, IMC",, ,0,0,0,0,0,0,0,0,0,0,0,0,0,0,0,0,0,0,0,0,0,0,0,0,0,0,0,0,0,0,0,0,0,0,0,0,0,0,0,1,3,11,9,6,14,12,10,10,3,5,11,2,0,97
2003,Automatically Inferring Patterns of Resource Consumption in Network Traffic,"Estan C., Savage S., Varghese G.",1464833,Computer Communication Review,33,4,0,0,0,0,0,0,0,0,0,0,0,0,0,0,0,0,0,0,0,0,0,0,0,0,0,0,0,0,0,0,0,0,0,0,0,3,6,9,6,12,7,5,8,3,6,4,5,7,6,4,4,2,0,97
2005,Scalable packet classification,"Baboescu F., Varghese G.",10636692,IEEE/ACM Transactions on Networking,13,1,0,0,0,0,0,0,0,0,0,0,0,0,0,0,0,0,0,0,0,0,0,0,0,0,0,0,0,0,0,0,0,0,0,0,0,0,1,12,6,11,9,8,7,8,7,9,4,3,4,2,2,1,0,94
2015,CONGA: Distributed congestion-aware load balancing for datacenters,"Alizadeh M., Edsall T., Dharmapurikar S., Vaidyanathan R., Chu K., Fingerhut A., Lam V.T., Matus F., Pan R., Yadav N., Varghese G.",1464833,Computer Communication Review,44,4,0,0,0,0,0,0,0,0,0,0,0,0,0,0,0,0,0,0,0,0,0,0,0,0,0,0,0,0,0,0,0,0,0,0,0,0,0,0,0,0,0,0,0,0,0,0,0,3,27,21,37,2,0,90
1993,Time optimal self-stabilizing synchronization,"Awerbuch B., Kutten S., Mansour Y., Patt-Shamir B., Varghese G.",7378017,Proceedings of the Annual ACM Symposium on Theory of Computing,129585, ,0,0,0,0,0,0,0,0,0,0,0,0,0,0,0,0,0,0,0,0,0,0,0,0,2,3,2,2,3,2,3,2,2,5,4,5,3,5,9,4,1,6,4,2,3,1,1,2,5,2,4,1,0,88
2006,Bitmap algorithms for counting active flows on high-speed links,"Estan C., Varghese G., Fisk M.",10636692,IEEE/ACM Transactions on Networking,14,5,0,0,0,0,0,0,0,0,0,0,0,0,0,0,0,0,0,0,0,0,0,0,0,0,0,0,0,0,0,0,0,0,0,0,0,0,0,0,1,3,6,8,6,2,7,9,5,12,11,6,9,0,0,85
2015,Global analytics in the face of bandwidth and regulatory constraints,"Vulimiri A., Curino C., Godfrey B., Jungblut T., Padhye J., Varghese G.",,"Proceedings of the 12th USENIX Symposium on Networked Systems Design and Implementation, NSDI 2015",, ,0,0,0,0,0,0,0,0,0,0,0,0,0,0,0,0,0,0,0,0,0,0,0,0,0,0,0,0,0,0,0,0,0,0,0,0,0,0,1,0,0,0,0,0,0,0,3,11,24,22,13,10,0,84
1998,Faster IP lookups using controlled prefix expansion,"Srinivasan V., Varghese G.",1635999,Performance Evaluation Review,26,1,0,0,0,0,0,0,0,0,0,0,0,0,0,0,0,0,0,0,0,0,0,0,0,0,0,0,0,0,0,0,2,2,2,3,4,2,4,14,1,3,5,2,1,4,3,2,3,7,7,3,3,0,0,77
2001,A lower bound for multicast key distribution,"Snoeyink J., Suri S., Varghese G.",0743166X,Proceedings - IEEE INFOCOM,1, ,0,0,0,0,0,0,0,0,0,0,0,0,0,0,0,0,0,0,0,0,0,0,0,0,0,0,0,0,0,0,0,0,1,4,5,12,11,4,4,8,7,3,2,2,4,3,2,3,0,1,0,0,0,76
2011,What's the difference? Efficient set reconciliation without prior context,"Eppstein D., Goodrich M.T., Uyeda F., Varghese G.",,"Proceedings of the ACM SIGCOMM 2011 Conference, SIGCOMM'11",, ,0,0,0,0,0,0,0,0,0,0,0,0,0,0,0,0,0,0,0,0,0,0,0,0,0,0,0,0,0,0,0,0,0,0,0,0,0,0,0,0,0,0,1,7,6,5,8,14,7,10,14,1,0,73
2015,Checking beliefs in dynamic networks,"Lopes N.P., Bjorner N., Godefroid P., Jayaraman K., Varghese G.",,"Proceedings of the 12th USENIX Symposium on Networked Systems Design and Implementation, NSDI 2015",, ,0,0,0,0,0,0,0,0,0,0,0,0,0,0,0,0,0,0,0,0,0,0,0,0,0,0,0,0,0,0,0,0,0,0,0,0,0,0,0,0,0,0,0,0,0,0,3,13,17,9,26,0,0,68
1996,Reliable and scalable striping protocol,"Adiseshu H., Parulkar G., Varghese G.",1464833,Computer Communication Review,26,4,0,0,0,0,0,0,0,0,0,0,0,0,0,0,0,0,0,0,0,0,0,0,0,0,0,0,0,0,1,0,2,1,0,2,6,5,10,10,5,3,0,5,2,2,4,2,1,2,2,2,1,0,0,68
2012,"iDASH: Integrating data for analysis, anonymization, and sharing","Ohno-Machado L., Bafna V., Boxwala A.A., Chapman B.E., Chapman W.W., Chaudhuri K., Day M.E., Farcas C., Heintzman N.D., Jiang X., Kim H., Kim J., Matheny M.E., Resnic F.S., Vinterbo S.A., Armstrong W., Balac N., Burns J., Chen J., Chisholm R., Cope R., Dasgupta S., Dwork C., El-Kareh R., Fitzhenry F., Gamst A., Gentili A., Good P., Gupta A., Inoue M., Joyce R., Krueger I., Kuo G., Larkin J., Messer K., Nookala L., Norman G., Norris K., Patel K., Paul P., Pevzner P., Patrick K., Pond S., Que J., Rathbun S., Robbins S., Sarwate A., Shimizu C., Sofia H., Tarczy-Hornoch P., Thornton D., Vaida F., Valafar F., Varghese G., Wolter N., Wong C., Wong M., Zambon A.",10675027,Journal of the American Medical Informatics Association,19,2,0,0,0,0,0,0,0,0,0,0,0,0,0,0,0,0,0,0,0,0,0,0,0,0,0,0,0,0,0,0,0,0,0,0,0,0,0,0,0,0,0,0,0,8,6,14,14,6,7,6,5,1,0,67
2002,New directions in traffic measurement and accounting,"Estan C., Varghese G.",1464833,Computer Communication Review,32,1,0,0,0,0,0,0,0,0,0,0,0,0,0,0,0,0,0,0,0,0,0,0,0,0,0,0,0,0,0,0,0,0,0,0,1,1,3,0,1,1,1,6,9,5,9,10,6,5,5,2,1,1,0,67
2015,Compiling packet programs to reconfigurable switches,"Jose L., Yan L., Varghese G., McKeown N.",,"Proceedings of the 12th USENIX Symposium on Networked Systems Design and Implementation, NSDI 2015",, ,0,0,0,0,0,0,0,0,0,0,0,0,0,0,0,0,0,0,0,0,0,0,0,0,0,0,0,0,0,0,0,0,0,0,0,0,0,0,0,0,0,0,0,0,0,0,3,7,12,18,18,2,0,60
2013,Design principles for packet parsers,"Gibb G., Varghese G., Horowitz M., McKeown N.",,ANCS 2013 - Proceedings of the 9th ACM/IEEE Symposium on Architectures for Networking and Communications Systems,, ,0,0,0,0,0,0,0,0,0,0,0,0,0,0,0,0,0,0,0,0,0,0,0,0,0,0,0,0,0,0,0,0,0,0,0,0,0,0,0,0,0,0,0,0,0,1,3,10,11,17,15,3,0,60
2002,Route flap damping exacerbates Internet routing convergence,"Mao Z.M., Govindan R., Varghese G., Katz R.H.",1464833,Computer Communication Review,32,4,0,0,0,0,0,0,0,0,0,0,0,0,0,0,0,0,0,0,0,0,0,0,0,0,0,0,0,0,0,0,0,0,0,0,2,1,5,4,2,2,7,4,10,5,5,1,2,3,2,1,1,0,0,57
2004,Hardware and binary modification support for code pointer protection from buffer overflow,"Tuck N., Calder B., Varghese G.",10724451,"Proceedings of the Annual International Symposium on Microarchitecture, MICRO",, ,0,0,0,0,0,0,0,0,0,0,0,0,0,0,0,0,0,0,0,0,0,0,0,0,0,0,0,0,0,0,0,0,0,0,0,1,3,11,3,6,5,2,3,2,5,0,3,1,2,4,4,1,0,56
2004,On scalable attack detection in the network,"Kompella R.R., Singh S., Varghese G.",,"Proceedings of the 2004 ACM SIGCOMM Internet Measurement Conference, IMC 2004",, ,0,0,0,0,0,0,0,0,0,0,0,0,0,0,0,0,0,0,0,0,0,0,0,0,0,0,0,0,0,0,0,0,0,0,0,1,3,9,8,7,5,4,3,1,1,1,2,2,3,2,3,0,0,55
2011,Compressing genomic sequence fragments using SlimGene,"Kozanitis C., Saunders C., Kruglyak S., Bafna V., Varghese G.",10665277,Journal of Computational Biology,18,3,0,0,0,0,0,0,0,0,0,0,0,0,0,0,0,0,0,0,0,0,0,0,0,0,0,0,0,0,0,0,0,0,0,0,0,0,0,0,0,0,0,0,1,7,9,9,11,8,2,2,5,0,0,54
2015,WANalytics: Analytics for a geo-distributed data-intensive world,"Vulimiri A., Curino C., Godfrey B., Karanasos K., Varghese G.",,CIDR 2015 - 7th Biennial Conference on Innovative Data Systems Research,, ,0,0,0,0,0,0,0,0,0,0,0,0,0,0,0,0,0,0,0,0,0,0,0,0,0,0,0,0,0,0,0,0,0,0,0,0,0,0,0,0,0,0,0,0,0,0,6,5,14,12,8,5,0,50
2012,Radiojockey: Mining program execution to optimize cellular radio usage,"Athivarapu P.K., Bhagwan R., Guha S., Navda V., Ramjee R., Arora D., Padmanabhan V.N., Varghese G.",,"Proceedings of the Annual International Conference on Mobile Computing and Networking, MOBICOM",, ,0,0,0,0,0,0,0,0,0,0,0,0,0,0,0,0,0,0,0,0,0,0,0,0,0,0,0,0,0,0,0,0,0,0,0,0,0,0,0,0,0,0,0,0,9,6,10,11,9,2,3,0,0,50
2009,I seek you: Searching and matching individuals in social networks,"Motoyama M., Varghese G.",,"International Conference on Information and Knowledge Management, Proceedings",, ,0,0,0,0,0,0,0,0,0,0,0,0,0,0,0,0,0,0,0,0,0,0,0,0,0,0,0,0,0,0,0,0,0,0,0,0,0,0,0,0,0,0,2,1,2,4,3,4,9,11,12,1,0,49
2007,On scalable attack detection in the network,"Kompella R.R., Singh S., Varghese G.",10636692,IEEE/ACM Transactions on Networking,15,1,0,0,0,0,0,0,0,0,0,0,0,0,0,0,0,0,0,0,0,0,0,0,0,0,0,0,0,0,0,0,0,0,0,0,0,0,0,0,1,5,5,4,9,5,4,4,2,4,2,4,0,0,0,49
1987,Hashed and hierarchical timing wheels: Data structures for the efficient implementation of a timer facility,"Varghese G., Lauck T.",,"Proceedings of the 11th ACM Symposium on Operating Systems Principles, SOSP 1987",, ,0,0,0,0,0,0,0,0,0,0,0,0,0,0,0,0,0,0,0,0,4,2,1,1,3,2,1,1,2,2,2,1,0,0,0,0,1,4,0,2,3,1,3,1,0,1,3,2,2,2,2,0,0,49
2004,Multiway range trees: Scalable IP lookup with fast updates,"Warkhede P., Suri S., Varghese G.",13891286,Computer Networks,44,3,0,0,0,0,0,0,0,0,0,0,0,0,0,0,0,0,0,0,0,0,0,0,0,0,0,0,0,0,0,0,0,0,0,0,0,0,2,2,2,4,4,3,5,3,6,6,4,0,2,3,1,1,0,48
2003,Efficient implementation of a statistics counter architecture,"Ramabhadran S., Varghese G.",1635999,Performance Evaluation Review,31,1,0,0,0,0,0,0,0,0,0,0,0,0,0,0,0,0,0,0,0,0,0,0,0,0,0,0,0,0,0,0,0,0,0,0,0,0,0,2,2,1,3,3,4,3,4,4,2,6,3,6,5,0,0,48
2012,NetShare and stochastic netshare: Predictable bandwidth allocation for data centers,"Lam V.T., Radhakrishnan S., Vahdat A., Varghese G., Pan R.",1464833,Computer Communication Review,42,3,0,0,0,0,0,0,0,0,0,0,0,0,0,0,0,0,0,0,0,0,0,0,0,0,0,0,0,0,0,0,0,0,0,0,0,0,0,0,0,0,0,0,0,0,6,6,5,10,6,4,9,1,0,47
2003,A pipelined memory architecture for high throughput network processors,"Sherwood T., Varghese G., Calder B.",8847495,"Conference Proceedings - Annual International Symposium on Computer Architecture, ISCA",, ,0,0,0,0,0,0,0,0,0,0,0,0,0,0,0,0,0,0,0,0,0,0,0,0,0,0,0,0,0,0,0,0,0,0,0,4,7,5,7,3,6,3,3,1,1,3,0,0,1,1,0,0,0,45
2001,Fast packet classification for two-dimensional conflict-free filters,"Baboescu F., Warkhede P., Suri S., Varghese G.",0743166X,Proceedings - IEEE INFOCOM,3, ,0,0,0,0,0,0,0,0,0,0,0,0,0,0,0,0,0,0,0,0,0,0,0,0,0,0,0,0,0,0,0,0,0,4,6,7,5,6,2,0,2,3,2,2,3,2,0,0,0,0,1,0,0,45
2011,Graption: A graph-based P2P traffic classification framework for the internet backbone,"Iliofotou M., Kim H.-C., Faloutsos M., Mitzenmacher M., Pappu P., Varghese G.",13891286,Computer Networks,55,8,0,0,0,0,0,0,0,0,0,0,0,0,0,0,0,0,0,0,0,0,0,0,0,0,0,0,0,0,0,0,0,0,0,0,0,0,0,0,0,0,0,0,1,3,5,8,8,3,6,4,2,4,0,44
2001,Scalable high-speed prefix matching,"Waldvogel M., Varghese G., Turner J., Plattner B.",7342071,ACM Transactions on Computer Systems,19,4,0,0,0,0,0,0,0,0,0,0,0,0,0,0,0,0,0,0,0,0,0,0,0,0,0,0,0,0,0,0,0,0,0,2,7,2,5,4,2,1,2,1,2,2,3,1,1,3,2,0,3,1,0,44
2005,Network Algorithmics,Varghese G.,,Network Algorithmics,, ,0,0,0,0,0,0,0,0,0,0,0,0,0,0,0,0,0,0,0,0,0,0,0,0,0,0,0,0,0,0,0,0,0,0,0,0,1,1,2,4,1,6,8,4,3,2,2,3,0,1,2,1,0,41
2019,Endre: An end-system redundancy elimination service for enterprises,"Aggarwal B., Akella A., Anand A., Balachandran A., Chitnis P., Muthukrishnan C., Ramjee R., Varghese G.",,Proceedings of NSDI 2010: 7th USENIX Symposium on Networked Systems Design and Implementation,, ,0,0,0,0,0,0,0,0,0,0,0,0,0,0,0,0,0,0,0,0,0,0,0,0,0,0,0,0,0,0,0,0,0,0,0,0,0,0,0,0,0,0,3,6,3,4,4,7,3,6,2,1,0,39
2009,Graph-based P2P traffic classification at the internet backbone,"Iliofotou M., Hyun-chul K., Faloutsos M., Mitzenmacher M., Pappu P., Varghese G.",0743166X,Proceedings - IEEE INFOCOM,, ,0,0,0,0,0,0,0,0,0,0,0,0,0,0,0,0,0,0,0,0,0,0,0,0,0,0,0,0,0,0,0,0,0,0,0,0,0,0,0,0,2,4,2,4,10,5,1,1,3,2,2,0,0,36
2003,Fast and scalable conflict detection for packet classifiers,"Baboescu F., Varghese G.",13891286,Computer Networks,42,6,0,0,0,0,0,0,0,0,0,0,0,0,0,0,0,0,0,0,0,0,0,0,0,0,0,0,0,0,0,0,0,0,0,0,0,2,1,3,2,6,4,4,1,6,1,2,1,1,1,0,1,0,0,36
2001,Fast firewall implementations for software and hardware-based routers,"Qiu L., Varghese G., Suri S.",,International Conference on Network Protocols,, ,0,0,0,0,0,0,0,0,0,0,0,0,0,0,0,0,0,0,0,0,0,0,0,0,0,0,0,0,0,0,0,0,0,1,5,2,6,3,3,3,2,6,2,1,0,0,0,0,0,0,0,0,0,34
1996,Trading packet headers for packet processing,"Chandranmenon G.P., Varghese G.",10636692,IEEE/ACM Transactions on Networking,4,2,0,0,0,0,0,0,0,0,0,0,0,0,0,0,0,0,0,0,0,0,0,0,0,0,0,0,0,0,1,1,3,1,3,2,2,6,7,1,3,3,0,0,0,1,0,0,0,0,0,0,0,0,0,34
2015,Wanalytics: Geo-distributed analytics for a data intensive world,"Vulimiri A., Curino C., Godfrey P.B., Jungblut T., Karanasos K., Padhye J., Varghese G.",7308078,Proceedings of the ACM SIGMOD International Conference on Management of Data,2015-, ,0,0,0,0,0,0,0,0,0,0,0,0,0,0,0,0,0,0,0,0,0,0,0,0,0,0,0,0,0,0,0,0,0,0,0,0,0,0,0,0,0,0,0,0,0,0,1,6,4,11,8,3,0,33
2010,Leaping multiple headers in a single bound: Wire-speed parsing using the Kangaroo system,"Kozanitis C., Huber J., Singh S., Varghese G.",0743166X,Proceedings - IEEE INFOCOM,, ,0,0,0,0,0,0,0,0,0,0,0,0,0,0,0,0,0,0,0,0,0,0,0,0,0,0,0,0,0,0,0,0,0,0,0,0,0,0,0,0,0,0,1,3,5,5,2,5,2,7,3,0,0,33
2002,Fast and scalable conflict detection for packet classifiers,"Baboescu F., Varghese G.",10921648,"Proceedings - International Conference on Network Protocols, ICNP",, ,0,0,0,0,0,0,0,0,0,0,0,0,0,0,0,0,0,0,0,0,0,0,0,0,0,0,0,0,0,0,0,0,0,0,0,2,4,2,5,3,4,2,2,4,3,0,0,1,1,0,0,0,0,33
1994,Self-stabilization by local checking and global reset,"Awerbuch B., Patt-Shamir B., Varghese G., Dolev S.",3029743,Lecture Notes in Computer Science (including subseries Lecture Notes in Artificial Intelligence and Lecture Notes in Bioinformatics),857, ,0,0,0,0,0,0,0,0,0,0,0,0,0,0,0,0,0,0,0,0,0,0,0,0,0,0,1,0,0,0,1,0,1,0,2,1,1,0,2,0,1,5,2,0,2,1,3,1,0,3,4,1,0,32
2009,Every microsecond counts: Tracking fine-grain latencies with a lossy difference aggregator,"Kompella R.R., Levchenko K., Snoeren A.C., Varghese G.",1464833,Computer Communication Review,39,4,0,0,0,0,0,0,0,0,0,0,0,0,0,0,0,0,0,0,0,0,0,0,0,0,0,0,0,0,0,0,0,0,0,0,0,0,0,0,0,0,0,0,0,3,3,5,3,7,3,3,3,0,0,30
2014,Automatic test packet generation,"Zeng H., Kazemian P., Varghese G., McKeown N.",10636692,IEEE/ACM Transactions on Networking,22,2,0,0,0,0,0,0,0,0,0,0,0,0,0,0,0,0,0,0,0,0,0,0,0,0,0,0,0,0,0,0,0,0,0,0,0,0,0,0,0,0,0,0,0,0,0,1,3,4,2,6,10,1,0,27
2012,Biff (Bloom filter) codes: Fast error correction for large data sets,"Mitzenmacher M., Varghese G.",,IEEE International Symposium on Information Theory - Proceedings,, ,0,0,0,0,0,0,0,0,0,0,0,0,0,0,0,0,0,0,0,0,0,0,0,0,0,0,0,0,0,0,0,0,0,0,0,0,0,0,0,0,0,0,0,3,1,5,4,6,2,2,4,0,0,27
2000,Memory-efficient state lookups with fast updates,"Sikka S., Varghese G.",1464833,Computer Communication Review,30,4,0,0,0,0,0,0,0,0,0,0,0,0,0,0,0,0,0,0,0,0,0,0,0,0,0,0,0,0,0,0,0,0,2,4,5,3,1,2,1,2,1,1,0,3,0,1,0,0,0,0,0,0,0,26
1999,An Architecture for Packet-Striping Protocols,"Hari A., Varghese G., Parulkar G.",7342071,ACM Transactions on Computer Systems,17,4,0,0,0,0,0,0,0,0,0,0,0,0,0,0,0,0,0,0,0,0,0,0,0,0,0,0,0,0,0,0,0,0,0,1,1,6,1,2,2,2,1,2,1,1,2,1,1,1,0,1,0,0,0,26
1994,Reliable and efficient hop-by-hop flow control,"Ozveren C., Simcoe R., Varghese G.",,"Proceedings of the Conference on Communications Architectures, Protocols and Applications, SIGCOMM 1994",, ,0,0,0,0,0,0,0,0,0,0,0,0,0,0,0,0,0,0,0,0,0,0,0,0,0,0,1,2,0,3,2,3,0,1,0,2,1,1,1,2,2,0,2,0,1,0,0,0,1,0,1,0,0,26
1994,Self-stabilization by counter flushing,Varghese G.,,Proceedings of the Annual ACM Symposium on Principles of Distributed Computing,129432, ,0,0,0,0,0,0,0,0,0,0,0,0,0,0,0,0,0,0,0,0,0,0,0,0,0,1,1,0,0,0,1,2,1,3,1,0,2,1,1,0,1,0,1,3,0,4,1,1,1,0,0,0,0,26
2004,A uniform projection method for motif discovery in DNA sequences,"Raphael B., Liu L.-T., Varghese G.",15455963,IEEE/ACM Transactions on Computational Biology and Bioinformatics,1,2,0,0,0,0,0,0,0,0,0,0,0,0,0,0,0,0,0,0,0,0,0,0,0,0,0,0,0,0,0,0,0,0,0,0,0,0,2,3,1,6,1,1,0,1,1,3,1,0,1,0,3,0,0,24
1997,Hashed and hierarchical timing wheels: Efficient data structures for implementing a timer facility,"Varghese G., Lauck A.",10636692,IEEE/ACM Transactions on Networking,5,6,0,0,0,0,0,0,0,0,0,0,0,0,0,0,0,0,0,0,0,0,0,0,0,0,0,0,0,0,0,0,0,1,1,0,0,0,3,1,0,0,3,1,3,2,1,1,3,0,0,1,2,1,0,24
2016,Efficient network reachability analysis using a succinct control plane representation,"Fayaz S.K., Sharma T., Fogel A., Mahajan R., Millstein T., Sekar V., Varghese G.",,"Proceedings of the 12th USENIX Symposium on Operating Systems Design and Implementation, OSDI 2016",, ,0,0,0,0,0,0,0,0,0,0,0,0,0,0,0,0,0,0,0,0,0,0,0,0,0,0,0,0,0,0,0,0,0,0,0,0,0,0,0,0,0,0,0,0,0,0,0,0,7,7,9,0,0,23
2006,Detecting evasion attacks at high speeds without reassembly,"Varghese G., Andrew Fingerhut J., Bonomi F.",1464833,Computer Communication Review,36,4,0,0,0,0,0,0,0,0,0,0,0,0,0,0,0,0,0,0,0,0,0,0,0,0,0,0,0,0,0,0,0,0,0,0,0,0,0,0,0,0,2,2,2,1,3,3,1,3,3,0,3,0,0,23
2004,On the difficulty of scalably detecting network attacks,"Levchenko K., Paturi R., Varghese G.",15437221,Proceedings of the ACM Conference on Computer and Communications Security,, ,0,0,0,0,0,0,0,0,0,0,0,0,0,0,0,0,0,0,0,0,0,0,0,0,0,0,0,0,0,0,0,0,0,0,0,1,2,6,4,4,2,0,1,1,1,0,0,0,0,1,0,0,0,23
2000,Self-stabilization by counter flushing,Varghese G.,975397,SIAM Journal on Computing,30,2,0,0,0,0,0,0,0,0,0,0,0,0,0,0,0,0,0,0,0,0,0,0,0,0,0,0,0,0,0,0,0,0,2,0,1,1,1,1,2,2,2,2,2,1,1,1,0,0,1,0,2,1,0,23
1996,Constraint satisfaction as a basis for designing nonmasking fault-tolerance,"Arora A., Gouda M., Varghese G.",9266801,Journal of High Speed Networks,5,3,0,0,0,0,0,0,0,0,0,0,0,0,0,0,0,0,0,0,0,0,0,0,0,0,0,0,0,0,0,2,2,0,1,1,0,1,0,0,0,0,2,0,2,3,1,1,3,2,1,1,0,0,0,23
2015,High speed networks need proactive congestion control,"Jose L., Yan L., Alizadeh M., Varghese G., McKeown N., Katti S.",,"Proceedings of the 14th ACM Workshop on Hot Topics in Networks, HotNets-XIV 2015",, ,0,0,0,0,0,0,0,0,0,0,0,0,0,0,0,0,0,0,0,0,0,0,0,0,0,0,0,0,0,0,0,0,0,0,0,0,0,0,0,0,0,0,0,0,0,0,0,5,4,7,5,1,0,22
2007,A time-optimal self-stabilizing synchronizer using a phase clock,"Awerbuch B., Kutten S., Mansour Y., Patt-Shamir B., Varghese G.",15455971,IEEE Transactions on Dependable and Secure Computing,4,3,0,0,0,0,0,0,0,0,0,0,0,0,0,0,0,0,0,0,0,0,0,0,0,0,0,0,0,0,0,0,0,0,0,0,0,0,0,0,0,0,0,3,2,2,3,1,1,1,4,3,0,0,0,20
2016,Scaling network verification using symmetry and surgery,"Plotkin G.D., Bjorner N., Lopes N.P., Rybalchenko A., Varghese G.",7308566,Conference Record of the Annual ACM Symposium on Principles of Programming Languages,20-22-, ,0,0,0,0,0,0,0,0,0,0,0,0,0,0,0,0,0,0,0,0,0,0,0,0,0,0,0,0,0,0,0,0,0,0,0,0,0,0,0,0,0,0,0,0,0,0,0,2,8,4,5,0,0,19
2011,Efficiently measuring bandwidth at all time scales,"Uyeda F., Foschini L., Baker F., Suri S., Varghese G.",,Proceedings of NSDI 2011: 8th USENIX Symposium on Networked Systems Design and Implementation,, ,0,0,0,0,0,0,0,0,0,0,0,0,0,0,0,0,0,0,0,0,0,0,0,0,0,0,0,0,0,0,0,0,0,0,0,0,0,0,0,0,0,0,0,0,1,1,1,4,3,4,2,3,0,19
2010,Compressing genomic sequence fragments using SLIMGENE,"Kozanitis C., Saunders C., Kruglyak S., Bafna V., Varghese G.",3029743,Lecture Notes in Computer Science (including subseries Lecture Notes in Artificial Intelligence and Lecture Notes in Bioinformatics),6044, ,0,0,0,0,0,0,0,0,0,0,0,0,0,0,0,0,0,0,0,0,0,0,0,0,0,0,0,0,0,0,0,0,0,0,0,0,0,0,0,0,0,1,2,5,5,3,1,0,0,1,0,0,0,18
2006,Parallelism versus memory allocation in pipelined router forwarding engines,"Chung F., Graham R., Mao J., Varghese G.",14324350,Theory of Computing Systems,39,6,0,0,0,0,0,0,0,0,0,0,0,0,0,0,0,0,0,0,0,0,0,0,0,0,0,0,0,0,0,0,0,0,0,0,0,0,0,0,1,1,1,2,1,1,3,2,0,3,1,2,0,0,0,18
2004,The measurement manifesto,"Varghese G., Estan C.",1464833,Computer Communication Review,34,1,0,0,0,0,0,0,0,0,0,0,0,0,0,0,0,0,0,0,0,0,0,0,0,0,0,0,0,0,0,0,0,0,0,0,0,0,2,1,3,1,1,2,1,2,0,1,0,1,0,1,1,0,0,17
2003,Catching accurate profiles in hardware,"Narayanasamy S., Sherwood T., Sair S., Calder B., Varghese G.",15300897,Proceedings - International Symposium on High-Performance Computer Architecture,12, ,0,0,0,0,0,0,0,0,0,0,0,0,0,0,0,0,0,0,0,0,0,0,0,0,0,0,0,0,0,0,0,0,0,0,2,0,2,1,1,3,3,0,1,1,0,0,1,0,1,0,0,0,0,16
1996,Self-stabilizing end-to-end communication,"Awerbuch B., Patt-Shamir B., Varghese G.",9266801,Journal of High Speed Networks,5,4,0,0,0,0,0,0,0,0,0,0,0,0,0,0,0,0,0,0,0,0,0,0,0,0,0,0,0,0,0,0,0,4,1,0,1,2,0,0,0,1,0,2,0,1,1,0,0,2,1,0,0,0,0,16
1996,Crash failures can drive protocols to arbitrary states,"Jayaram Mahesh, Varghese George",,Proceedings of the Annual ACM Symposium on Principles of Distributed Computing,, ,0,0,0,0,0,0,0,0,0,0,0,0,0,0,0,0,0,0,0,0,0,0,0,0,0,0,0,0,0,0,0,0,0,1,5,1,1,3,1,0,0,1,0,0,1,1,1,0,0,0,0,0,0,16
2001,Multiway range trees: Scalable IP lookup with fast updates,"Suri S., Varghese G., Warkhede P.R.",,Conference Record / IEEE Global Telecommunications Conference,3, ,0,0,0,0,0,0,0,0,0,0,0,0,0,0,0,0,0,0,0,0,0,0,0,0,0,0,0,0,0,0,0,0,0,0,1,1,4,2,1,1,0,0,0,0,1,0,1,0,0,2,1,0,0,15
2019,"Gestalt: Fast, unified fault localization for networked systems","Mysore R.N., Mahajan R., Vahdat A., Varghese G.",,"Proceedings of the 2014 USENIX Annual Technical Conference, USENIX ATC 2014",, ,0,0,0,0,0,0,0,0,0,0,0,0,0,0,0,0,0,0,0,0,0,0,0,0,0,0,0,0,0,0,0,0,0,0,0,0,0,0,0,0,0,0,0,0,0,0,1,1,3,3,6,0,0,14
2017,Correct by construction networks using stepwise refinement,"Ryzhyk L., Bjorner N., Canini M., Jeannin J.-B., Schlesinger C., Terry D.B., Varghese G.",,"Proceedings of the 14th USENIX Symposium on Networked Systems Design and Implementation, NSDI 2017",, ,0,0,0,0,0,0,0,0,0,0,0,0,0,0,0,0,0,0,0,0,0,0,0,0,0,0,0,0,0,0,0,0,0,0,0,0,0,0,0,0,0,0,0,0,0,0,0,0,3,4,7,0,0,14
2014,Using genome query language to uncover genetic variation,"Kozanitis C., Heiberg A., Varghese G., Bafna V.",13674803,Bioinformatics,30,1,0,0,0,0,0,0,0,0,0,0,0,0,0,0,0,0,0,0,0,0,0,0,0,0,0,0,0,0,0,0,0,0,0,0,0,0,0,0,0,0,0,0,0,0,0,0,4,2,4,0,4,0,0,14
1998,An exercise in formal reasoning about mobile communications,"Murphy A.L., Roman G.-C., Varghese G.",,"Proceedings of the 9th International Workshop on Software Specification and Design, IWSSD 1998",, ,0,0,0,0,0,0,0,0,0,0,0,0,0,0,0,0,0,0,0,0,0,0,0,0,0,0,0,0,0,0,1,0,0,1,2,0,3,2,1,0,3,0,0,0,0,0,0,0,0,0,0,0,0,13
2000,The Fault Span of Crash Failures,"Varghese G., Jayaram M.S.H.",45411,Journal of the ACM,47,2,0,0,0,0,0,0,0,0,0,0,0,0,0,0,0,0,0,0,0,0,0,0,0,0,0,0,0,0,0,0,0,0,0,1,1,1,1,0,0,0,0,2,1,0,2,1,1,0,1,0,0,0,0,12
1994,Bounding the unbounded,"Awerbuch Baruch, Patt-Shamir Boaz, Varghese George",0743166X,Proceedings - IEEE INFOCOM,2, ,0,0,0,0,0,0,0,0,0,0,0,0,0,0,0,0,0,0,0,0,0,0,0,0,0,0,0,0,0,0,1,0,0,2,0,1,2,1,2,0,0,0,1,0,0,0,1,0,0,0,1,0,0,12
2013,Abstractions for genomics,"Bafna V., Deutsch A., Heiberg A., Kozanitis C., Ohno-Machado L., Varghese G.",10782,Communications of the ACM,56,1,0,0,0,0,0,0,0,0,0,0,0,0,0,0,0,0,0,0,0,0,0,0,0,0,0,0,0,0,0,0,0,0,0,0,0,0,0,0,0,0,0,0,0,0,1,2,2,1,2,2,1,0,0,11
2011,Fine-grained latency and loss measurements in the presence of reordering,"Lee M., Goldberg S., Kompella R.R., Varghese G.",1635999,Performance Evaluation Review,39,1,0,0,0,0,0,0,0,0,0,0,0,0,0,0,0,0,0,0,0,0,0,0,0,0,0,0,0,0,0,0,0,0,0,0,0,0,0,0,0,0,0,0,0,0,0,4,0,4,2,1,0,0,0,11
2006,Bloom filters via d-left hashing and dynamic bit reassignment extended abstract,"Bonomi F., Mitzenmacher M., Panigraphy R., Singh S., Varghese G.",,"44th Annual Allerton Conference on Communication, Control, and Computing 2006",2, ,0,0,0,0,0,0,0,0,0,0,0,0,0,0,0,0,0,0,0,0,0,0,0,0,0,0,0,0,0,0,0,0,0,0,0,0,0,0,0,1,0,1,0,0,1,0,1,2,2,1,1,1,0,11
1988,Pitfalls in the design of distributed routing algorithms,"Perlman R., Varghese G.",,"Symposium Proceedings on Communications Architectures and Protocols, SIGCOMM 1988",, ,0,0,0,0,0,0,0,0,0,0,0,0,0,0,0,0,0,0,0,0,0,1,0,0,0,0,0,0,1,0,2,2,2,0,1,0,0,1,0,0,0,0,0,0,0,0,0,0,0,0,0,0,0,10
2014,Adtributor: Revenue debugging in advertising systems,"Bhagwan R., Kumar R., Ramjee R., Varghese G., Mohapatra S., Manoharan H., Shah P.",,"Proceedings of the 11th USENIX Symposium on Networked Systems Design and Implementation, NSDI 2014",, ,0,0,0,0,0,0,0,0,0,0,0,0,0,0,0,0,0,0,0,0,0,0,0,0,0,0,0,0,0,0,0,0,0,0,0,0,0,0,0,0,0,0,0,0,0,0,1,3,1,2,2,0,0,9
2005,A lower bound for multicast key distribution,"Snoeyink J., Suri S., Varghese G.",13891286,Computer Networks,47,3,0,0,0,0,0,0,0,0,0,0,0,0,0,0,0,0,0,0,0,0,0,0,0,0,0,0,0,0,0,0,0,0,0,0,0,0,0,0,1,1,0,1,1,1,1,2,1,0,0,0,0,0,0,9
1990,Transparent Interconnection of Incompatible Local Area Networks Using Bridges,"Varghese G., Perlman R.",7338716,IEEE Journal on Selected Areas in Communications,8,1,0,0,0,0,0,0,0,0,0,0,0,0,0,0,0,0,0,0,0,0,0,1,1,2,0,0,1,2,0,0,0,0,0,1,0,0,0,0,0,0,0,0,1,0,0,0,0,0,0,0,0,0,0,9
2012,"The complexity of object reconciliation, and open problems related to set difference and coding","Mitzenmacher M., Varghese G.",,"2012 50th Annual Allerton Conference on Communication, Control, and Computing, Allerton 2012",, ,0,0,0,0,0,0,0,0,0,0,0,0,0,0,0,0,0,0,0,0,0,0,0,0,0,0,0,0,0,0,0,0,0,0,0,0,0,0,0,0,0,0,0,0,0,2,0,3,0,2,1,0,0,8
2002,Counting the number of active flows on a high speed link,"Estan C., Varghese G., Fisk M.",1464833,Computer Communication Review,32,3,0,0,0,0,0,0,0,0,0,0,0,0,0,0,0,0,0,0,0,0,0,0,0,0,0,0,0,0,0,0,0,0,0,0,0,3,1,2,1,0,0,0,0,0,0,0,0,1,0,0,0,0,0,8
2001,Fast firewall implementations for software and hardware-based routers,"Qiu L., Varghese G., Suri S.",1635999,Performance Evaluation Review,29,1,0,0,0,0,0,0,0,0,0,0,0,0,0,0,0,0,0,0,0,0,0,0,0,0,0,0,0,0,0,0,0,0,0,0,0,0,4,0,1,0,0,0,1,2,0,0,0,0,0,0,0,0,0,8
1998,Reconsidering fragmentation and reassembly,"Chandranmenon Girish P., Varghese George",,Proceedings of the Annual ACM Symposium on Principles of Distributed Computing,, ,0,0,0,0,0,0,0,0,0,0,0,0,0,0,0,0,0,0,0,0,0,0,0,0,0,0,0,0,0,0,0,0,1,1,1,0,1,0,0,2,0,0,1,0,0,0,0,0,0,0,1,0,0,8
2009,CrossTalk: Scalably interconnecting instant messaging networks,"Motoyama M., Varghese G.",,"SIGCOMM 2009 - Proceedings of the 2009 SIGCOMM Conference and Co-Located Workshops, Proceedings of the 2nd ACM Workshop on Online Social Networks, WOSN 2009",, ,0,0,0,0,0,0,0,0,0,0,0,0,0,0,0,0,0,0,0,0,0,0,0,0,0,0,0,0,0,0,0,0,0,0,0,0,0,0,0,0,1,1,2,1,1,0,0,1,0,0,0,0,0,7
2008,Network Security: Know it all,"Joshi J., Bagchi S., Davie B.S., Farrel A., Foo B., Garg V.K., Glause M.W., Modelo-Howard G., Krishnamurthy P., Loshin P., McCabe J.D., Ni L.M., Peterson L.L., Ramaswami R., Sivarajan K.N., Spafford E.H., Varghese G., Wu Y.-S., Zheng P.",,Network Security: Know it all,, ,0,0,0,0,0,0,0,0,0,0,0,0,0,0,0,0,0,0,0,0,0,0,0,0,0,0,0,0,0,0,0,0,0,0,0,0,0,0,0,0,0,0,0,1,1,2,1,1,0,1,0,0,0,7
2004,Light-weight multicast services (LMS): A router-assisted scheme for reliable multicast,"Papadopoulos C., Parulkar G., Varghese G.",10636692,IEEE/ACM Transactions on Networking,12,3,0,0,0,0,0,0,0,0,0,0,0,0,0,0,0,0,0,0,0,0,0,0,0,0,0,0,0,0,0,0,0,0,0,0,0,0,0,0,2,1,0,3,0,0,0,0,0,0,0,0,1,0,0,7
1999,Packet filtering in high speed networks,"Suri Subhash, Varghese George",,Proceedings of the Annual ACM-SIAM Symposium on Discrete Algorithms,, ,0,0,0,0,0,0,0,0,0,0,0,0,0,0,0,0,0,0,0,0,0,0,0,0,0,0,0,0,0,0,0,0,0,0,1,0,1,2,0,0,1,0,2,0,0,0,0,0,0,0,0,0,0,7
1996,A Tradeoff between Safety and Liveness for Randomized Coordinated Attack,"Varghese G., Lynch N.A.",8905401,Information and Computation,128,1,0,0,0,0,0,0,0,0,0,0,0,0,0,0,0,0,0,0,0,0,0,0,0,0,0,0,0,0,0,0,0,0,0,0,0,0,1,0,3,1,1,0,1,0,0,0,0,0,0,0,0,0,0,7
1995,Trading packet headers for packet processing,"Chandranmenon G.P., Varghese G.",,"Proceedings of the Conference on Applications, Technologies, Architectures, and Protocols for Computer Communication, SIGCOMM 1995",, ,0,0,0,0,0,0,0,0,0,0,0,0,0,0,0,0,0,0,0,0,0,0,0,0,0,0,0,2,2,0,0,0,1,0,1,1,0,0,0,0,0,0,0,0,0,0,0,0,0,0,0,0,0,7
2016,ddNF: An efficient data structure for header spaces,"Bjorner N., Juniwal G., Mahajan R., Seshia S.A., Varghese G.",3029743,Lecture Notes in Computer Science (including subseries Lecture Notes in Artificial Intelligence and Lecture Notes in Bioinformatics),10028, ,0,0,0,0,0,0,0,0,0,0,0,0,0,0,0,0,0,0,0,0,0,0,0,0,0,0,0,0,0,0,0,0,0,0,0,0,0,0,0,0,0,0,0,0,0,0,0,0,1,1,3,1,0,6
2003,The Impact of Address Allocation and Routing on the Structure and Implementation of Routing Tables,"Narayan H., Govindan R., Varghese G.",1464833,Computer Communication Review,33,4,0,0,0,0,0,0,0,0,0,0,0,0,0,0,0,0,0,0,0,0,0,0,0,0,0,0,0,0,0,0,0,0,0,0,0,0,0,0,1,1,1,0,0,0,0,1,0,1,0,1,0,0,0,6
2002,Agile and Scalable Analysis of Network Events,"Fisk M., Varghese G.",,Proceedings of the 2nd Internet Measurement Workshop (IMW 2002),, ,0,0,0,0,0,0,0,0,0,0,0,0,0,0,0,0,0,0,0,0,0,0,0,0,0,0,0,0,0,0,0,0,0,0,1,0,0,2,0,0,1,0,0,0,1,1,0,0,0,0,0,0,0,6
1997,Complexity of crash failures,"Jayaram Mahesh, Varghese George",,Proceedings of the Annual ACM Symposium on Principles of Distributed Computing,, ,0,0,0,0,0,0,0,0,0,0,0,0,0,0,0,0,0,0,0,0,0,0,0,0,0,0,0,0,0,0,0,1,0,0,0,0,1,2,1,0,0,1,0,0,0,0,0,0,0,0,0,0,0,6
1996,Self-stabilization by window washing,"Costello Adam M., Varghese George",,Proceedings of the Annual ACM Symposium on Principles of Distributed Computing,, ,0,0,0,0,0,0,0,0,0,0,0,0,0,0,0,0,0,0,0,0,0,0,0,0,0,0,0,0,0,0,0,1,0,0,1,0,0,1,0,0,1,0,0,1,0,1,0,0,0,0,0,0,0,6
1994,Constraint satisfaction as a basis for designing nonmasking fault-tolerance,"Arora Anish, Gouda Mohamed, Varghese George",,Proceedings - International Conference on Distributed Computing Systems,, ,0,0,0,0,0,0,0,0,0,0,0,0,0,0,0,0,0,0,0,0,0,0,0,0,0,1,0,1,0,0,0,1,0,0,0,0,0,0,0,0,0,0,2,0,0,0,0,1,0,0,0,0,0,6
1988,Choosing the Appropriate ISO Layer for LAN Interconnection,"Perlman R., Harvey A., Varghese G.",8908044,IEEE Network,2,1,0,0,0,0,0,0,0,0,0,0,0,0,0,0,0,0,0,0,0,0,0,2,1,1,0,0,1,0,0,0,0,0,0,1,0,0,0,0,0,0,0,0,0,0,0,0,0,0,0,0,0,0,0,6
2019,MIG: Efficient migration of desktop VMs using semantic compression,"Rai A., Ramjee R., Anand A., Padmanabhan V.N., Varghese G.",,"Proceedings of the 2013 USENIX Annual Technical Conference, USENIX ATC 2013",, ,0,0,0,0,0,0,0,0,0,0,0,0,0,0,0,0,0,0,0,0,0,0,0,0,0,0,0,0,0,0,0,0,0,0,0,0,0,0,0,0,0,0,0,0,0,1,1,1,2,0,0,0,0,5
2015,Life in the fast lane-viewed from the confluence lens,Varghese G.,1464833,Computer Communication Review,45,1,0,0,0,0,0,0,0,0,0,0,0,0,0,0,0,0,0,0,0,0,0,0,0,0,0,0,0,0,0,0,0,0,0,0,0,0,0,0,0,0,0,0,0,0,0,0,0,2,3,0,0,0,0,5
2009,mPlane: An architecture for scalable fault localization,"Kompella R.R., Snoeren A.C., Varghese G.",,"Proceedings of the 2009 ACM Conference on Emerging Networking Experiments and Technologies, CoNEXT'09 - Co-located 2009 Workshop on Re-Architecting the Internet, ReArch'09",, ,0,0,0,0,0,0,0,0,0,0,0,0,0,0,0,0,0,0,0,0,0,0,0,0,0,0,0,0,0,0,0,0,0,0,0,0,0,0,0,0,0,3,1,0,1,0,0,0,0,0,0,0,0,5
2004,Parallelism versus memory allocation in pipelined router forwarding engines,"Chung F., Graham R., Varghese G.",,Annual ACM Symposium on Parallel Algorithms and Architectures,16, ,0,0,0,0,0,0,0,0,0,0,0,0,0,0,0,0,0,0,0,0,0,0,0,0,0,0,0,0,0,0,0,0,0,0,0,0,0,2,0,1,2,0,0,0,0,0,0,0,0,0,0,0,0,5
2002,Tracking mobile units for dependable message delivery,"Murphy A.L., Roman G.-C., Varghese G.",985589,IEEE Transactions on Software Engineering,28,5,0,0,0,0,0,0,0,0,0,0,0,0,0,0,0,0,0,0,0,0,0,0,0,0,0,0,0,0,0,0,0,0,0,0,0,2,0,0,0,0,0,0,2,0,0,1,0,0,0,0,0,0,0,5
1992,Tradeoff between safety and liveness for randomized coordinated attack protocols,"Varghese George, Lynch Nancy A.",,Proceedings of the Annual ACM Symposium on Principles of Distributed Computing,, ,0,0,0,0,0,0,0,0,0,0,0,0,0,0,0,0,0,0,0,0,0,0,0,0,0,0,0,0,0,0,0,0,1,0,0,0,1,0,0,1,0,0,2,0,0,0,0,0,0,0,0,0,0,5
2016,Scaling network verification using symmetry and surgery,"Plotkin G.D., Bjorner N., Lopes N.P., Rybalchenko A., Varghese G.",15232867,ACM SIGPLAN Notices,51,1,0,0,0,0,0,0,0,0,0,0,0,0,0,0,0,0,0,0,0,0,0,0,0,0,0,0,0,0,0,0,0,0,0,0,0,0,0,0,0,0,0,0,0,0,0,0,0,0,2,0,2,0,0,4
2001,Reducing web latency using reference point caching,"Chandranmenon G.P., Varghese G.",0743166X,Proceedings - IEEE INFOCOM,3, ,0,0,0,0,0,0,0,0,0,0,0,0,0,0,0,0,0,0,0,0,0,0,0,0,0,0,0,0,0,0,0,0,0,2,0,1,0,0,0,0,0,0,0,0,0,0,0,0,1,0,0,0,0,4
2016,Measurement based fair queuing for allocating bandwidth to virtual machines,"To K., Padhye J., Varghese G., Firestone D.",,"HotMiddlebox 2016 - Proceedings of the 2016 ACM SIGCOMM Workshop on Hot Topics in Middleboxes and Network Function Virtualization, Part of SIGCOMM 2016",, ,0,0,0,0,0,0,0,0,0,0,0,0,0,0,0,0,0,0,0,0,0,0,0,0,0,0,0,0,0,0,0,0,0,0,0,0,0,0,0,0,0,0,0,0,0,0,0,0,1,2,0,0,0,3
2015,Technical perspective: Treating networks like programs,Varghese G.,10782,Communications of the ACM,58,11,0,0,0,0,0,0,0,0,0,0,0,0,0,0,0,0,0,0,0,0,0,0,0,0,0,0,0,0,0,0,0,0,0,0,0,0,0,0,0,0,0,0,0,0,0,0,0,1,0,1,1,0,0,3
2012,Router support for fine-grained latency measurements,"Kompella R.R., Levchenko K., Snoeren A.C., Varghese G.",10636692,IEEE/ACM Transactions on Networking,20,3,0,0,0,0,0,0,0,0,0,0,0,0,0,0,0,0,0,0,0,0,0,0,0,0,0,0,0,0,0,0,0,0,0,0,0,0,0,0,0,0,0,0,0,0,0,0,0,2,0,1,0,0,0,3
1997,Algorithm for message delivery to mobile units,"Murphy Amy L., Roman Gruia-Catalin, Varghese George",,Proceedings of the Annual ACM Symposium on Principles of Distributed Computing,, ,0,0,0,0,0,0,0,0,0,0,0,0,0,0,0,0,0,0,0,0,0,0,0,0,0,0,0,0,0,0,0,0,0,0,0,1,1,0,0,0,0,0,0,0,0,0,0,0,1,0,0,0,0,3
1997,Leap forward virtual clock: a new fair queuing scheme with guaranteed delays and throughput fairness,"Suri Subhash, Varghese George, Chandranmenon Girish",,Proceedings of the Annual ACM Symposium on Principles of Distributed Computing,, ,0,0,0,0,0,0,0,0,0,0,0,0,0,0,0,0,0,0,0,0,0,0,0,0,0,0,0,0,0,0,0,0,0,0,0,0,0,0,0,0,1,0,0,0,0,1,0,1,0,0,0,0,0,3
1994,The pessimism behind optimistic simulation,"Varghese G., Chamberlain R., Weihl W.E.",,"Proceedings of the 8th Workshop on Parallel and Distributed Simulation, PADS 1994",, ,0,0,0,0,0,0,0,0,0,0,0,0,0,0,0,0,0,0,0,0,0,0,0,0,0,0,0,1,0,0,0,0,0,1,0,0,1,0,0,0,0,0,0,0,0,0,0,0,0,0,0,0,0,3
2014,FineComb: Measuring microscopic latency and loss in the presence of reordering,"Lee M., Goldberg S., Kompella R.R., Varghese G.",10636692,IEEE/ACM Transactions on Networking,22,4,0,0,0,0,0,0,0,0,0,0,0,0,0,0,0,0,0,0,0,0,0,0,0,0,0,0,0,0,0,0,0,0,0,0,0,0,0,0,0,0,0,0,0,0,0,0,0,1,0,0,1,0,0,2
2012,Lattice games and the economics of aggregators,"Jordan P.R., Nadav U., Punera K., Skrzypacz A., Varghese G.",,WWW'12 - Proceedings of the 21st Annual Conference on World Wide Web,, ,0,0,0,0,0,0,0,0,0,0,0,0,0,0,0,0,0,0,0,0,0,0,0,0,0,0,0,0,0,0,0,0,0,0,0,0,0,0,0,0,0,0,0,0,0,2,0,0,0,0,0,0,0,2
2006,Fast packet classification for two-dimensional conflict-free filters,"Baboescu F., Warkhede P., Suri S., Varghese G.",13891286,Computer Networks,50,11,0,0,0,0,0,0,0,0,0,0,0,0,0,0,0,0,0,0,0,0,0,0,0,0,0,0,0,0,0,0,0,0,0,0,0,0,0,0,0,0,0,0,0,1,1,0,0,0,0,0,0,0,0,2
1998,Redesigning the BSD timer facilities,"Costello A.M., Varghese G.",380644,Software - Practice and Experience,28,8,0,0,0,0,0,0,0,0,0,0,0,0,0,0,0,0,0,0,0,0,0,0,0,0,0,0,0,0,0,0,0,0,1,1,0,0,0,0,0,0,0,0,0,0,0,0,0,0,0,0,0,0,0,2
2019,Carousel: Scalable logging for intrusion prevention systems,"Lam V.T., Mitzenmacher M., Varghese G.",,Proceedings of NSDI 2010: 7th USENIX Symposium on Networked Systems Design and Implementation,, ,0,0,0,0,0,0,0,0,0,0,0,0,0,0,0,0,0,0,0,0,0,0,0,0,0,0,0,0,0,0,0,0,0,0,0,0,0,0,0,0,0,0,0,0,0,1,0,0,0,0,0,0,0,1
2013,Scalable Social Coordination with Group Constraints using Enmeshed Queries,"Chen J., Machanavajjhala A., Varghese G.",,CIDR 2013 - 6th Biennial Conference on Innovative Data Systems Research,, ,0,0,0,0,0,0,0,0,0,0,0,0,0,0,0,0,0,0,0,0,0,0,0,0,0,0,0,0,0,0,0,0,0,0,0,0,0,0,0,0,0,0,0,0,1,0,0,0,0,0,0,0,0,1
2009,GrassRoots: Socially-driven web sites for the masses,"Uyeda F., Gupta D., Vahdat A., Varghese G.",,"SIGCOMM 2009 - Proceedings of the 2009 SIGCOMM Conference and Co-Located Workshops, Proceedings of the 2nd ACM Workshop on Online Social Networks, WOSN 2009",, ,0,0,0,0,0,0,0,0,0,0,0,0,0,0,0,0,0,0,0,0,0,0,0,0,0,0,0,0,0,0,0,0,0,0,0,0,0,0,0,0,0,1,0,0,0,0,0,0,0,0,0,0,0,1
2007,10 Network papers that changed the world,Varghese G.,1464833,Computer Communication Review,37,5,0,0,0,0,0,0,0,0,0,0,0,0,0,0,0,0,0,0,0,0,0,0,0,0,0,0,0,0,0,0,0,0,0,0,0,0,0,0,0,0,0,0,0,0,0,0,1,0,0,0,0,0,0,1
2004,Reduced state fair queuing for edge and core routers,"Kompella R.R., Varghese G.",,Proceedings of the International Workshop on Network and Operating System Support for Digital Audio and Video,, ,0,0,0,0,0,0,0,0,0,0,0,0,0,0,0,0,0,0,0,0,0,0,0,0,0,0,0,0,0,0,0,0,0,0,0,0,0,0,0,0,1,0,0,0,0,0,0,0,0,0,0,0,0,1
2001,Fast IP packet forwarding and classification for next generation internet services,"Buddhikot M.M., McKeown N., Varghese G.",8908044,IEEE Network,15,2,0,0,0,0,0,0,0,0,0,0,0,0,0,0,0,0,0,0,0,0,0,0,0,0,0,0,0,0,0,0,0,0,0,0,1,0,0,0,0,0,0,0,0,0,0,0,0,0,0,0,0,0,0,1
2019,Interview an interview with Leonard Kleinrock,Varghese G.,10782,Communications of the ACM,62,11,0,0,0,0,0,0,0,0,0,0,0,0,0,0,0,0,0,0,0,0,0,0,0,0,0,0,0,0,0,0,0,0,0,0,0,0,0,0,0,0,0,0,0,0,0,0,0,0,0,0,0,0,0,0
2018,Resolving policy conflicts in multi-carrier cellular access,"Yuan Z., Li Q., Li Y., Lu S., Peng C., Varghese G.",,"Proceedings of the Annual International Conference on Mobile Computing and Networking, MOBICOM",, ,0,0,0,0,0,0,0,0,0,0,0,0,0,0,0,0,0,0,0,0,0,0,0,0,0,0,0,0,0,0,0,0,0,0,0,0,0,0,0,0,0,0,0,0,0,0,0,0,0,0,0,0,0,0
2015,On technology transfer,Varghese G.,1464833,Computer Communication Review,45,5,0,0,0,0,0,0,0,0,0,0,0,0,0,0,0,0,0,0,0,0,0,0,0,0,0,0,0,0,0,0,0,0,0,0,0,0,0,0,0,0,0,0,0,0,0,0,0,0,0,0,0,0,0,0
2012,Message from the PC chairs,"Padmanabhan V., Varghese G.",1464833,Computer Communication Review,42,4,0,0,0,0,0,0,0,0,0,0,0,0,0,0,0,0,0,0,0,0,0,0,0,0,0,0,0,0,0,0,0,0,0,0,0,0,0,0,0,0,0,0,0,0,0,0,0,0,0,0,0,0,0,0
2012,Message from the PC chairs,"Padmanabhan V., Varghese G.",,"SIGCOMM'12 - Proceedings of the ACM SIGCOMM 2012 Conference Applications, Technologies, Architectures, and Protocols for Computer Communication",, ,0,0,0,0,0,0,0,0,0,0,0,0,0,0,0,0,0,0,0,0,0,0,0,0,0,0,0,0,0,0,0,0,0,0,0,0,0,0,0,0,0,0,0,0,0,0,0,0,0,0,0,0,0,0
2004,Dependable message delivery to mobile units,"Murphy A.L., Roman G.-C., Varghese G.",,Mobile Computing Handbook,, ,0,0,0,0,0,0,0,0,0,0,0,0,0,0,0,0,0,0,0,0,0,0,0,0,0,0,0,0,0,0,0,0,0,0,0,0,0,0,0,0,0,0,0,0,0,0,0,0,0,0,0,0,0,0
2002,Automated Measurement of High Volume Traffic Clusters,"Estan C., Savage S., Varghese G.",,Proceedings of the 2nd Internet Measurement Workshop (IMW 2002),, ,0,0,0,0,0,0,0,0,0,0,0,0,0,0,0,0,0,0,0,0,0,0,0,0,0,0,0,0,0,0,0,0,0,0,0,0,0,0,0,0,0,0,0,0,0,0,0,0,0,0,0,0,0,0
1998,Algorithmic problems in Internet research,Varghese G.,,Annual ACM Symposium on Parallel Algorithms and Architectures,, ,0,0,0,0,0,0,0,0,0,0,0,0,0,0,0,0,0,0,0,0,0,0,0,0,0,0,0,0,0,0,0,0,0,0,0,0,0,0,0,0,0,0,0,0,0,0,0,0,0,0,0,0,0,0
1997,Randomized token buckets: Reducing the buffers required in multiplexors,"Fingerhut J.Andrew, Varghese George",,Proceedings of the IEEE International Workshop on Network and Operating System Support for Digital Audio and Video,, ,0,0,0,0,0,0,0,0,0,0,0,0,0,0,0,0,0,0,0,0,0,0,0,0,0,0,0,0,0,0,0,0,0,0,0,0,0,0,0,0,0,0,0,0,0,0,0,0,0,0,0,0,0,0
1995,Deriving global virtual time algorithms from conservative simulation protocols,"Varghese G., Chamberlain R., Weihl W.E.",200190,Information Processing Letters,54,2,0,0,0,0,0,0,0,0,0,0,0,0,0,0,0,0,0,0,0,0,0,0,0,0,0,0,0,0,0,0,0,0,0,0,0,0,0,0,0,0,0,0,0,0,0,0,0,0,0,0,0,0,0,0
