," 作者:Zadeh, Lotfi A.",,,,,,,,,,,,,,,,,,,,,,,,,,,,,,,,,,,,,,,,,,,,,,,,,,,,,,,,,,,
,,,,,,,,,,,,,,,,,,,,,,,,,,,,,,,,,,,,,,,,,,,,,,,,,,,,,,,,,,,,
,h-index = 57 (在纳入 h-Index 的 260 文献中，有 57 篇已被至少引用 57 次。),,,,,,,,,,,,,,,,,,,,,,,,,,,,,,,,,,,,,,,,,,,,,,,,,,,,,,,,,,,
,,,,,,,,,,,,,,,,,,,,,,,,,,,,,,,,,,,,,,,,,,,,,,,,,,,,,,,,,,,,
,,,,,,,,,,,,,,,,,,,,,,,,,,,,,,,,,,,,,,,,,,,,,,,,,,,,,,,,,,,,
,,,,,,,<1970,1970,1971,1972,1973,1974,1975,1976,1977,1978,1979,1980,1981,1982,1983,1984,1985,1986,1987,1988,1989,1990,1991,1992,1993,1994,1995,1996,1997,1998,1999,2000,2001,2002,2003,2004,2005,2006,2007,2008,2009,2010,2011,2012,2013,2014,2015,2016,2017,2018,2019,2020,>2020,总计
出版年份,文献标题,作者,ISSN,期刊标题,卷,期,0,32,56,81,82,95,149,176,153,182,200,295,237,280,332,303,361,408,396,539,459,645,668,898,905,994,872,1047,1014,1110,1196,1258,1725,1611,1891,2133,2537,3308,3396,3849,4633,5152,5168,5475,6017,6080,5914,6268,6134,6928,7247,2492,0,103381
1965,Fuzzy sets,Zadeh L.A.,199958,Information and Control,8,3,0,8,15,27,29,33,46,54,44,51,65,80,71,70,97,97,96,126,121,167,137,206,202,328,330,374,329,426,444,471,493,528,631,641,777,879,1077,1354,1294,1600,2031,2358,2412,2614,2843,2999,2815,3185,3092,3613,3881,1378,0,47039
1975,The concept of a linguistic variable and its application to approximate reasoning-I,Zadeh L.A.,200255,Information Sciences,8,3,0,0,0,0,0,0,1,4,2,11,8,14,14,14,18,21,16,20,20,23,27,35,45,47,43,55,50,72,65,75,86,73,117,110,117,155,171,243,251,293,386,436,464,353,373,394,413,472,618,693,772,277,0,7967
1978,Fuzzy sets as a basis for a theory of possibility,Zadeh L.A.,1650114,Fuzzy Sets and Systems,1,1,0,0,0,0,0,0,0,0,0,3,13,20,18,31,47,29,30,45,49,58,57,72,65,76,98,95,68,86,65,80,106,94,143,125,151,146,173,244,235,270,325,301,316,296,325,345,267,288,282,293,250,93,0,6173
1973,Outline of a New Approach to the Analysis of Complex Systems and Decision Processes,Zadeh L.A.,189472,"IEEE Transactions on Systems, Man and Cybernetics",3,1,0,0,0,0,3,5,14,22,15,13,22,31,22,26,25,14,37,31,35,42,34,54,47,98,120,113,113,119,128,125,124,127,184,160,167,164,189,198,201,236,253,238,218,218,243,207,216,217,189,239,199,59,0,5554
1970,DECISION-MAKING IN A FUZZY ENVIRONMENT,"BELLMAN RE, ZADEH LA",251909,Management Science,17,4,0,0,0,2,7,7,12,9,14,12,21,30,14,18,26,22,20,31,26,28,21,29,37,55,46,60,44,61,45,73,66,67,83,80,99,107,127,172,193,198,243,260,237,273,266,309,273,272,223,281,315,107,0,5021
1975,The concept of a linguistic variable and its application to approximate reasoning-II,Zadeh L.A.,200255,Information Sciences,8,4,0,0,0,0,0,0,0,2,3,8,8,10,14,11,15,19,13,12,15,20,25,30,31,29,16,30,27,20,21,19,28,23,49,32,46,52,63,69,82,69,108,100,115,240,281,288,246,220,125,118,134,29,0,2915
1996,Fuzzy logic = computing with words,Zadeh L.A.,10636706,IEEE Transactions on Fuzzy Systems,4,2,0,0,0,0,0,0,0,0,0,0,0,0,0,0,0,0,0,0,0,0,0,0,0,0,0,0,0,0,4,23,21,36,80,58,49,61,62,100,110,97,110,122,100,130,137,123,132,114,127,156,156,45,0,2153
1975,The concept of a linguistic variable and its application to approximate reasoning-III,Zadeh L.A.,200255,Information Sciences,9,1,0,0,0,0,0,0,0,1,1,9,7,9,15,11,11,13,13,11,14,14,18,26,24,23,17,23,26,29,14,15,25,17,53,47,58,44,56,68,72,59,94,91,75,92,93,100,102,108,84,99,107,31,0,1919
1997,Toward a theory of fuzzy information granulation and its centrality in human reasoning and fuzzy logic,Zadeh L.A.,1650114,Fuzzy Sets and Systems,90,2,0,0,0,0,0,0,0,0,0,0,0,0,0,0,0,0,0,0,0,0,0,0,0,0,0,0,0,0,0,8,17,18,38,38,43,38,64,85,96,114,103,105,96,91,119,93,114,126,114,114,131,49,0,1814
1971,Similarity relations and fuzzy orderings,Zadeh L.A.,200255,Information Sciences,3,2,0,0,0,2,2,7,5,8,7,9,3,8,11,9,17,10,13,7,7,14,14,17,20,26,18,27,16,25,20,17,22,18,42,45,43,52,60,59,65,66,53,67,62,58,66,73,80,94,103,84,107,30,0,1688
1968,Probability measures of Fuzzy events,Zadeh L.A.,0022247X,Journal of Mathematical Analysis and Applications,23,2,0,2,1,5,2,5,7,6,9,10,8,12,12,15,17,17,17,22,21,23,14,19,14,20,25,17,17,22,24,17,20,26,25,30,19,44,56,73,40,46,48,67,71,66,90,72,87,94,79,103,87,21,0,1664
1983,A computational approach to fuzzy quantifiers in natural languages,Zadeh L.A.,8981221,Computers and Mathematics with Applications,9,1,0,0,0,0,0,0,0,0,0,0,0,0,0,0,2,7,14,12,9,14,8,4,9,11,8,19,10,12,12,9,15,21,36,21,38,34,35,71,55,64,66,67,61,61,75,77,66,71,49,67,53,16,0,1279
1988,Fuzzy Logic,Zadeh L.A.,189162,Computer,21,4,0,0,0,0,0,0,0,0,0,0,0,0,0,0,0,0,0,0,0,1,3,4,13,19,18,20,19,20,10,21,18,28,15,17,10,24,35,34,42,50,34,33,38,36,66,49,48,51,57,59,68,25,0,985
1994,"Fuzzy Logic, Neural Networks, and Soft Computing",Zadeh L.A.,10782,Communications of the ACM,37,3,0,0,0,0,0,0,0,0,0,0,0,0,0,0,0,0,0,0,0,0,0,0,0,0,0,2,7,10,11,16,17,22,14,22,28,30,25,39,47,39,42,55,54,59,53,59,75,64,59,57,49,27,0,982
1975,Fuzzy logic and approximate reasoning - In memory of Grigore Moisil,Zadeh L.A.,397857,Synthese,30, 3-4,0,0,0,0,0,0,0,3,1,6,8,10,1,6,11,3,11,10,9,11,7,16,15,17,21,14,12,12,19,12,11,11,21,14,17,19,11,28,25,24,35,42,43,41,38,47,58,46,47,41,33,15,0,902
2005,Toward a generalized theory of uncertainty (GTU)- An outline,Zadeh L.A.,200255,Information Sciences,172, 1-2,0,0,0,0,0,0,0,0,0,0,0,0,0,0,0,0,0,0,0,0,0,0,0,0,0,0,0,0,0,0,0,0,0,0,0,0,6,22,82,94,80,83,82,72,68,59,52,48,45,52,41,11,0,897
1999,From computing with numbers to computing with words - From manipulation of measurements to manipulation of perceptions,Zadeh L.A.,10577122,IEEE Transactions on Circuits and Systems I: Fundamental Theory and Applications,46,1,0,0,0,0,0,0,0,0,0,0,0,0,0,0,0,0,0,0,0,0,0,0,1,0,0,0,0,0,0,0,0,5,24,14,30,30,31,47,56,62,45,68,59,57,67,56,60,32,30,28,23,8,0,833
1968,Fuzzy algorithms,Zadeh L.A.,199958,Information and Control,12,2,0,2,4,7,5,4,10,8,7,5,1,8,2,6,2,2,3,3,2,6,4,9,11,19,12,15,23,5,17,9,12,9,8,12,13,22,8,26,33,32,37,42,41,39,51,42,48,44,20,31,37,6,0,824
2008,Is there a need for fuzzy logic?,Zadeh L.A.,200255,Information Sciences,178,13,0,0,0,0,0,0,0,0,0,0,0,0,0,0,0,0,0,0,0,0,0,0,0,0,0,0,0,0,0,0,0,0,0,0,0,0,0,0,1,6,54,79,74,69,65,92,78,80,73,70,62,14,0,817
1983,The role of fuzzy logic in the management of uncertainty in expert systems,Zadeh L.A.,1650114,Fuzzy Sets and Systems,11, 1-3,0,0,0,0,0,0,0,0,0,0,0,0,0,0,0,1,9,19,15,30,22,26,32,31,24,27,20,19,19,20,13,14,15,13,8,18,18,15,14,17,21,15,14,20,25,19,25,32,37,38,21,7,0,733
1963,Optimality and Non-Scalar-Valued Performance Criteria,Zadeh L.A.,189286,IEEE Transactions on Automatic Control,8,1,0,2,2,3,6,4,7,5,4,4,5,7,5,2,3,5,4,2,2,6,4,3,2,10,4,3,4,3,7,3,3,5,6,5,10,13,12,13,23,25,28,27,31,33,22,42,25,40,37,36,42,18,0,617
1986,SIMPLE VIEW OF THE DEMPSTER-SHAFER THEORY OF EVIDENCE AND ITS IMPLICATION FOR THE RULE OF COMBINATION.,Zadeh Lotfi A.,7384602,AI Magazine,7,2,0,0,0,0,0,0,0,0,0,0,0,0,0,0,0,0,0,0,4,3,4,12,11,4,7,2,4,4,5,4,1,3,5,4,4,14,16,18,10,17,15,28,30,32,44,38,43,38,51,53,53,26,0,607
1972,A fuzzy-set-theoretic interpretation of linguistic hedges,Zadeh L.A.,220280,Journal of Cybernetics,2,3,0,0,0,1,0,1,5,11,6,5,2,9,9,5,2,1,5,5,7,5,8,8,9,8,13,9,7,13,10,5,6,13,14,10,12,18,17,26,20,15,17,10,32,26,20,18,37,22,22,16,26,8,0,574
1972,On Fuzzy Mapping and Control,"Chang S.S.L., Zadeh L.A.",189472,"IEEE Transactions on Systems, Man and Cybernetics",2,1,0,0,0,1,1,0,4,6,6,1,3,4,0,3,1,3,1,0,2,0,3,2,2,6,3,6,4,4,4,3,4,3,2,6,6,13,4,12,11,9,25,23,23,30,31,40,25,37,34,34,49,14,0,508
1994,Soft Computing and Fuzzy Logic,Zadeh L.A.,7407459,IEEE Software,11,6,0,0,0,0,0,0,0,0,0,0,0,0,0,0,0,0,0,0,0,0,0,0,0,0,0,0,1,5,1,13,9,8,6,9,11,18,20,20,21,25,29,43,31,23,29,32,27,25,26,34,25,8,0,499
1999,Fuzzy sets as a basis for a theory of possibility,Zadeh L.A.,1650114,Fuzzy Sets and Systems,100,1,0,0,0,0,0,0,0,0,0,0,0,0,0,0,0,0,0,0,0,0,0,0,0,0,0,0,0,0,0,0,0,0,1,0,2,1,1,2,7,12,14,22,24,32,24,31,30,35,38,51,73,24,0,424
2001,A new direction in AI: Toward a computational theory of perceptions,Zadeh L.A.,7384602,AI Magazine,22,1,0,0,0,0,0,0,0,0,0,0,0,0,0,0,0,0,0,0,0,0,0,0,0,0,0,0,0,0,0,0,0,0,5,9,13,20,21,25,25,27,13,21,22,26,40,27,16,15,16,20,22,7,0,390
1978,PRUF—a meaning representation language for natural languages,Zadeh L.A.,207373,International Journal of Man-Machine Studies,10,4,0,0,0,0,0,0,0,0,0,0,2,10,4,14,13,9,14,10,4,13,4,13,15,6,14,7,8,7,12,7,8,11,5,4,7,7,8,10,11,10,7,6,14,10,13,7,8,8,13,11,11,1,0,376
1950,Frequency Analysis of Variable Networks,Zadeh L.A.,968390,Proceedings of the IRE,38,3,0,2,4,3,1,1,1,2,5,7,2,6,5,4,1,6,3,2,0,6,0,5,3,7,2,6,1,3,5,6,9,8,5,10,10,7,6,12,10,15,13,18,17,19,15,14,15,15,17,15,9,4,0,362
1971,Quantitative fuzzy semantics,Zadeh L.A.,200255,Information Sciences,3,2,0,0,1,2,3,2,7,5,5,5,6,4,4,2,1,3,4,5,2,2,1,5,5,1,3,5,4,3,3,3,5,9,4,9,18,8,5,14,9,8,7,6,12,10,14,15,23,19,26,19,16,3,0,355
1976,A fuzzy-algorithmic approach to the definition of complex or imprecise concepts,Zadeh L.A.,207373,International Journal of Man-Machine Studies,8,3,0,0,0,0,0,0,0,1,2,6,5,11,2,11,4,5,4,3,1,7,3,4,5,7,5,4,6,5,7,6,10,6,8,2,1,5,4,10,12,12,13,6,13,17,22,14,20,13,24,6,10,5,0,347
2011,A Note on Z-numbers,Zadeh L.A.,200255,Information Sciences,181,14,0,0,0,0,0,0,0,0,0,0,0,0,0,0,0,0,0,0,0,0,0,0,0,0,0,0,0,0,0,0,0,0,0,0,0,0,0,0,0,0,0,0,1,13,19,19,34,37,39,61,80,33,0,336
1989,Knowledge Representation in Fuzzy Logic,Zadeh L.,10414347,IEEE Transactions on Knowledge and Data Engineering,1,1,0,0,0,0,0,0,0,0,0,0,0,0,0,0,0,0,0,0,0,0,1,1,4,3,9,8,6,7,7,7,2,8,3,3,2,4,16,11,15,24,19,25,21,12,23,11,18,17,20,14,10,5,0,336
1962,From Circuit Theory to System Theory,Zadeh L.A.,968390,Proceedings of the IRE,50,5,0,0,3,2,1,0,1,3,3,0,0,2,0,2,1,3,4,1,0,3,3,5,4,4,1,1,2,4,1,3,3,3,4,4,1,3,5,11,10,13,16,12,12,15,22,9,15,16,19,14,13,0,0,277
2002,Toward a perception-based theory of probabilistic reasoning with imprecise probabilities,Zadeh L.A.,3783758,Journal of Statistical Planning and Inference,105,1,0,0,0,0,0,0,0,0,0,0,0,0,0,0,0,0,0,0,0,0,0,0,0,0,0,0,0,0,0,0,0,0,0,0,5,13,15,33,22,22,20,9,18,11,21,14,11,11,15,11,13,1,0,265
1969,Note on fuzzy languages,"Lee E.T., Zadeh L.A.",200255,Information Sciences,1,4,0,0,2,6,4,7,5,6,2,3,0,2,1,2,4,1,2,2,7,0,1,0,0,3,3,2,5,6,2,0,5,4,8,5,4,5,7,9,9,6,11,9,6,14,12,11,8,8,3,6,11,3,0,242
1984,MAKING COMPUTERS THINK LIKE PEOPLE.,Zadeh Lotfi A.,189235,IEEE Spectrum,21,8,0,0,0,0,0,0,0,0,0,0,0,0,0,0,0,0,3,6,5,4,7,2,4,8,7,9,3,6,4,4,3,1,5,4,5,8,9,6,5,7,15,9,11,9,12,7,12,11,9,9,8,4,0,241
2006,Generalized theory of uncertainty (GTU)-principal concepts and ideas,Zadeh L.A.,1679473,Computational Statistics and Data Analysis,51,1,0,0,0,0,0,0,0,0,0,0,0,0,0,0,0,0,0,0,0,0,0,0,0,0,0,0,0,0,0,0,0,0,0,0,0,0,0,0,9,11,20,28,19,22,20,20,26,14,18,14,8,3,0,232
1966,Abstraction and pattern classification,"Bellman R., Kalaba R., Zadeh L.",0022247X,Journal of Mathematical Analysis and Applications,13,1,0,2,2,4,3,4,11,6,5,6,3,3,0,0,3,2,2,3,0,0,2,2,1,3,4,5,4,3,4,4,3,3,2,5,4,6,4,4,4,9,7,7,8,7,8,3,12,7,11,11,10,3,0,229
2005,Static and dynamic neural networks: From fundamentals to advanced theory,"Gupta M.M., Jin L., Homma N., Zadeh L.A.",,Static and Dynamic Neural Networks: From Fundamentals to Advanced Theory,, ,0,0,0,0,0,0,0,0,0,0,0,0,0,0,0,0,0,0,0,0,0,0,0,0,0,0,0,0,0,0,0,0,0,0,1,5,9,6,11,6,13,19,14,28,11,25,12,13,17,16,10,3,0,219
1995,Discussion: Probability theory and fuzzy logic are complementary rather than competitive,Zadeh L.A.,401706,Technometrics,37,3,0,0,0,0,0,0,0,0,0,0,0,0,0,0,0,0,0,0,0,0,0,0,0,0,0,0,0,2,1,0,3,3,3,3,4,6,11,2,3,6,6,12,12,19,21,5,10,13,13,11,7,2,0,178
1972,A Rationale for Fuzzy Control,Zadeh L.A.,220434,"Journal of Dynamic Systems, Measurement and Control, Transactions of the ASME",94,1,0,0,0,0,0,0,1,0,1,1,0,2,0,0,0,1,1,0,0,1,0,3,3,6,6,2,4,7,4,2,1,5,3,4,4,1,5,3,8,10,3,2,4,4,6,11,11,8,4,9,3,2,0,156
2004,Precisiated Natural Language (PNL),Zadeh L.A.,7384602,AI Magazine,25,3,0,0,0,0,0,0,0,0,0,0,0,0,0,0,0,0,0,0,0,0,0,0,0,0,0,0,0,0,0,0,0,0,0,0,0,0,8,17,13,14,13,14,7,5,15,7,15,15,3,2,3,3,0,154
2009,Toward extended fuzzy logic-A first step,Zadeh L.A.,1650114,Fuzzy Sets and Systems,160,21,0,0,0,0,0,0,0,0,0,0,0,0,0,0,0,0,0,0,0,0,0,0,0,0,0,0,0,0,0,0,0,0,0,0,0,0,0,0,0,0,1,10,11,12,21,18,14,16,10,12,10,4,0,139
2010,What computing with words means to me: Discussion forum,"Mendel J.M., Zadeh L.A., Trillas E., Yager R., Lawry J., Hagras H., Guadarrama S.",1556603X,IEEE Computational Intelligence Magazine,5,1,0,0,0,0,0,0,0,0,0,0,0,0,0,0,0,0,0,0,0,0,0,0,0,0,0,0,0,0,0,0,0,0,0,0,0,0,0,0,0,0,0,9,4,14,17,21,17,13,12,11,13,6,0,137
1985,Syllogistic Reasoning in Fuzzy Logic and Its Application to Usuality and Reasoning with Dispositions,Zadeh L.A.,189472,"IEEE Transactions on Systems, Man and Cybernetics",15,6,0,0,0,0,0,0,0,0,0,0,0,0,0,0,0,0,0,2,2,9,7,6,8,4,4,5,2,0,7,2,4,0,6,2,1,4,3,4,2,1,3,4,1,3,4,4,9,8,5,1,5,1,0,133
1982,A note on prototype theory and fuzzy sets,Zadeh L.A.,100277,Cognition,12,3,0,0,0,0,0,0,0,0,0,0,0,0,0,1,0,1,1,2,1,3,0,1,3,1,1,0,3,1,2,1,1,1,5,2,4,0,7,3,4,4,5,4,6,9,7,6,6,4,17,7,2,1,0,127
2015,Fuzzy logic - A personal perspective,Zadeh L.A.,1650114,Fuzzy Sets and Systems,281, ,0,0,0,0,0,0,0,0,0,0,0,0,0,0,0,0,0,0,0,0,0,0,0,0,0,0,0,0,0,0,0,0,0,0,0,0,0,0,0,0,0,0,0,0,0,0,1,11,17,41,26,14,0,110
1984,Fuzzy probabilities,Zadeh L.A.,3064573,Information Processing and Management,20,3,0,0,0,0,0,0,0,0,0,0,0,0,0,0,0,0,0,0,1,2,1,1,0,0,0,0,0,1,2,1,3,1,1,3,3,3,2,4,5,1,8,6,6,7,8,7,4,4,10,7,6,0,0,108
2008,Toward human level machine intelligence - Is it achievable? the need for a paradigm shift,Zadeh L.A.,1556603X,IEEE Computational Intelligence Magazine,3,3,0,0,0,0,0,0,0,0,0,0,0,0,0,0,0,0,0,0,0,0,0,0,0,0,0,0,0,0,0,0,0,0,0,0,0,0,0,0,0,1,7,17,18,12,12,5,5,4,4,9,4,3,0,101
1983,Commonsense Knowledge Representation Based on Fuzzy Logic,Zadeh L.A.,189162,Computer,16,10,0,0,0,0,0,0,0,0,0,0,0,0,0,0,0,0,4,2,5,4,3,5,6,4,0,5,4,2,1,3,2,2,3,0,1,0,1,2,2,0,6,3,2,8,4,1,3,2,2,1,1,1,0,95
2019,Possibility theory and soft data analysis,Zadeh L.A.,,Mathematical Frontiers of the Social and Policy Sciences,, ,0,0,0,0,0,0,0,0,0,0,0,0,0,3,3,2,2,3,0,7,1,6,1,2,2,3,2,0,0,1,2,0,0,0,2,0,1,3,2,7,7,4,5,3,4,5,3,2,3,3,0,0,0,94
1950,An extension of Wiener's theory of prediction,"Zadeh L.A., Ragazzini J.R.",218979,Journal of Applied Physics,21,7,0,4,4,0,3,6,0,0,1,2,1,2,2,1,2,1,2,0,2,0,1,0,1,0,0,1,0,2,0,3,0,1,1,1,0,0,3,3,4,3,5,4,1,4,4,1,3,1,2,3,1,0,0,86
1961,"Time-Varying Networks, I",Zadeh L.A.,968390,Proceedings of the IRE,49,10,0,0,0,2,2,2,0,2,1,0,0,0,0,3,0,1,0,1,0,2,2,2,1,2,3,4,0,0,1,0,3,0,2,3,3,2,2,3,7,3,2,2,3,0,1,0,2,0,1,3,1,1,0,75
2004,"A note on web intelligence, world knowledge and fuzzy logic",Zadeh L.A.,0169023X,Data and Knowledge Engineering,50,3,0,0,0,0,0,0,0,0,0,0,0,0,0,0,0,0,0,0,0,0,0,0,0,0,0,0,0,0,0,0,0,0,0,0,0,0,1,5,8,7,8,7,6,5,4,7,6,3,1,3,2,0,0,73
1956,On the Identification Problem,Zadeh L.A.,962007,IRE Transactions on Circuit Theory,3,4,0,0,1,2,1,0,3,2,0,0,1,0,0,0,0,0,1,0,0,0,0,0,1,0,0,0,0,1,0,0,0,0,0,1,3,1,0,1,1,1,0,3,4,2,3,2,5,3,3,2,12,3,0,63
1962,Optimal pursuit strategies in discrete-state probabilistic systems,"Eaton J.H., Zadeh L.A.",982202,"Journal of Fluids Engineering, Transactions of the ASME",84,1,0,1,3,3,0,1,0,1,1,2,0,0,1,1,1,0,0,0,0,0,0,0,0,0,0,0,0,0,0,0,1,0,2,0,1,1,0,3,5,2,5,4,2,2,4,2,1,2,1,0,3,1,0,57
2013,Real-life applications of fuzzy logic,"Singh H., Gupta M.M., Meitzler T., Hou Z.-G., Garg K.K., Solo A.M.G., Zadeh L.A.",16877101,Advances in Fuzzy Systems,, ,0,0,0,0,0,0,0,0,0,0,0,0,0,0,0,0,0,0,0,0,0,0,0,0,0,0,0,0,0,0,0,0,0,0,0,0,0,0,0,0,0,0,0,0,0,5,8,7,10,9,11,4,0,54
2009,A doctrine of cognitive informatics (CI),"Wang Y., Kinsner W., Anderson J.A., Zhang D., Yao Y., Sheu P., Tsai J., Pedrycz W., Latombe J.-C., Zadeh L.A., Patel D., Chan C.",1692968,Fundamenta Informaticae,90,3,0,0,0,0,0,0,0,0,0,0,0,0,0,0,0,0,0,0,0,0,0,0,0,0,0,0,0,0,0,0,0,0,0,0,0,0,0,0,0,0,10,11,6,9,4,2,4,4,1,2,0,0,0,53
1990,The birth and evolution of fuzzy logic,Zadeh L.A.,3081079,International Journal of General Systems,17, 2-3,0,0,0,0,0,0,0,0,0,0,0,0,0,0,0,0,0,0,0,0,0,0,0,1,1,2,1,2,1,3,1,0,2,0,0,0,1,2,0,1,5,5,2,4,4,1,4,1,3,1,3,1,0,52
1986,Is Probability Theory Sufficient for Dealing with Uncertainty in AI: A Negative View,Zadeh L.A.,9230459,Machine Intelligence and Pattern Recognition,4, C,0,0,0,0,0,0,0,0,0,0,0,0,0,0,0,0,0,0,0,2,0,5,3,4,3,4,3,4,1,1,0,0,1,2,1,0,2,4,1,2,0,0,1,2,1,1,0,0,0,1,2,1,0,52
2005,From imprecise to granular probabilities,Zadeh L.A.,1650114,Fuzzy Sets and Systems,154,3,0,0,0,0,0,0,0,0,0,0,0,0,0,0,0,0,0,0,0,0,0,0,0,0,0,0,0,0,0,0,0,0,0,0,0,0,1,1,2,6,5,4,5,3,6,1,1,3,3,5,5,0,0,51
1986,Test-score semantics as a basis for a computational approach to the representation of meaning,Zadeh L.A.,2681145,Literary and Linguistic Computing,1,1,0,0,0,0,0,0,0,0,0,0,0,0,0,0,0,0,0,0,0,3,1,1,0,1,2,1,0,0,0,9,3,1,3,1,0,1,3,1,2,4,1,3,3,1,4,0,1,0,0,1,0,0,0,51
1990,Fuzzy sets and systems,Zadeh L.A.,3081079,International Journal of General Systems,17, 2-3,0,0,0,0,0,0,0,0,0,0,0,0,0,0,0,0,0,0,0,0,0,0,1,1,1,1,0,3,0,0,0,1,1,3,0,0,0,2,1,3,2,2,2,1,2,3,5,1,1,4,8,0,0,49
2012,Computing with words: Principle concepts and ideas,Zadeh L.A.,14349922,Studies in Fuzziness and Soft Computing,277, ,0,0,0,0,0,0,0,0,0,0,0,0,0,0,0,0,0,0,0,0,0,0,0,0,0,0,0,0,0,0,0,0,0,0,0,0,0,0,0,0,0,0,0,0,6,5,12,1,5,6,10,3,0,48
2002,A prototype-centered approach to adding deduction capability to search engines - The concept of protoform,Zadeh L.A.,,Annual Conference of the North American Fuzzy Information Processing Society - NAFIPS,2002-, ,0,0,0,0,0,0,0,0,0,0,0,0,0,0,0,0,0,0,0,0,0,0,0,0,0,0,0,0,0,0,0,0,0,0,0,0,0,6,6,5,2,6,2,3,3,4,0,5,2,0,2,1,0,47
1963,On the Definition of Adaptivity,Zadeh L.A.,189219,Proceedings of the IEEE,51,3,0,1,1,1,0,0,0,2,0,0,0,0,1,1,1,0,1,0,1,0,0,0,0,0,0,0,0,0,0,0,0,0,0,0,1,2,0,0,4,5,3,3,3,2,2,0,5,2,2,1,1,1,0,47
1983,"Linguistic variables, approximate reasoning and dispositions",Zadeh L.A.,17538157,Informatics for Health and Social Care,8,3,0,0,0,0,0,0,0,0,0,0,0,0,0,0,0,0,3,2,0,1,3,1,2,1,0,0,1,0,0,0,1,2,0,0,1,1,1,0,0,1,2,1,3,0,2,1,2,4,4,3,2,1,0,46
1986,OUTLINE OF A COMPUTATIONAL APPROACH TO MEANING AND KNOWLEDGE REPRESENTATION BASED ON THE CONCEPT OF A GENERALIZED ASSIGNMENT STATEMENT.,Zadeh L.A.,,,, ,0,0,0,0,0,0,0,0,0,0,0,0,0,0,0,0,0,0,0,0,0,0,1,0,1,0,0,2,0,0,1,2,3,1,1,1,2,2,3,3,3,1,1,1,2,2,5,2,0,0,0,0,0,40
1952,Optimum Filters for the Detection of Signals in Noise,"Zadeh L.A., Ragazzini J.R.",968390,Proceedings of the IRE,40,10,0,4,3,0,2,1,3,1,1,1,3,0,2,0,1,0,0,1,3,0,0,0,0,0,0,0,0,0,0,0,0,0,2,0,1,0,0,1,1,1,1,1,1,0,1,2,0,0,0,1,0,0,0,39
2006,"Chapter 9 From search engines to question answering systems - The problems of world knowledge, relevance, deduction and precisiation",Zadeh L.A.,15749576,Capturing Intelligence,1, C,0,0,0,0,0,0,0,0,0,0,0,0,0,0,0,0,0,0,0,0,0,0,0,0,0,0,0,0,0,0,0,0,0,0,0,0,0,2,2,4,2,4,1,4,7,0,1,3,1,2,3,1,0,37
1998,Maximizing sets and fuzzy markoff algorithms,Zadeh L.A.,10946977,"IEEE Transactions on Systems, Man and Cybernetics Part C: Applications and Reviews",28,1,0,0,0,0,0,0,0,0,0,0,0,0,0,0,0,0,0,0,0,0,0,0,0,0,0,0,0,0,0,0,1,4,1,2,1,6,1,2,2,3,1,4,4,0,1,0,0,2,0,0,2,0,0,37
1999,"Fuzzy logic and the calculi of fuzzy rules, fuzzy graphs, and fuzzy probabilities",Zadeh L.A.,8981221,Computers and Mathematics with Applications,37,11,0,0,0,0,0,0,0,0,0,0,0,0,0,0,0,0,0,0,0,0,0,0,0,0,0,0,0,0,0,0,0,1,1,1,1,1,3,5,1,1,1,3,2,2,1,1,2,2,2,2,2,0,0,35
1996,"The roles of fuzzy logic and soft computing in the conception, design and deployment of intelligent systems",Zadeh L.A.,13583948,BT Technology Journal,14,4,0,0,0,0,0,0,0,0,0,0,0,0,0,0,0,0,0,0,0,0,0,0,0,0,0,0,0,1,0,1,0,1,1,3,4,2,2,1,3,1,0,3,0,2,3,0,1,0,3,0,0,1,0,33
2016,"Cognitive intelligence: Deep learning, thinking, and reasoning by brain-inspired systems","Wang Y., Widrow B., Zadeh L.A., Howard N., Wood S., Bhavsar V.C., Budin G., Chan C., Fiorini R.A., Gavrilova M.L., Shell D.F.",15573958,International Journal of Cognitive Informatics and Natural Intelligence,10,4,0,0,0,0,0,0,0,0,0,0,0,0,0,0,0,0,0,0,0,0,0,0,0,0,0,0,0,0,0,0,0,0,0,0,0,0,0,0,0,0,0,0,0,0,0,0,0,0,18,6,7,1,0,32
2001,From computing with numbers to computing with words: From manipulation of measurements to manipulation of perceptions,Zadeh L.A.,778923,Annals of the New York Academy of Sciences,929, ,0,0,0,0,0,0,0,0,0,0,0,0,0,0,0,0,0,0,0,0,0,0,0,0,0,0,0,0,0,0,0,0,0,0,1,1,1,3,1,0,2,0,1,1,1,4,4,4,2,1,1,0,0,28
1996,The Evolution of Systems Analysis and Control: A Personal Perspective,Zadeh L.A.,1066033X,IEEE Control Systems,16,3,0,0,0,0,0,0,0,0,0,0,0,0,0,0,0,0,0,0,0,0,0,0,0,0,0,0,0,0,0,0,0,2,3,3,3,0,0,1,1,6,4,1,1,1,0,1,0,0,0,0,1,0,0,28
2014,A note on similarity-based definitions of possibility and probability,Zadeh L.A.,200255,Information Sciences,267, ,0,0,0,0,0,0,0,0,0,0,0,0,0,0,0,0,0,0,0,0,0,0,0,0,0,0,0,0,0,0,0,0,0,0,0,0,0,0,0,0,0,0,0,0,0,2,7,5,3,5,5,0,0,27
2013,Toward a restriction-centered theory of truth and meaning (RCT),Zadeh L.A.,200255,Information Sciences,248, ,0,0,0,0,0,0,0,0,0,0,0,0,0,0,0,0,0,0,0,0,0,0,0,0,0,0,0,0,0,0,0,0,0,0,0,0,0,0,0,0,0,0,0,0,0,5,8,5,5,4,0,0,0,27
1980,Fuzzy Sets versus Probability,Zadeh L.A.,189219,Proceedings of the IEEE,68,3,0,0,0,0,0,0,0,0,0,0,0,0,0,3,0,0,2,0,1,2,1,3,0,0,0,1,3,0,0,0,0,0,0,0,0,0,0,0,0,1,0,0,0,1,1,1,1,4,0,1,1,0,0,27
2002,A prototype-centered approach to adding deduction capability to search engines - The concept of protoform,Zadeh L.A.,,2002 1st International IEEE Symposium,1, ,0,0,0,0,0,0,0,0,0,0,0,0,0,0,0,0,0,0,0,0,0,0,0,0,0,0,0,0,0,0,0,0,0,0,1,1,4,2,3,2,2,1,2,0,3,0,0,2,0,1,1,0,0,25
2010,"A summary and update of ""fuzzy logic""",Zadeh L.A.,,"Proceedings - 2010 IEEE International Conference on Granular Computing, GrC 2010",, ,0,0,0,0,0,0,0,0,0,0,0,0,0,0,0,0,0,0,0,0,0,0,0,0,0,0,0,0,0,0,0,0,0,0,0,0,0,0,0,0,0,0,0,1,2,1,1,4,2,8,5,0,0,24
1999,From computing with numbers to computing with words: From manipulation of measurements to manipulation of perceptions,Zadeh L.A.,,"Proceedings of the 2nd International Conference on Intelligent Processing and Manufacturing of Materials, IPMM 1999",1, ,0,0,0,0,0,0,0,0,0,0,0,0,0,0,0,0,0,0,0,0,0,0,0,0,0,0,0,0,0,0,0,1,0,0,0,0,1,2,0,1,0,3,1,0,7,2,2,2,0,1,1,0,0,24
1996,"Key roles of information granulation and fuzzy logic in human reasoning, concept formulation and computing with words",Zadeh Lotfi A.,,IEEE International Conference on Fuzzy Systems,1, ,0,0,0,0,0,0,0,0,0,0,0,0,0,0,0,0,0,0,0,0,0,0,0,0,0,0,0,0,0,3,0,1,1,1,0,0,2,0,3,0,0,1,1,3,1,0,0,3,1,0,3,0,0,24
1992,Interpolative reasoning in fuzzy logic and neural network theory,Zadeh Lotfi A.,,,, ,0,0,0,0,0,0,0,0,0,0,0,0,0,0,0,0,0,0,0,0,0,0,0,0,3,1,2,1,0,0,1,0,1,0,0,0,1,0,4,2,2,0,1,0,0,0,1,1,2,0,1,0,0,24
1985,ROLE OF FUZZY LOGIC IN THE MANAGEMENT OF UNCERTAINTY IN EXPERT SYSTEMS.,Zadeh L.A.,,Approximate Reasoning in Expert Syst,, ,0,0,0,0,0,0,0,0,0,0,0,0,0,0,0,0,0,0,1,0,1,0,1,1,3,4,2,1,2,0,1,2,1,0,0,0,0,0,1,0,1,1,0,0,0,0,0,1,0,0,0,0,0,24
1980,INFERENCE IN FUZZY LOGIC.,Zadeh L.A.,0195623X,Proceedings of The International Symposium on Multiple-Valued Logic,, ,0,0,0,0,0,0,0,0,0,0,0,0,1,0,1,0,2,2,0,0,0,0,0,0,0,0,0,0,0,0,0,0,0,0,1,0,1,0,0,0,0,0,1,8,0,0,0,3,4,0,0,0,0,24
1950,The determination of the impulsive response of variable networks,Zadeh L.A.,218979,Journal of Applied Physics,21,7,0,0,0,1,0,0,0,0,0,0,0,0,0,0,0,0,0,0,0,0,0,0,0,0,0,0,0,0,0,0,0,0,0,0,1,0,0,2,1,0,0,0,0,1,7,3,3,1,3,0,1,0,0,24
2010,Foreword to the special section on computing with words,"Mendel J.M., Lawry J., Zadeh L.A.",10636706,IEEE Transactions on Fuzzy Systems,18,3,0,0,0,0,0,0,0,0,0,0,0,0,0,0,0,0,0,0,0,0,0,0,0,0,0,0,0,0,0,0,0,0,0,0,0,0,0,0,0,0,0,0,3,8,5,2,2,0,1,1,0,0,0,22
1994,"Fuzzy logic: Issues, contentions and perspectives",Zadeh L.A.,15206149,"ICASSP, IEEE International Conference on Acoustics, Speech and Signal Processing - Proceedings",6, ,0,0,0,0,0,0,0,0,0,0,0,0,0,0,0,0,0,0,0,0,0,0,0,0,0,0,0,0,0,0,0,0,0,1,0,0,0,0,1,0,0,0,1,1,1,2,6,5,1,2,1,0,0,22
1951,On stability of linear varying-parameter systems,Zadeh L.A.,218979,Journal of Applied Physics,22,4,0,1,0,0,1,0,0,1,0,0,0,0,0,0,0,0,0,0,0,0,0,0,0,0,0,1,0,1,0,0,2,0,0,0,0,0,0,1,1,0,0,1,1,4,2,2,0,0,1,1,0,0,0,21
1998,"Soft computing, fuzzy logic and recognition technology",Zadeh Lotfi A.,,IEEE International Conference on Fuzzy Systems,2, ,0,0,0,0,0,0,0,0,0,0,0,0,0,0,0,0,0,0,0,0,0,0,0,0,0,0,0,0,0,0,0,0,1,1,1,0,1,1,0,5,2,3,2,0,1,0,0,0,1,0,1,0,0,20
1984,Coping with the imprecision of the real world,Zadeh L.A.,10782,Communications of the ACM,27,4,0,0,0,0,0,0,0,0,0,0,0,0,0,0,0,0,1,2,0,2,0,0,0,0,0,1,1,0,0,0,0,0,1,0,3,0,0,2,1,0,0,0,1,1,1,0,1,0,0,1,0,0,0,19
1953,A contribution to the theory of nonlinear systems,Zadeh L.A.,160032,Journal of the Franklin Institute,255,5,0,0,1,1,1,1,1,4,1,0,0,0,0,1,1,1,1,0,0,0,0,0,1,0,0,0,0,0,0,0,0,0,0,0,0,0,0,0,1,1,1,0,0,0,0,0,0,0,0,0,0,0,0,18
1953,Optimum nonlinear filters,Zadeh L.A.,218979,Journal of Applied Physics,24,4,0,0,1,0,0,2,0,0,0,0,1,0,0,0,0,1,0,0,0,0,0,0,0,0,0,0,0,2,0,0,0,0,1,0,0,0,0,0,3,0,2,2,1,0,0,0,0,0,0,1,0,0,0,17
1952,A general theory of linear signal transmission systems,Zadeh L.A.,160032,Journal of the Franklin Institute,253,4,0,0,0,1,0,0,0,0,1,0,0,1,1,0,0,0,0,0,0,0,0,0,0,0,1,0,2,0,0,0,0,0,0,0,1,1,2,0,2,0,0,0,0,0,1,0,0,0,0,2,1,0,0,17
1950,Correlation Functions and Power Spectra in Variable Networks,Zadeh L.A.,968390,Proceedings of the IRE,38,11,0,0,1,1,0,1,3,0,0,0,0,0,1,1,0,1,0,0,0,0,0,0,0,0,0,0,0,0,0,0,0,0,2,0,1,0,0,0,1,0,0,0,1,0,0,1,0,1,0,1,0,0,0,17
1986,COMMONSENSE REASONING BASED ON FUZZY LOGIC.,Zadeh Lotfl A.,2750708,Winter Simulation Conference Proceedings,, ,0,0,0,0,0,0,0,0,0,0,0,0,0,0,0,0,0,0,0,0,0,0,0,0,0,0,0,0,0,0,0,0,1,0,1,0,2,1,1,4,1,1,3,1,0,0,0,0,0,0,0,0,0,16
2004,Special issue on granular computing and data mining,"Lin T.Y., Zadeh L.A.",8848173,International Journal of Intelligent Systems,19,7,0,0,0,0,0,0,0,0,0,0,0,0,0,0,0,0,0,0,0,0,0,0,0,0,0,0,0,0,0,0,0,0,0,0,0,0,1,0,0,0,1,1,0,1,3,2,2,0,1,0,2,1,0,15
1983,"A fuzzy-set-theoretic approach to the compositionality of meaning: Propositions, dispositions and canonical forms*",Zadeh L.A.,1675133,Journal of Semantics,2, 3-4,0,0,0,0,0,0,0,0,0,0,0,0,0,0,0,0,0,0,0,1,0,0,1,0,0,0,0,0,0,0,0,0,1,0,0,0,1,2,0,0,1,0,0,1,2,0,4,1,0,0,0,0,0,15
1980,FUZZY SETS VERSUS PROBABILITY.,Zadeh Lotfi A.,189219,Proceedings of the IEEE,68,3,0,0,0,0,0,0,0,0,0,0,0,0,0,0,0,0,0,1,0,0,1,0,0,0,0,0,0,1,0,0,0,1,2,0,0,1,1,1,1,0,0,1,2,0,0,0,0,0,0,2,0,0,0,15
2011,My life and work-a retrospective view,Zadeh L.A.,16833511,Applied and Computational Mathematics,10,1,0,0,0,0,0,0,0,0,0,0,0,0,0,0,0,0,0,0,0,0,0,0,0,0,0,0,0,0,0,0,0,0,0,0,0,0,0,0,0,0,0,0,1,1,5,1,4,0,1,0,1,0,0,14
2002,"Precisiated natural language - Toward a radical enlargement of the role of natural languages in information processing, decision and control",Zadeh L.A.,,ICONIP 2002 - Proceedings of the 9th International Conference on Neural Information Processing: Computational Intelligence for the E-Age,1, ,0,0,0,0,0,0,0,0,0,0,0,0,0,0,0,0,0,0,0,0,0,0,0,0,0,0,0,0,0,0,0,0,0,0,0,1,0,0,1,0,3,3,2,0,0,2,0,1,0,0,0,1,0,14
2001,Causality is undefinable - Toward a theory of hierarchical definability,Zadeh L.A.,,IEEE International Conference on Fuzzy Systems,1, ,0,0,0,0,0,0,0,0,0,0,0,0,0,0,0,0,0,0,0,0,0,0,0,0,0,0,0,0,0,0,0,0,0,0,0,0,1,1,0,1,2,2,2,0,1,0,0,1,0,2,1,0,0,14
1962,A Critical View of Our Research in Automatic Control,Zadeh L.A.,0096199X,IRE Transactions on Automatic Control,AC-7,3,0,0,0,0,0,0,1,0,0,0,0,0,0,0,0,0,0,0,1,0,0,0,0,0,0,0,0,1,0,1,0,1,2,1,1,0,0,0,1,1,0,0,0,0,3,0,0,0,0,0,0,0,0,14
1950,Circuit analysis of linear varying-parameter networks,Zadeh L.A.,218979,Journal of Applied Physics,21,11,0,0,0,0,0,0,0,1,0,0,0,0,0,1,0,0,0,0,0,0,0,0,0,0,0,0,0,1,0,0,0,0,0,0,2,1,0,3,2,0,1,0,0,0,1,1,0,0,0,0,0,0,0,14
2015,Fuzzy-based techniques in human-like processing of social network data,"Zadeh L.A., Abbasov A.M., Shahbazova S.N.",2184885,"International Journal of Uncertainty, Fuzziness and Knowlege-Based Systems",23, ,0,0,0,0,0,0,0,0,0,0,0,0,0,0,0,0,0,0,0,0,0,0,0,0,0,0,0,0,0,0,0,0,0,0,0,0,0,0,0,0,0,0,0,0,0,0,0,0,2,5,3,3,0,13
2006,A new frontier in computation - Computation with information described in natural language,Zadeh L.,15411672,IEEE Intelligent Systems,, ,0,0,0,0,0,0,0,0,0,0,0,0,0,0,0,0,0,0,0,0,0,0,0,0,0,0,0,0,0,0,0,0,0,0,0,0,0,0,2,0,3,4,0,1,0,0,2,0,0,1,0,0,0,13
2003,From search engines to question-answering systems - The need for new tools,Zadeh L.A.,3029743,Lecture Notes in Artificial Intelligence (Subseries of Lecture Notes in Computer Science),2663, ,0,0,0,0,0,0,0,0,0,0,0,0,0,0,0,0,0,0,0,0,0,0,0,0,0,0,0,0,0,0,0,0,0,0,1,0,1,2,2,1,1,1,0,0,0,1,1,1,1,0,0,0,0,13
1999,New direction in fuzzy logic - toward a computational theory of perceptions,Zadeh Lotfi A.,,Annual Conference of the North American Fuzzy Information Processing Society - NAFIPS,, ,0,0,0,0,0,0,0,0,0,0,0,0,0,0,0,0,0,0,0,0,0,0,0,0,0,0,0,0,0,0,0,2,0,0,2,2,1,0,0,0,1,0,1,0,0,2,0,1,0,0,1,0,0,13
1996,Inference in fuzzy logic via generalized constraint propagation,Zadeh Lotfi A.,0195623X,Proceedings of The International Symposium on Multiple-Valued Logic,, ,0,0,0,0,0,0,0,0,0,0,0,0,0,0,0,0,0,0,0,0,0,0,0,0,0,0,0,0,0,0,0,0,0,0,0,0,0,0,0,0,3,3,1,0,2,0,0,2,2,0,0,0,0,13
1992,Fuzzy logic and the calculus of fuzzy if-then rules,Zadeh Lotfi A.,0195623X,Proceedings of The International Symposium on Multiple-Valued Logic,, ,0,0,0,0,0,0,0,0,0,0,0,0,0,0,0,0,0,0,0,0,0,0,0,0,0,0,0,0,0,0,0,0,0,0,0,1,0,0,0,0,0,0,3,1,0,0,2,2,1,3,0,0,0,13
1965,Electrical Engineering at the Crossroads,Zadeh L.A.,189359,IEEE Transactions on Education,E-8, 2-3,0,0,2,0,1,1,0,0,0,1,0,0,0,0,0,0,1,0,0,0,1,0,0,0,0,0,0,0,0,0,0,0,0,0,0,0,0,0,0,0,0,0,1,0,2,0,0,0,1,2,0,0,0,13
2015,The Information Principle,Zadeh L.A.,200255,Information Sciences,294, ,0,0,0,0,0,0,0,0,0,0,0,0,0,0,0,0,0,0,0,0,0,0,0,0,0,0,0,0,0,0,0,0,0,0,0,0,0,0,0,0,0,0,0,0,0,0,1,0,4,5,2,0,0,12
1957,Multipole Analysis of Active Networks,Zadeh L.A.,962007,IRE Transactions on Circuit Theory,4,3,0,0,1,1,1,0,0,0,2,0,0,0,1,0,0,0,0,0,0,0,0,0,0,0,0,0,0,0,0,0,0,0,0,0,0,0,1,0,1,0,0,0,0,2,0,0,0,1,0,1,0,0,0,12
2006,Graduation and granulation are keys to computation with information described in natural language,Zadeh L.A.,,2006 IEEE International Conference on Granular Computing,, ,0,0,0,0,0,0,0,0,0,0,0,0,0,0,0,0,0,0,0,0,0,0,0,0,0,0,0,0,0,0,0,0,0,0,0,0,0,0,2,4,2,0,0,1,0,0,0,0,1,0,0,1,0,11
2003,Fuzzy logic as a basis for a theory of hierarchical definability (THD),Zadeh L.A.,0195623X,Proceedings of The International Symposium on Multiple-Valued Logic,, ,0,0,0,0,0,0,0,0,0,0,0,0,0,0,0,0,0,0,0,0,0,0,0,0,0,0,0,0,0,0,0,0,0,0,1,1,0,3,2,0,1,0,0,0,0,2,0,0,0,0,1,0,0,11
2003,From search engines to question-answering systems the need for new tools,Zadeh L.A.,,IEEE International Conference on Fuzzy Systems,2, ,0,0,0,0,0,0,0,0,0,0,0,0,0,0,0,0,0,0,0,0,0,0,0,0,0,0,0,0,0,0,0,0,0,0,0,1,1,0,0,1,0,1,0,1,0,1,1,2,0,0,2,0,0,11
2010,Semantic Computing,"Sheu P.C.-Y, Yu H., Ramamoorthy C.V., Joshi A.K., Zadeh L.A.",,Semantic Computing,, ,0,0,0,0,0,0,0,0,0,0,0,0,0,0,0,0,0,0,0,0,0,0,0,0,0,0,0,0,0,0,0,0,0,0,0,0,0,0,0,0,0,0,1,1,2,2,4,0,0,0,0,0,0,10
1982,FUZZY PROBABILISTIES AND THEIR ROLE IN DECISION ANALYSIS.,Zadeh L.A.,,,, ,0,0,0,0,0,0,0,0,0,0,0,0,0,0,0,0,1,1,0,0,0,1,1,0,1,0,0,0,0,0,0,0,1,0,1,0,0,1,0,0,0,0,1,0,0,0,0,0,1,0,0,0,0,10
2017,Abstract intelligence: Embodying and enabling cognitive systems by mathematical engineering,"Wang Y., Zadeh L.A., Widrow B., Howard N., Beaufays F., Baciu G., Hsu D.F., Luo G., Mizoguchi F., Patel S., Raskin V., Tsumoto S., Wei W., Zhang D.",15573958,International Journal of Cognitive Informatics and Natural Intelligence,11,1,0,0,0,0,0,0,0,0,0,0,0,0,0,0,0,0,0,0,0,0,0,0,0,0,0,0,0,0,0,0,0,0,0,0,0,0,0,0,0,0,0,0,0,0,0,0,0,0,4,3,2,0,0,9
2014,Recent Developments and New Directions in Soft Computing,"Zadeh L.A., Abbasov A.M., Yager R.R., Shahbazova S.N., Reformat M.Z.",14349922,Studies in Fuzziness and Soft Computing,317, ,0,0,0,0,0,0,0,0,0,0,0,0,0,0,0,0,0,0,0,0,0,0,0,0,0,0,0,0,0,0,0,0,0,0,0,0,0,0,0,0,0,0,0,0,0,0,1,1,0,3,4,0,0,9
2004,Membership functions and probability measures of fuzzy sets: Comment,"Lindley D.V., Laviolette M., Zadeh L.A., Dempster A.P., Singpurwalla N.D., Booker J.M.",1621459,Journal of the American Statistical Association,99,467,0,0,0,0,0,0,0,0,0,0,0,0,0,0,0,0,0,0,0,0,0,0,0,0,0,0,0,0,0,0,0,0,0,0,0,0,0,0,0,0,1,0,0,2,0,1,0,1,2,1,0,1,0,9
2008,Foreword to the special section on granular computing,"Lin T.Y., Zadeh L.A.",10636706,IEEE Transactions on Fuzzy Systems,16,2,0,0,0,0,0,0,0,0,0,0,0,0,0,0,0,0,0,0,0,0,0,0,0,0,0,0,0,0,0,0,0,0,0,0,0,0,0,0,0,0,0,1,1,2,1,0,1,0,0,0,1,1,0,8
2007,Granular computing and rough set theory,Zadeh L.A.,3029743,Lecture Notes in Computer Science (including subseries Lecture Notes in Artificial Intelligence and Lecture Notes in Bioinformatics),4585, ,0,0,0,0,0,0,0,0,0,0,0,0,0,0,0,0,0,0,0,0,0,0,0,0,0,0,0,0,0,0,0,0,0,0,0,0,0,0,0,0,0,1,1,3,3,0,0,0,0,0,0,0,0,8
1952,Generalized ideal filters,"Zadeh L.A., Miller K.S.",218979,Journal of Applied Physics,23,2,0,0,0,0,0,0,0,0,0,0,0,0,1,0,0,0,0,0,0,0,0,0,0,0,0,0,0,0,0,0,0,0,0,0,1,0,0,0,3,0,1,0,0,0,0,0,2,0,0,0,0,0,0,8
2014,A note on modal logic and possibility theory,Zadeh L.A.,200255,Information Sciences,279, ,0,0,0,0,0,0,0,0,0,0,0,0,0,0,0,0,0,0,0,0,0,0,0,0,0,0,0,0,0,0,0,0,0,0,0,0,0,0,0,0,0,0,0,0,0,1,2,2,2,0,0,0,0,7
1993,"Fuzzy logic, neural networks and soft computing",Zadeh Lotfi Z.,1656074,Microprocessing and microprogramming,38, 1-5,0,0,0,0,0,0,0,0,0,0,0,0,0,0,0,0,0,0,0,0,0,0,0,0,0,0,0,0,0,0,0,0,0,0,0,0,0,0,0,2,0,1,0,0,0,0,1,0,0,0,1,2,0,7
2004,Web intelligence and world knowledge - The concept of Web IQ (WIQ),Zadeh L.A.,,Annual Conference of the North American Fuzzy Information Processing Society - NAFIPS,1, ,0,0,0,0,0,0,0,0,0,0,0,0,0,0,0,0,0,0,0,0,0,0,0,0,0,0,0,0,0,0,0,0,0,0,0,0,0,0,1,1,1,0,2,0,0,0,1,0,0,0,0,0,0,6
1998,Information granulation and its centrality in human and machine intelligence,Zadeh L.A.,3029743,Lecture Notes in Computer Science (including subseries Lecture Notes in Artificial Intelligence and Lecture Notes in Bioinformatics),1424, ,0,0,0,0,0,0,0,0,0,0,0,0,0,0,0,0,0,0,0,0,0,0,0,0,0,0,0,0,0,0,0,0,0,0,0,0,4,1,0,0,1,0,0,0,0,0,0,0,0,0,0,0,0,6
1998,Toward a restructuring of the foundations of fuzzy logic (FL),Zadeh Lotfi A.,,IEEE International Conference on Fuzzy Systems,2, ,0,0,0,0,0,0,0,0,0,0,0,0,0,0,0,0,0,0,0,0,0,0,0,0,0,0,0,0,0,0,0,0,0,0,0,1,1,0,1,0,1,0,0,0,0,0,1,0,0,0,1,0,0,6
1997,"Roles of soft computing and fuzzy logic in the conception, design and deployment of intelligent systems",Zadeh Lotfi A.,,IEEE International Conference on Fuzzy Systems,1, ,0,0,0,0,0,0,0,0,0,0,0,0,0,0,0,0,0,0,0,0,0,0,0,0,0,0,0,0,0,0,0,0,0,3,0,0,0,0,0,0,1,0,1,0,1,0,0,0,0,0,0,0,0,6
1985,Research Needs and the Phenomena of Decisionmaking and Operations,"Cohen M.D., Huber G., Keeney R.L., Levis A.H., Lopes L.L., Sage A.P., Sen S., Whinston A.B., Winkler R.L., Von Winterfeldt D., Zadeh L.",189472,"IEEE Transactions on Systems, Man and Cybernetics",15,6,0,0,0,0,0,0,0,0,0,0,0,0,0,0,0,0,0,0,0,0,1,0,1,1,1,0,0,0,0,0,0,0,0,0,0,0,0,0,0,0,0,0,0,0,0,2,0,0,0,0,0,0,0,6
1969,TOWARD A THEORY OF FUZZY SYSTEMS,ZADEH LA,5657059,NASA Contractor Reports,, ,0,0,1,0,2,0,0,0,1,0,0,0,1,1,0,0,0,0,0,0,0,0,0,0,0,0,0,0,0,0,0,0,0,0,0,0,0,0,0,0,0,0,0,0,0,0,0,0,0,0,0,0,0,6
1956,Solution of an Integral Equation Occurring in the Theories of Prediction and Detection,"Miller K.S., Zadeh L.A.",961000,IRE Transactions on Information Theory,2,2,0,1,2,1,0,0,0,0,0,0,0,0,0,0,0,0,0,0,0,0,0,0,0,0,0,0,0,0,0,0,0,0,0,0,1,0,0,0,1,0,0,0,0,0,0,0,0,0,0,0,0,0,0,6
2016,"Stratification, target set reachability and incremental enlargement principle",Zadeh L.A.,200255,Information Sciences,354, ,0,0,0,0,0,0,0,0,0,0,0,0,0,0,0,0,0,0,0,0,0,0,0,0,0,0,0,0,0,0,0,0,0,0,0,0,0,0,0,0,0,0,0,0,0,0,0,0,1,3,1,0,0,5
2015,Analysis of Twitter hashtags: Fuzzy clustering approach,"Zadeh L.A., Abbasov A.M., Shahbazova S.N.",,Annual Conference of the North American Fuzzy Information Processing Society - NAFIPS,2015-, ,0,0,0,0,0,0,0,0,0,0,0,0,0,0,0,0,0,0,0,0,0,0,0,0,0,0,0,0,0,0,0,0,0,0,0,0,0,0,0,0,0,0,0,0,0,0,0,0,2,2,1,0,0,5
2013,Stochastic finite-state systems in control theory,Zadeh L.A.,200255,Information Sciences,251, ,0,0,0,0,0,0,0,0,0,0,0,0,0,0,0,0,0,0,0,0,0,0,0,0,0,0,0,0,0,0,0,0,0,0,0,0,0,0,0,0,0,0,0,0,0,1,1,0,0,3,0,0,0,5
2005,From search engines to question-answering systems - The role of fuzzy logic,Zadeh L.A.,13498614,Progress in Informatics,,1,0,0,0,0,0,0,0,0,0,0,0,0,0,0,0,0,0,0,0,0,0,0,0,0,0,0,0,0,0,0,0,0,0,0,0,0,1,0,0,1,0,1,0,1,0,0,0,1,0,0,0,0,0,5
2004,Precisiated natural language (PNL) - Toward an enlargement of the role of natural language in scientific theories,Zadeh L.A.,10987584,IEEE International Conference on Fuzzy Systems,1, ,0,0,0,0,0,0,0,0,0,0,0,0,0,0,0,0,0,0,0,0,0,0,0,0,0,0,0,0,0,0,0,0,0,0,0,0,0,4,1,0,0,0,0,0,0,0,0,0,0,0,0,0,0,5
2002,Granular computing as a basis for a computational theory of perceptions,Zadeh L.A.,10987584,IEEE International Conference on Fuzzy Systems,1, ,0,0,0,0,0,0,0,0,0,0,0,0,0,0,0,0,0,0,0,0,0,0,0,0,0,0,0,0,0,0,0,0,0,0,0,0,0,0,1,1,0,0,1,0,1,1,0,0,0,0,0,0,0,5
2000,From computing with numbers to computing with words-from manipulation of measurements to manipulation of perceptions!,Zadeh L.A.,16153871,Advances in Soft Computing,6, ,0,0,0,0,0,0,0,0,0,0,0,0,0,0,0,0,0,0,0,0,0,0,0,0,0,0,0,0,0,0,0,0,0,0,0,0,0,0,0,0,0,0,0,1,2,1,0,0,1,0,0,0,0,5
1982,Is possibility different from probability?,Zadeh L.A.,1672533,Human Systems Management,3,4,0,0,0,0,0,0,0,0,0,0,0,0,0,0,0,0,0,1,0,0,0,0,0,0,1,0,1,0,0,0,0,0,0,1,0,0,0,1,0,0,0,0,0,0,0,0,0,0,0,0,0,0,0,5
1977,Linguistic characterization of preference relations as a basis for choice in social systems,Zadeh L.A.,1650106,Erkenntnis,11,1,0,0,0,0,0,0,0,0,0,0,0,0,0,1,1,0,0,0,0,0,1,1,0,0,0,0,0,0,0,0,0,0,0,0,0,0,0,0,0,1,0,0,0,0,0,0,0,0,0,0,0,0,0,5
1952,Operational Analysis of Variable-Delay Systems,Zadeh L.A.,968390,Proceedings of the IRE,40,5,0,0,0,0,0,0,0,0,0,0,1,0,0,0,0,0,0,0,0,0,0,0,0,0,0,0,0,0,0,1,0,0,0,0,0,0,0,0,1,0,1,0,0,1,0,0,0,0,0,0,0,0,0,5
2016,A Very Simple Formula for Aggregation and Multicriteria Optimization,Zadeh L.A.,2184885,"International Journal of Uncertainty, Fuzziness and Knowlege-Based Systems",24,6,0,0,0,0,0,0,0,0,0,0,0,0,0,0,0,0,0,0,0,0,0,0,0,0,0,0,0,0,0,0,0,0,0,0,0,0,0,0,0,0,0,0,0,0,0,0,0,0,0,1,3,0,0,4
2016,Generalized theory of uncertainty: Principal concepts and ideas,Zadeh L.A.,,Fundamental Uncertainty: Rationality and Plausible Reasoning,, ,0,0,0,0,0,0,0,0,0,0,0,0,0,0,0,0,0,0,0,0,0,0,0,0,0,0,0,0,0,0,0,0,0,0,0,0,0,0,0,0,0,0,0,0,0,1,0,0,0,0,2,1,0,4
2008,A New Frontier in Computation - Computation with Information Described in Natural Language,Zadeh L.A.,18419836,"International Journal of Computers, Communications and Control",3, ,0,0,0,0,0,0,0,0,0,0,0,0,0,0,0,0,0,0,0,0,0,0,0,0,0,0,0,0,0,0,0,0,0,0,0,0,0,0,0,0,0,1,0,0,0,0,0,2,1,0,0,0,0,4
2007,A new frontier in computation - Computation with information described in natural language,Zadeh L.A.,,"2007 IEEE International Symposium on Intelligent Signal Processing, WISP",, ,0,0,0,0,0,0,0,0,0,0,0,0,0,0,0,0,0,0,0,0,0,0,0,0,0,0,0,0,0,0,0,0,0,0,0,0,0,0,0,1,1,0,0,0,0,0,1,0,0,0,1,0,0,4
2006,Toward human-level machine intelligence,Zadeh L.A.,10823409,"Proceedings - International Conference on Tools with Artificial Intelligence, ICTAI",, ,0,0,0,0,0,0,0,0,0,0,0,0,0,0,0,0,0,0,0,0,0,0,0,0,0,0,0,0,0,0,0,0,0,0,0,0,0,0,0,0,0,0,1,1,0,0,0,0,1,1,0,0,0,4
2006,DNA algorithm of image recognition and its application,"Ying Z., Yongsheng D., Wanggen L., Zadeh L.A.",,"Proceedings of the 2006 IEEE International Conference on Information Reuse and Integration, IRI-2006",, ,0,0,0,0,0,0,0,0,0,0,0,0,0,0,0,0,0,0,0,0,0,0,0,0,0,0,0,0,0,0,0,0,0,0,0,0,0,0,0,0,0,0,1,2,0,0,0,1,0,0,0,0,0,4
2006,Granular computing - The concept of generalized constraint-based computation,Zadeh L.A.,3029743,Lecture Notes in Computer Science (including subseries Lecture Notes in Artificial Intelligence and Lecture Notes in Bioinformatics),4259, ,0,0,0,0,0,0,0,0,0,0,0,0,0,0,0,0,0,0,0,0,0,0,0,0,0,0,0,0,0,0,0,0,0,0,0,0,0,0,0,0,0,1,1,0,1,0,0,0,0,1,0,0,0,4
2004,"Web intelligence, world knowledge and fuzzy logic - The concept of web IQ (WIQ)",Zadeh L.A.,3029743,Lecture Notes in Computer Science (including subseries Lecture Notes in Artificial Intelligence and Lecture Notes in Bioinformatics),3213, ,0,0,0,0,0,0,0,0,0,0,0,0,0,0,0,0,0,0,0,0,0,0,0,0,0,0,0,0,0,0,0,0,0,0,0,0,1,1,0,0,0,0,0,0,0,1,0,0,1,0,0,0,0,4
2003,Toward a perception-based theory of probabilistic reasoning with imprecise probabilities,Zadeh L.A.,,Intelligent Systems for Information Processing: From Representation to Applications,, ,0,0,0,0,0,0,0,0,0,0,0,0,0,0,0,0,0,0,0,0,0,0,0,0,0,0,0,0,0,0,0,0,0,0,0,0,0,0,0,0,0,1,1,0,0,0,0,0,1,0,1,0,0,4
1993,The role of fuzzy logic and soft computing in the conception and design of intelligent systems,Zadeh L.A.,3029743,Lecture Notes in Computer Science (including subseries Lecture Notes in Artificial Intelligence and Lecture Notes in Bioinformatics),695, ,0,0,0,0,0,0,0,0,0,0,0,0,0,0,0,0,0,0,0,0,0,0,0,0,0,0,0,0,1,0,0,0,0,0,0,0,0,0,0,0,0,0,1,0,1,0,0,0,0,1,0,0,0,4
1983,SYLLOGISTIC REASONING IN FUZZY LOGIC AND ITS APPLICATION TO REASONING WITH DISPOSITIONS.,Zadeh L.A.,0195623X,Proceedings of The International Symposium on Multiple-Valued Logic,, ,0,0,0,0,0,0,0,0,0,0,0,0,0,0,0,0,0,0,0,0,0,0,0,0,0,0,0,0,0,0,0,1,1,0,0,1,0,0,1,0,0,0,0,0,0,0,0,0,0,0,0,0,0,4
1951,Initial conditions in linear varying-parameter systems,Zadeh L.A.,218979,Journal of Applied Physics,22,6,0,1,0,0,0,0,0,0,0,0,0,0,0,0,0,0,0,0,0,0,0,0,0,0,0,0,0,0,0,0,0,0,0,0,0,0,0,1,1,0,0,0,0,0,0,0,0,0,0,0,1,0,0,4
2013,Fuzzy logic,Zadeh L.A.,,"Computational Complexity: Theory, Techniques, and Applications",9.78146E+12, ,0,0,0,0,0,0,0,0,0,0,0,0,0,0,0,0,0,0,0,0,0,0,0,0,0,0,0,0,0,0,0,0,0,0,0,0,0,0,0,0,0,0,0,0,0,0,0,0,0,0,2,1,0,3
2009,From fuzzy logic to extended fuzzy logic - A first step,Zadeh L.A.,,Annual Conference of the North American Fuzzy Information Processing Society - NAFIPS,, ,0,0,0,0,0,0,0,0,0,0,0,0,0,0,0,0,0,0,0,0,0,0,0,0,0,0,0,0,0,0,0,0,0,0,0,0,0,0,0,0,0,1,0,0,0,0,1,0,0,0,1,0,0,3
2007,Precisiated natural language,Zadeh L.A.,14349922,Studies in Fuzziness and Soft Computing,209, ,0,0,0,0,0,0,0,0,0,0,0,0,0,0,0,0,0,0,0,0,0,0,0,0,0,0,0,0,0,0,0,0,0,0,0,0,0,0,0,0,0,0,1,0,0,0,1,0,0,0,1,0,0,3
2006,"From search engines to question-answering systems: The problems of world knowledge, relevance, deduction, and precisiation",Zadeh L.A.,16153871,Advances in Soft Computing,38, ,0,0,0,0,0,0,0,0,0,0,0,0,0,0,0,0,0,0,0,0,0,0,0,0,0,0,0,0,0,0,0,0,0,0,0,0,0,0,1,0,0,0,0,0,2,0,0,0,0,0,0,0,0,3
2005,The concept of a generalized constraint - A bridge from natural languages to mathematics,Zadeh L.A.,,2005 IEEE International Workshop on Intelligent Signal Processing - Proceedings,, ,0,0,0,0,0,0,0,0,0,0,0,0,0,0,0,0,0,0,0,0,0,0,0,0,0,0,0,0,0,0,0,0,0,0,0,0,0,0,0,0,0,0,0,0,1,0,1,0,1,0,0,0,0,3
2001,A new direction in AI - Toward a computational theory of perceptions,Zadeh L.A.,3029743,Lecture Notes in Computer Science (including subseries Lecture Notes in Artificial Intelligence and Lecture Notes in Bioinformatics),2206, ,0,0,0,0,0,0,0,0,0,0,0,0,0,0,0,0,0,0,0,0,0,0,0,0,0,0,0,0,0,0,0,0,0,0,0,0,0,0,0,0,0,0,0,0,0,1,1,1,0,0,0,0,0,3
1991,"Fuzzy logic: principles, applications and perspectives",Zadeh L.A.,0277786X,Proceedings of SPIE - The International Society for Optical Engineering,1468,2,0,0,0,0,0,0,0,0,0,0,0,0,0,0,0,0,0,0,0,0,0,0,0,0,0,0,0,0,0,0,0,0,0,0,0,0,0,0,0,0,0,0,0,0,0,0,0,0,0,1,2,0,0,3
1971,Impact of Computers on the Orientation of Electrical Engineering Curricula,Zadeh L.A.,189359,IEEE Transactions on Education,14,4,0,0,0,0,0,0,0,0,1,1,0,0,0,0,0,0,0,0,0,0,0,0,0,0,0,0,0,0,0,0,0,0,0,0,0,0,0,0,0,0,0,0,0,0,0,0,0,0,1,0,0,0,0,3
1961,"Progress in Information Theory in the U.S.A., 1957-1960","Elias P., Gill A., Price R., Abramson N., Swerling P., Zadeh L.",961000,IRE Transactions on Information Theory,7,3,0,0,0,0,0,0,0,0,1,0,0,0,0,0,0,0,0,0,0,0,0,0,0,0,0,0,0,0,0,0,0,0,0,0,0,0,0,0,1,0,0,0,0,0,0,0,1,0,0,0,0,0,0,3
1961,Remark on the paper by Bellman and Kalaba,Zadeh L.A.,199958,Information and Control,4,4,0,1,0,1,0,0,0,0,0,0,0,0,0,0,0,0,0,0,0,0,0,0,0,0,0,0,0,0,0,0,0,0,0,0,0,0,0,0,1,0,0,0,0,0,0,0,0,0,0,0,0,0,0,3
1952,On the theory of filtration of signals,Zadeh L.A.,442275,ZAMP Zeitschrift für angewandte Mathematik und Physik,3,2,0,0,0,0,0,0,0,0,0,0,0,0,1,0,0,0,0,0,0,0,0,0,0,0,0,0,0,0,0,0,0,0,0,0,1,0,0,0,1,0,0,0,0,0,0,0,0,0,0,0,0,0,0,3
1951,Constant-Resistance Networks of the Linear Varying-Parameter Type,Zadeh L.A.,968390,Proceedings of the IRE,39,6,0,0,0,0,0,0,0,0,0,0,0,0,0,0,0,0,0,0,0,0,1,0,0,0,0,0,0,0,0,0,0,0,0,0,0,0,0,0,1,0,0,0,0,0,0,0,0,0,0,1,0,0,0,3
1951,Correlation Functions and Spectra of Phase- and Delay-Modulated Signals,Zadeh L.A.,968390,Proceedings of the IRE,39,4,0,0,0,0,0,0,1,0,0,0,1,0,0,0,0,0,0,0,0,0,0,0,0,0,0,0,0,0,0,0,0,0,0,0,0,0,0,0,1,0,0,0,0,0,0,0,0,0,0,0,0,0,0,3
2015,Toward a restriction-centered theory of truth and meaning (RCT),Zadeh L.A.,14349922,Studies in Fuzziness and Soft Computing,322, ,0,0,0,0,0,0,0,0,0,0,0,0,0,0,0,0,0,0,0,0,0,0,0,0,0,0,0,0,0,0,0,0,0,0,0,0,0,0,0,0,0,0,0,0,0,0,0,0,0,0,1,1,0,2
2011,Foreword,Zadeh L.A.,18419836,"International Journal of Computers, Communications and Control",6,3,0,0,0,0,0,0,0,0,0,0,0,0,0,0,0,0,0,0,0,0,0,0,0,0,0,0,0,0,0,0,0,0,0,0,0,0,0,0,0,0,0,0,0,0,0,0,1,0,1,0,0,0,0,2
2005,Toward a Generalized Theory of Uncertainty (GTU) - An outline,Zadeh L.A.,,2005 IEEE International Conference on Granular Computing,2005, ,0,0,0,0,0,0,0,0,0,0,0,0,0,0,0,0,0,0,0,0,0,0,0,0,0,0,0,0,0,0,0,0,0,0,0,0,0,0,0,1,0,0,0,0,0,0,0,0,0,0,0,1,0,2
2005,The concept of a generalized constraint - A bridge from natural languages to mathematics,Zadeh L.A.,,Annual Conference of the North American Fuzzy Information Processing Society - NAFIPS,2005, ,0,0,0,0,0,0,0,0,0,0,0,0,0,0,0,0,0,0,0,0,0,0,0,0,0,0,0,0,0,0,0,0,0,0,0,0,0,0,0,0,1,1,0,0,0,0,0,0,0,0,0,0,0,2
2001,Foreword - Recognition technology and fuzzy logic,Zadeh L.A.,10636706,IEEE Transactions on Fuzzy Systems,9,1,0,0,0,0,0,0,0,0,0,0,0,0,0,0,0,0,0,0,0,0,0,0,0,0,0,0,0,0,0,0,0,0,0,0,0,1,0,0,0,1,0,0,0,0,0,0,0,0,0,0,0,0,0,2
1999,Some reflections on the relationship between AI and fuzzy logic (FL) - a heretical view -,Zadeh L.A.,3029743,Lecture Notes in Computer Science (including subseries Lecture Notes in Artificial Intelligence and Lecture Notes in Bioinformatics),1566, ,0,0,0,0,0,0,0,0,0,0,0,0,0,0,0,0,0,0,0,0,0,0,0,0,0,0,0,0,0,0,0,0,0,0,0,0,1,1,0,0,0,0,0,0,0,0,0,0,0,0,0,0,0,2
1999,A new direction in system analysis: From computation with measurements to computation with perceptions,Zadeh L.A.,3029743,Lecture Notes in Computer Science (including subseries Lecture Notes in Artificial Intelligence and Lecture Notes in Bioinformatics),1711, ,0,0,0,0,0,0,0,0,0,0,0,0,0,0,0,0,0,0,0,0,0,0,0,0,0,0,0,0,0,0,0,0,1,0,0,0,0,0,1,0,0,0,0,0,0,0,0,0,0,0,0,0,0,2
1993,Foreword: Fuzzy logic,Zadeh L.A.,9259902,Journal of Intelligent Information Systems,2,4,0,0,0,0,0,0,0,0,0,0,0,0,0,0,0,0,0,0,0,0,0,0,0,0,0,0,0,0,0,0,0,0,0,0,0,0,0,0,0,0,0,0,0,2,0,0,0,0,0,0,0,0,0,2
1988,Dispositional Logic,Zadeh L.A.,8939659,Applied Mathematics Letters,1,1,0,0,0,0,0,0,0,0,0,0,0,0,0,0,0,0,0,0,0,0,1,0,1,0,0,0,0,0,0,0,0,0,0,0,0,0,0,0,0,0,0,0,0,0,0,0,0,0,0,0,0,0,0,2
1983,NAFIP-1. Panel discussion on introduction of fuzzy sets to undergraduate engineering and science curricula,"Yao J.T.P., Brown C.B., Fu K.S., Galambos T.V., Goodman I.R., Yager R.L., Windham M.P., Zadeh L., Smets P., de Ram S.C., Dompere K.K., Bezdek J., Whalen T.",207373,International Journal of Man-Machine Studies,19,1,0,0,0,0,0,0,0,0,0,0,0,0,0,0,0,0,0,0,0,0,0,0,0,0,0,0,0,0,0,0,0,0,2,0,0,0,0,0,0,0,0,0,0,0,0,0,0,0,0,0,0,0,0,2
1978,An editorial perspective,"Negoita C.V., Zadeh L.A., Zimmermann H.-J.",1650114,Fuzzy Sets and Systems,1,1,0,0,0,0,0,0,0,0,0,0,0,0,0,0,0,0,0,0,0,0,0,0,0,0,0,0,0,0,0,0,0,0,0,0,0,0,0,0,0,0,0,0,0,0,0,0,0,0,0,0,2,0,0,2
1963,Report on Progress in Information Theory in the U.S.A. 1960-1963,Zadeh L.A.,189448,IEEE Transactions on Information Theory,9,4,0,0,0,0,0,0,0,0,0,0,0,0,0,0,0,0,0,0,0,0,0,0,0,0,0,0,0,0,0,0,0,0,0,0,0,0,0,0,1,0,0,0,0,0,0,0,1,0,0,0,0,0,0,2
1960,A Tribute,"Declaris N., Zadeh L.A.",962007,IRE Transactions on Circuit Theory,7,4,0,0,1,0,0,0,0,0,0,0,0,0,0,0,0,1,0,0,0,0,0,0,0,0,0,0,0,0,0,0,0,0,0,0,0,0,0,0,0,0,0,0,0,0,0,0,0,0,0,0,0,0,0,2
1953,A Note on the Analysis of Vacuum Tube and Transistor Circuits,Zadeh L.A.,968390,Proceedings of the IRE,41,8,0,0,0,0,1,0,0,0,0,0,0,0,0,0,0,0,0,0,0,0,0,0,0,0,0,0,0,0,0,0,0,0,0,0,0,0,0,0,1,0,0,0,0,0,0,0,0,0,0,0,0,0,0,2
1953,Generalized Fourier Integrals,"Miller K.S., Zadeh L.A.",962007,IRE Transactions on Circuit Theory,2,3,0,0,0,1,0,0,0,0,0,0,0,0,0,0,0,0,0,0,0,0,0,0,0,0,0,0,0,0,0,0,0,0,0,0,0,0,0,0,1,0,0,0,0,0,0,0,0,0,0,0,0,0,0,2
1950,Band-Pass Low-Pass Transformation in Variable Networks,Zadeh L.A.,968390,Proceedings of the IRE,38,11,0,0,0,0,0,0,0,0,0,0,0,0,0,0,0,0,0,0,0,0,0,0,0,0,0,0,0,0,0,0,0,0,1,0,0,0,0,0,1,0,0,0,0,0,0,0,0,0,0,0,0,0,0,2
1949,Probability criterion for the design of servomechanisms,"Ragazzini J.R., Zadeh L.A.",218979,Journal of Applied Physics,20,2,0,0,0,0,0,0,0,0,0,0,0,0,0,0,0,0,0,0,0,0,0,0,0,0,0,0,0,0,0,0,0,0,0,0,0,0,0,0,0,0,0,0,0,0,0,0,1,0,1,0,0,0,0,2
2015,Toward a restriction-centered theory of truth and meaning (RCT),Zadeh L.A.,14349922,Studies in Fuzziness and Soft Computing,326, ,0,0,0,0,0,0,0,0,0,0,0,0,0,0,0,0,0,0,0,0,0,0,0,0,0,0,0,0,0,0,0,0,0,0,0,0,0,0,0,0,0,0,0,0,0,0,0,0,0,0,1,0,0,1
2010,WORLDCOMP/IPCV keynote: Computing with words and perceptions - A paradigm shift,Zadeh L.A.,,"Proceedings of the 2010 International Conference on Image Processing, Computer Vision, and Pattern Recognition, IPCV 2010",1, ,0,0,0,0,0,0,0,0,0,0,0,0,0,0,0,0,0,0,0,0,0,0,0,0,0,0,0,0,0,0,0,0,0,0,0,0,0,0,0,0,0,0,0,1,0,0,0,0,0,0,0,0,0,1
2010,Foreword,Zadeh L.A.,18756891,International Journal of Computational Intelligence Systems,3,2,0,0,0,0,0,0,0,0,0,0,0,0,0,0,0,0,0,0,0,0,0,0,0,0,0,0,0,0,0,0,0,0,0,0,0,0,0,0,0,0,0,0,1,0,0,0,0,0,0,0,0,0,0,1
2007,Toward human-level machine intelligence,Zadeh L.A.,,SOFA 2007 - 2nd IEEE International Workshop on Soft Computing Applications Proceedings,, ,0,0,0,0,0,0,0,0,0,0,0,0,0,0,0,0,0,0,0,0,0,0,0,0,0,0,0,0,0,0,0,0,0,0,0,0,0,0,0,0,1,0,0,0,0,0,0,0,0,0,0,0,0,1
2006,"From search engines to question-answering systems: The problems of world knowledge, relevance, deduction, and precisiation",Zadeh L.A.,,"Computational Intelligence, Theory and Applications: International Conference 9th Fuzzy Days in Dortmund, Germany, Sept. 18-20, 2006 Proceedings",, ,0,0,0,0,0,0,0,0,0,0,0,0,0,0,0,0,0,0,0,0,0,0,0,0,0,0,0,0,0,0,0,0,0,0,0,0,0,0,0,0,0,0,0,1,0,0,0,0,0,0,0,0,0,1
2006,Computation with information described in natural language-The concept of generalized-constraint-based computation,Zadeh L.A.,,"Applied Artificial Intelligence - Proceedings of the 7th International FLINS Conference, FLINS 2006",, ,0,0,0,0,0,0,0,0,0,0,0,0,0,0,0,0,0,0,0,0,0,0,0,0,0,0,0,0,0,0,0,0,0,0,0,0,0,0,1,0,0,0,0,0,0,0,0,0,0,0,0,0,0,1
2005,The concept of a generalized constraint - A bridge from natural languages to systems analysis,Zadeh L.A.,1062922X,"Conference Proceedings - IEEE International Conference on Systems, Man and Cybernetics",4, ,0,0,0,0,0,0,0,0,0,0,0,0,0,0,0,0,0,0,0,0,0,0,0,0,0,0,0,0,0,0,0,0,0,0,0,0,0,0,1,0,0,0,0,0,0,0,0,0,0,0,0,0,0,1
2004,Comment,Zadeh L.A.,1621459,Journal of the American Statistical Association,99,467,0,0,0,0,0,0,0,0,0,0,0,0,0,0,0,0,0,0,0,0,0,0,0,0,0,0,0,0,0,0,0,0,0,0,0,0,0,0,0,0,0,0,0,0,0,0,0,0,1,0,0,0,0,1
2001,Toward a perception-based theory of probabilistic reasoning,Zadeh L.A.,3029743,Lecture Notes in Computer Science (including subseries Lecture Notes in Artificial Intelligence and Lecture Notes in Bioinformatics),2005, ,0,0,0,0,0,0,0,0,0,0,0,0,0,0,0,0,0,0,0,0,0,0,0,0,0,0,0,0,0,0,0,0,0,0,0,0,0,0,0,0,0,0,0,0,0,0,0,1,0,0,0,0,0,1
1991,Foreword,"Bouchon-Meunier B., Yager R.R., Zadeh L.A.",3029743,Lecture Notes in Computer Science (including subseries Lecture Notes in Artificial Intelligence and Lecture Notes in Bioinformatics),521, ,0,0,0,0,0,0,0,0,0,0,0,0,0,0,0,0,0,0,0,0,0,0,0,0,0,0,1,0,0,0,0,0,0,0,0,0,0,0,0,0,0,0,0,0,0,0,0,0,0,0,0,0,0,1
1984,INFORMATION SCIENCE.,"Resnikoff Howard L., Zadeh Lotfi, Herrnstein Richard J., Lesk Michael E., Schank Roger, Sowizral Henry A., Traub Joseph F., Walker Donald, Williams Martha E., Wyatt Joe B.",,,, ,0,0,0,0,0,0,0,0,0,0,0,0,0,0,0,0,0,0,0,0,0,0,0,0,0,0,0,0,1,0,0,0,0,0,0,0,0,0,0,0,0,0,0,0,0,0,0,0,0,0,0,0,0,1
1983,CAN EXPERT SYSTEMS BE DESIGNED WITHOUT USING FUZZY LOGIC?,Zadeh L.A.,,,, ,0,0,0,0,0,0,0,0,0,0,0,0,0,0,0,0,0,0,0,0,0,0,0,0,0,0,0,0,0,0,0,0,0,0,0,0,0,0,1,0,0,0,0,0,0,0,0,0,0,0,0,0,0,1
1982,LINGUISTIC VARIABLES AND APPROXIMATE REASONING.,Zadeh L.A.,,Proceedings - Annual Symposium on Computer Applications in Medical Care,, ,0,0,0,0,0,0,0,0,0,0,0,0,0,0,0,0,0,0,1,0,0,0,0,0,0,0,0,0,0,0,0,0,0,0,0,0,0,0,0,0,0,0,0,0,0,0,0,0,0,0,0,0,0,1
1973,LINGUISTIC APPROACH TO SYSTEM ANALYSIS.,Zadeh L.A.,,,, ,0,0,0,0,0,0,0,0,0,0,0,0,0,0,0,0,0,0,0,0,0,0,0,0,0,0,0,0,0,0,0,0,0,0,0,0,0,0,0,1,0,0,0,0,0,0,0,0,0,0,0,0,0,1
1962,General System Theory,Zadeh L.A.,8937141,IRE Transactions on Education,5,2,0,0,0,0,0,0,0,0,0,0,0,0,0,0,0,0,0,0,0,0,0,0,0,0,0,0,0,0,0,0,0,0,0,0,0,0,0,0,0,0,0,0,0,0,0,0,0,0,1,0,0,0,0,1
1952,Fundamental Aspects of Linear Multiplexing,"Zadeh L.A., Miller K.S.",968390,Proceedings of the IRE,40,9,0,0,0,0,0,0,0,0,0,0,0,0,0,0,0,0,0,0,0,0,0,0,0,0,0,0,0,0,0,0,0,0,0,0,0,0,0,0,1,0,0,0,0,0,0,0,0,0,0,0,0,0,0,1
1951,A note on the initial excitation of linear systems [6],Zadeh L.A.,218979,Journal of Applied Physics,22,9,0,0,0,0,0,0,0,0,0,0,0,0,0,0,0,0,0,0,0,0,0,0,0,0,0,0,0,0,0,0,0,0,0,0,0,0,0,0,1,0,0,0,0,0,0,0,0,0,0,0,0,0,0,1
2019,Computing with Words — A Framework for Human-Computer Interaction,"Tamir D., Neumann S., Rishe N., Kandel A., Zadeh L.",3029743,Lecture Notes in Computer Science (including subseries Lecture Notes in Artificial Intelligence and Lecture Notes in Bioinformatics),11580, ,0,0,0,0,0,0,0,0,0,0,0,0,0,0,0,0,0,0,0,0,0,0,0,0,0,0,0,0,0,0,0,0,0,0,0,0,0,0,0,0,0,0,0,0,0,0,0,0,0,0,0,0,0,0
2019,Foreword,Zadeh L.,21984182,"Studies in Systems, Decision and Control",176, ,0,0,0,0,0,0,0,0,0,0,0,0,0,0,0,0,0,0,0,0,0,0,0,0,0,0,0,0,0,0,0,0,0,0,0,0,0,0,0,0,0,0,0,0,0,0,0,0,0,0,0,0,0,0
2016,"Artificial intelligence and soft computing: 15th international conference, ICAISC 2016 Zakopane, Poland, June 12-16, 2016 proceedings, Part I","Rutkowski L., Korytkowski M., Scherer R., Tadeusiewicz R., Zadeh L.A., Zurada J.M.",3029743,Lecture Notes in Computer Science (including subseries Lecture Notes in Artificial Intelligence and Lecture Notes in Bioinformatics),9692, ,0,0,0,0,0,0,0,0,0,0,0,0,0,0,0,0,0,0,0,0,0,0,0,0,0,0,0,0,0,0,0,0,0,0,0,0,0,0,0,0,0,0,0,0,0,0,0,0,0,0,0,0,0,0
2013,"Outline of a restriction-centered theory of reasoning and computation in an environment of uncertainty, imprecision and partiality of truth (video tape lecture)",Zadeh L.A.,21945357,Advances in Intelligent Systems and Computing,195, ,0,0,0,0,0,0,0,0,0,0,0,0,0,0,0,0,0,0,0,0,0,0,0,0,0,0,0,0,0,0,0,0,0,0,0,0,0,0,0,0,0,0,0,0,0,0,0,0,0,0,0,0,0,0
2012,Foreword,"Kacprzyk J., Zadeh L.",,"IS'2012 - 2012 6th IEEE International Conference Intelligent Systems, Proceedings",, ,0,0,0,0,0,0,0,0,0,0,0,0,0,0,0,0,0,0,0,0,0,0,0,0,0,0,0,0,0,0,0,0,0,0,0,0,0,0,0,0,0,0,0,0,0,0,0,0,0,0,0,0,0,0
2011,Introduction,"Kruse R., Beer M., Zadeh L.A.",10692509,Integrated Computer-Aided Engineering,18,3,0,0,0,0,0,0,0,0,0,0,0,0,0,0,0,0,0,0,0,0,0,0,0,0,0,0,0,0,0,0,0,0,0,0,0,0,0,0,0,0,0,0,0,0,0,0,0,0,0,0,0,0,0,0
2011,Editorial,"Zadeh L.A., Verma A.K., Deshpande A.",9756809,International Journal of Systems Assurance Engineering and Management,2,1,0,0,0,0,0,0,0,0,0,0,0,0,0,0,0,0,0,0,0,0,0,0,0,0,0,0,0,0,0,0,0,0,0,0,0,0,0,0,0,0,0,0,0,0,0,0,0,0,0,0,0,0,0,0
2010,Studies in Fuzziness and Soft Computing: Foreword,Zadeh L.A.,14349922,Studies in Fuzziness and Soft Computing,261, ,0,0,0,0,0,0,0,0,0,0,0,0,0,0,0,0,0,0,0,0,0,0,0,0,0,0,0,0,0,0,0,0,0,0,0,0,0,0,0,0,0,0,0,0,0,0,0,0,0,0,0,0,0,0
2010,Preface,"Sheu P.C.-Y, Yu H., Ramamoorthy C.V., Joshi A.K., Zadeh L.A.",,Semantic Computing,, ,0,0,0,0,0,0,0,0,0,0,0,0,0,0,0,0,0,0,0,0,0,0,0,0,0,0,0,0,0,0,0,0,0,0,0,0,0,0,0,0,0,0,0,0,0,0,0,0,0,0,0,0,0,0
2010,Forword,Zadeh L.A.,18756891,International Journal of Computational Intelligence Systems,3,2,0,0,0,0,0,0,0,0,0,0,0,0,0,0,0,0,0,0,0,0,0,0,0,0,0,0,0,0,0,0,0,0,0,0,0,0,0,0,0,0,0,0,0,0,0,0,0,0,0,0,0,0,0,0
2009,"Proceedings of the 11th WSEAS International Conference on Mathematical Methods, Computational Techniques and Intelligent Systems, MAMECTIS '09, Proc. 8th WSEAS NOLASC '09, Proc. 5th WSEAS CONTROL '09: Preface","Perlovsky L., Dionysiou D.D., Zadeh L.A., Kostic M.M., Gonzalez-Concepcion C., Jaberg H., Mastorakis N.E., Zaharim A., Sopian K.",,"Proceedings of the 11th WSEAS International Conference on Mathematical Methods, Computational Techniques and Intelligent Systems, MAMECTIS '09, Proc. 8th WSEAS NOLASC '09, Proc. 5th WSEAS CONTROL '09",, ,0,0,0,0,0,0,0,0,0,0,0,0,0,0,0,0,0,0,0,0,0,0,0,0,0,0,0,0,0,0,0,0,0,0,0,0,0,0,0,0,0,0,0,0,0,0,0,0,0,0,0,0,0,0
2009,"Proceedings of the 3rd WSEAS International Conference on Energy Planning, Energy Saving, Environmental Education, EPESE '09, Renewable Energy Sources, RES '09, Waste Management, WWAI '09: Preface","Perlovsky L., Dionysiou D.D., Zadeh L.A., Kostic M.M., Gonzalez-Concepcion C., Jaberg H., Mastorakis N.E., Zaharim A., Sopian K.",,"Proceedings of the 3rd WSEAS International Conference on Energy Planning, Energy Saving, Environmental Education, EPESE '09, Renewable Energy Sources, RES '09, Waste Management, WWAI '09",, ,0,0,0,0,0,0,0,0,0,0,0,0,0,0,0,0,0,0,0,0,0,0,0,0,0,0,0,0,0,0,0,0,0,0,0,0,0,0,0,0,0,0,0,0,0,0,0,0,0,0,0,0,0,0
2009,Journal of Advanced Computational Intelligence and Intelligent Informatics: Editorial,"Beldjehem M., Zadeh L.A., Yager R., Gupta M.",13430130,Journal of Advanced Computational Intelligence and Intelligent Informatics,13,5,0,0,0,0,0,0,0,0,0,0,0,0,0,0,0,0,0,0,0,0,0,0,0,0,0,0,0,0,0,0,0,0,0,0,0,0,0,0,0,0,0,0,0,0,0,0,0,0,0,0,0,0,0,0
2009,Message from professor Lotfi A. Zadeh,Zadeh A.L.,,"Proceedings - 2009 3rd International Workshop on Soft Computing Applications, SOFA 2009",, ,0,0,0,0,0,0,0,0,0,0,0,0,0,0,0,0,0,0,0,0,0,0,0,0,0,0,0,0,0,0,0,0,0,0,0,0,0,0,0,0,0,0,0,0,0,0,0,0,0,0,0,0,0,0
2009,Computation with imprecise probabilities,Zadeh L.A.,18632351,Lecture Notes in Geoinformation and Cartography,,199069,0,0,0,0,0,0,0,0,0,0,0,0,0,0,0,0,0,0,0,0,0,0,0,0,0,0,0,0,0,0,0,0,0,0,0,0,0,0,0,0,0,0,0,0,0,0,0,0,0,0,0,0,0,0
2009,Preface,"Beldjehem M., Zadeh L.A., Yager R., Gupta M., Adeli H.",,NASTEC 2009 - 2nd International North American Simulation Technology Conference,, ,0,0,0,0,0,0,0,0,0,0,0,0,0,0,0,0,0,0,0,0,0,0,0,0,0,0,0,0,0,0,0,0,0,0,0,0,0,0,0,0,0,0,0,0,0,0,0,0,0,0,0,0,0,0
2008,"Proceedings - International Symposium on Information Technology 2008, ITSIM: Preface","Zaman H.B., Sembok T.M.T., Van Rjisbergen K., Zadeh L., Buza P., Shih T., Taib M.N.",,"Proceedings - International Symposium on Information Technology 2008, ITSim",1, ,0,0,0,0,0,0,0,0,0,0,0,0,0,0,0,0,0,0,0,0,0,0,0,0,0,0,0,0,0,0,0,0,0,0,0,0,0,0,0,0,0,0,0,0,0,0,0,0,0,0,0,0,0,0
2008,"5th International Conference on Soft Computing as Transdisciplinary Science and Technology, CSTST '08 - Proceedings: Foreword",Zadeh L.A.,,"5th International Conference on Soft Computing as Transdisciplinary Science and Technology, CSTST '08 - Proceedings",, ,0,0,0,0,0,0,0,0,0,0,0,0,0,0,0,0,0,0,0,0,0,0,0,0,0,0,0,0,0,0,0,0,0,0,0,0,0,0,0,0,0,0,0,0,0,0,0,0,0,0,0,0,0,0
2008,Foreword,Zadeh L.A.,,Handbook of Granular Computing,, ,0,0,0,0,0,0,0,0,0,0,0,0,0,0,0,0,0,0,0,0,0,0,0,0,0,0,0,0,0,0,0,0,0,0,0,0,0,0,0,0,0,0,0,0,0,0,0,0,0,0,0,0,0,0
2008,Preface,"Beldjehem M., Zadeh L.A., Yager R., Gupta M.",,"1st International North American Simulation Technology Conference, NASTEC 2008",, ,0,0,0,0,0,0,0,0,0,0,0,0,0,0,0,0,0,0,0,0,0,0,0,0,0,0,0,0,0,0,0,0,0,0,0,0,0,0,0,0,0,0,0,0,0,0,0,0,0,0,0,0,0,0
2008,Message from the chairs,"Beldjehem M., Zadeh L.A., Yager R., Gupta M.",,"1st International North American Simulation Technology Conference, NASTEC 2008",, ,0,0,0,0,0,0,0,0,0,0,0,0,0,0,0,0,0,0,0,0,0,0,0,0,0,0,0,0,0,0,0,0,0,0,0,0,0,0,0,0,0,0,0,0,0,0,0,0,0,0,0,0,0,0
2008,A new frontier in computation-computation with information described in natural language,Zadeh L.A.,,"1st International North American Simulation Technology Conference, NASTEC 2008",, ,0,0,0,0,0,0,0,0,0,0,0,0,0,0,0,0,0,0,0,0,0,0,0,0,0,0,0,0,0,0,0,0,0,0,0,0,0,0,0,0,0,0,0,0,0,0,0,0,0,0,0,0,0,0
2008,Computation with imprecise probabilities,Zadeh L.A.,,"1st International North American Simulation Technology Conference, NASTEC 2008",, ,0,0,0,0,0,0,0,0,0,0,0,0,0,0,0,0,0,0,0,0,0,0,0,0,0,0,0,0,0,0,0,0,0,0,0,0,0,0,0,0,0,0,0,0,0,0,0,0,0,0,0,0,0,0
2008,Toward human level machine intelligence - Is it achievable? The need for a Paradigm shift,Zadeh L.A.,,"1st International North American Simulation Technology Conference, NASTEC 2008",, ,0,0,0,0,0,0,0,0,0,0,0,0,0,0,0,0,0,0,0,0,0,0,0,0,0,0,0,0,0,0,0,0,0,0,0,0,0,0,0,0,0,0,0,0,0,0,0,0,0,0,0,0,0,0
2007,"Web intelligence, world knowledge and fuzzy logic",Zadeh L.A.,14349922,Studies in Fuzziness and Soft Computing,217, ,0,0,0,0,0,0,0,0,0,0,0,0,0,0,0,0,0,0,0,0,0,0,0,0,0,0,0,0,0,0,0,0,0,0,0,0,0,0,0,0,0,0,0,0,0,0,0,0,0,0,0,0,0,0
2007,Editorial,Zadeh L.A.,9521976,Engineering Applications of Artificial Intelligence,20,5,0,0,0,0,0,0,0,0,0,0,0,0,0,0,0,0,0,0,0,0,0,0,0,0,0,0,0,0,0,0,0,0,0,0,0,0,0,0,0,0,0,0,0,0,0,0,0,0,0,0,0,0,0,0
2006,Generalized theory of uncertainty (GTU) - Principal concepts and ideas,Zadeh L.A.,16153871,Advances in Soft Computing,37, ,0,0,0,0,0,0,0,0,0,0,0,0,0,0,0,0,0,0,0,0,0,0,0,0,0,0,0,0,0,0,0,0,0,0,0,0,0,0,0,0,0,0,0,0,0,0,0,0,0,0,0,0,0,0
2005,Honorary chairs welcome message,Zadeh L.A.,16153871,Advances in Soft Computing,, ,0,0,0,0,0,0,0,0,0,0,0,0,0,0,0,0,0,0,0,0,0,0,0,0,0,0,0,0,0,0,0,0,0,0,0,0,0,0,0,0,0,0,0,0,0,0,0,0,0,0,0,0,0,0
2003,Preface,"Nikravesh M., Aminzadeh F., Zadeh L.A.",3767361,Developments in Petroleum Science,51, C,0,0,0,0,0,0,0,0,0,0,0,0,0,0,0,0,0,0,0,0,0,0,0,0,0,0,0,0,0,0,0,0,0,0,0,0,0,0,0,0,0,0,0,0,0,0,0,0,0,0,0,0,0,0
2003,Lecture Notes in Artificial Intelligence (Subseries of Lecture Notes in Computer Science): Foreword,Zadeh L.A.,3029743,Lecture Notes in Artificial Intelligence (Subseries of Lecture Notes in Computer Science),2873, ,0,0,0,0,0,0,0,0,0,0,0,0,0,0,0,0,0,0,0,0,0,0,0,0,0,0,0,0,0,0,0,0,0,0,0,0,0,0,0,0,0,0,0,0,0,0,0,0,0,0,0,0,0,0
2003,Foreword,Zadeh L.A.,,Fuzzy Logic in Geology,, ,0,0,0,0,0,0,0,0,0,0,0,0,0,0,0,0,0,0,0,0,0,0,0,0,0,0,0,0,0,0,0,0,0,0,0,0,0,0,0,0,0,0,0,0,0,0,0,0,0,0,0,0,0,0
2003,"Precisiated natural language (PNL) - Toward an enlargement of the role of natural languages in computation, deduction, definition and decision",Zadeh L.A.,,"NLP-KE 2003 - 2003 International Conference on Natural Language Processing and Knowledge Engineering, Proceedings",, ,0,0,0,0,0,0,0,0,0,0,0,0,0,0,0,0,0,0,0,0,0,0,0,0,0,0,0,0,0,0,0,0,0,0,0,0,0,0,0,0,0,0,0,0,0,0,0,0,0,0,0,0,0,0
2002,Preface,Zadeh L.A.,15684539,Fuzzy Optimization and Decision Making,1,1,0,0,0,0,0,0,0,0,0,0,0,0,0,0,0,0,0,0,0,0,0,0,0,0,0,0,0,0,0,0,0,0,0,0,0,0,0,0,0,0,0,0,0,0,0,0,0,0,0,0,0,0,0,0
2002,It is a fundamental limitation to base probability theory on bivalent logic,Zadeh L.A.,,Annual Conference of the North American Fuzzy Information Processing Society - NAFIPS,2002-, ,0,0,0,0,0,0,0,0,0,0,0,0,0,0,0,0,0,0,0,0,0,0,0,0,0,0,0,0,0,0,0,0,0,0,0,0,0,0,0,0,0,0,0,0,0,0,0,0,0,0,0,0,0,0
2002,Toward a theory of hierarchical definability (THD) causality is undefinable,Zadeh L.A.,3029743,Lecture Notes in Computer Science (including subseries Lecture Notes in Artificial Intelligence and Lecture Notes in Bioinformatics),2475, ,0,0,0,0,0,0,0,0,0,0,0,0,0,0,0,0,0,0,0,0,0,0,0,0,0,0,0,0,0,0,0,0,0,0,0,0,0,0,0,0,0,0,0,0,0,0,0,0,0,0,0,0,0,0
2001,"Toward an enlargement of the role of natural languages in information processing, decision and control",Zadeh L.A.,1371223,Systems Science,27,1,0,0,0,0,0,0,0,0,0,0,0,0,0,0,0,0,0,0,0,0,0,0,0,0,0,0,0,0,0,0,0,0,0,0,0,0,0,0,0,0,0,0,0,0,0,0,0,0,0,0,0,0,0,0
2001,Toward an enlargement of the role of natural languages in information processing decision and control,Zadeh L.A.,,Proceedings of the International Conference on Systems Science,1, ,0,0,0,0,0,0,0,0,0,0,0,0,0,0,0,0,0,0,0,0,0,0,0,0,0,0,0,0,0,0,0,0,0,0,0,0,0,0,0,0,0,0,0,0,0,0,0,0,0,0,0,0,0,0
1995,Foreword,Zadeh L.A.,10798587,Intelligent Automation and Soft Computing,1,1,0,0,0,0,0,0,0,0,0,0,0,0,0,0,0,0,0,0,0,0,0,0,0,0,0,0,0,0,0,0,0,0,0,0,0,0,0,0,0,0,0,0,0,0,0,0,0,0,0,0,0,0,0,0
1994,Chaotic neurochips for fuzzy computing,"Szu H., Zadeh L., Hsu C.C., DeWitte J., Moon G., Gobovic D., Zaghloul M.",0277786X,Proceedings of SPIE - The International Society for Optical Engineering,2037, ,0,0,0,0,0,0,0,0,0,0,0,0,0,0,0,0,0,0,0,0,0,0,0,0,0,0,0,0,0,0,0,0,0,0,0,0,0,0,0,0,0,0,0,0,0,0,0,0,0,0,0,0,0,0
1993,Foreword,Zadeh L.A.,10641246,Journal of Intelligent and Fuzzy Systems,1,1,0,0,0,0,0,0,0,0,0,0,0,0,0,0,0,0,0,0,0,0,0,0,0,0,0,0,0,0,0,0,0,0,0,0,0,0,0,0,0,0,0,0,0,0,0,0,0,0,0,0,0,0,0,0
1992,Calculus of fuzzy if-then rules and its applications,Zadeh Lotfi A.,0277786X,Proceedings of SPIE - The International Society for Optical Engineering,1708, ,0,0,0,0,0,0,0,0,0,0,0,0,0,0,0,0,0,0,0,0,0,0,0,0,0,0,0,0,0,0,0,0,0,0,0,0,0,0,0,0,0,0,0,0,0,0,0,0,0,0,0,0,0,0
1991,Does the accomplishment justify the investment in AI and expert systems?,Zadeh Lotfi A.,,Conference Proceedings - Annual Phoenix Conference,, ,0,0,0,0,0,0,0,0,0,0,0,0,0,0,0,0,0,0,0,0,0,0,0,0,0,0,0,0,0,0,0,0,0,0,0,0,0,0,0,0,0,0,0,0,0,0,0,0,0,0,0,0,0,0
1990,Applying fuzzy logic in industry,Zadeh L.,2635747,Robotica,8,3,0,0,0,0,0,0,0,0,0,0,0,0,0,0,0,0,0,0,0,0,0,0,0,0,0,0,0,0,0,0,0,0,0,0,0,0,0,0,0,0,0,0,0,0,0,0,0,0,0,0,0,0,0,0
1988,An inquiry into computer understanding: a partial dissent,Zadeh L.A.,8247935,Computational Intelligence,4,2,0,0,0,0,0,0,0,0,0,0,0,0,0,0,0,0,0,0,0,0,0,0,0,0,0,0,0,0,0,0,0,0,0,0,0,0,0,0,0,0,0,0,0,0,0,0,0,0,0,0,0,0,0,0
1987,Foreword,Zadeh L.A.,3029743,Lecture Notes in Computer Science (including subseries Lecture Notes in Artificial Intelligence and Lecture Notes in Bioinformatics),286, ,0,0,0,0,0,0,0,0,0,0,0,0,0,0,0,0,0,0,0,0,0,0,0,0,0,0,0,0,0,0,0,0,0,0,0,0,0,0,0,0,0,0,0,0,0,0,0,0,0,0,0,0,0,0
1986,The concept of a generalized assignment statement and its application to commonsense reasoning,Zadeh L.A.,,"Proceedings of the ACM SIGART International Symposium on Methodologies for Intelligent Systems, ISMIS 1986",, ,0,0,0,0,0,0,0,0,0,0,0,0,0,0,0,0,0,0,0,0,0,0,0,0,0,0,0,0,0,0,0,0,0,0,0,0,0,0,0,0,0,0,0,0,0,0,0,0,0,0,0,0,0,0
1986,MANAGEMENT OF UNCERTAINTY IN EXPERT SYSTEMS.,Zadeh L.A.,831883,"National Bureau of Standards, Special Publication",, ,0,0,0,0,0,0,0,0,0,0,0,0,0,0,0,0,0,0,0,0,0,0,0,0,0,0,0,0,0,0,0,0,0,0,0,0,0,0,0,0,0,0,0,0,0,0,0,0,0,0,0,0,0,0
1985,FORMALIZATION OF COMMONSENSE REASONING BASED ON FUZZY LOGIC.,Zadeh L.A.,1463705,AIAA Paper,, ,0,0,0,0,0,0,0,0,0,0,0,0,0,0,0,0,0,0,0,0,0,0,0,0,0,0,0,0,0,0,0,0,0,0,0,0,0,0,0,0,0,0,0,0,0,0,0,0,0,0,0,0,0,0
1980,Foreword,Zadeh L.A.,765392,Mathematics in Science and Engineering,144, C,0,0,0,0,0,0,0,0,0,0,0,0,0,0,0,0,0,0,0,0,0,0,0,0,0,0,0,0,0,0,0,0,0,0,0,0,0,0,0,0,0,0,0,0,0,0,0,0,0,0,0,0,0,0
1967,Practical experience and engineering education,"Tribus M., Zadeh L.A., Weber E., Hollomon J.H., Jones T.F., Lyon R.H.",189235,IEEE Spectrum,4,5,0,0,0,0,0,0,0,0,0,0,0,0,0,0,0,0,0,0,0,0,0,0,0,0,0,0,0,0,0,0,0,0,0,0,0,0,0,0,0,0,0,0,0,0,0,0,0,0,0,0,0,0,0,0
1963,What is System Theory and Where is it Going?-A Panel Discussion,"Ceuz J.B., Zadeh L.A.",189324,IEEE Transactions on Circuit Theory,10,2,0,0,0,0,0,0,0,0,0,0,0,0,0,0,0,0,0,0,0,0,0,0,0,0,0,0,0,0,0,0,0,0,0,0,0,0,0,0,0,0,0,0,0,0,0,0,0,0,0,0,0,0,0,0
1961,Introduction to the Statistical Dynamics of Automatic Control Systems,"Solodovnikov V.V., Thomas J.B., Zadeh L.A., Mullin A.A.",29505,American Journal of Physics,29,8,0,0,0,0,0,0,0,0,0,0,0,0,0,0,0,0,0,0,0,0,0,0,0,0,0,0,0,0,0,0,0,0,0,0,0,0,0,0,0,0,0,0,0,0,0,0,0,0,0,0,0,0,0,0
1961,Part 5: Prediction and filtering,Zadeh L.A.,961000,IRE Transactions on Information Theory,7,3,0,0,0,0,0,0,0,0,0,0,0,0,0,0,0,0,0,0,0,0,0,0,0,0,0,0,0,0,0,0,0,0,0,0,0,0,0,0,0,0,0,0,0,0,0,0,0,0,0,0,0,0,0,0
1953,Comment on nonlinear filters [5],Zadeh L.A.,218979,Journal of Applied Physics,24,11,0,0,0,0,0,0,0,0,0,0,0,0,0,0,0,0,0,0,0,0,0,0,0,0,0,0,0,0,0,0,0,0,0,0,0,0,0,0,0,0,0,0,0,0,0,0,0,0,0,0,0,0,0,0
1950,A wide - band audio phasemeter,"Ragazzini J.R., Zadeh L.A.",346748,Review of Scientific Instruments,21,2,0,0,0,0,0,0,0,0,0,0,0,0,0,0,0,0,0,0,0,0,0,0,0,0,0,0,0,0,0,0,0,0,0,0,0,0,0,0,0,0,0,0,0,0,0,0,0,0,0,0,0,0,0,0
1950,Other aids to computation,Zadeh L.A.,255718,Mathematics of Computation,4,31,0,0,0,0,0,0,0,0,0,0,0,0,0,0,0,0,0,0,0,0,0,0,0,0,0,0,0,0,0,0,0,0,0,0,0,0,0,0,0,0,0,0,0,0,0,0,0,0,0,0,0,0,0,0
